market,secid,n_obs,expected_market_days,coverage,zero_share,first_date,last_date,mean_return,std_return,max_abs_return,core_liquid,broad
bonds,BYM000001818,334,2119,0.15762151958470977,0.0,2025-01-22,2026-05-15,0.0026485486553150753,0.10495744297552341,1.35209158754103,False,False
bonds,BYM000001925,299,2119,0.1411042944785276,0.0,2025-03-12,2026-05-15,0.0024957829382353737,0.10053029652309077,1.25423118675965,False,False
bonds,BYM000001941,299,2119,0.1411042944785276,0.0,2025-03-12,2026-05-15,0.002527956061540613,0.0992197062375801,1.24632975084996,False,False
bonds,BYM000002154,191,2119,0.09013685700802265,0.0,2025-08-14,2026-05-15,0.003104335170811637,0.09901079732944562,1.34723887170917,False,False
bonds,BYM000002410,138,2119,0.06512505899008966,0.0,2025-10-28,2026-05-15,0.0007422517010682197,0.10340412454976518,1.19303475781471,False,False
bonds,BYM000002469,138,2119,0.06512505899008966,0.0,2025-10-28,2026-05-15,0.0015736395942501967,0.0997922011739383,1.15412117836472,False,False
bonds,RU000A0JQAM6,1516,2119,0.7154318074563474,0.0,2020-05-26,2026-05-15,0.00043751611559028966,0.015865278280170206,0.185711154448804,False,False
bonds,RU000A0JR4U9,1516,2119,0.7154318074563474,0.0,2020-05-26,2026-05-15,-0.00029983759876520626,0.043742972398214265,0.327443485900618,False,False
bonds,RU000A0JRJB8,1516,2119,0.7154318074563474,0.0,2020-05-26,2026-05-15,0.0003582504777665452,0.055035597199706604,0.490186756779784,False,False
bonds,RU000A0JRJL7,1516,2119,0.7154318074563474,0.0,2020-05-26,2026-05-15,0.0004332869965211538,0.04504420977719771,0.435115393432695,False,False
bonds,RU000A0JRU20,1516,2119,0.7154318074563474,0.0,2020-05-26,2026-05-15,0.00010023087839001656,0.02456290934926142,0.22920057484158,False,False
bonds,RU000A0JRU46,1516,2119,0.7154318074563474,0.0,2020-05-26,2026-05-15,0.00012653859167316761,0.03237778183775716,0.580004192826409,False,False
bonds,RU000A0JS4J1,1516,2119,0.7154318074563474,0.0,2020-05-26,2026-05-15,0.00039350539765337187,0.01571342256553319,0.191535511355568,False,False
bonds,RU000A0JS4K9,1516,2119,0.7154318074563474,0.0,2020-05-26,2026-05-15,0.00031363030805152766,0.030218082070393757,0.239674122401615,False,False
bonds,RU000A0JS4L7,1516,2119,0.7154318074563474,0.0,2020-05-26,2026-05-15,0.0005417233633972742,0.026507526757071756,0.3851708102626,False,False
bonds,RU000A0JS4Z7,1667,2119,0.7866918357715904,0.0011997600479904018,2019-10-15,2026-05-15,0.00045905590021646256,0.011788079629849834,0.15953905933667,False,False
bonds,RU000A0JS9X1,715,2119,0.3374233128834356,0.0,2020-05-26,2023-03-24,0.00036774790283382645,0.0009626508614580523,0.0251249719040859,False,False
bonds,RU000A0JSGV0,1516,2119,0.7154318074563474,0.0,2020-05-26,2026-05-15,0.00035278448527636226,0.0046556886477343,0.0514894329491762,False,False
bonds,RU000A0JSQ58,1638,2119,0.7730061349693251,0.0006105006105006105,2019-11-26,2026-05-15,0.0003969413709630131,0.00774619278002067,0.0683080113354193,False,False
bonds,RU000A0JT403,1667,2119,0.7866918357715904,0.0,2019-10-15,2026-05-15,0.000406753855717314,0.012616030362019538,0.108751545083744,False,False
bonds,RU000A0JT6B2,1667,2119,0.7866918357715904,0.0005998800239952009,2019-10-15,2026-05-15,0.00037527041248098245,0.010489011889539428,0.15719026949215,False,False
bonds,RU000A0JTB96,1516,2119,0.7154318074563474,0.0,2020-05-26,2026-05-15,0.00011245489215730896,0.03952473343774913,0.486611745628257,False,False
bonds,RU000A0JTFB2,1516,2119,0.7154318074563474,0.0,2020-05-26,2026-05-15,-0.0003376269130175333,0.04172853524588677,0.418998586792369,False,False
bonds,RU000A0JTU85,1667,2119,0.7866918357715904,0.001799640071985603,2019-10-15,2026-05-15,0.00042215020690427956,0.004864125908395718,0.0842154527497506,False,False
bonds,RU000A0JTW83,1453,2119,0.6857008022652195,0.009635237439779766,2020-05-26,2026-05-15,-1.7346036391949485e-05,0.013512245502253571,0.445598312567105,False,False
bonds,RU000A0JTZF1,1451,2119,0.6847569608305805,0.025499655410062026,2020-05-26,2026-05-15,5.5438199812059144e-05,0.012851262629279247,0.488986138271685,False,False
bonds,RU000A0JU9K4,381,2119,0.1798017932987258,0.0,2020-05-26,2026-05-15,0.001773629365444203,0.01890118078008262,0.369606016781627,False,False
bonds,RU000A0JUAH8,1667,2119,0.7866918357715904,0.0,2019-10-15,2026-05-15,0.00039965889148259873,0.004724126699666555,0.0772327208630464,False,False
bonds,RU000A0JUKX4,1516,2119,0.7154318074563474,0.029023746701846966,2020-05-26,2026-05-15,0.0004073089080574215,0.012486917339561577,0.101954339982459,False,False
bonds,RU000A0JUT85,1516,2119,0.7154318074563474,0.0,2020-05-26,2026-05-15,0.00042442596131293483,0.09908062803421006,0.597220965505583,False,False
bonds,RU000A0JV0T3,381,2119,0.1798017932987258,0.0,2020-05-26,2026-05-15,-0.0008887387991150694,0.03243963912695182,0.63235377909343,False,False
bonds,RU000A0JV4R9,1390,2119,0.6559697970740915,0.04100719424460432,2020-05-26,2026-05-15,0.0003859002094262872,0.005448429821264864,0.0667811324936168,False,False
bonds,RU000A0JV755,1516,2119,0.7154318074563474,0.0,2020-05-26,2026-05-15,-0.00030699849530163245,0.04337278528457282,0.664243244168567,False,False
bonds,RU000A0JVLA8,1516,2119,0.7154318074563474,0.0,2020-05-26,2026-05-15,0.0003812537273480474,0.0002764645282992323,0.00179142484709924,False,False
bonds,RU000A0JVM32,1516,2119,0.7154318074563474,0.0,2020-05-26,2026-05-15,0.00039292820220120355,0.09578947742917651,0.82131065451084,False,False
bonds,RU000A0JVRL2,1516,2119,0.7154318074563474,0.0,2020-05-26,2026-05-15,0.0003676536062531212,0.031996706433482,0.487689142837731,False,False
bonds,RU000A0JVVL4,1516,2119,0.7154318074563474,0.0,2020-05-26,2026-05-15,0.0005516623759310971,0.08973696141168334,0.900034806041015,False,False
bonds,RU000A0JWB59,1516,2119,0.7154318074563474,0.0,2020-05-26,2026-05-15,0.00045702366634410883,0.02987986914401702,0.483030268472046,False,False
bonds,RU000A0JWGS8,1516,2119,0.7154318074563474,0.0,2020-05-26,2026-05-15,0.0004932273221292016,0.037735812053334254,0.322618062747161,False,False
bonds,RU000A0JWHA4,1666,2119,0.7862199150542709,0.0006002400960384153,2019-10-15,2026-05-15,0.000265118973945026,0.08809436955241495,1.26494855470575,False,False
bonds,RU000A0JWHU2,1516,2119,0.7154318074563474,0.0,2020-05-26,2026-05-15,0.00010986665905691533,0.02938381659127428,0.195155368089131,False,False
bonds,RU000A0JWHW8,1516,2119,0.7154318074563474,0.0013192612137203166,2020-05-26,2026-05-15,-0.0010607512851430595,0.02988939526499617,0.702296735263602,False,False
bonds,RU000A0JWK74,1516,2119,0.7154318074563474,0.0032981530343007917,2020-05-26,2026-05-15,0.0003068961877719072,0.014213388308752557,0.0943827830242639,False,False
bonds,RU000A0JWM15,1516,2119,0.7154318074563474,0.0,2020-05-26,2026-05-15,0.0007684729922694716,0.08375620418256374,0.746887882741397,False,False
bonds,RU000A0JWMZ1,1516,2119,0.7154318074563474,0.0,2020-05-26,2026-05-15,0.00042813016951460774,0.00025538097575786566,0.00173557981289798,False,False
bonds,RU000A0JWN22,499,2119,0.23548843794242566,0.0,2020-05-26,2022-05-17,0.0004306378836641797,0.00026042819192510487,0.00150638348906182,False,False
bonds,RU000A0JWN89,99,2119,0.04672015101462954,0.0,2020-05-26,2020-10-14,0.000315251017111106,0.0023206460013244744,0.00749984528526594,False,False
bonds,RU000A0JWST1,1638,2119,0.7730061349693251,0.004273504273504274,2019-11-26,2026-05-15,0.0002334546906976381,0.00859059321426923,0.113909183384063,False,False
bonds,RU000A0JWT91,1516,2119,0.7154318074563474,0.002638522427440633,2020-05-26,2026-05-15,-0.00016512471722099142,0.020653135577551447,0.665742507403548,False,False
bonds,RU000A0JWTL6,1638,2119,0.7730061349693251,0.002442002442002442,2019-11-26,2026-05-15,0.0003985256157041239,0.02545782761658048,0.282373322274325,False,False
bonds,RU000A0JWTN2,1638,2119,0.7730061349693251,0.001221001221001221,2019-11-26,2026-05-15,0.00040711437874052444,0.01468841715875244,0.11434122595738,False,False
bonds,RU000A0JWTV5,1516,2119,0.7154318074563474,0.0,2020-05-26,2026-05-15,8.6754089358122e-06,0.02717879049812969,0.359392656985347,False,False
bonds,RU000A0JWUB5,1516,2119,0.7154318074563474,0.0,2020-05-26,2026-05-15,0.00027441577904046486,0.024825479188668117,0.391578652291074,False,False
bonds,RU000A0JWV63,1516,2119,0.7154318074563474,0.0,2020-05-26,2026-05-15,0.0003060601863439676,0.005719258111465473,0.0839286430130294,False,False
bonds,RU000A0JWV89,1516,2119,0.7154318074563474,0.0,2020-05-26,2026-05-15,0.00015501179260897014,0.016235366280545928,0.0944936926050119,False,False
bonds,RU000A0JWVL2,1516,2119,0.7154318074563474,0.0,2020-05-26,2026-05-15,0.0004584600840324585,0.014628813565670426,0.151759954774656,False,False
bonds,RU000A0JWVT5,1516,2119,0.7154318074563474,0.0,2020-05-26,2026-05-15,0.00045573208652728336,0.04791767032976019,0.557911423641156,False,False
bonds,RU000A0JWWM8,1516,2119,0.7154318074563474,0.0,2020-05-26,2026-05-15,0.0003186880333551453,0.02997877847100839,0.556249671082368,False,False
bonds,RU000A0JWX04,1516,2119,0.7154318074563474,0.5738786279683378,2020-05-26,2026-05-15,0.0001353841461629102,0.00020893182732757316,0.00119351784863308,False,False
bonds,RU000A0JWYJ0,1516,2119,0.7154318074563474,0.0,2020-05-26,2026-05-15,0.0005748215544903383,0.020766342900436434,0.326931659442892,False,False
bonds,RU000A0JWYQ5,1516,2119,0.7154318074563474,0.0,2020-05-26,2026-05-15,0.0004162363342567575,0.009188283083883978,0.0898338077833743,False,False
bonds,RU000A0JWZY6,1516,2119,0.7154318074563474,0.0006596306068601583,2020-05-26,2026-05-15,0.00039421455648918453,0.006586039877175363,0.11330934993408,False,False
bonds,RU000A0JX132,1516,2119,0.7154318074563474,0.0,2020-05-26,2026-05-15,0.00035464504131988095,0.0022177807899260347,0.0556425303348837,False,False
bonds,RU000A0JX199,1516,2119,0.7154318074563474,0.0,2020-05-26,2026-05-15,0.00024058316170634417,0.025867199431029615,0.157985267015134,False,False
bonds,RU000A0JX1S1,1667,2119,0.7866918357715904,0.0,2019-10-15,2026-05-15,0.00044670988966034723,0.006140034665875638,0.0631674242511703,False,False
bonds,RU000A0JX2D1,1667,2119,0.7866918357715904,0.0,2019-10-15,2026-05-15,0.00037639387145726197,0.012570062522567092,0.170072659013823,False,False
bonds,RU000A0JX2F6,1667,2119,0.7866918357715904,0.0,2019-10-15,2026-05-15,0.0003517139276459289,0.020359692984074244,0.183856582236327,False,False
bonds,RU000A0JX2M2,1516,2119,0.7154318074563474,0.0,2020-05-26,2026-05-15,0.0003199737983997187,0.10641862799785753,1.5855966463318,False,False
bonds,RU000A0JX2R1,1638,2119,0.7730061349693251,0.001221001221001221,2019-11-26,2026-05-15,0.0004494245887620081,0.009594139171998379,0.0851587954335688,False,False
bonds,RU000A0JX355,1638,2119,0.7730061349693251,0.0006105006105006105,2019-11-26,2026-05-15,0.00033528146443491163,0.012951568799716635,0.0883959635027728,False,False
bonds,RU000A0JX5W4,1638,2119,0.7730061349693251,0.0006105006105006105,2019-11-26,2026-05-15,0.00040105317775503515,0.003701701607041199,0.0580610355680012,False,False
bonds,RU000A0JXE06,1638,2119,0.7730061349693251,0.015873015873015872,2019-11-26,2026-05-15,0.00045960891877095626,0.004496276556085761,0.0772955703604162,False,False
bonds,RU000A0JXJK7,1516,2119,0.7154318074563474,0.0,2020-05-26,2026-05-15,0.00032503090782902996,0.00019405802275433947,0.00133817105206584,False,False
bonds,RU000A0JXK99,1516,2119,0.7154318074563474,0.0,2020-05-26,2026-05-15,0.0004927209170472941,0.02754014438058675,0.404954756127649,False,False
bonds,RU000A0JXLU2,1298,2119,0.6125530910806984,0.09861325115562404,2020-05-26,2025-09-29,-0.006472712831578111,0.1395366448100912,3.52674860696505,False,False
bonds,RU000A0JXMP0,1516,2119,0.7154318074563474,0.0,2020-05-26,2026-05-15,0.00040084561791367654,0.03150488227025343,0.428597406659025,False,False
bonds,RU000A0JXN05,1667,2119,0.7866918357715904,0.0011997600479904018,2019-10-15,2026-05-15,0.0004025245897281528,0.00434045536816555,0.0732613515302728,False,False
bonds,RU000A0JXN21,1516,2119,0.7154318074563474,0.0006596306068601583,2020-05-26,2026-05-15,0.0003945222754054288,0.0060658361837179035,0.0500479048781138,False,False
bonds,RU000A0JXPG2,1638,2119,0.7730061349693251,0.0,2019-11-26,2026-05-15,0.00039770049948029514,0.003825926862495912,0.0405192860716277,False,False
bonds,RU000A0JXPN8,1638,2119,0.7730061349693251,0.0,2019-11-26,2026-05-15,0.00047211693848163465,0.00696583696055056,0.0692342447161189,False,False
bonds,RU000A0JXQ44,1667,2119,0.7866918357715904,0.0,2019-10-15,2026-05-15,0.0003019685173629183,0.007701502642019112,0.105021865750512,False,False
bonds,RU000A0JXQK2,1638,2119,0.7730061349693251,0.0018315018315018315,2019-11-26,2026-05-15,0.00029619764891260887,0.005272203072093371,0.0608851350289339,False,False
bonds,RU000A0JXQQ9,870,2119,0.4105710240679566,0.0,2020-05-26,2026-05-15,0.001050220496679446,0.01303766263714179,0.383359954798121,False,False
bonds,RU000A0JXR84,1638,2119,0.7730061349693251,0.0,2019-11-26,2026-05-15,0.0003752554827487975,0.010703629620986425,0.124123871204819,False,False
bonds,RU000A0JXRD5,1638,2119,0.7730061349693251,0.001221001221001221,2019-11-26,2026-05-15,0.0003752138601725524,0.009348025566915106,0.0772306962738444,False,False
bonds,RU000A0JXS59,1516,2119,0.7154318074563474,0.0006596306068601583,2020-05-26,2026-05-15,0.0003224261312898326,0.008739784652147788,0.0801581807929161,False,False
bonds,RU000A0JXS83,1516,2119,0.7154318074563474,0.0,2020-05-26,2026-05-15,-0.0003769206559125919,0.01949112450267156,0.339710556065592,False,False
bonds,RU000A0JXSS1,1516,2119,0.7154318074563474,0.0,2020-05-26,2026-05-15,8.563385004975956e-05,0.02171303713875783,0.174826278437669,False,False
bonds,RU000A0JXT58,1256,2119,0.5927324209532798,0.8288216560509554,2019-11-26,2026-05-15,-8.373821610708423e-05,0.01906266433294199,0.415891058672445,False,False
bonds,RU000A0JXTS9,1667,2119,0.7866918357715904,0.0005998800239952009,2019-10-15,2026-05-15,0.00026112348290773603,0.0868382111222537,1.23202282472263,False,False
bonds,RU000A0JXTY7,1516,2119,0.7154318074563474,0.0,2020-05-26,2026-05-15,0.0003572429354694248,0.018101479349869103,0.358207608652753,False,False
bonds,RU000A0JXU14,1667,2119,0.7866918357715904,0.0005998800239952009,2019-10-15,2026-05-15,0.0002249675824769104,0.09864404778937329,1.56788160258936,False,False
bonds,RU000A0JXXD3,1513,2119,0.7140160453043889,0.0,2020-05-26,2026-05-15,0.0003945559449827665,0.0029983792296130996,0.0537735948573915,False,False
bonds,RU000A0JXXE1,1513,2119,0.7140160453043889,0.0,2020-05-26,2026-05-15,0.00036163592216115334,0.0025450918807141624,0.0580891041098665,False,False
bonds,RU000A0JXZB2,1667,2119,0.7866918357715904,0.0011997600479904018,2019-10-15,2026-05-15,0.0003329649657966083,0.009130525856342404,0.0957308349255202,False,False
bonds,RU000A0NR5U0,147,2119,0.06937234544596507,0.8979591836734694,2025-10-15,2026-05-15,0.00018890580760954988,0.010090871171903227,0.0953119978390477,False,False
bonds,RU000A0NR5W6,152,2119,0.07173194903256253,0.868421052631579,2025-10-08,2026-05-15,7.389961473586061e-06,0.010219363084656359,0.0796606302543957,False,False
bonds,RU000A0NTYA7,666,2119,0.31429919773478054,0.35585585585585583,2023-10-03,2026-05-15,-0.0005773955823658542,0.07711780239552732,1.51609470878029,False,False
bonds,RU000A0NX2N4,650,2119,0.3067484662576687,0.5153846153846153,2023-10-25,2026-05-15,-0.0010675784685770832,0.06013141689699539,0.418464063706007,False,False
bonds,RU000A0ZYAP9,1516,2119,0.7154318074563474,0.0,2020-05-26,2026-05-15,0.0001740469582936135,0.009024150341609269,0.107553823138602,False,False
bonds,RU000A0ZYBM4,1638,2119,0.7730061349693251,0.0,2019-11-26,2026-05-15,0.0003555684938837653,0.007326675810301962,0.0919469674022826,False,False
bonds,RU000A0ZYCP5,1516,2119,0.7154318074563474,0.0,2020-05-26,2026-05-15,0.00037887902201420474,0.00031832719121366575,0.00271338456255752,False,False
bonds,RU000A0ZYEB1,1516,2119,0.7154318074563474,0.0006596306068601583,2020-05-26,2026-05-15,0.00043121796992665035,0.005933675956421341,0.0651063034388906,False,False
bonds,RU000A0ZYF20,1516,2119,0.7154318074563474,0.0,2020-05-26,2026-05-15,0.00042062975492477027,0.008429538545120753,0.0752585540340494,False,False
bonds,RU000A0ZYF38,1516,2119,0.7154318074563474,0.0,2020-05-26,2026-05-15,0.0004633371442035862,0.009851695701721848,0.0730397975411386,False,False
bonds,RU000A0ZYFM5,1516,2119,0.7154318074563474,0.0006596306068601583,2020-05-26,2026-05-15,0.00044446411734950847,0.0097054005007329,0.0684772503140033,False,False
bonds,RU000A0ZYFN3,1516,2119,0.7154318074563474,0.0,2020-05-26,2026-05-15,0.0004302069554812255,0.013984083331051524,0.257584404346395,False,False
bonds,RU000A0ZYFS2,1516,2119,0.7154318074563474,0.0,2020-05-26,2026-05-15,0.0004765830578693081,0.026744398105463786,0.444679734713781,False,False
bonds,RU000A0ZYG52,1638,2119,0.7730061349693251,0.0,2019-11-26,2026-05-15,0.00034401883203829126,0.004622649009278595,0.0416574319916508,False,False
bonds,RU000A0ZYH93,1516,2119,0.7154318074563474,0.0,2020-05-26,2026-05-15,-0.0018552686881922443,0.046337201823604374,1.06166541115427,False,False
bonds,RU000A0ZYHW0,1516,2119,0.7154318074563474,0.0013192612137203166,2020-05-26,2026-05-15,0.0005467371320414262,0.013157296381904202,0.129486187346587,False,False
bonds,RU000A0ZYJ91,1638,2119,0.7730061349693251,0.0,2019-11-26,2026-05-15,0.00036436935353985686,0.008436904299762406,0.0825125052846838,False,False
bonds,RU000A0ZYJH7,1516,2119,0.7154318074563474,0.0,2020-05-26,2026-05-15,0.0003397333631697386,0.007159864475404932,0.127151411592955,False,False
bonds,RU000A0ZYJJ3,1516,2119,0.7154318074563474,0.0,2020-05-26,2026-05-15,0.00034011756468948216,0.0024412599201640403,0.0666703694116213,False,False
bonds,RU000A0ZYJR6,1638,2119,0.7730061349693251,0.001221001221001221,2019-11-26,2026-05-15,0.0004271033969825077,0.008805575667801387,0.0554770781587,False,False
bonds,RU000A0ZYKH5,1516,2119,0.7154318074563474,0.0,2020-05-26,2026-05-15,9.251104561300962e-05,0.013772306338672763,0.232562742042687,False,False
bonds,RU000A0ZYKJ1,1516,2119,0.7154318074563474,0.004617414248021108,2020-05-26,2026-05-15,-0.0006329404226298678,0.021807318876742438,0.658298118927368,False,False
bonds,RU000A0ZYLG5,1516,2119,0.7154318074563474,0.0,2020-05-26,2026-05-15,0.00033490290365639525,0.008810920872173555,0.140305698043936,False,False
bonds,RU000A0ZYLK7,1516,2119,0.7154318074563474,0.0,2020-05-26,2026-05-15,0.00012883401867420612,0.007087625869347197,0.100799992043104,False,False
bonds,RU000A0ZYLU6,1574,2119,0.7428032090608778,0.0,2019-11-26,2026-05-15,0.0004330157902357713,0.0066556992517452325,0.042952322775929,False,False
bonds,RU000A0ZYMM1,1516,2119,0.7154318074563474,0.0,2020-05-26,2026-05-15,0.0006282757445972272,0.03155714819068437,0.508104062584226,False,False
bonds,RU000A0ZYMN9,1516,2119,0.7154318074563474,0.0,2020-05-26,2026-05-15,0.0003377342249275071,0.019459321698375845,0.359262780753328,False,False
bonds,RU000A0ZYNY4,1638,2119,0.7730061349693251,0.0006105006105006105,2019-11-26,2026-05-15,0.0003821873751671239,0.004418267192448081,0.0671824791688518,False,False
bonds,RU000A0ZYQU5,1638,2119,0.7730061349693251,0.0,2019-11-26,2026-05-15,0.00035437922456746433,0.012393174181567147,0.10339876145909,False,False
bonds,RU000A0ZYQY7,1516,2119,0.7154318074563474,0.0,2020-05-26,2026-05-15,0.0003422377456550678,0.006010137877964263,0.124624406628977,False,False
bonds,RU000A0ZYR91,1638,2119,0.7730061349693251,0.0006105006105006105,2019-11-26,2026-05-15,0.00036421528366354196,0.0057035323278189914,0.0944342040634562,False,False
bonds,RU000A0ZYT40,1638,2119,0.7730061349693251,0.004273504273504274,2019-11-26,2026-05-15,0.0003023626451251692,0.0036827098814289877,0.039875853582963,False,False
bonds,RU000A0ZYU05,1667,2119,0.7866918357715904,0.01739652069586083,2019-10-15,2026-05-15,0.0003068537389887739,0.006543496548628691,0.0935060161232778,False,False
bonds,RU000A0ZYU21,1638,2119,0.7730061349693251,0.0030525030525030525,2019-11-26,2026-05-15,0.0003530669931617539,0.00914519896180435,0.116393413820741,False,False
bonds,RU000A0ZYU54,1516,2119,0.7154318074563474,0.0,2020-05-26,2026-05-15,0.00039858166895449814,0.03080682010898245,0.59570593020582,False,False
bonds,RU000A0ZYVU5,1637,2119,0.7725342142520056,0.014050091631032376,2019-11-26,2026-05-15,0.0002713095028133043,0.006420129032583941,0.0852563596363363,False,False
bonds,RU000A0ZYWB3,1638,2119,0.7730061349693251,0.006715506715506716,2019-11-26,2026-05-15,0.00042384149160634385,0.01638899104349407,0.208897699747892,False,False
bonds,RU000A0ZYWU3,1516,2119,0.7154318074563474,0.0,2020-05-26,2026-05-15,0.00034582432953384,0.00929879832826559,0.185765899596001,False,False
bonds,RU000A0ZYWZ2,1516,2119,0.7154318074563474,0.0013192612137203166,2020-05-26,2026-05-15,0.00021351342181299583,0.1279394002491912,1.94971263354797,False,False
bonds,RU000A0ZYX28,685,2119,0.32326569136385086,0.00145985401459854,2020-05-26,2023-02-06,0.0008678862956164692,0.12425791977392141,1.73237009773073,False,False
bonds,RU000A0ZYYE3,1638,2119,0.7730061349693251,0.0018315018315018315,2019-11-26,2026-05-15,0.0004026163680252351,0.007267497898429505,0.0638344364320005,False,False
bonds,RU000A0ZYYN4,1667,2119,0.7866918357715904,0.0005998800239952009,2019-10-15,2026-05-15,0.0002649304162169829,0.0904342115197106,1.20406567152295,False,False
bonds,RU000A0ZZ1J8,1638,2119,0.7730061349693251,0.010378510378510378,2019-11-26,2026-05-15,0.0004240889363409463,0.006094588750709028,0.0907468876771194,False,False
bonds,RU000A0ZZ1M2,1458,2119,0.6880604058518169,0.0,2020-08-19,2026-05-15,0.0004654447862565337,0.034530369491006685,0.404952525631205,False,False
bonds,RU000A0ZZ1N0,1513,2119,0.7140160453043889,0.0019828155981493722,2019-11-26,2026-05-15,0.0004253354548262385,0.010278833832789151,0.0850748871369799,False,False
bonds,RU000A0ZZ4P9,1638,2119,0.7730061349693251,0.0030525030525030525,2019-11-26,2026-05-15,0.0004086758181162101,0.008373020985824922,0.098892668595945,False,False
bonds,RU000A0ZZ4T1,1516,2119,0.7154318074563474,0.0,2020-05-26,2026-05-15,0.00013393980521170235,0.007645658140332934,0.124164730339249,False,False
bonds,RU000A0ZZ505,1516,2119,0.7154318074563474,0.0,2020-05-26,2026-05-15,0.00012926795928110496,0.008458339801385157,0.136670419898053,False,False
bonds,RU000A0ZZ5H3,1638,2119,0.7730061349693251,0.0,2019-11-26,2026-05-15,0.00034475350963817275,0.011674597020239959,0.0952316005524738,False,False
bonds,RU000A0ZZ5J9,1638,2119,0.7730061349693251,0.0,2019-11-26,2026-05-15,0.0003406001793880249,0.007195030459194123,0.0473362963822381,False,False
bonds,RU000A0ZZ7C0,1638,2119,0.7730061349693251,0.0006105006105006105,2019-11-26,2026-05-15,0.0004430955597568423,0.008548536400931724,0.0595642033769299,False,False
bonds,RU000A0ZZ877,1516,2119,0.7154318074563474,0.002638522427440633,2020-05-26,2026-05-15,0.0003531695752476783,0.0061119228778460195,0.0577495902352676,False,False
bonds,RU000A0ZZ885,1516,2119,0.7154318074563474,0.0013192612137203166,2020-05-26,2026-05-15,0.0003572470937953937,0.004805769025797653,0.0293165578490067,False,False
bonds,RU000A0ZZ893,1516,2119,0.7154318074563474,0.001978891820580475,2020-05-26,2026-05-15,0.0003445612695911507,0.019695904185289933,0.495580817021664,False,False
bonds,RU000A0ZZ984,1638,2119,0.7730061349693251,0.0115995115995116,2019-11-26,2026-05-15,0.00014923099913375274,0.010343547599963797,0.265006137070399,False,False
bonds,RU000A0ZZ9P8,1516,2119,0.7154318074563474,0.009234828496042216,2020-05-26,2026-05-15,-0.0009444657606853281,0.026881065214243376,0.822917137216208,False,False
bonds,RU000A0ZZ9R4,1667,2119,0.7866918357715904,0.0065986802639472104,2019-10-15,2026-05-15,0.00042958060942133484,0.01028761121906926,0.100483028645121,False,False
bonds,RU000A0ZZAL5,1997,2119,0.9424256724870221,0.2213319979969955,2018-06-28,2026-05-15,0.00011046348003222258,0.008182854565153401,0.0893724936486815,False,True
bonds,RU000A0ZZBV2,1516,2119,0.7154318074563474,0.002638522427440633,2020-05-26,2026-05-15,0.0004556852574602095,0.008616953238998026,0.0956811328742874,False,False
bonds,RU000A0ZZCH9,1516,2119,0.7154318074563474,0.0,2020-05-26,2026-05-15,-0.0007943888432855903,0.017780882053867957,0.157536160275987,False,False
bonds,RU000A0ZZDB0,1638,2119,0.7730061349693251,0.0,2019-11-26,2026-05-15,0.00023112441470883453,0.015645458072166215,0.124569203630794,False,False
bonds,RU000A0ZZE87,1497,2119,0.7064653138272771,0.0,2020-06-23,2026-05-15,0.0004235585831413061,0.039049654718756224,0.518419861229201,False,False
bonds,RU000A0ZZGT5,1516,2119,0.7154318074563474,0.0013192612137203166,2020-05-26,2026-05-15,0.00042849783707475973,0.007072628417192222,0.0656291363149649,False,False
bonds,RU000A0ZZNL8,1516,2119,0.7154318074563474,0.0,2020-05-26,2026-05-15,0.00042896628877002897,0.020851589460038084,0.476448703596506,False,False
bonds,RU000A0ZZNW5,1516,2119,0.7154318074563474,0.0,2020-05-26,2026-05-15,-0.0009374722088612513,0.015616472492598468,0.129230609412331,False,False
bonds,RU000A0ZZQH9,1516,2119,0.7154318074563474,0.007255936675461741,2020-05-26,2026-05-15,-0.0016304075446647226,0.03445238932768705,0.690324882547058,False,False
bonds,RU000A0ZZRY2,1516,2119,0.7154318074563474,0.0006596306068601583,2020-05-26,2026-05-15,0.00042984128935157816,0.007672782568208062,0.103434398635217,False,False
bonds,RU000A0ZZS73,1516,2119,0.7154318074563474,0.0,2020-05-26,2026-05-15,0.00041654107684358324,0.010884772150348408,0.222618877153747,False,False
bonds,RU000A0ZZTL5,1516,2119,0.7154318074563474,0.0,2020-05-26,2026-05-15,0.00043516686957122434,0.0096424896017698,0.147188788875874,False,False
bonds,RU000A0ZZV11,1638,2119,0.7730061349693251,0.0,2019-11-26,2026-05-15,0.00034539598529795534,0.00802879760394564,0.101509496998752,False,False
bonds,RU000A0ZZV86,1516,2119,0.7154318074563474,0.0,2020-05-26,2026-05-15,-0.0009260615405922959,0.012687427291415383,0.15699075142064,False,False
bonds,RU000A0ZZY59,1497,2119,0.7064653138272771,0.0,2020-06-23,2026-05-15,0.001121807885844687,0.12448763067502858,1.83010359916355,False,False
bonds,RU000A0ZZZ09,1516,2119,0.7154318074563474,0.0,2020-05-26,2026-05-15,-0.0009547013687752652,0.014567262785862598,0.135377219054265,False,False
bonds,RU000A0ZZZ17,1516,2119,0.7154318074563474,0.001978891820580475,2020-05-26,2026-05-15,0.0003164517640128917,0.004788191564648774,0.0858132175267557,False,False
bonds,RU000A0ZZZZ2,1516,2119,0.7154318074563474,0.0,2020-05-26,2026-05-15,0.0005842311016002081,0.0004085082177148012,0.00398521459878261,False,False
bonds,RU000A100030,1516,2119,0.7154318074563474,0.0,2020-05-26,2026-05-15,2.3150560678439298e-05,0.07330156127244285,0.486455375828765,False,False
bonds,RU000A1001T8,1516,2119,0.7154318074563474,0.0,2020-05-26,2026-05-15,0.0004969351998549526,0.026589128273660913,0.459109415495527,False,False
bonds,RU000A1003A4,1638,2119,0.7730061349693251,0.0,2019-11-26,2026-05-15,0.0003410317820859907,0.006862941215768032,0.0956593622716338,False,False
bonds,RU000A1004W6,1638,2119,0.7730061349693251,0.001221001221001221,2019-11-26,2026-05-15,0.00038940582223198075,0.007891946438655748,0.0636136018367847,False,False
bonds,RU000A1005L6,1516,2119,0.7154318074563474,0.0006596306068601583,2020-05-26,2026-05-15,0.00039972488595347373,0.006187874310281423,0.106099194982238,False,False
bonds,RU000A1006C3,1396,2119,0.6588013213780085,0.0007163323782234957,2020-05-26,2026-05-15,0.0006873999153741222,0.009066609824196388,0.113743982177027,False,False
bonds,RU000A1006S9,1667,2119,0.7866918357715904,0.0005998800239952009,2019-10-15,2026-05-15,0.000246147751280114,0.10018443058840504,1.36568705472248,False,False
bonds,RU000A100725,1516,2119,0.7154318074563474,0.0,2020-05-26,2026-05-15,0.0006950364884344437,0.02193877609060965,0.214602327846506,False,False
bonds,RU000A1007H0,1516,2119,0.7154318074563474,0.0,2020-05-26,2026-05-15,0.0003292347936140486,0.013096920669015452,0.0939900342958383,False,False
bonds,RU000A1007U3,1516,2119,0.7154318074563474,0.0,2020-05-26,2026-05-15,0.0006614489770669341,0.01284683245817902,0.337395971224975,False,False
bonds,RU000A1007Z2,1516,2119,0.7154318074563474,0.0,2020-05-26,2026-05-15,0.00019160305070183305,0.011199339164760722,0.126688996090395,False,False
bonds,RU000A100881,1638,2119,0.7730061349693251,0.0006105006105006105,2019-11-26,2026-05-15,0.00035224932487769046,0.005377081879233567,0.0434561982990612,False,False
bonds,RU000A1008D7,1638,2119,0.7730061349693251,0.0,2019-11-26,2026-05-15,0.00021476361880169446,0.009757389417770585,0.0880890159155331,False,False
bonds,RU000A1008J4,1516,2119,0.7154318074563474,0.0,2020-05-26,2026-05-15,0.00036020091954360833,0.0044269327387503376,0.0649904221366803,False,False
bonds,RU000A1008P1,1638,2119,0.7730061349693251,0.0,2019-11-26,2026-05-15,0.00024630580842202474,0.01653691320563936,0.105200348173473,False,False
bonds,RU000A1008V9,1638,2119,0.7730061349693251,0.003663003663003663,2019-11-26,2026-05-15,0.0004562004593501488,0.008619541658216726,0.140416284387898,False,False
bonds,RU000A1008Y3,1638,2119,0.7730061349693251,0.0,2019-11-26,2026-05-15,0.000453323410212733,0.00967390541877008,0.12085772834883,False,False
bonds,RU000A1009L8,1516,2119,0.7154318074563474,0.0,2020-05-26,2026-05-15,0.00026625876469722005,0.021434863170362632,0.185393205248724,False,False
bonds,RU000A1009Z8,1516,2119,0.7154318074563474,0.0,2020-05-26,2026-05-15,0.000282711884656124,0.00783452318481981,0.155564815625705,False,False
bonds,RU000A100DG5,1516,2119,0.7154318074563474,0.002638522427440633,2020-05-26,2026-05-15,-2.4325345600387174e-05,0.015287904773646102,0.390026245047985,False,False
bonds,RU000A100DQ4,1516,2119,0.7154318074563474,0.0,2020-05-26,2026-05-15,-0.0009184998394226198,0.011291451936528387,0.107115611377115,False,False
bonds,RU000A100DZ5,1638,2119,0.7730061349693251,0.0,2019-11-26,2026-05-15,0.0004349421436138078,0.006174114244187471,0.0612412634732,False,False
bonds,RU000A100ET6,1638,2119,0.7730061349693251,0.0,2019-11-26,2026-05-15,0.0003808182159326817,0.008557422981019986,0.0652601997416171,False,False
bonds,RU000A100EV2,1516,2119,0.7154318074563474,0.13390501319261214,2020-05-26,2026-05-15,0.00010929772877576202,0.041247682314009715,0.490514669318086,False,False
bonds,RU000A100FE5,1638,2119,0.7730061349693251,0.0,2019-11-26,2026-05-15,0.0003783582090040135,0.0046296846369609625,0.0528713518738319,False,False
bonds,RU000A100GW5,1497,2119,0.7064653138272771,0.0,2020-06-23,2026-05-15,0.00033588453427536955,0.01833783266329751,0.306469468121156,False,False
bonds,RU000A100HY9,1516,2119,0.7154318074563474,0.0,2020-05-26,2026-05-15,0.000250246954712385,0.005048759552226295,0.0836534148045783,False,False
bonds,RU000A100KY3,1638,2119,0.7730061349693251,0.0,2019-11-26,2026-05-15,0.0002641863819023947,0.013809263432660547,0.0978280398883785,False,False
bonds,RU000A100ME1,1516,2119,0.7154318074563474,0.0,2020-05-26,2026-05-15,0.0005655558260017316,0.0011123945955103496,0.0237420169489506,False,False
bonds,RU000A100N12,1638,2119,0.7730061349693251,0.005494505494505495,2019-11-26,2026-05-15,0.0003272231072504032,0.006246246138353465,0.0836695739634302,False,False
bonds,RU000A100PB0,1516,2119,0.7154318074563474,0.0,2020-05-26,2026-05-15,0.000543576113064623,0.004916342953274768,0.0772371297817464,False,False
bonds,RU000A100Q35,1516,2119,0.7154318074563474,0.004617414248021108,2020-05-26,2026-05-15,0.0005226743498049444,0.008132389306772117,0.191240466127878,False,False
bonds,RU000A100Q50,1516,2119,0.7154318074563474,0.0,2020-05-26,2026-05-15,0.0005252391605101526,0.011318082348069273,0.103696259896502,False,False
bonds,RU000A100QA0,1460,2119,0.6890042472864559,0.0006849315068493151,2020-08-17,2026-05-15,0.00047102965814129806,0.006619422259447519,0.0781606814685091,False,False
bonds,RU000A100SZ3,1638,2119,0.7730061349693251,0.0006105006105006105,2019-11-26,2026-05-15,0.0003425952747705732,0.008880190588610205,0.064979206496593,False,False
bonds,RU000A100T81,383,2119,0.1807456347333648,0.0,2020-05-26,2026-05-15,-0.0016270310738679898,0.047012698405732856,0.681926362434703,False,False
bonds,RU000A100TB2,1516,2119,0.7154318074563474,0.0,2020-05-26,2026-05-15,0.0004710849591097495,0.02478251372209063,0.495245038854794,False,False
bonds,RU000A100UT2,1516,2119,0.7154318074563474,0.0006596306068601583,2020-05-26,2026-05-15,0.0004062761292117508,0.008249500209315747,0.0967916216389021,False,False
bonds,RU000A100VG7,1638,2119,0.7730061349693251,0.0006105006105006105,2019-11-26,2026-05-15,0.00011921211739228206,0.009631706369860238,0.0590717076456108,False,False
bonds,RU000A100VX2,1516,2119,0.7154318074563474,0.0,2020-05-26,2026-05-15,0.00040495280232014395,0.006463727976815391,0.0603011524678177,False,False
bonds,RU000A100W60,1516,2119,0.7154318074563474,0.001978891820580475,2020-05-26,2026-05-15,0.00047267232311158473,0.006326840354634719,0.0555571028296218,False,False
bonds,RU000A100WF7,1516,2119,0.7154318074563474,0.014511873350923483,2020-05-26,2026-05-15,-0.0005153454855280749,0.023133159705009287,0.598128500871316,False,False
bonds,RU000A100YQ0,1516,2119,0.7154318074563474,0.002638522427440633,2020-05-26,2026-05-15,0.00026419834233107006,0.012677450724608061,0.105570928624992,False,False
bonds,RU000A100YY4,1516,2119,0.7154318074563474,0.0,2020-05-26,2026-05-15,-0.0008201731660741626,0.017624773136127092,0.127862523337459,False,False
bonds,RU000A101012,1516,2119,0.7154318074563474,0.0006596306068601583,2020-05-26,2026-05-15,0.0004121560936372723,0.0061804969760072695,0.131218137388605,False,False
bonds,RU000A1010B7,1516,2119,0.7154318074563474,0.0,2020-05-26,2026-05-15,0.0002333596412371803,0.013043153918364848,0.160019109022118,False,False
bonds,RU000A1010D3,1516,2119,0.7154318074563474,0.0079155672823219,2020-05-26,2026-05-15,-0.0005287828583208432,0.016692851574810805,0.278394160308102,False,False
bonds,RU000A1011B5,1516,2119,0.7154318074563474,0.0032981530343007917,2020-05-26,2026-05-15,-0.00035031616821382073,0.01863526509029211,0.560772889543803,False,False
bonds,RU000A1013N6,1396,2119,0.6588013213780085,0.0014326647564469914,2020-05-26,2026-05-15,0.0006508388750542548,0.00801706617455698,0.0980773625695561,False,False
bonds,RU000A1013P1,1516,2119,0.7154318074563474,0.016490765171503958,2020-05-26,2026-05-15,0.0002491058994571077,0.006910098648094016,0.119637544278877,False,False
bonds,RU000A1013U1,1516,2119,0.7154318074563474,0.0,2020-05-26,2026-05-15,0.0003488459201260949,0.012425526585133621,0.0904961172349832,False,False
bonds,RU000A1014J2,1497,2119,0.7064653138272771,0.0,2020-06-23,2026-05-15,0.000398443761623498,0.016474854862016552,0.323265666644377,False,False
bonds,RU000A1014U9,381,2119,0.1798017932987258,0.0,2020-05-26,2026-05-15,0.0021973178363673437,0.025403344413905536,0.496632294566448,False,False
bonds,RU000A101590,1516,2119,0.7154318074563474,0.0,2020-05-26,2026-05-15,0.0002938987916561311,0.009971407760929347,0.189747268227063,False,False
bonds,RU000A1015T8,289,2119,0.1363850873053327,0.0,2025-03-26,2026-05-15,0.0008153342201101307,0.019086167925023035,0.228471921555637,False,False
bonds,RU000A101616,1497,2119,0.7064653138272771,0.0,2020-06-23,2026-05-15,0.001134224740221767,0.11939752464776511,1.75735141291861,False,False
bonds,RU000A1016N9,1516,2119,0.7154318074563474,0.0006596306068601583,2020-05-26,2026-05-15,-0.0006446539332432292,0.02623739807348894,0.703517613508178,False,False
bonds,RU000A101780,1516,2119,0.7154318074563474,0.0,2020-05-26,2026-05-15,0.0003734569502146982,0.015202338216540866,0.16678532375827,False,False
bonds,RU000A1017J5,1516,2119,0.7154318074563474,0.0032981530343007917,2020-05-26,2026-05-15,0.00016205422869962786,0.00838595509106988,0.132246449518331,False,False
bonds,RU000A1018M7,1516,2119,0.7154318074563474,0.0,2020-05-26,2026-05-15,0.0002441747150155613,0.020891421600117716,0.182442614336092,False,False
bonds,RU000A1019A0,357,2119,0.16847569608305804,0.0,2024-12-17,2026-05-15,0.003677716612247808,0.10449419947663899,0.537706008602486,False,False
bonds,RU000A101CL5,1516,2119,0.7154318074563474,0.0,2020-05-26,2026-05-15,0.00014931989415288682,0.011260259678415697,0.162257841634759,False,False
bonds,RU000A101CQ4,1516,2119,0.7154318074563474,0.0,2020-05-26,2026-05-15,0.0004101291589759175,0.005182830741563785,0.086391947827178,False,False
bonds,RU000A101DA6,1497,2119,0.7064653138272771,0.0,2020-06-23,2026-05-15,-0.0001228120977967757,0.013560705935964272,0.102462506441117,False,False
bonds,RU000A101DB4,1497,2119,0.7064653138272771,0.0,2020-06-23,2026-05-15,0.00020805800459908704,0.00938838102240347,0.12290980677686,False,False
bonds,RU000A101EQ0,1125,2119,0.5309108069844266,0.0,2021-12-08,2026-05-15,0.0012030713392044933,0.08663999919701622,1.7829388712574,False,False
bonds,RU000A101FG8,1516,2119,0.7154318074563474,0.0,2020-05-26,2026-05-15,0.00023059497278395165,0.006696243757997854,0.139364543278465,False,False
bonds,RU000A101FH6,1516,2119,0.7154318074563474,0.0,2020-05-26,2026-05-15,0.000234748974796611,0.008118751950246235,0.177629718300916,False,False
bonds,RU000A101GD3,1516,2119,0.7154318074563474,0.002638522427440633,2020-05-26,2026-05-15,-0.0006418815546898034,0.017830430611683615,0.400433777890355,False,False
bonds,RU000A101H84,1516,2119,0.7154318074563474,0.0,2020-05-26,2026-05-15,0.0004312335944505368,0.008248321417340375,0.062015621757368,False,False
bonds,RU000A101JD7,1516,2119,0.7154318074563474,0.0,2020-05-26,2026-05-15,-0.0008520125234312447,0.01389385003582269,0.117458752521115,False,False
bonds,RU000A101M04,1497,2119,0.7064653138272771,0.014028056112224449,2020-06-23,2026-05-15,0.00023574497931309194,0.00791647328776808,0.151288962762949,False,False
bonds,RU000A101MB5,1497,2119,0.7064653138272771,0.0013360053440213762,2020-06-23,2026-05-15,0.0004357760838063454,0.01107417949454222,0.0945220986874678,False,False
bonds,RU000A101NG2,1497,2119,0.7064653138272771,0.0,2020-06-23,2026-05-15,0.00024150345424063505,0.012353138321402226,0.166158882055794,False,False
bonds,RU000A101P27,1497,2119,0.7064653138272771,0.0,2020-06-23,2026-05-15,-0.0003786716301027251,0.016389765039912366,0.225806382211046,False,False
bonds,RU000A101Q26,1497,2119,0.7064653138272771,0.0,2020-06-23,2026-05-15,0.0004143321269520712,0.005117917165694091,0.0999153743800312,False,False
bonds,RU000A101QL5,1497,2119,0.7064653138272771,0.01002004008016032,2020-06-23,2026-05-15,0.00031935097633655905,0.006774921022324232,0.152396136575055,False,False
bonds,RU000A101QN1,1497,2119,0.7064653138272771,0.0,2020-06-23,2026-05-15,0.00021481180214755202,0.008910397552811181,0.120050054135007,False,False
bonds,RU000A101RJ7,1497,2119,0.7064653138272771,0.0006680026720106881,2020-06-23,2026-05-15,0.0004016107573218993,0.009345970737469005,0.122678204877526,False,False
bonds,RU000A101RT6,1240,2119,0.585181689476168,0.00564516129032258,2021-06-29,2026-05-15,0.0003106942429661481,0.008229536889726226,0.140591882355003,False,False
bonds,RU000A101RV2,1432,2119,0.6757904672015101,0.0,2020-09-24,2026-05-15,0.0002348577878900873,0.008107858088651743,0.138892249739001,False,False
bonds,RU000A101RW0,1239,2119,0.5847097687588485,0.0,2021-06-30,2026-05-15,0.0002523617509625367,0.012370638852998415,0.118578932904349,False,False
bonds,RU000A101RZ3,1432,2119,0.6757904672015101,0.0013966480446927375,2020-09-24,2026-05-15,0.00017167166688054783,0.007951045436062008,0.128980285714431,False,False
bonds,RU000A101S08,1239,2119,0.5847097687588485,0.0,2021-06-30,2026-05-15,0.00018716786751029295,0.01272468579243736,0.113140525468756,False,False
bonds,RU000A101S16,1240,2119,0.585181689476168,0.0,2021-06-29,2026-05-15,0.00018258193616759193,0.011342551380232402,0.0762516521958844,False,False
bonds,RU000A101SC0,1497,2119,0.7064653138272771,0.0,2020-06-23,2026-05-15,0.0002698342190109194,0.010967284883108929,0.181441845652862,False,False
bonds,RU000A101SD8,1497,2119,0.7064653138272771,0.0,2020-06-23,2026-05-15,0.0002375618945388993,0.011947594632940116,0.14886434946888,False,False
bonds,RU000A101SF3,1497,2119,0.7064653138272771,0.0,2020-06-23,2026-05-15,0.00024394189784118482,0.011865966882430192,0.0994998948762785,False,False
bonds,RU000A101T56,1497,2119,0.7064653138272771,0.002004008016032064,2020-06-23,2026-05-15,0.00039065390615602996,0.006793509153379661,0.0780321176703378,False,False
bonds,RU000A101T64,1497,2119,0.7064653138272771,0.004008016032064128,2020-06-23,2026-05-15,0.0003471926829491784,0.013952987645475439,0.114102897357523,False,False
bonds,RU000A101T72,280,2119,0.13213780084945728,0.0,2025-04-08,2026-05-15,0.0008285633996723535,0.0005012157679459734,0.00316105842481643,False,False
bonds,RU000A101TB0,1497,2119,0.7064653138272771,0.0,2020-06-23,2026-05-15,0.00023602747087951044,0.006297719952575617,0.0773163750809574,False,False
bonds,RU000A101TD6,1493,2119,0.7045776309579991,0.0,2020-06-30,2026-05-15,-0.0009500840750777215,0.018658527843861884,0.160311539404947,False,False
bonds,RU000A101TT2,1494,2119,0.7050495516753186,0.0,2020-06-29,2026-05-15,0.00027075314902646813,0.005472606581899176,0.115885209415604,False,False
bonds,RU000A101U61,1494,2119,0.7050495516753186,0.0,2020-06-29,2026-05-15,-0.0001962746015854838,0.011830036164217624,0.318208185654156,False,False
bonds,RU000A101UE2,1493,2119,0.7045776309579991,0.0,2020-06-30,2026-05-15,0.000259796194715837,0.016569754834031135,0.163242547165269,False,False
bonds,RU000A101UW4,1491,2119,0.7036337895233601,0.0,2020-07-03,2026-05-15,-0.0006988846942697057,0.02867762547916938,0.378354209376275,False,False
bonds,RU000A101WD0,1482,2119,0.6993865030674846,0.001349527665317139,2020-07-16,2026-05-15,-0.0008167217935424142,0.02458047580917329,0.673130430100971,False,False
bonds,RU000A101WR0,1482,2119,0.6993865030674846,0.0,2020-07-16,2026-05-15,0.000310686194213323,0.009541465688623954,0.0882656274433792,False,False
bonds,RU000A101XD8,1478,2119,0.6974988201982067,0.0020297699594046007,2020-07-22,2026-05-15,0.0005181798324158164,0.010596516820576133,0.130477264352669,False,False
bonds,RU000A101XN7,1477,2119,0.6970268994808873,0.0,2020-07-23,2026-05-15,0.00032166482289505574,0.0058934105892029355,0.0793192075875386,False,False
bonds,RU000A101XS6,1477,2119,0.6970268994808873,0.0,2020-07-23,2026-05-15,0.00034410977053765175,0.008097574226531342,0.0623212067816891,False,False
bonds,RU000A101Y18,1468,2119,0.6927796130250118,0.0006811989100817438,2020-08-05,2026-05-15,0.0002466299081062289,0.0030611331109319487,0.0515357592169057,False,False
bonds,RU000A101Z17,1471,2119,0.6941953751769703,0.0013596193065941536,2020-07-31,2026-05-15,-0.00010829414688739221,0.015073245290193878,0.503443811468224,False,False
bonds,RU000A101Z74,1470,2119,0.6937234544596508,0.0,2020-08-03,2026-05-15,0.00033374800146742615,0.007005108574728722,0.141998930238118,False,False
bonds,RU000A101ZH4,1468,2119,0.6927796130250118,0.0,2020-08-05,2026-05-15,0.00043644323532479254,0.006411018601586036,0.0651841391022525,False,False
bonds,RU000A101ZU7,1464,2119,0.6908919301557338,0.0,2020-08-11,2026-05-15,-0.0010575778917560439,0.013742796524938585,0.222303485013066,False,False
bonds,RU000A1020L5,1463,2119,0.6904200094384143,0.001367053998632946,2020-08-12,2026-05-15,-0.0008478618140413309,0.028081620897513926,0.69720127484068,False,False
bonds,RU000A102192,1368,2119,0.6455875412930627,0.0,2020-12-24,2026-05-15,0.0005086715128476767,0.0003864859388404267,0.00301452299722813,False,False
bonds,RU000A1021A6,1368,2119,0.6455875412930627,0.0,2020-12-24,2026-05-15,0.0005086715128476767,0.0003864859388404267,0.00301452299722813,False,False
bonds,RU000A1021G3,1458,2119,0.6880604058518169,0.0027434842249657062,2020-08-19,2026-05-15,0.00045431584294850923,0.010780072916482395,0.103374659371989,False,False
bonds,RU000A1022E6,1451,2119,0.6847569608305805,0.0013783597518952446,2020-08-28,2026-05-15,0.0005202747712194903,0.005123485095923574,0.105758224711196,False,False
bonds,RU000A1023K1,1444,2119,0.681453515809344,0.0,2020-09-08,2026-05-15,0.0003957801855586034,0.00589171516647098,0.101176154316659,False,False
bonds,RU000A1024L7,1435,2119,0.6772062293534686,0.0,2020-09-21,2026-05-15,-0.00037465739003050906,0.01614664346770373,0.396723069752347,False,False
bonds,RU000A102556,1433,2119,0.6762623879188296,0.0034891835310537334,2020-09-23,2026-05-15,0.00040900365565854993,0.013162251230066108,0.250344816106247,False,False
bonds,RU000A102564,1426,2119,0.6729589428975932,0.0,2020-10-02,2026-05-15,0.0004002239932603805,0.003135108005481637,0.0629049928069563,False,False
bonds,RU000A1026H0,1425,2119,0.6724870221802737,0.0,2020-10-05,2026-05-15,0.00045904595553556836,0.007128748822470677,0.130603724085445,False,False
bonds,RU000A102879,1415,2119,0.6677678150070788,0.0,2020-10-19,2026-05-15,0.00037779846599799355,0.01744876094829651,0.17644762528116,False,False
bonds,RU000A102887,1415,2119,0.6677678150070788,0.0,2020-10-19,2026-05-15,0.0005246352583529651,0.008390427488980006,0.129314570341455,False,False
bonds,RU000A1028U9,1099,2119,0.5186408683341198,0.0,2020-10-23,2025-02-20,0.00041372663760825325,0.0028523252484189705,0.0601705009069183,False,False
bonds,RU000A102952,99,2119,0.04672015101462954,0.0,2020-12-15,2021-05-07,0.00020699976152546994,0.0011808309758679547,0.00572669168217687,False,False
bonds,RU000A102986,299,2119,0.1411042944785276,0.0,2020-10-23,2021-12-24,5.582074547095786e-05,0.003392979266690471,0.0140719183422323,False,False
bonds,RU000A102BK7,1401,2119,0.661160924964606,0.0021413276231263384,2020-11-09,2026-05-15,0.00025914720758026514,0.011388947724069358,0.143444679149841,False,False
bonds,RU000A102CK5,1062,2119,0.5011798017932987,0.0,2022-03-10,2026-05-15,9.197236051540013e-05,0.048313727692640494,0.893887742167801,False,False
bonds,RU000A102CL3,1062,2119,0.5011798017932987,0.0,2022-03-10,2026-05-15,5.676960754381698e-05,0.07456461522038937,1.42722626184346,False,False
bonds,RU000A102CR0,1394,2119,0.6578574799433695,0.0007173601147776184,2020-11-18,2026-05-15,-0.0006154792266091853,0.024898711684341015,0.821960533542815,False,False
bonds,RU000A102CT6,1393,2119,0.65738555922605,0.0,2020-11-19,2026-05-15,-0.0004280236215158179,0.01698290900001538,0.39461671722135,False,False
bonds,RU000A102D46,1392,2119,0.6569136385087305,0.0,2020-11-20,2026-05-15,-0.0007604878781509906,0.011683183838186955,0.122854601368304,False,False
bonds,RU000A102DB2,1391,2119,0.656441717791411,0.0,2020-11-23,2026-05-15,0.0004372406659562027,0.009310044166035323,0.127948009404385,False,False
bonds,RU000A102DS6,1389,2119,0.655497876356772,0.0028797696184305254,2020-11-25,2026-05-15,-0.00039576639769509005,0.019063750842134075,0.557262538058749,False,False
bonds,RU000A102E37,1369,2119,0.6460594620103822,0.0,2020-12-23,2026-05-15,0.0003617941447660798,0.00581735651398376,0.208330965656348,False,False
bonds,RU000A102E52,1387,2119,0.654554034922133,0.0,2020-11-27,2026-05-15,0.0002559403476093214,0.00015332905136093163,0.00108096861337342,False,False
bonds,RU000A102EE4,1384,2119,0.6531382727701747,0.0,2020-11-27,2026-05-15,0.00038897929210113193,0.001486466117319139,0.0482973833976209,False,False
bonds,RU000A102EF1,1384,2119,0.6531382727701747,0.0,2020-11-27,2026-05-15,0.0003889612264447372,0.0015513729450030921,0.0482973833976209,False,False
bonds,RU000A102FE1,1200,2119,0.5663048607833884,0.0,2021-08-24,2026-05-15,0.0004857778461196788,0.0022994023390062812,0.0381539376851278,False,False
bonds,RU000A102FS1,1380,2119,0.6512505899008967,0.0007246376811594203,2020-12-08,2026-05-15,0.00030211837991091066,0.009604100950387898,0.10252089983303,False,False
bonds,RU000A102FT9,1380,2119,0.6512505899008967,0.0,2020-12-08,2026-05-15,0.00038397416213058926,0.005787499896626129,0.11545410255722,False,False
bonds,RU000A102FV5,1379,2119,0.6507786691835772,0.0,2020-12-09,2026-05-15,-0.000437663564846164,0.020530444851234782,0.421397181663366,False,False
bonds,RU000A102G35,1379,2119,0.6507786691835772,0.002175489485134155,2020-12-09,2026-05-15,-0.0006272388645803642,0.024389627262591536,0.524990750940189,False,False
bonds,RU000A102GD1,1377,2119,0.6498348277489382,0.0,2020-12-11,2026-05-15,-0.0009140292718366025,0.013307067139156805,0.145770261962768,False,False
bonds,RU000A102GJ8,1376,2119,0.6493629070316187,0.0,2020-12-14,2026-05-15,0.00035559950849011813,0.008249938216918811,0.090551714656764,False,False
bonds,RU000A102H34,1374,2119,0.6484190655969797,0.0,2020-12-16,2026-05-15,-0.0007661283295173311,0.026480940571166074,0.686529707470164,False,False
bonds,RU000A102HA5,350,2119,0.16517225106182162,0.0,2024-12-26,2026-05-15,0.0001218511735696606,0.008839083728624934,0.164623597667531,False,False
bonds,RU000A102HC1,1348,2119,0.6361491269466729,0.0,2021-01-26,2026-05-15,0.00031700155861197923,0.015107987731892543,0.273764850284435,False,False
bonds,RU000A102HU3,1373,2119,0.6479471448796602,0.2177713037144938,2020-12-17,2026-05-15,0.0001605657914132665,0.033049822806080514,0.476856284407972,False,False
bonds,RU000A102JB9,1371,2119,0.6470033034450212,0.0,2020-12-21,2026-05-15,-0.0007253995948668685,0.011306806452995444,0.0943652376402357,False,False
bonds,RU000A102K13,1247,2119,0.5884851344974045,0.0,2021-06-18,2026-05-15,-0.000736216319103834,0.013527798556801774,0.165721354679529,False,False
bonds,RU000A102K39,1370,2119,0.6465313827277017,0.0,2020-12-22,2026-05-15,0.00046558621150973446,0.007812777251333924,0.0892682930822878,False,False
bonds,RU000A102K88,1368,2119,0.6455875412930627,0.0,2020-12-24,2026-05-15,0.00023074878189456666,0.0704283503629825,0.552116823492349,False,False
bonds,RU000A102KN2,1368,2119,0.6455875412930627,0.0014619883040935672,2020-12-24,2026-05-15,-0.00013725693671016268,0.012324163574877296,0.200232972786317,False,False
bonds,RU000A102L87,1204,2119,0.5681925436526664,0.0,2021-08-18,2026-05-15,-0.0007381275058983342,0.026449858388225524,0.203930659594756,False,False
bonds,RU000A102LF6,1366,2119,0.6446436998584237,0.0029282576866764276,2020-12-28,2026-05-15,0.0007536589294305914,0.0036098200400244617,0.0329151226596652,False,False
bonds,RU000A102LU5,121,2119,0.05710240679565833,0.0,2025-11-20,2026-05-15,0.0006019023207028601,0.08162048775708904,0.549001373419317,False,False
bonds,RU000A102MB3,1319,2119,0.6224634261444077,0.001516300227445034,2021-03-09,2026-05-15,-0.002634052164175752,0.03978783549238912,0.599268929558645,False,False
bonds,RU000A102QJ7,1171,2119,0.5526191599811232,0.0,2021-02-12,2026-05-15,0.0007367704714670182,0.11810986629233163,1.74984092799269,False,False
bonds,RU000A102QL3,1171,2119,0.5526191599811232,0.0,2021-02-12,2026-05-15,0.004047720328857997,0.14284646262419798,3.50207109110308,False,False
bonds,RU000A102QM1,462,2119,0.21802737140160453,0.0,2021-02-16,2022-12-09,0.0015606317523308058,0.07997615192661421,1.00093186971071,False,False
bonds,RU000A102QN9,59,2119,0.02784332232184993,0.0,2021-04-07,2021-06-29,0.006479808000284174,0.004512076448080173,0.0227861759049542,False,False
bonds,RU000A102QP4,1338,2119,0.6314299197734781,0.0,2021-02-09,2026-05-15,0.00024464657464958015,0.008186811944121648,0.151668607585941,False,False
bonds,RU000A102S72,879,2119,0.414818310523832,0.0,2021-03-29,2024-09-10,0.00041311480157217264,0.0005455764992098976,0.0115251459859546,False,False
bonds,RU000A102SM7,199,2119,0.09391222274657858,0.0,2021-02-26,2021-12-06,0.00022573841791751644,0.002751527589593031,0.0123029942998995,False,False
bonds,RU000A102SX4,1323,2119,0.6243511090136857,0.010582010582010581,2021-03-02,2026-05-15,0.0004453418722419793,0.006126107534219336,0.0953418787327817,False,False
bonds,RU000A102TK9,1320,2119,0.6229353468617272,0.0,2021-03-05,2026-05-15,-0.0002482555283662983,0.04445270246863198,0.50832944621235,False,False
bonds,RU000A102VR0,1309,2119,0.6177442189712128,0.0007639419404125286,2021-03-23,2026-05-15,0.0004637548400461997,0.005655068193278384,0.0996380467658118,False,False
bonds,RU000A103125,1286,2119,0.6068900424728646,0.0,2021-04-23,2026-05-15,-0.0007720161813931832,0.012449013172518078,0.143012689711816,False,False
bonds,RU000A103166,907,2119,0.4280320906087777,0.7839029768467475,2022-10-20,2026-05-15,0.00027863895354458015,0.020112753843597325,0.153046808028156,False,False
bonds,RU000A103174,1120,2119,0.5285512033978291,0.8955357142857143,2021-12-15,2026-05-15,-4.085769496289707e-05,0.029320342762781317,0.728913503592339,False,False
bonds,RU000A1031K4,1283,2119,0.6054742803209061,0.0,2021-04-28,2026-05-15,-0.0005993668200382083,0.017961348597672563,0.163753409694799,False,False
bonds,RU000A1031U3,1283,2119,0.6054742803209061,0.0,2021-04-28,2026-05-15,0.00028410653218987887,0.012600913006816636,0.0993628379873811,False,False
bonds,RU000A1032P1,1252,2119,0.5908447380840018,0.0,2021-06-11,2026-05-15,-0.0013005538427875104,0.014765204623416269,0.198971508224196,False,False
bonds,RU000A103372,1273,2119,0.6007550731477111,0.0,2021-05-13,2026-05-15,0.0003436569657964525,0.00722799512155328,0.110940628709588,False,False
bonds,RU000A1033B9,1270,2119,0.5993393109957527,0.009448818897637795,2021-05-18,2026-05-15,-0.00014416535934422321,0.012623644262826172,0.151820856921457,False,False
bonds,RU000A1033Z8,1262,2119,0.5955639452571968,0.014263074484944533,2021-05-28,2026-05-15,0.00024747150030982176,0.01042201741355587,0.2413331541931,False,False
bonds,RU000A1034H4,637,2119,0.3006134969325153,0.7519623233908949,2023-11-13,2026-05-15,0.00024357625024935218,0.03358058894102086,0.363618230611476,False,False
bonds,RU000A1034K8,1062,2119,0.5011798017932987,0.0,2022-03-10,2026-05-15,-5.171587032820017e-06,0.08595165905278855,1.50341256122079,False,False
bonds,RU000A1034P7,1021,2119,0.4818310523831996,0.0,2021-05-28,2026-05-15,0.000299105228058418,0.02676516793615064,0.493716619841832,False,False
bonds,RU000A1034Q5,1021,2119,0.4818310523831996,0.0,2021-05-28,2026-05-15,0.0005668234464582371,0.027481437058598956,0.515262346817647,False,False
bonds,RU000A1035H1,1260,2119,0.5946201038225578,0.0,2021-06-01,2026-05-15,0.000493408623994829,0.04280667709694274,0.65716489261134,False,False
bonds,RU000A1035Y6,1252,2119,0.5908447380840018,0.08945686900958466,2021-06-11,2026-05-15,0.00018029661733596055,0.010943567536218043,0.0905711869479642,False,False
bonds,RU000A103604,1259,2119,0.5941481831052383,0.0,2021-06-02,2026-05-15,-0.0009032066262045353,0.032486666216423134,0.946425062471479,False,False
bonds,RU000A103661,1245,2119,0.5875412930627655,0.013654618473895583,2021-06-22,2026-05-15,0.0003052630192988561,0.007451071367541841,0.117560118474945,False,False
bonds,RU000A1036S6,1125,2119,0.5309108069844266,0.0,2021-12-08,2026-05-15,0.00012412413317843026,0.00800084162506578,0.217911415338484,False,False
bonds,RU000A103760,1255,2119,0.5922605002359603,0.0,2021-06-08,2026-05-15,0.00034636834327470266,0.011721617987760098,0.217648143917214,False,False
bonds,RU000A1037P0,1163,2119,0.5488437942425672,0.0,2021-10-14,2026-05-15,0.0002904235626807426,0.0001846716487056118,0.00166077802724341,False,False
bonds,RU000A1038D4,1251,2119,0.5903728173666823,0.0,2021-06-14,2026-05-15,0.00032831113482866936,0.011267302099807423,0.164338406507443,False,False
bonds,RU000A1038M5,1248,2119,0.588957055214724,0.0008012820512820513,2021-06-17,2026-05-15,0.00048759955772112755,0.009657097942134573,0.126200641513423,False,False
bonds,RU000A1038U8,225,2119,0.10618216139688533,0.0,2025-06-27,2026-05-15,0.0005631597833529724,0.004631881743239169,0.0373550466639898,False,False
bonds,RU000A103943,1247,2119,0.5884851344974045,0.0,2021-06-18,2026-05-15,0.0003464275450926049,0.007312140838817865,0.148007922535307,False,False
bonds,RU000A1039A8,1241,2119,0.5856536101934875,0.0,2021-06-28,2026-05-15,0.000368558946140548,0.010272530207703651,0.0885395487790005,False,False
bonds,RU000A103AT8,1241,2119,0.5856536101934875,0.0040290088638195,2021-06-28,2026-05-15,0.00030635771823463143,0.007781483724745241,0.0800841437021691,False,False
bonds,RU000A103C53,1236,2119,0.58329400660689,0.0016181229773462784,2021-07-05,2026-05-15,0.0004974705592007707,0.007335580459585587,0.110662153805455,False,False
bonds,RU000A103C95,1235,2119,0.5828220858895705,0.0,2021-07-06,2026-05-15,0.00034982385523457936,0.007749811292497096,0.126846767845547,False,False
bonds,RU000A103DN5,1229,2119,0.5799905615856537,0.0016273393002441008,2021-07-14,2026-05-15,-0.00041621168902789766,0.025165037033827716,0.551845642241531,False,False
bonds,RU000A103DS4,1229,2119,0.5799905615856537,0.0008136696501220504,2021-07-14,2026-05-15,0.00037496701451680717,0.01237187833775441,0.102252262391182,False,False
bonds,RU000A103DT2,1228,2119,0.5795186408683342,0.003257328990228013,2021-07-15,2026-05-15,0.0004330723429433626,0.008364130971181535,0.150971186207262,False,False
bonds,RU000A103DY2,362,2119,0.1708352996696555,0.0,2024-12-10,2026-05-15,-0.0010908528454443532,0.018154055611636633,0.167111131996316,False,False
bonds,RU000A103EZ7,1221,2119,0.5762151958470977,0.0,2021-07-26,2026-05-15,0.0003153138911522422,0.011147980092657371,0.167398191391362,False,False
bonds,RU000A103FC3,1221,2119,0.5762151958470977,0.0,2021-07-26,2026-05-15,0.0007796918443979087,0.08069352436514717,1.4517734779017,False,False
bonds,RU000A103FY7,1217,2119,0.5743275129778197,0.0,2021-07-30,2026-05-15,0.0005959756256803034,0.07556816684124937,1.00610832086537,False,False
bonds,RU000A103G00,1218,2119,0.5747994336951392,0.0,2021-07-29,2026-05-15,0.00035654513879835404,0.008129548941763754,0.148142463814702,False,False
bonds,RU000A103G42,1211,2119,0.5714959886739028,0.009083402146985962,2021-08-09,2026-05-15,0.0002990383907412989,0.006528681334138548,0.047909149209808,False,False
bonds,RU000A103K38,1127,2119,0.5318546484190656,0.0,2021-12-06,2026-05-15,0.0007702587478279041,0.09377285582231124,1.40230691861903,False,False
bonds,RU000A103KJ8,1201,2119,0.5667767815007079,0.002497918401332223,2021-08-23,2026-05-15,0.00046099856569362894,0.007904719454269337,0.10642527066586,False,False
bonds,RU000A103M36,1195,2119,0.5639452571967909,0.0008368200836820083,2021-08-31,2026-05-15,0.0005546011637107437,0.0135272053081457,0.306022454410242,False,False
bonds,RU000A103N43,1189,2119,0.561113732892874,0.0,2021-09-08,2026-05-15,-0.0004894012953909957,0.012531981672923864,0.107351572283445,False,False
bonds,RU000A103N84,1187,2119,0.560169891458235,0.002527379949452401,2021-09-10,2026-05-15,0.00045852353440975404,0.008382578060820576,0.141295898170645,False,False
bonds,RU000A103NE3,1187,2119,0.560169891458235,0.0,2021-09-10,2026-05-15,-0.0006589909574981337,0.024286338648616394,0.404023127715297,False,False
bonds,RU000A103NU9,1183,2119,0.558282208588957,0.0,2021-09-16,2026-05-15,0.0003214676518795633,0.01148177843718797,0.195827519961557,False,False
bonds,RU000A103PC2,1184,2119,0.5587541293062765,0.0,2021-09-15,2026-05-15,0.00037900710171498507,0.016826008592803445,0.208980649971518,False,False
bonds,RU000A103PX8,1181,2119,0.5573383671543181,0.0,2021-09-20,2026-05-15,-0.00039743845762773054,0.02182786874644177,0.669928458744903,False,False
bonds,RU000A103Q24,961,2119,0.4535158093440302,0.0,2022-08-05,2026-05-15,0.0004804752371646924,0.011560944569137763,0.161688878107185,False,False
bonds,RU000A103QH9,1179,2119,0.5563945257196791,0.0008481764206955047,2021-09-22,2026-05-15,-0.000840245302732536,0.020510453323345203,0.377858656124561,False,False
bonds,RU000A103QK3,1179,2119,0.5563945257196791,0.0,2021-09-22,2026-05-15,0.00032442014038550114,0.006580803835620257,0.0681012498362089,False,False
bonds,RU000A103QL1,1178,2119,0.5559226050023596,0.001697792869269949,2021-09-23,2026-05-15,0.00034243797599404444,0.012196676378449848,0.0944973912821047,False,False
bonds,RU000A103QN7,1174,2119,0.5540349221330817,0.0,2021-09-29,2026-05-15,0.00036101938610694835,0.01285562894883028,0.259743091658961,False,False
bonds,RU000A103QQ0,1178,2119,0.5559226050023596,0.0008488964346349745,2021-09-23,2026-05-15,0.00031435759322383954,0.016243252660084355,0.146545260430393,False,False
bonds,RU000A103RL9,1176,2119,0.5549787635677206,0.0017006802721088435,2021-09-27,2026-05-15,0.00039241105878793156,0.010941045576890567,0.187978056941835,False,False
bonds,RU000A103S30,735,2119,0.3468617272298254,0.0013605442176870747,2023-06-28,2026-05-15,-0.0005451599492750259,0.022047804120445564,0.473204505032601,False,False
bonds,RU000A103S89,928,2119,0.43794242567248703,0.0,2021-11-29,2026-05-15,0.0004515678553179633,0.15156085931853036,1.95636349433403,False,False
bonds,RU000A103S97,941,2119,0.4440773949976404,0.0,2021-11-10,2026-05-15,0.0001353911919564657,0.1155837461195144,1.76374455244811,False,False
bonds,RU000A103SA0,933,2119,0.44030202925908446,0.0,2021-11-22,2026-05-15,0.0003003231154581745,0.12547103558510764,1.64993373440682,False,False
bonds,RU000A103SB8,965,2119,0.45540349221330817,0.0,2021-10-06,2026-05-15,0.00014352463230754897,0.03372958129464503,0.502256891714777,False,False
bonds,RU000A103SC6,960,2119,0.4530438886267107,0.0,2021-10-13,2026-05-15,0.0006492861377716059,0.02781677415202842,0.525968892020884,False,False
bonds,RU000A103T70,543,2119,0.25625294950448324,0.0,2024-03-28,2026-05-15,7.231253360919785e-05,0.054576067128050444,0.933292109285047,False,False
bonds,RU000A103T96,543,2119,0.25625294950448324,0.0,2024-03-28,2026-05-15,7.551493487895998e-05,0.05623791406454268,0.961266210787077,False,False
bonds,RU000A103TA8,543,2119,0.25625294950448324,0.0,2024-03-28,2026-05-15,7.902250724319435e-05,0.058012064960614465,0.991109110142859,False,False
bonds,RU000A103TC4,543,2119,0.25625294950448324,0.0,2024-03-28,2026-05-15,8.237839624724148e-05,0.0596664478631289,1.01891772954687,False,False
bonds,RU000A103TS0,1170,2119,0.5521472392638037,0.0,2021-10-05,2026-05-15,0.000353117785380097,0.01205578487133105,0.230036242656022,False,False
bonds,RU000A103TW2,752,2119,0.3548843794242567,0.699468085106383,2023-06-02,2026-05-15,0.0007405528207218807,0.07090072969182859,0.608035098971079,False,False
bonds,RU000A103TX0,754,2119,0.3558282208588957,0.6206896551724138,2023-05-31,2026-05-15,-0.000200476670283625,0.036313493038838456,0.198715736096317,False,False
bonds,RU000A103TY8,731,2119,0.3449740443605474,0.7770177838577291,2023-07-04,2026-05-15,-0.00022362202390860948,0.03129446745939485,0.212103301972391,False,False
bonds,RU000A103TZ5,710,2119,0.33506370929683815,0.6887323943661972,2023-08-02,2026-05-15,-0.00039968759243845774,0.04385790441381935,0.317300872425633,False,False
bonds,RU000A103U02,1138,2119,0.53704577630958,0.8769771528998243,2021-11-19,2026-05-15,-4.020715169121482e-05,0.035678163780251765,0.687089352073239,False,False
bonds,RU000A103U10,1107,2119,0.5224162340726758,0.90063233965673,2022-01-04,2026-05-15,-6.149924443637472e-05,0.02856054844386911,0.452499157635256,False,False
bonds,RU000A103U28,1094,2119,0.5162812647475225,0.9405850091407678,2022-01-21,2026-05-15,-2.7441994499533584e-05,0.019927511334676767,0.390486934018366,False,False
bonds,RU000A103U36,581,2119,0.27418593676262387,0.9311531841652324,2024-02-01,2026-05-15,0.000675238731470449,0.026015484212067508,0.343635886434979,False,False
bonds,RU000A103U44,1074,2119,0.5068428504011326,0.9031657355679702,2022-02-18,2026-05-15,0.000704832942049267,0.0361843264160268,0.573533381211641,False,False
bonds,RU000A103U51,678,2119,0.31996224634261444,0.7345132743362832,2023-09-15,2026-05-15,2.1441742808691845e-05,0.04547313964484015,0.299366287256391,False,False
bonds,RU000A103U69,1169,2119,0.5516753185464842,0.0,2021-10-06,2026-05-15,-0.000690083058892612,0.023219439026888555,0.393077796676668,False,False
bonds,RU000A103UL3,1165,2119,0.5497876356772062,0.006008583690987125,2021-10-12,2026-05-15,0.0006198105860602745,0.00786248690880652,0.160024782920854,False,False
bonds,RU000A103VD8,948,2119,0.44738084001887685,0.0,2022-08-24,2026-05-15,-0.0015488491221259712,0.015257801997505427,0.180234711825188,False,False
bonds,RU000A103WB0,1159,2119,0.5469561113732893,0.01639344262295082,2021-10-20,2026-05-15,0.0004354169431272335,0.015673847001343652,0.23376830779195,False,False
bonds,RU000A103XS2,558,2119,0.2633317602642756,0.9032258064516129,2024-03-06,2026-05-15,-7.969917315119627e-05,0.030618128557482815,0.320793663354631,False,False
bonds,RU000A103XT0,603,2119,0.2845681925436527,0.7446102819237148,2023-12-29,2026-05-15,5.1730744731056e-05,0.040241941920759576,0.251014473271908,False,False
bonds,RU000A103YG5,1135,2119,0.5356300141576216,0.0,2021-11-24,2026-05-15,-0.00043683817825628874,0.03064736769360112,0.213113112496531,False,False
bonds,RU000A103YK7,1135,2119,0.5356300141576216,0.0,2021-11-24,2026-05-15,-0.0005399108370190404,0.018557386781031845,0.165554431658577,False,False
bonds,RU000A1040E8,548,2119,0.2586125530910807,0.0,2024-03-21,2026-05-15,-0.0003965454367250475,0.10415416435480075,0.929155811546152,False,False
bonds,RU000A1040S8,1140,2119,0.5379896177442189,0.0,2021-11-17,2026-05-15,-0.0006525795530877147,0.021905698089539804,0.491763253525169,False,False
bonds,RU000A1041B2,1139,2119,0.5375176970268994,0.0,2021-11-18,2026-05-15,0.000350392336410723,0.011517123139295562,0.150862986769413,False,False
bonds,RU000A1041Q0,1138,2119,0.53704577630958,0.0,2021-11-19,2026-05-15,-6.542090300217926e-05,0.006331754003676771,0.051143526799558,False,False
bonds,RU000A1042W6,1135,2119,0.5356300141576216,0.000881057268722467,2021-11-24,2026-05-15,0.000598223029288084,0.0036585865443389863,0.0325211120744034,False,False
bonds,RU000A104362,1135,2119,0.5356300141576216,0.0,2021-11-24,2026-05-15,0.00038179670468249216,0.012111260874035445,0.127298061938389,False,False
bonds,RU000A1043E2,1135,2119,0.5356300141576216,0.0,2021-11-24,2026-05-15,0.00012543842461487184,0.019633857824951,0.261852365663842,False,False
bonds,RU000A1043K9,1135,2119,0.5356300141576216,0.0,2021-11-24,2026-05-15,4.510093965511474e-05,0.01455706621309406,0.349335647551961,False,False
bonds,RU000A1043P8,552,2119,0.26050023596035865,0.5362318840579711,2024-03-15,2026-05-15,-0.0002878670988469504,0.057194903959809064,0.289643021771094,False,False
bonds,RU000A1043Z7,1134,2119,0.5351580934403021,0.0,2021-11-25,2026-05-15,0.0005508457489687594,0.0068006478021954385,0.0926873753106752,False,False
bonds,RU000A104693,1127,2119,0.5318546484190656,0.0,2021-12-06,2026-05-15,0.00043083540561945194,0.007380094592018464,0.12462121057474,False,False
bonds,RU000A104A05,1118,2119,0.5276073619631901,0.0,2021-12-17,2026-05-15,0.0005438705683469477,0.026910959044246136,0.442993091648566,False,False
bonds,RU000A104A39,1117,2119,0.5271354412458706,0.0,2021-12-20,2026-05-15,0.0003914969298744504,0.008699601602194422,0.134648611769625,False,False
bonds,RU000A104AM1,1115,2119,0.5261915998112318,0.0,2021-12-22,2026-05-15,-0.00047164198358534427,0.018615273512321416,0.166166702972084,False,False
bonds,RU000A104B04,1112,2119,0.5247758376592733,0.0,2021-12-27,2026-05-15,-0.0010435944649269393,0.03083127566951796,0.335663475848809,False,False
bonds,RU000A104B46,1111,2119,0.5243039169419538,0.0,2021-12-28,2026-05-15,0.0004572865644584976,0.007480480260670838,0.0856829907832929,False,False
bonds,RU000A104B79,1078,2119,0.5087305332704106,0.0,2022-02-14,2026-05-15,-0.0003450047601452501,0.02733095996841347,0.508759273004603,False,False
bonds,RU000A104BC0,1113,2119,0.5252477583765928,0.0,2021-12-24,2026-05-15,6.955674690959752e-05,0.01322029017991548,0.293926317532698,False,False
bonds,RU000A104CF1,362,2119,0.1708352996696555,0.0027624309392265192,2024-12-10,2026-05-15,-0.0010319706823508328,0.01816049633068652,0.169739283298151,False,False
bonds,RU000A104DZ7,362,2119,0.1708352996696555,0.0,2024-12-10,2026-05-15,0.0006151179145818238,0.011351958014726061,0.0894765811670734,False,False
bonds,RU000A104EP6,1097,2119,0.5176970268994809,0.0009115770282588879,2022-01-18,2026-05-15,-0.00025901896754689766,0.011919430964734625,0.165132197146185,False,False
bonds,RU000A104FG2,1090,2119,0.5143935818782445,0.005504587155963303,2022-01-27,2026-05-15,0.0005017094286818742,0.0073970072552350255,0.0971451856249692,False,False
bonds,RU000A104JQ3,1076,2119,0.5077866918357716,0.0,2022-02-16,2026-05-15,0.0005950583635219008,0.00874692851965326,0.186740491383018,False,False
bonds,RU000A104JW1,837,2119,0.3949976403964134,0.0011947431302270011,2022-02-21,2026-05-15,0.0006576145663015594,0.04054129340297812,0.606754310788211,False,False
bonds,RU000A104SX0,1022,2119,0.4823029731005191,0.0,2022-05-11,2026-05-15,0.00044160460692026313,0.008067793505049124,0.0911928347082022,False,False
bonds,RU000A104TQ2,858,2119,0.4049079754601227,0.0,2022-12-29,2026-05-15,0.0004746928388592827,0.010365356317426985,0.0972658831608532,False,False
bonds,RU000A104UA4,1008,2119,0.4756960830580462,0.005952380952380952,2022-05-31,2026-05-15,0.0005082097002852412,0.007429372307216106,0.0753679897576349,False,False
bonds,RU000A104UV0,1004,2119,0.4738084001887683,0.0,2022-06-06,2026-05-15,5.2165781853744805e-05,0.0064357221241159316,0.0843948316524922,False,False
bonds,RU000A104V00,1002,2119,0.4728645587541293,0.0029940119760479044,2022-06-08,2026-05-15,0.0006725608833478685,0.0075465246466221245,0.0927523233570793,False,False
bonds,RU000A104V26,1002,2119,0.4728645587541293,0.0,2022-06-08,2026-05-15,0.0006544845827300859,0.012001921801960453,0.0821054474049789,False,False
bonds,RU000A104V75,1001,2119,0.4723926380368098,0.0,2022-06-09,2026-05-15,0.0003843399923349765,0.006119015554339584,0.0452078471318882,False,False
bonds,RU000A104W17,993,2119,0.4686172722982539,0.0,2022-06-22,2026-05-15,0.00039949941821117353,0.007241212797974586,0.0753821457644625,False,False
bonds,RU000A104W33,993,2119,0.4686172722982539,0.0,2022-06-22,2026-05-15,0.0003264203336591688,0.007747546779390856,0.0817910935215601,False,False
bonds,RU000A104WF9,990,2119,0.4672015101462954,0.0,2022-06-27,2026-05-15,0.0005139186488755062,0.005038100445260559,0.0407159449674492,False,False
bonds,RU000A104WJ1,989,2119,0.4667295894289759,0.0,2022-06-28,2026-05-15,0.00038060677284058533,0.004584690606191532,0.02982980328221,False,False
bonds,RU000A104WZ7,986,2119,0.4653138272770175,0.0,2022-07-01,2026-05-15,0.0007688659468532093,0.00653947191586464,0.0488032873395702,False,False
bonds,RU000A104X32,985,2119,0.464841906559698,0.0,2022-07-04,2026-05-15,5.4948121822607764e-05,0.009264242832668424,0.120391790925073,False,False
bonds,RU000A104XE0,983,2119,0.463898065125059,0.0,2022-07-06,2026-05-15,0.0006361650610246049,0.00869376783720846,0.0761220399109353,False,False
bonds,RU000A104XJ9,983,2119,0.463898065125059,0.0,2022-07-06,2026-05-15,0.0008292629813819854,0.008481871997699364,0.0876419168087747,False,False
bonds,RU000A104XR2,981,2119,0.46295422369042,0.004077471967380225,2022-07-08,2026-05-15,0.00039666949401126055,0.005611317376721004,0.0582686576104544,False,False
bonds,RU000A104Y15,978,2119,0.46153846153846156,0.0081799591002045,2022-07-13,2026-05-15,0.0004145747302964789,0.004859506478188172,0.0432333337549883,False,False
bonds,RU000A104Z48,971,2119,0.4582350165172251,0.0,2022-07-22,2026-05-15,0.0003818912453547431,0.004751882133408349,0.0349138989858628,False,False
bonds,RU000A104Z71,971,2119,0.4582350165172251,0.0,2022-07-22,2026-05-15,0.000562273224204672,0.005340338600714646,0.0420332692852442,False,False
bonds,RU000A104ZU1,362,2119,0.1708352996696555,0.019337016574585635,2024-12-10,2026-05-15,-0.0030726564385635652,0.045379237470459285,0.693022359989353,False,False
bonds,RU000A105054,963,2119,0.4544596507786692,0.0,2022-08-03,2026-05-15,0.0005202780215031702,0.008001620379101577,0.0722907381356502,False,False
bonds,RU000A105104,962,2119,0.4539877300613497,0.0,2022-08-04,2026-05-15,0.0004410342664397874,0.02443350046959339,0.409142204157715,False,False
bonds,RU000A105112,962,2119,0.4539877300613497,0.0,2022-08-04,2026-05-15,0.00044308076108318464,0.024232100772939705,0.401887778263322,False,False
bonds,RU000A105146,942,2119,0.44454931571495987,0.0,2022-09-01,2026-05-15,0.0011809164003708148,0.10450386480277603,1.4837896228586,False,False
bonds,RU000A1052C7,719,2119,0.33931099575271356,0.0,2023-07-20,2026-05-15,-0.00032938126048540826,0.13515698089303893,1.58957010738154,False,False
bonds,RU000A1053H4,952,2119,0.4492685228881548,0.0010504201680672268,2022-08-18,2026-05-15,0.0006011594961124349,0.008725666535639814,0.0683420205872014,False,False
bonds,RU000A1053P7,951,2119,0.4487966021708353,0.005257623554153523,2022-08-19,2026-05-15,0.00047477096108429056,0.008916223717325452,0.079108033217601,False,False
bonds,RU000A105492,948,2119,0.44738084001887685,0.0010548523206751054,2022-08-24,2026-05-15,-0.00012863122647016145,0.01542021152914911,0.334266049628977,False,False
bonds,RU000A1054W1,943,2119,0.44502123643227937,0.0,2022-08-31,2026-05-15,0.00019812695344862582,0.017989020762766688,0.205560650818183,False,False
bonds,RU000A105559,942,2119,0.44454931571495987,0.0,2022-09-01,2026-05-15,0.0003474421140489025,0.0061270004248430154,0.0687066710228267,False,False
bonds,RU000A1055Y4,937,2119,0.44218971212836244,0.0,2022-09-08,2026-05-15,0.00030035300096203433,0.006648687459853565,0.0411171665227699,False,False
bonds,RU000A1056S4,925,2119,0.43652666352052855,0.001081081081081081,2022-09-26,2026-05-15,0.0003367234357581696,0.014817559549221064,0.0743821520275904,False,False
bonds,RU000A1056T2,931,2119,0.43935818782444547,0.0021482277121374865,2022-09-16,2026-05-15,-4.361771204961103e-05,0.026291819627994904,0.461370584338083,False,False
bonds,RU000A1056U0,920,2119,0.4341670599339311,0.0,2022-10-03,2026-05-15,0.0005835961380582987,0.10087049016031754,1.22937792670395,False,False
bonds,RU000A1057B8,929,2119,0.43841434638980653,0.0,2022-09-20,2026-05-15,0.0005337048054038238,0.08936989828162224,1.11894420471977,False,False
bonds,RU000A1057D4,930,2119,0.438886267107126,0.0,2022-09-19,2026-05-15,0.00018242061057380268,0.014488853961390364,0.117296228788636,False,False
bonds,RU000A1057P8,928,2119,0.43794242567248703,0.0,2022-09-21,2026-05-15,0.00034791742892666117,0.006074199519243817,0.0441837829982713,False,False
bonds,RU000A1057S2,928,2119,0.43794242567248703,0.0010775862068965517,2022-09-21,2026-05-15,0.00020939263933823397,0.006137164353591076,0.0451583700402967,False,False
bonds,RU000A105898,647,2119,0.30533270410571023,0.0,2023-10-30,2026-05-15,-0.00019288449775597797,0.03982038962776392,0.243538946590889,False,False
bonds,RU000A1058R2,919,2119,0.4336951392166116,0.0,2022-10-04,2026-05-15,0.0001533132682106564,0.011003930113155721,0.169608648071051,False,False
bonds,RU000A1059N9,895,2119,0.42236904200094383,0.0,2022-11-08,2026-05-15,0.0003229342851645796,0.09719879395568516,1.2327072084055,False,False
bonds,RU000A1059P4,896,2119,0.4228409627182633,0.0,2022-11-07,2026-05-15,0.00024348970858666956,0.07331162756865818,0.915751104543442,False,False
bonds,RU000A1059Q2,894,2119,0.42189712128362433,0.0,2022-11-09,2026-05-15,0.0003642330983954262,0.09374915657007074,1.2843902740129,False,False
bonds,RU000A1059R0,898,2119,0.4237848041529023,0.0,2022-11-02,2026-05-15,0.0001957392833947379,0.09189104201045796,1.21865504344799,False,False
bonds,RU000A105A04,899,2119,0.4242567248702218,0.0,2022-11-01,2026-05-15,0.0003766944979309125,0.08535334868199575,1.08360979862036,False,False
bonds,RU000A105A87,894,2119,0.42189712128362433,0.0,2022-11-09,2026-05-15,0.0003927505932658644,0.09125114406894692,1.15754993482701,False,False
bonds,RU000A105A95,905,2119,0.42708824917413873,0.0,2022-10-24,2026-05-15,-0.0007054990468248524,0.13631654080155847,1.73078837869666,False,False
bonds,RU000A105AV9,886,2119,0.4181217555450684,0.0,2022-11-21,2026-05-15,-0.0002598088813304263,0.021900967162719193,0.216609423017309,False,False
bonds,RU000A105BY1,891,2119,0.4204813591316659,0.0,2022-11-14,2026-05-15,1.0230565353355189e-05,0.07563906333316289,1.28077756820185,False,False
bonds,RU000A105CM4,898,2119,0.4237848041529023,0.0,2022-11-02,2026-05-15,0.00014648380415176011,0.008461208775361646,0.150176621928473,False,False
bonds,RU000A105DL4,894,2119,0.42189712128362433,0.0,2022-11-09,2026-05-15,0.0005592055124051178,0.0048653635990009375,0.0393141881970847,False,False
bonds,RU000A105DN0,561,2119,0.26474752241623406,0.0,2024-03-01,2026-05-15,0.0005041044174112265,0.021003956920430136,0.201373742703858,False,False
bonds,RU000A105DR1,894,2119,0.42189712128362433,0.0,2022-11-09,2026-05-15,0.0003771094147712138,0.0002237891314753307,0.00157529963263609,False,False
bonds,RU000A105DS9,778,2119,0.36715431807456345,0.0012853470437017994,2023-04-25,2026-05-15,0.0008424403898996435,0.0037789481670426456,0.0445848334590013,False,False
bonds,RU000A105EV1,891,2119,0.4204813591316659,0.0,2022-11-14,2026-05-15,0.00016666399505637137,0.026182558109884586,0.29014632890728,False,False
bonds,RU000A105EW9,892,2119,0.4209532798489854,0.0,2022-11-11,2026-05-15,0.00026551035383779196,0.022823106414897005,0.313008667664767,False,False
bonds,RU000A105FM7,885,2119,0.4176498348277489,0.0,2022-11-15,2026-05-08,0.0004805005647360434,0.004622304208399802,0.0449132490942038,False,False
bonds,RU000A105GN3,860,2119,0.4058518168947617,0.0,2022-12-27,2026-05-15,3.2393803025509335e-05,0.12099514792026103,1.55481353934908,False,False
bonds,RU000A105GW4,882,2119,0.4162340726757905,0.0,2022-11-25,2026-05-15,0.0005118268906700324,0.005251983128507266,0.0312871119266947,False,False
bonds,RU000A105H23,883,2119,0.41670599339310993,0.0,2022-11-24,2026-05-15,-0.0005053246933347647,0.011309017342305841,0.0655326442196736,False,False
bonds,RU000A105H98,881,2119,0.415762151958471,0.0,2022-11-28,2026-05-15,9.022204609927394e-05,0.015610986954370142,0.272370976592712,False,False
bonds,RU000A105HH3,879,2119,0.414818310523832,0.0022753128555176336,2022-11-30,2026-05-15,0.0006519564872616842,0.011195391474662338,0.130233435332929,False,False
bonds,RU000A105JF3,653,2119,0.3081642284096272,0.0,2023-10-20,2026-05-15,0.0003070722560431356,0.0135064146457301,0.182842432061721,False,False
bonds,RU000A105JH9,871,2119,0.4110429447852761,0.0,2022-12-12,2026-05-15,0.00014618274641086613,0.07819439033984982,0.998998804637468,False,False
bonds,RU000A105JT4,868,2119,0.4096271826333176,0.0,2022-12-15,2026-05-15,0.0001294422239202387,0.09441844067616131,1.22211211287153,False,False
bonds,RU000A105KB0,874,2119,0.4124587069372345,0.0,2022-12-07,2026-05-15,0.0004656009535435678,0.004117877113055984,0.0298379948067151,False,False
bonds,RU000A105KR6,874,2119,0.4124587069372345,0.0,2022-12-07,2026-05-15,0.0004271803561964696,0.006189466321079475,0.0570185076722432,False,False
bonds,RU000A105KU0,864,2119,0.4077394997640396,0.0,2022-12-21,2026-05-15,5.4970981083044595e-05,0.0815714018562837,1.02832521041524,False,False
bonds,RU000A105KW6,873,2119,0.4119867862199151,0.0,2022-12-08,2026-05-15,0.0004707030894220671,0.012458971840656724,0.0704943844315623,False,False
bonds,RU000A105L27,873,2119,0.4119867862199151,0.002290950744558992,2022-12-08,2026-05-15,0.0004509745726405551,0.003966342109262115,0.0316397699666653,False,False
bonds,RU000A105LN3,702,2119,0.3312883435582822,0.0,2023-08-14,2026-05-15,-0.00036884616159377936,0.01964013910967524,0.143258882756429,False,False
bonds,RU000A105LS2,869,2119,0.4100991033506371,0.004602991944764097,2022-12-14,2026-05-15,-0.00034047330490241125,0.02354139509911112,0.527187580425696,False,False
bonds,RU000A105M59,867,2119,0.4091552619159981,0.0,2022-12-16,2026-05-15,5.6812270130724454e-05,0.006215746008054485,0.0545377685002864,False,False
bonds,RU000A105M91,866,2119,0.4086833411986786,0.0,2022-12-19,2026-05-15,0.0005204037718075015,0.003883573751349793,0.0440802798647967,False,False
bonds,RU000A105MN1,865,2119,0.4082114204813591,0.0,2022-12-20,2026-05-15,0.0006398969236953825,0.0037149088014603094,0.0246394337280462,False,False
bonds,RU000A105MP6,863,2119,0.4072675790467202,0.0,2022-12-21,2026-05-15,0.0005322155188782557,0.008049563386770684,0.092605932490628,False,False
bonds,RU000A105N25,362,2119,0.1708352996696555,0.0,2024-12-10,2026-05-15,0.0003940124063525343,0.01546213970003217,0.0841806358979429,False,False
bonds,RU000A105NB4,862,2119,0.4067956583294007,0.0,2022-12-23,2026-05-15,0.00042017993404124785,0.01083924808708299,0.0852371206324987,False,False
bonds,RU000A105ND0,862,2119,0.4067956583294007,0.0,2022-12-23,2026-05-15,0.000397188371880587,0.00889744231211731,0.0568214038488074,False,False
bonds,RU000A105NK5,862,2119,0.4067956583294007,0.0,2022-12-23,2026-05-15,0.00040443484799814676,0.015176150635502131,0.0727766784887313,False,False
bonds,RU000A105NL3,862,2119,0.4067956583294007,0.004640371229698376,2022-12-23,2026-05-15,0.00013460457079376572,0.007271595995182142,0.0693743554377282,False,False
bonds,RU000A105NN9,762,2119,0.3596035865974516,0.0,2023-05-19,2026-05-15,9.783804794934436e-05,0.02589303510367531,0.335862691281733,False,False
bonds,RU000A105NP4,649,2119,0.3062765455403492,0.0,2023-10-26,2026-05-15,-0.00039943840511756716,0.020883661755551015,0.255482171672417,False,False
bonds,RU000A105NT6,861,2119,0.4063237376120812,0.0011614401858304297,2022-12-26,2026-05-15,-1.1507096678715813e-05,0.012759792437776321,0.342326025606169,False,False
bonds,RU000A105NZ3,647,2119,0.30533270410571023,0.0,2023-10-30,2026-05-15,0.0002906909673124042,0.0112807938605387,0.179914000410435,False,False
bonds,RU000A105P72,845,2119,0.3987730061349693,0.0,2023-01-18,2026-05-15,-0.00044895337818749796,0.017582073904128442,0.201878492416302,False,False
bonds,RU000A105PH6,859,2119,0.4053798961774422,0.0,2022-12-28,2026-05-15,0.0004044649671709564,0.0039942204337500955,0.0268982102462908,False,False
bonds,RU000A105PJ2,790,2119,0.37281736668239734,0.0,2023-04-07,2026-05-15,0.0007877723385729317,0.02287623612393027,0.277780566139061,False,False
bonds,RU000A105QW3,840,2119,0.3964134025483719,0.0,2023-01-23,2026-05-15,0.0003550810746628256,0.10971481256341441,1.40977341921599,False,False
bonds,RU000A105QX1,841,2119,0.39688532326569137,0.0,2023-01-23,2026-05-15,-0.00021124507504326453,0.1178263015028506,1.95798247568569,False,False
bonds,RU000A105R62,838,2119,0.3954695611137329,0.0,2023-01-27,2026-05-15,-9.54851427076118e-05,0.10665137055133238,1.27997177479252,False,False
bonds,RU000A105RF6,843,2119,0.39782916470033036,0.010676156583629894,2023-01-20,2026-05-15,0.0003423819535535603,0.007657668325847194,0.0602832781960508,False,False
bonds,RU000A105RH2,837,2119,0.3949976403964134,0.0,2023-01-30,2026-05-15,-0.00012854328210301446,0.12957810877577777,1.64924332439761,False,False
bonds,RU000A105RZ4,830,2119,0.39169419537517697,0.0,2023-02-08,2026-05-15,-0.00039630418776112896,0.06552462018389157,0.97383729826427,False,False
bonds,RU000A105SG2,827,2119,0.3902784332232185,0.0012091898428053204,2023-02-13,2026-05-15,-0.00018142990482865917,0.09178714310413706,1.09774197891134,False,False
bonds,RU000A105SK4,835,2119,0.39405379896177445,0.0,2023-02-01,2026-05-15,0.00016633355424752446,0.005416649872227666,0.0456410046789163,False,False
bonds,RU000A105SP3,832,2119,0.39263803680981596,0.001201923076923077,2023-02-06,2026-05-15,0.0006231388220101047,0.005234163947194086,0.0464697590297384,False,False
bonds,RU000A105TP1,828,2119,0.390750353940538,0.0,2023-02-10,2026-05-15,0.00040353868862601824,0.0040803681740881805,0.0241430016317875,False,False
bonds,RU000A105TY3,827,2119,0.3902784332232185,0.0,2023-02-13,2026-05-15,0.00040329422114723107,0.0075629246989367275,0.0628355874105336,False,False
bonds,RU000A105UC7,823,2119,0.38839075035394055,0.0,2023-02-17,2026-05-15,-0.0007808767730603877,0.014849908276400965,0.13193647628955,False,False
bonds,RU000A105VC5,822,2119,0.38791882963662105,0.0,2023-02-20,2026-05-15,0.0003706984248624601,0.007126744398363442,0.0565810138634929,False,False
bonds,RU000A105VQ5,796,2119,0.3756488909863143,0.0,2023-03-30,2026-05-15,0.0006676667374759644,0.00954599517410638,0.0592813284568932,False,False
bonds,RU000A105VU7,819,2119,0.38650306748466257,0.001221001221001221,2023-02-24,2026-05-15,0.0005756575606423489,0.003930202774407831,0.0409106552691298,False,False
bonds,RU000A105W08,814,2119,0.38414346389806514,0.0,2023-03-03,2026-05-15,0.0006464887427467564,0.0068926964087721605,0.0550990555338474,False,False
bonds,RU000A105W81,814,2119,0.38414346389806514,0.0,2023-03-03,2026-05-15,0.0003606417066324062,0.011749913448225496,0.0634651092766778,False,False
bonds,RU000A105WK6,636,2119,0.3001415762151958,0.0,2023-11-14,2026-05-15,0.00044023912060263604,0.011487713587992051,0.0909941773586325,False,False
bonds,RU000A105WP5,813,2119,0.38367154318074564,0.0,2023-03-06,2026-05-15,0.00034004364531897626,0.007754146733097177,0.0537349157022148,False,False
bonds,RU000A105WZ4,811,2119,0.38272770174610665,0.002466091245376079,2023-03-09,2026-05-15,0.00045192507195212546,0.007259225586545942,0.0656161058522373,False,False
bonds,RU000A105X80,810,2119,0.38225578102878716,0.0,2023-03-10,2026-05-15,0.00021963764219529533,0.011183606699130365,0.150141126636073,False,False
bonds,RU000A105XA5,800,2119,0.37753657385559225,0.0,2023-03-24,2026-05-15,0.00036235128741461784,0.06189870838343596,1.05799308780158,False,False
bonds,RU000A105XE7,809,2119,0.38178386031146766,0.0,2023-03-13,2026-05-15,0.0003719826950333037,0.011907809453684106,0.0874331445697706,False,False
bonds,RU000A105XG2,808,2119,0.38131193959414816,0.0,2023-03-14,2026-05-15,0.0003846556743300151,0.008187504699610305,0.0959423930895894,False,False
bonds,RU000A105YB1,805,2119,0.37989617744218973,0.0,2023-03-17,2026-05-15,0.0004399364983525887,0.004126655440045041,0.027254746885636,False,False
bonds,RU000A105YH8,805,2119,0.37989617744218973,0.002484472049689441,2023-03-17,2026-05-15,0.0006615588732911929,0.005051023372386466,0.0470564029381977,False,False
bonds,RU000A105YK2,697,2119,0.32892873997168476,0.010043041606886656,2023-08-21,2026-05-15,0.00033389306143547377,0.015104032905396145,0.0959167305710001,False,False
bonds,RU000A105ZC6,802,2119,0.37848041529023124,0.0024937655860349127,2023-03-22,2026-05-15,0.0002652780362627573,0.011686948867465265,0.0837453231407138,False,False
bonds,RU000A106037,798,2119,0.37659273242095326,0.0,2023-03-28,2026-05-15,0.000659741965310503,0.0037693111701381575,0.0241840785131255,False,False
bonds,RU000A106169,730,2119,0.34450212364322796,0.0027397260273972603,2023-07-05,2026-05-15,0.000307040781215122,0.010030593002424683,0.139651756348373,False,False
bonds,RU000A1061K1,792,2119,0.37376120811703634,0.0,2023-04-05,2026-05-15,0.0002547383766662361,0.019588054380468484,0.354682251098406,False,False
bonds,RU000A1062J1,783,2119,0.3695139216611609,0.0038314176245210726,2023-04-18,2026-05-15,-0.002040578630476424,0.015523414172963051,0.187348111771856,False,False
bonds,RU000A1062M5,789,2119,0.37234544596507785,0.0,2023-04-10,2026-05-15,0.0011823444276128719,0.017129605996337532,0.0941586168675933,False,False
bonds,RU000A106375,786,2119,0.3709296838131194,0.002544529262086514,2023-04-13,2026-05-15,0.0006666740804758956,0.00211446661369808,0.0128181226817033,False,False
bonds,RU000A1064G3,782,2119,0.36904200094384143,0.0,2023-04-19,2026-05-15,0.00039113260008475596,0.005168680130233085,0.038579789747247,False,False
bonds,RU000A1064L3,775,2119,0.365738555922605,0.0,2023-04-28,2026-05-15,0.0006922142462139947,0.005979583992608979,0.0376946177529436,False,False
bonds,RU000A1064Y6,648,2119,0.3058046248230297,0.0,2023-10-27,2026-05-15,0.00032208072740944787,0.08148330677299451,0.958325692142221,False,False
bonds,RU000A106565,779,2119,0.36762623879188294,0.0,2023-04-24,2026-05-15,0.0006576041866601514,0.002560003653629835,0.0181151949083937,False,False
bonds,RU000A1065R7,700,2119,0.33034450212364325,0.0,2023-08-16,2026-05-15,-0.0002666797098776666,0.01940196375536114,0.118575080260268,False,False
bonds,RU000A1065Y3,775,2119,0.365738555922605,0.0,2023-04-28,2026-05-15,0.0005177572590106306,0.009061820583923531,0.0971333742335004,False,False
bonds,RU000A106607,775,2119,0.365738555922605,0.0,2023-04-28,2026-05-15,-0.00048583009860777253,0.019717056863995806,0.499784897528739,False,False
bonds,RU000A106631,775,2119,0.365738555922605,0.003870967741935484,2023-04-28,2026-05-15,0.0008515329523193141,0.0036194207198711643,0.0374376743568,False,False
bonds,RU000A106672,775,2119,0.365738555922605,0.0025806451612903226,2023-04-28,2026-05-15,0.0003726950298288547,0.0038577627705350614,0.0230384933355856,False,False
bonds,RU000A1067H4,767,2119,0.3619631901840491,0.0,2023-05-12,2026-05-15,0.0007419232278603726,0.00917050023156747,0.0533482562782386,False,False
bonds,RU000A1067N2,406,2119,0.19159981123171307,0.9236453201970444,2024-10-09,2026-05-15,0.0011185390403634088,0.0110832653023015,0.173407335004613,False,False
bonds,RU000A1068S9,762,2119,0.3596035865974516,0.0,2023-05-19,2026-05-15,0.0005425995212894592,0.007195342586357349,0.0512029400131894,False,False
bonds,RU000A1068T7,756,2119,0.3567720622935347,0.0,2023-05-29,2026-05-15,0.00038909954882954085,0.006148983724416373,0.0344986736125755,False,False
bonds,RU000A106938,759,2119,0.35818782444549313,0.0013175230566534915,2023-05-24,2026-05-15,0.0003738402059940033,0.0037922371148173214,0.0284903024351415,False,False
bonds,RU000A106946,760,2119,0.3586597451628126,0.0,2023-05-23,2026-05-15,-0.0013654683767605337,0.024610493295940603,0.448084729813577,False,False
bonds,RU000A106987,759,2119,0.35818782444549313,0.007905138339920948,2023-05-24,2026-05-15,0.000550376631145114,0.006742364895217791,0.0663830135690766,False,False
bonds,RU000A1069H0,695,2119,0.32798489853704577,0.23453237410071942,2023-08-23,2026-05-15,-0.0010824807205786682,0.03858549120019248,0.340721454119713,False,False
bonds,RU000A1069N8,758,2119,0.3577159037281737,0.0,2023-05-25,2026-05-15,0.0006790769045670262,0.0022933267739861417,0.013847430829658,False,False
bonds,RU000A1069P3,753,2119,0.3553563001415762,0.0,2023-06-01,2026-05-15,0.0003778912566417429,0.003050126406671039,0.023254473248835,False,False
bonds,RU000A106A86,756,2119,0.3567720622935347,0.0,2023-05-29,2026-05-15,0.0005207186515004285,0.006111291435917996,0.0556909504785649,False,False
bonds,RU000A106A94,754,2119,0.3558282208588957,0.23209549071618038,2023-05-31,2026-05-15,1.7140115988689843e-05,0.020583767409113007,0.104996520093998,False,False
bonds,RU000A106AH6,755,2119,0.3563001415762152,0.0,2023-05-30,2026-05-15,0.0004944340933809681,0.004856405254492458,0.0490319429509311,False,False
bonds,RU000A106AK0,753,2119,0.3553563001415762,0.0013280212483399733,2023-05-31,2026-05-14,-0.003704610670731476,0.03413452647184162,0.551858081116774,False,False
bonds,RU000A106AT1,754,2119,0.3558282208588957,0.0,2023-05-31,2026-05-15,0.00035548099332589054,0.005477538209746881,0.0456466476445519,False,False
bonds,RU000A106AU9,754,2119,0.3558282208588957,0.0,2023-05-31,2026-05-15,-0.00019864394440339696,0.015774407298352236,0.200010687543089,False,False
bonds,RU000A106B51,362,2119,0.1708352996696555,0.0,2024-12-10,2026-05-15,0.0008943067298346323,0.012744992106062189,0.210296910043707,False,False
bonds,RU000A106C50,749,2119,0.3534686172722983,0.0,2023-06-07,2026-05-15,-0.0003497448271416407,0.025735635639067146,0.681367706506679,False,False
bonds,RU000A106C92,749,2119,0.3534686172722983,0.0,2023-06-07,2026-05-15,0.0004171603395517467,0.005036867116220712,0.0342983125395339,False,False
bonds,RU000A106CA7,748,2119,0.3529966965549788,0.0,2023-06-08,2026-05-15,0.0003491981715598101,0.006930830799029392,0.0417341291977147,False,False
bonds,RU000A106CJ8,362,2119,0.1708352996696555,0.0,2024-12-10,2026-05-15,0.00032091340162545396,0.013058172451733026,0.17928473557882,False,False
bonds,RU000A106CL4,738,2119,0.3482774893817839,0.0,2023-06-23,2026-05-15,0.0006777886328659888,0.039127660767786336,0.3050869239319,False,False
bonds,RU000A106CM2,747,2119,0.3525247758376593,0.0,2023-06-09,2026-05-15,0.000636607308668389,0.007199190766906736,0.0497153982581954,False,False
bonds,RU000A106CR1,746,2119,0.3520528551203398,0.0,2023-06-13,2026-05-15,0.000523692259436137,0.006422501060025809,0.0428716790736721,False,False
bonds,RU000A106CU5,746,2119,0.3520528551203398,0.0,2023-06-13,2026-05-15,0.00041877575763675376,0.004226822730685078,0.0252824840445612,False,False
bonds,RU000A106D18,745,2119,0.3515809344030203,0.0,2023-06-14,2026-05-15,-0.0036611689210850526,0.03496639350069512,0.682860471595748,False,False
bonds,RU000A106D59,743,2119,0.3506370929683813,0.004037685060565276,2023-06-16,2026-05-15,0.00044262088008916643,0.005769645614758154,0.0325879539247646,False,False
bonds,RU000A106DK4,362,2119,0.1708352996696555,0.0,2024-12-10,2026-05-15,-0.003437108591849272,0.04597535491270883,0.665752647585727,False,False
bonds,RU000A106DP3,742,2119,0.3501651722510618,0.004043126684636119,2023-06-19,2026-05-15,0.00045042149378604157,0.003691963321036094,0.0217495470622379,False,False
bonds,RU000A106DV1,741,2119,0.3496932515337423,0.0,2023-06-20,2026-05-15,0.000631492802108486,0.008737889707713397,0.0968794744753586,False,False
bonds,RU000A106EM8,737,2119,0.3478055686644644,0.005427408412483039,2023-06-26,2026-05-15,0.0005710616692052611,0.003068273847954585,0.0231697019262761,False,False
bonds,RU000A106EP1,737,2119,0.3478055686644644,0.0,2023-06-26,2026-05-15,0.0005485279907758448,0.0066356932177528815,0.0597934280641326,False,False
bonds,RU000A106EV9,736,2119,0.3473336479471449,0.005434782608695652,2023-06-27,2026-05-15,-0.00033985264463661907,0.019182418090864864,0.447490359131877,False,False
bonds,RU000A106EZ0,732,2119,0.3454459650778669,0.0,2023-07-03,2026-05-15,0.0005230851194270875,0.005256193367620095,0.0793695647645493,False,False
bonds,RU000A106F08,735,2119,0.3468617272298254,0.0,2023-06-28,2026-05-15,0.0005041265867295483,0.008156965787946665,0.100136418526647,False,False
bonds,RU000A106FM5,733,2119,0.3459178857951864,0.0,2023-06-30,2026-05-15,0.0003021425427786551,0.0044765316712361385,0.0400891729177818,False,False
bonds,RU000A106FN3,733,2119,0.3459178857951864,0.005457025920873124,2023-06-30,2026-05-15,0.0005679283044116721,0.008183805723522983,0.0784588882613291,False,False
bonds,RU000A106FR4,733,2119,0.3459178857951864,0.0,2023-06-30,2026-05-15,0.0001345302145371106,0.008701032051878247,0.211874536161977,False,False
bonds,RU000A106FT0,730,2119,0.34450212364322796,0.0,2023-07-05,2026-05-15,-0.0003004886639060278,0.019049911711516484,0.496657039225488,False,False
bonds,RU000A106FV6,732,2119,0.3454459650778669,0.0,2023-07-03,2026-05-15,0.0004006518183327201,0.004494989091442592,0.0258185173329801,False,False
bonds,RU000A106FW4,732,2119,0.3454459650778669,0.0,2023-07-03,2026-05-15,0.0005624666775341209,0.010098486970222373,0.0731768471055484,False,False
bonds,RU000A106G56,721,2119,0.3402548371873525,0.0,2023-07-18,2026-05-15,-0.0002623624867416171,0.07567556350916678,0.899501089206486,False,False
bonds,RU000A106GB6,730,2119,0.34450212364322796,0.0,2023-07-05,2026-05-15,0.0005131172329225545,0.006129745961081179,0.0551235290251097,False,False
bonds,RU000A106GC4,686,2119,0.32373761208117036,0.0,2023-09-05,2026-05-15,-0.0011931931090890565,0.01888636304139427,0.283387386020369,False,False
bonds,RU000A106GY8,728,2119,0.34355828220858897,0.0,2023-07-07,2026-05-15,-0.001048674133209303,0.016105736800722286,0.172619446592369,False,False
bonds,RU000A106HB4,728,2119,0.34355828220858897,0.0,2023-07-07,2026-05-15,0.0004776307836057095,0.005046361341528865,0.0659001850706692,False,False
bonds,RU000A106HF5,726,2119,0.34261444077395,0.0,2023-07-11,2026-05-15,0.0004877931582958095,0.011626121303330975,0.235676289635336,False,False
bonds,RU000A106J04,362,2119,0.1708352996696555,0.0,2024-12-10,2026-05-15,0.0012953739935246524,0.01541166655446145,0.161899476519011,False,False
bonds,RU000A106J38,724,2119,0.341670599339311,0.0,2023-07-13,2026-05-15,0.0007213969623375195,0.019037137130938638,0.144498071641062,False,False
bonds,RU000A106J61,725,2119,0.3421425200566305,0.002758620689655172,2023-07-12,2026-05-15,-0.0019000950815745328,0.033148304674473446,0.639475062370984,False,False
bonds,RU000A106JC8,362,2119,0.1708352996696555,0.0,2024-12-10,2026-05-15,-0.0036849061361328597,0.046122734614860966,0.496083046926062,False,False
bonds,RU000A106JX4,722,2119,0.340726757904672,0.0,2023-07-17,2026-05-15,0.0007156891944373872,0.007728654031169671,0.0498028657069694,False,False
bonds,RU000A106JZ9,722,2119,0.340726757904672,0.002770083102493075,2023-07-17,2026-05-15,-0.0014263605099273493,0.030835773720794633,0.667046677899367,False,False
bonds,RU000A106K27,499,2119,0.23548843794242566,0.0,2023-07-18,2025-07-01,0.0003771682611668597,0.00513878536170173,0.0295801164773235,False,False
bonds,RU000A106K43,721,2119,0.3402548371873525,0.0,2023-07-18,2026-05-15,0.0006879313234230773,0.002518270947831396,0.0210335898543444,False,False
bonds,RU000A106KT0,362,2119,0.1708352996696555,0.0027624309392265192,2024-12-10,2026-05-15,-0.005337830523485789,0.034022215829959804,0.394374330095814,False,False
bonds,RU000A106L67,716,2119,0.3378952336007551,0.0,2023-07-25,2026-05-15,0.0006524824126709677,0.00804783759566882,0.0604954729075636,False,False
bonds,RU000A106LL5,715,2119,0.3374233128834356,0.0013986013986013986,2023-07-26,2026-05-15,0.0006997846242883758,0.004035597943198409,0.0290262110974139,False,False
bonds,RU000A106M41,680,2119,0.32090608777725343,0.0,2023-09-13,2026-05-15,0.0005140782635523991,0.04981330030217252,0.315157318409967,False,False
bonds,RU000A106MQ2,709,2119,0.33459178857951866,0.5190409026798307,2023-08-03,2026-05-15,6.298953414873783e-05,0.04151847315750874,0.327480224423634,False,False
bonds,RU000A106MS8,711,2119,0.33553563001415765,0.0,2023-08-01,2026-05-15,0.0003651155885174306,0.009644222851026906,0.0983586401380589,False,False
bonds,RU000A106MV2,710,2119,0.33506370929683815,0.0,2023-08-02,2026-05-15,0.0005055024907823283,0.007070468703904849,0.0486104436733883,False,False
bonds,RU000A106MW0,710,2119,0.33506370929683815,0.0,2023-08-02,2026-05-15,0.000443451453643781,0.01077365022845989,0.157055945765569,False,False
bonds,RU000A106NT4,379,2119,0.17885795186408684,0.013192612137203167,2024-11-15,2026-05-15,-0.002428493481944888,0.0423039426798586,0.661759394866879,False,False
bonds,RU000A106P06,707,2119,0.33364794714487966,0.0,2023-08-07,2026-05-15,0.0004468811457670335,0.006068159360264796,0.0602642964109812,False,False
bonds,RU000A106P63,703,2119,0.3317602642756017,0.0,2023-08-11,2026-05-15,-0.00039276701105516625,0.02581820637848242,0.665775498289331,False,False
bonds,RU000A106P97,688,2119,0.32468145351580935,0.0029069767441860465,2023-09-01,2026-05-15,0.0007084265347981478,0.005096065530519523,0.0325584916892375,False,False
bonds,RU000A106PW3,700,2119,0.33034450212364325,0.0,2023-08-16,2026-05-15,0.0005194268784528164,0.00545957367818827,0.070765258103559,False,False
bonds,RU000A106PY9,704,2119,0.3322321849929212,0.0,2023-08-10,2026-05-15,-0.00031571798240310843,0.014525936639080183,0.128935680212049,False,False
bonds,RU000A106Q47,362,2119,0.1708352996696555,0.0,2024-12-10,2026-05-15,0.001595278266394414,0.007179986495050637,0.0780745316152017,False,False
bonds,RU000A106R12,592,2119,0.2793770646531383,0.0,2024-01-17,2026-05-15,0.000701468672298622,0.008821933210022143,0.0899044058436334,False,False
bonds,RU000A106R53,699,2119,0.32987258140632375,0.0,2023-08-17,2026-05-15,0.0004872179341774427,0.004643426386305441,0.0338570406468952,False,False
bonds,RU000A106R79,698,2119,0.32940066068900425,0.0,2023-08-18,2026-05-15,-0.00024037774492451043,0.011004345894634672,0.143708974729547,False,False
bonds,RU000A106R95,697,2119,0.32892873997168476,0.0014347202295552368,2023-08-21,2026-05-15,0.0004986576217704635,0.004193867765751438,0.0481346032887462,False,False
bonds,RU000A106RB3,697,2119,0.32892873997168476,0.00430416068866571,2023-08-21,2026-05-15,0.0006509256254124047,0.006911596246407102,0.0418854620413953,False,False
bonds,RU000A106RJ6,696,2119,0.32845681925436526,0.0,2023-08-22,2026-05-15,0.0004980909575485673,0.006167656202252371,0.0280631466964787,False,False
bonds,RU000A106RR9,695,2119,0.32798489853704577,0.0,2023-08-23,2026-05-15,0.0007069730292313809,0.0004331192236508611,0.00275900029237476,False,False
bonds,RU000A106RS7,695,2119,0.32798489853704577,0.0,2023-08-23,2026-05-15,0.0007070421397413195,0.00043316147033046326,0.00275927025096547,False,False
bonds,RU000A106RT5,695,2119,0.32798489853704577,0.0,2023-08-23,2026-05-15,0.0007070421397413195,0.00043316147033046326,0.00275927025096547,False,False
bonds,RU000A106S29,692,2119,0.32656913638508733,0.0,2023-08-28,2026-05-15,0.0007085925897268443,0.00043450453526297614,0.0027631905956308,False,False
bonds,RU000A106S37,692,2119,0.32656913638508733,0.0,2023-08-28,2026-05-15,0.0007085925897268443,0.00043450453526297614,0.0027631905956308,False,False
bonds,RU000A106S52,692,2119,0.32656913638508733,0.0,2023-08-28,2026-05-15,0.0007085925897268443,0.00043450453526297614,0.0027631905956308,False,False
bonds,RU000A106SE5,362,2119,0.1708352996696555,0.0,2024-12-10,2026-05-15,0.0015931282796295537,0.007820492670355058,0.0596345144179859,False,False
bonds,RU000A106SF2,691,2119,0.32609721566776784,0.0,2023-08-29,2026-05-15,-0.0009532522680815686,0.020775669557356217,0.376336454679598,False,False
bonds,RU000A106SL0,690,2119,0.32562529495044834,0.004347826086956522,2023-08-30,2026-05-15,-0.0013920644355589061,0.032576801851810507,0.678764671416698,False,False
bonds,RU000A106SM8,689,2119,0.32515337423312884,0.0,2023-08-31,2026-05-15,0.0007091450589349307,0.0004340225380056168,0.00276978559010354,False,False
bonds,RU000A106SP1,690,2119,0.32562529495044834,0.002898550724637681,2023-08-30,2026-05-15,0.0004986887342199098,0.004622832414730644,0.0430002456489934,False,False
bonds,RU000A106SQ9,689,2119,0.32515337423312884,0.0,2023-08-31,2026-05-15,0.0007091450589349307,0.0004340225380056168,0.00276978559010354,False,False
bonds,RU000A106T85,688,2119,0.32468145351580935,0.0,2023-09-01,2026-05-15,-8.761362817966841e-05,0.007786916841683927,0.0780764021889,False,False
bonds,RU000A106TM6,687,2119,0.32420953279848985,0.001455604075691412,2023-09-04,2026-05-15,0.0006779431482842541,0.0012629997908265925,0.00609310826386353,False,False
bonds,RU000A106TR5,649,2119,0.3062765455403492,0.0,2023-10-26,2026-05-15,0.00045107245460907565,0.028344606157387372,0.188441680144118,False,False
bonds,RU000A106TV7,569,2119,0.26852288815479,0.0,2024-02-19,2026-05-15,0.0006759493593857295,0.03399079030882425,0.283853819652753,False,False
bonds,RU000A106U33,372,2119,0.1755545068428504,0.946236559139785,2024-11-26,2026-05-15,0.0007545685084395127,0.011355753955179173,0.154194364588322,False,False
bonds,RU000A106U90,683,2119,0.32232184992921187,0.007320644216691069,2023-09-08,2026-05-15,0.000571823824444004,0.008879331442496283,0.0838610282605566,False,False
bonds,RU000A106UA9,587,2119,0.27701746106654085,0.0,2024-01-24,2026-05-15,0.000579048324861039,0.025086194984810135,0.163625812096763,False,False
bonds,RU000A106UB7,683,2119,0.32232184992921187,0.0,2023-09-08,2026-05-15,0.0006249014956658793,0.009176860708416829,0.0695646847962688,False,False
bonds,RU000A106UK8,362,2119,0.1708352996696555,0.0,2024-12-10,2026-05-15,-0.003472334110905792,0.022806106223839877,0.212316853502571,False,False
bonds,RU000A106UL6,682,2119,0.3218499292118924,0.0,2023-09-11,2026-05-15,0.0006324428111695746,0.0165829844203921,0.126247135034632,False,False
bonds,RU000A106UW3,682,2119,0.3218499292118924,0.0,2023-09-11,2026-05-15,0.0004309879206522829,0.00964708547708479,0.089838633608558,False,False
bonds,RU000A106VN0,680,2119,0.32090608777725343,0.004411764705882353,2023-09-13,2026-05-15,0.0007036081333478385,0.012198524797172988,0.0724914732200177,False,False
bonds,RU000A106VS9,169,2119,0.07975460122699386,0.8698224852071006,2025-09-15,2026-05-15,-0.000985663227114348,0.09087178493267951,0.511556410493939,False,False
bonds,RU000A106VV3,679,2119,0.32043416705993394,0.0014727540500736377,2023-09-14,2026-05-15,0.0007029925962660905,0.002289515007288563,0.0127049785793712,False,False
bonds,RU000A106W49,362,2119,0.1708352996696555,0.0,2024-12-10,2026-05-15,0.0007607151694934692,0.0259039816063645,0.117958240352317,False,False
bonds,RU000A106WW9,675,2119,0.31854648419065595,0.0,2023-09-20,2026-05-15,0.0006939417845275484,0.012983508907447474,0.0770294807675244,False,False
bonds,RU000A106WZ2,675,2119,0.31854648419065595,0.0,2023-09-20,2026-05-15,0.0008564829708324988,0.004139681829874608,0.0562173972021678,False,False
bonds,RU000A106XD7,658,2119,0.31052383199622463,0.0,2023-10-13,2026-05-15,0.0011024969073447257,0.01799252871258212,0.0865042086678227,False,False
bonds,RU000A106XJ4,673,2119,0.31760264275601696,0.0029717682020802376,2023-09-22,2026-05-15,0.00060191585623515,0.007942598333123952,0.0540100364209775,False,False
bonds,RU000A106XT3,671,2119,0.316658801321378,0.0014903129657228018,2023-09-26,2026-05-15,0.0006754379357143284,0.00923954069736376,0.0597275537423816,False,False
bonds,RU000A106Y70,670,2119,0.31618688060405853,0.0014925373134328358,2023-09-27,2026-05-15,-0.00036817499950418496,0.01724419829796497,0.201820961869694,False,False
bonds,RU000A106Y88,362,2119,0.1708352996696555,0.0,2024-12-10,2026-05-15,0.001171048401029056,0.008734751748697112,0.0877009809343509,False,False
bonds,RU000A106YD5,669,2119,0.31571495988673903,0.0,2023-09-28,2026-05-15,0.0006156816607020469,0.010665528855320067,0.0664342657516311,False,False
bonds,RU000A106YE3,669,2119,0.31571495988673903,0.0,2023-09-28,2026-05-15,0.0005234927302451715,0.006602311411373086,0.0774648444943188,False,False
bonds,RU000A106YH6,669,2119,0.31571495988673903,0.0,2023-09-28,2026-05-15,0.00046312897933268617,0.006971075758606153,0.0692228182169722,False,False
bonds,RU000A106YL8,668,2119,0.31524303916941954,0.0,2023-09-29,2026-05-15,0.000600095319855457,0.009382047978372794,0.0634377926916988,False,False
bonds,RU000A106YN4,362,2119,0.1708352996696555,0.0,2024-12-10,2026-05-15,0.0013976819852202656,0.009999035937816297,0.0776471306977254,False,False
bonds,RU000A106Z38,665,2119,0.31382727701746105,0.0015037593984962407,2023-10-04,2026-05-15,-0.0011369081060605686,0.021717724690916495,0.385022815298346,False,False
bonds,RU000A106Z46,665,2119,0.31382727701746105,0.0015037593984962407,2023-10-04,2026-05-15,0.0005990863319223769,0.005306479811979203,0.0512136733834874,False,False
bonds,RU000A106ZL5,663,2119,0.3128834355828221,0.0015082956259426848,2023-10-06,2026-05-15,0.000687307968387564,0.0021516650666927547,0.0103421100236253,False,False
bonds,RU000A106ZP6,655,2119,0.30910806984426614,0.0,2023-10-18,2026-05-15,-0.0011288636955162836,0.010888604243327122,0.104954346669775,False,False
bonds,RU000A106ZQ4,663,2119,0.3128834355828221,0.0,2023-10-06,2026-05-15,0.0008022729503176774,0.0061178718381355275,0.0418790109120206,False,False
bonds,RU000A106ZU6,659,2119,0.3109957527135441,0.0015174506828528073,2023-10-12,2026-05-15,0.0007218741290201914,0.0024463848972045583,0.014484370189904,False,False
bonds,RU000A107050,660,2119,0.3114676734308636,0.0015151515151515152,2023-10-11,2026-05-15,0.0007134398201541145,0.002345650595824298,0.0115009834876481,False,False
bonds,RU000A107076,660,2119,0.3114676734308636,0.0015151515151515152,2023-10-11,2026-05-15,0.0006826405497410676,0.005043298490015412,0.029914299302842,False,False
bonds,RU000A107084,660,2119,0.3114676734308636,0.0015151515151515152,2023-10-11,2026-05-15,0.000716033892612295,0.0025121169604500533,0.0145581236052235,False,False
bonds,RU000A1070A3,659,2119,0.3109957527135441,0.0015174506828528073,2023-10-12,2026-05-15,0.0006299449399931761,0.007248192748163012,0.0593131193854933,False,False
bonds,RU000A1070G0,362,2119,0.1708352996696555,0.0,2024-12-10,2026-05-15,0.0017038342575794968,0.00698861810309796,0.0412148149761434,False,False
bonds,RU000A1070L0,657,2119,0.31005191127890513,0.0,2023-10-16,2026-05-15,0.0005927878603611004,0.004193960892415179,0.0365972856992339,False,False
bonds,RU000A1070X5,656,2119,0.30957999056158564,0.0,2023-10-17,2026-05-15,-0.0010416590762859553,0.021852791473378156,0.383271298001297,False,False
bonds,RU000A1071Q7,654,2119,0.30863614912694665,0.0,2023-10-19,2026-05-15,0.0001206286089384755,0.0107954703839664,0.244014580266965,False,False
bonds,RU000A1071U9,654,2119,0.30863614912694665,0.0,2023-10-19,2026-05-15,-0.0023352156435543225,0.01631206325256457,0.175355959568279,False,False
bonds,RU000A1071Z8,653,2119,0.3081642284096272,0.0,2023-10-20,2026-05-15,0.000811450825852205,0.013652646839639876,0.0927376550005574,False,False
bonds,RU000A107209,653,2119,0.3081642284096272,0.0030627871362940277,2023-10-20,2026-05-15,0.0008267642486383869,0.005800900861638667,0.0424341871343379,False,False
bonds,RU000A107217,653,2119,0.3081642284096272,0.0,2023-10-20,2026-05-15,0.0006845657101902907,0.006393433862367071,0.053406560545826,False,False
bonds,RU000A107225,653,2119,0.3081642284096272,0.0,2023-10-20,2026-05-15,0.000624701419802164,0.005463063099667352,0.0329515917507046,False,False
bonds,RU000A107407,596,2119,0.28126474752241626,0.7265100671140939,2024-01-11,2026-05-15,-0.0010365138598506336,0.03761170627112715,0.266896215575471,False,False
bonds,RU000A107456,651,2119,0.3072203869749882,0.0,2023-10-24,2026-05-15,0.0007632525952163854,0.004041209728555102,0.0351327462319571,False,False
bonds,RU000A107480,651,2119,0.3072203869749882,0.0,2023-10-24,2026-05-15,0.000622359991858871,0.007669150152974986,0.0575866217517101,False,False
bonds,RU000A1074E7,362,2119,0.1708352996696555,0.0055248618784530384,2024-12-10,2026-05-15,-0.0002859293243509503,0.025941653257927928,0.375271865442615,False,False
bonds,RU000A1074F4,362,2119,0.1708352996696555,0.0,2024-12-10,2026-05-15,0.001266541594448449,0.005226903109464661,0.0338918434904896,False,False
bonds,RU000A1074N8,649,2119,0.3062765455403492,0.0,2023-10-26,2026-05-15,-0.0018987711205053733,0.014357686215629151,0.143043186485637,False,False
bonds,RU000A1075E4,645,2119,0.30438886267107124,0.0015503875968992248,2023-11-01,2026-05-15,0.0007196153989724803,0.0028770893494790544,0.0199258381717489,False,False
bonds,RU000A1075J3,644,2119,0.3039169419537518,0.003105590062111801,2023-11-02,2026-05-15,0.0007430647984066969,0.004345252215603477,0.0373112323383936,False,False
bonds,RU000A1075R6,643,2119,0.3034450212364323,0.0,2023-11-03,2026-05-15,0.0006917624254680111,0.008857341684977,0.0541702535091545,False,False
bonds,RU000A1075S4,643,2119,0.3034450212364323,0.003110419906687403,2023-11-03,2026-05-15,0.0007343968326168328,0.0022108535662999783,0.0115868049529276,False,False
bonds,RU000A107605,640,2119,0.3020292590844738,0.0015625,2023-11-08,2026-05-15,0.0007251874151066636,0.0022337108618030537,0.0181672544960414,False,False
bonds,RU000A1076A0,362,2119,0.1708352996696555,0.0,2024-12-10,2026-05-15,0.0011681203972936551,0.013084033458987746,0.0515298762801426,False,False
bonds,RU000A107720,635,2119,0.29966965549787633,0.0,2023-11-15,2026-05-15,-0.0009936489090702938,0.01344506728072595,0.142293956826108,False,False
bonds,RU000A107738,628,2119,0.2963662104766399,0.0,2023-11-24,2026-05-15,0.0001108875854228891,0.1534937306880514,1.35464746960103,False,False
bonds,RU000A107746,625,2119,0.2949504483246815,0.0,2023-11-29,2026-05-15,-7.773850323013658e-05,0.1265354594777033,1.24143245562924,False,False
bonds,RU000A107795,362,2119,0.1708352996696555,0.0027624309392265192,2024-12-10,2026-05-15,0.00011254376203949575,0.014596673333322409,0.172439215296292,False,False
bonds,RU000A1077U6,632,2119,0.2982538933459179,0.028481012658227847,2023-11-17,2026-05-14,-0.0008192408075831398,0.02528299329622641,0.531434949348528,False,False
bonds,RU000A1077V4,633,2119,0.2987258140632374,0.00631911532385466,2023-11-17,2026-05-15,0.0007692996608412145,0.002694094266052362,0.0163747978732048,False,False
bonds,RU000A1077X0,633,2119,0.2987258140632374,0.0,2023-11-17,2026-05-15,-0.001580083057061253,0.014259563039676544,0.151733679007848,False,False
bonds,RU000A1078H1,630,2119,0.2973100519112789,0.0,2023-11-22,2026-05-15,-0.003914952689627121,0.036480878220721755,0.604911928087646,False,False
bonds,RU000A1078K5,630,2119,0.2973100519112789,0.0,2023-11-22,2026-05-15,0.0006727416121606132,0.013558252050095582,0.128750208079385,False,False
bonds,RU000A1078S8,629,2119,0.2968381311939594,0.001589825119236884,2023-11-23,2026-05-15,0.0007201041028573113,0.0034296373004348768,0.027551780209966,False,False
bonds,RU000A1078X8,628,2119,0.2963662104766399,0.0,2023-11-24,2026-05-15,-0.00041247665548391915,0.008315957881628502,0.0502689211767453,False,False
bonds,RU000A1078Y6,592,2119,0.2793770646531383,0.0,2024-01-17,2026-05-15,0.0006741076990186376,0.008063167353319153,0.0742525317531546,False,False
bonds,RU000A107936,627,2119,0.2958942897593204,0.0,2023-11-27,2026-05-15,0.0003824686500131436,0.026564350526668067,0.144802236722791,False,False
bonds,RU000A1079G1,362,2119,0.1708352996696555,0.0,2024-12-10,2026-05-15,0.0013319344087481223,0.00538058263618147,0.03246774815214,False,False
bonds,RU000A1079H9,362,2119,0.1708352996696555,0.0027624309392265192,2024-12-10,2026-05-15,-0.00411074911956717,0.048617170091661145,0.489782197048905,False,False
bonds,RU000A1079S6,625,2119,0.2949504483246815,0.0,2023-11-29,2026-05-15,0.0007257408182625598,0.0025143516612248836,0.0163611874282782,False,False
bonds,RU000A107A28,625,2119,0.2949504483246815,0.0,2023-11-29,2026-05-15,0.0005058822555218435,0.007040477609919759,0.0598306465064619,False,False
bonds,RU000A107A93,362,2119,0.1708352996696555,0.0,2024-12-10,2026-05-15,0.0009233259112176535,0.0065327412123619664,0.0509935274342142,False,False
bonds,RU000A107AG6,620,2119,0.292590844738084,0.0064516129032258064,2023-12-06,2026-05-15,0.0007363650407157373,0.0018553380486606608,0.0118607150676397,False,False
bonds,RU000A107AJ0,620,2119,0.292590844738084,0.0,2023-12-06,2026-05-15,0.0005234432165943842,0.004699572433188112,0.0278798201727664,False,False
bonds,RU000A107AM4,623,2119,0.2940066068900425,0.0,2023-12-01,2026-05-15,0.0005284149172571779,0.005328814544113146,0.0311358407536976,False,False
bonds,RU000A107AS1,602,2119,0.2840962718263332,0.7691029900332226,2024-01-03,2026-05-15,0.00017485262061306867,0.03616923382624063,0.251457295628817,False,False
bonds,RU000A107AU7,623,2119,0.2940066068900425,0.0,2023-12-01,2026-05-15,0.0007081725194387084,0.0032772433531557854,0.0196628941861919,False,False
bonds,RU000A107AW3,622,2119,0.293534686172723,0.0,2023-12-04,2026-05-15,0.00020204432754371358,0.012128951568543758,0.271775824227715,False,False
bonds,RU000A107AZ6,362,2119,0.1708352996696555,0.0,2024-12-10,2026-05-15,-0.002224468324761497,0.016417972134091546,0.133381745103411,False,False
bonds,RU000A107B19,622,2119,0.293534686172723,0.0,2023-12-04,2026-05-15,0.0004964198538473852,0.006211240282589063,0.0644575691420603,False,False
bonds,RU000A107B35,622,2119,0.293534686172723,0.0,2023-12-04,2026-05-15,0.0006980810534948991,0.0014375477208335226,0.00628055100067752,False,False
bonds,RU000A107B43,615,2119,0.2902312411514866,0.0,2023-12-13,2026-05-15,-0.00013074327880823307,0.10197113367259347,1.20866445050445,False,False
bonds,RU000A107B84,613,2119,0.2892873997168476,0.0,2023-12-15,2026-05-15,0.0010488711497103403,0.13361458352405614,1.31451102547056,False,False
bonds,RU000A107BH2,620,2119,0.292590844738084,0.0,2023-12-06,2026-05-15,0.0007352746805050313,0.007023657337719183,0.0479189503663285,False,False
bonds,RU000A107BP5,619,2119,0.2921189240207645,0.0,2023-12-07,2026-05-15,0.0008231724188168418,0.028035257126315154,0.468013293001691,False,False
bonds,RU000A107C00,618,2119,0.291647003303445,0.0016181229773462784,2023-12-08,2026-05-15,0.0007688067419740637,0.019354233345841333,0.134839399989011,False,False
bonds,RU000A107C34,618,2119,0.291647003303445,0.0016181229773462784,2023-12-08,2026-05-15,-0.00011912226248077979,0.01026538193923063,0.126446807159864,False,False
bonds,RU000A107C59,610,2119,0.2878716375648891,0.0,2023-12-20,2026-05-15,-0.00029594990060772056,0.13857245740643243,1.1608343200056,False,False
bonds,RU000A107C67,609,2119,0.2873997168475696,0.0,2023-12-21,2026-05-15,-0.0001990994452981397,0.07322467453932016,0.893154360164593,False,False
bonds,RU000A107C75,556,2119,0.26238791882963663,0.460431654676259,2024-03-11,2026-05-15,-2.361738222669365e-05,0.04978172913598446,0.288448793661017,False,False
bonds,RU000A107C91,617,2119,0.2911750825861255,0.0016207455429497568,2023-12-11,2026-05-15,-0.0016296398727956218,0.013200942450391735,0.127487749414741,False,False
bonds,RU000A107CG2,615,2119,0.2902312411514866,0.004878048780487805,2023-12-13,2026-05-15,0.0007410082579003101,0.0026571073380458367,0.0133799439275713,False,False
bonds,RU000A107CM0,608,2119,0.2869277961302501,0.0,2023-12-22,2026-05-15,0.0008519665045812528,0.10294302783603268,1.37434421996423,False,False
bonds,RU000A107CX7,608,2119,0.2869277961302501,0.0,2023-12-22,2026-05-15,-0.0002467425666011842,0.10574819029816597,1.23771510956122,False,False
bonds,RU000A107D33,613,2119,0.2892873997168476,0.0,2023-12-15,2026-05-15,0.0007314495538570022,0.0035371120439967366,0.0266908591820143,False,False
bonds,RU000A107D58,607,2119,0.2864558754129306,0.0,2023-12-25,2026-05-15,-0.0002896002599267325,0.10297183380675301,1.22943060039344,False,False
bonds,RU000A107DM8,613,2119,0.2892873997168476,0.004893964110929853,2023-12-15,2026-05-15,0.0006438757026888698,0.006411533856019429,0.030436497906153,False,False
bonds,RU000A107DP1,613,2119,0.2892873997168476,0.0,2023-12-15,2026-05-15,0.0007373575458573959,0.002267903527478051,0.0109667186800496,False,False
bonds,RU000A107DR7,502,2119,0.23690420009438415,0.0,2024-05-27,2026-05-15,-0.0011386522504178709,0.02667889706557152,0.137612606472061,False,False
bonds,RU000A107DS5,611,2119,0.2883435582822086,0.0016366612111292963,2023-12-19,2026-05-15,0.0007693150226459001,0.0026864703809716985,0.0153819874596843,False,False
bonds,RU000A107E81,611,2119,0.2883435582822086,0.0032733224222585926,2023-12-19,2026-05-15,0.0007614445460658181,0.0035226047518812985,0.0214314912461396,False,False
bonds,RU000A107E99,603,2119,0.2845681925436527,0.0,2023-12-29,2026-05-15,-0.00017323039385590944,0.1391908276768937,1.59993505149039,False,False
bonds,RU000A107EA1,609,2119,0.2873997168475696,0.0016420361247947454,2023-12-21,2026-05-15,0.000747911639741726,0.011215659460713037,0.114018578400941,False,False
bonds,RU000A107EC7,611,2119,0.2883435582822086,0.0,2023-12-19,2026-05-15,0.0007510842348693551,0.0016892724450088355,0.00997566333553822,False,False
bonds,RU000A107EE3,610,2119,0.2878716375648891,0.0,2023-12-20,2026-05-15,-0.0036040100917755337,0.0355757464559959,0.624269742097875,False,False
bonds,RU000A107EL8,570,2119,0.26899480887210947,0.0,2024-02-16,2026-05-15,0.0007205904712899289,0.0940008295620924,1.26678154522072,False,False
bonds,RU000A107EP9,610,2119,0.2878716375648891,0.0,2023-12-20,2026-05-15,0.0007667831255953822,0.007372707615127481,0.0584836216944538,False,False
bonds,RU000A107ET1,610,2119,0.2878716375648891,0.0,2023-12-20,2026-05-15,0.0007412489413751418,0.003239676929513267,0.0251896241528043,False,False
bonds,RU000A107EW5,362,2119,0.1708352996696555,0.0027624309392265192,2024-12-10,2026-05-15,0.0014911330151904218,0.0072050813268107,0.048359238989297,False,False
bonds,RU000A107F07,609,2119,0.2873997168475696,0.0,2023-12-21,2026-05-15,0.0006717594938115655,0.009147705137188586,0.0650455627218191,False,False
bonds,RU000A107F49,609,2119,0.2873997168475696,0.0016420361247947454,2023-12-21,2026-05-15,0.0006985962599693653,0.003138086758561537,0.0274808274472066,False,False
bonds,RU000A107FG5,560,2119,0.26427560169891456,0.0,2024-03-04,2026-05-15,0.0011116511544412354,0.007451888176263533,0.0568304462813216,False,False
bonds,RU000A107FN1,608,2119,0.2869277961302501,0.001644736842105263,2023-12-22,2026-05-15,0.0005080596248859332,0.011713718755196584,0.0716706323944705,False,False
bonds,RU000A107FZ5,607,2119,0.2864558754129306,0.0,2023-12-25,2026-05-15,0.0009703269307366455,0.0035422140977807246,0.0248193208694156,False,False
bonds,RU000A107G22,607,2119,0.2864558754129306,0.0,2023-12-25,2026-05-15,0.0004895499431152848,0.02392142492759379,0.412613556695748,False,False
bonds,RU000A107G55,603,2119,0.2845681925436527,0.0,2023-12-29,2026-05-15,0.0002707345263807455,0.016117693004868077,0.206700468726433,False,False
bonds,RU000A107G63,362,2119,0.1708352996696555,0.0,2024-12-10,2026-05-15,0.0008439374460814394,0.009057515336039707,0.064027347619417,False,False
bonds,RU000A107GC2,607,2119,0.2864558754129306,0.0,2023-12-25,2026-05-15,0.0007116788465203644,0.007614256740861749,0.0335997679335982,False,False
bonds,RU000A107GG3,333,2119,0.15714959886739027,0.8468468468468469,2025-01-23,2026-05-15,0.0012162929183207527,0.03922146712372906,0.236737652658887,False,False
bonds,RU000A107GJ7,606,2119,0.28598395469561116,0.0,2023-12-26,2026-05-15,0.0008056657775859082,0.0046069548737423345,0.0250126224517913,False,False
bonds,RU000A107GL3,585,2119,0.27607361963190186,0.0,2024-01-26,2026-05-15,-0.00032608852685240224,0.021603588638499333,0.11637331441882,False,False
bonds,RU000A107GM1,595,2119,0.28079282680509676,0.0,2024-01-12,2026-05-15,-0.00028179848727153875,0.030863874372374964,0.425247239199318,False,False
bonds,RU000A107GT6,605,2119,0.28551203397829167,0.0,2023-12-27,2026-05-15,0.0008696817009160407,0.005771876538314196,0.0548402852537008,False,False
bonds,RU000A107GU4,362,2119,0.1708352996696555,0.0,2024-12-10,2026-05-15,0.0011839083199769531,0.0034983704796961437,0.0192205841984709,False,False
bonds,RU000A107GV2,605,2119,0.28551203397829167,0.0,2023-12-27,2026-05-15,-0.001509998481333299,0.019768150290467548,0.277422049002609,False,False
bonds,RU000A107GX8,605,2119,0.28551203397829167,0.001652892561983471,2023-12-27,2026-05-15,0.0006972976504492128,0.005319186429339392,0.0591112476273275,False,False
bonds,RU000A107HG1,603,2119,0.2845681925436527,0.001658374792703151,2023-12-29,2026-05-15,0.0007556978427880176,0.0018900956107085068,0.00823091070933402,False,False
bonds,RU000A107HH9,603,2119,0.2845681925436527,0.0,2023-12-29,2026-05-15,0.0007383349899056039,0.002706118271876971,0.0203867480899011,False,False
bonds,RU000A107HR8,603,2119,0.2845681925436527,0.004975124378109453,2023-12-29,2026-05-15,0.0007948086826269502,0.0029348494102455504,0.0195481355696508,False,False
bonds,RU000A107JN3,586,2119,0.27654554034922135,0.0,2024-01-25,2026-05-15,-0.0004968753627364096,0.10029239089238308,1.17591906893822,False,False
bonds,RU000A107KR2,362,2119,0.1708352996696555,0.0,2024-12-10,2026-05-15,-0.0020345047856698754,0.014789151841656112,0.113597827797958,False,False
bonds,RU000A107L82,579,2119,0.2732420953279849,0.0,2024-02-05,2026-05-15,-0.0011523257399544823,0.15445808952950862,1.26689782827773,False,False
bonds,RU000A107M32,587,2119,0.27701746106654085,0.0,2024-01-24,2026-05-15,-0.0013741654591962154,0.018749412747591124,0.234695822302893,False,False
bonds,RU000A107NJ3,584,2119,0.27560169891458236,0.0,2024-01-29,2026-05-15,0.0005899733887029788,0.007204583076046258,0.0476059303991315,False,False
bonds,RU000A107P47,584,2119,0.27560169891458236,0.0,2024-01-29,2026-05-15,1.659436253489281e-05,0.02878801790158729,0.461297406533483,False,False
bonds,RU000A107P62,583,2119,0.27512977819726286,0.0,2024-01-30,2026-05-15,0.0005328596184582214,0.00964632837260037,0.0722346809835989,False,False
bonds,RU000A107PU5,581,2119,0.27418593676262387,0.0,2024-02-01,2026-05-15,0.0007502037483200677,0.021098834087523496,0.131221057293821,False,False
bonds,RU000A107PW1,362,2119,0.1708352996696555,0.0027624309392265192,2024-12-10,2026-05-15,0.0011513900754359732,0.0020705963462686063,0.0087222234061834,False,False
bonds,RU000A107Q12,551,2119,0.26002831524303915,0.676950998185118,2024-03-18,2026-05-15,-0.00021507257172311567,0.08812690319408319,0.509160344446929,False,False
bonds,RU000A107Q20,514,2119,0.24256724870221802,0.4961089494163424,2024-05-08,2026-05-15,-0.0005591290034815906,0.11028449802970693,0.441107366664813,False,False
bonds,RU000A107Q95,480,2119,0.22652194431335534,0.8645833333333334,2024-06-27,2026-05-15,0.0009410278972232734,0.030620603608735093,0.334184051551145,False,False
bonds,RU000A107QL2,578,2119,0.2727701746106654,0.0017301038062283738,2024-02-06,2026-05-15,0.0008334588423023933,0.006326574187695326,0.0453408771997217,False,False
bonds,RU000A107QM0,578,2119,0.2727701746106654,0.0017301038062283738,2024-02-06,2026-05-15,0.000717763283809086,0.007548162000720658,0.053245159407377,False,False
bonds,RU000A107R29,577,2119,0.27229825389334594,0.0,2024-02-07,2026-05-15,0.0008386168228210482,0.0057126426715994804,0.0405926795781515,False,False
bonds,RU000A107RH8,576,2119,0.27182633317602645,0.0,2024-02-08,2026-05-15,0.00031249689290739657,0.023502657022507843,0.227468135770553,False,False
bonds,RU000A107RZ0,574,2119,0.27088249174138745,0.008710801393728223,2024-02-12,2026-05-15,0.000602256945953843,0.008287093738439345,0.0839361527853821,False,False
bonds,RU000A107S10,574,2119,0.27088249174138745,0.003484320557491289,2024-02-12,2026-05-15,0.0007511596441208155,0.0015698964334676239,0.0103886410799533,False,False
bonds,RU000A107S85,362,2119,0.1708352996696555,0.0,2024-12-10,2026-05-15,-0.0016090160021379162,0.013711455858873907,0.102174987778701,False,False
bonds,RU000A107SA1,572,2119,0.26993865030674846,0.0,2024-02-14,2026-05-15,0.0006179236564921968,0.010685393382484238,0.113584847139163,False,False
bonds,RU000A107SG8,570,2119,0.26899480887210947,0.0,2024-02-16,2026-05-15,0.0007281238000942621,0.006617555123444941,0.046962817556395,False,False
bonds,RU000A107SM6,570,2119,0.26899480887210947,0.0035087719298245615,2024-02-16,2026-05-15,0.000667592619844932,0.0056562692119154654,0.0596111541985459,False,False
bonds,RU000A107ST1,569,2119,0.26852288815479,0.0,2024-02-19,2026-05-15,0.0006861938915611449,0.008267187325671721,0.0814788085742062,False,False
bonds,RU000A107SX3,568,2119,0.2680509674374705,0.0017605633802816902,2024-02-20,2026-05-15,0.0006674778673240071,0.009478701966129734,0.0834307848513581,False,False
bonds,RU000A107T27,568,2119,0.2680509674374705,0.0,2024-02-20,2026-05-15,0.0007277445116101785,0.003672543726548177,0.0235641887136296,False,False
bonds,RU000A107TB7,567,2119,0.26757904672015104,0.0,2024-02-21,2026-05-15,0.0006457235695467758,0.0034844201933759574,0.0231525685977542,False,False
bonds,RU000A107TD3,567,2119,0.26757904672015104,0.001763668430335097,2024-02-21,2026-05-15,0.00013024440301552358,0.013554111687896985,0.0683729718618593,False,False
bonds,RU000A107TH4,566,2119,0.26710712600283154,0.0,2024-02-22,2026-05-15,0.000559504546175518,0.005410552907243016,0.0316166916366477,False,False
bonds,RU000A107TK8,562,2119,0.26521944313355356,0.0,2024-02-29,2026-05-15,0.0007405632578259971,0.005291647649132703,0.0338950531953853,False,False
bonds,RU000A107TT9,566,2119,0.26710712600283154,0.01060070671378092,2024-02-22,2026-05-15,0.0007942862886929556,0.004093268399262096,0.0477447929381158,False,False
bonds,RU000A107U65,362,2119,0.1708352996696555,0.011049723756906077,2024-12-10,2026-05-15,0.0016758364547925788,0.006455376989189559,0.0426399885544426,False,False
bonds,RU000A107UA7,558,2119,0.2633317602642756,0.0,2024-03-06,2026-05-15,0.0005590371909441252,0.006470521791034102,0.0461503483868753,False,False
bonds,RU000A107UB5,563,2119,0.26569136385087305,0.0,2024-02-28,2026-05-15,0.0006738929939335986,0.008396253716154127,0.0759727991430412,False,False
bonds,RU000A107UU5,556,2119,0.26238791882963663,0.0,2024-03-11,2026-05-15,0.000721423540873372,0.0035541310964998982,0.0341209362847532,False,False
bonds,RU000A107UW1,562,2119,0.26521944313355356,0.0017793594306049821,2024-02-29,2026-05-15,0.0007566986549046424,0.0015158484632416768,0.00995102956080362,False,False
bonds,RU000A107UX9,562,2119,0.26521944313355356,0.0017793594306049821,2024-02-29,2026-05-15,0.0007402886815228954,0.002613287486352604,0.0167290890661354,False,False
bonds,RU000A107VV1,549,2119,0.25908447380840016,0.0,2024-03-20,2026-05-15,-0.0010042716809806648,0.09694645135331606,1.08191296435526,False,False
bonds,RU000A107VZ2,265,2119,0.12505899008966492,0.8,2025-04-29,2026-05-15,0.001236557347789022,0.050009263579200366,0.414969492477865,False,False
bonds,RU000A107W06,556,2119,0.26238791882963663,0.0,2024-03-11,2026-05-15,0.000584738540464878,0.00483010265484702,0.0434985535279338,False,False
bonds,RU000A107W48,560,2119,0.26427560169891456,0.0,2024-03-04,2026-05-15,0.0005794345335087102,0.0056457981989011625,0.05556088318094,False,False
bonds,RU000A107W55,560,2119,0.26427560169891456,0.0017857142857142857,2024-03-04,2026-05-15,0.0007152011870382441,0.001681557400528481,0.00724333816768339,False,False
bonds,RU000A107W71,362,2119,0.1708352996696555,0.0,2024-12-10,2026-05-15,-8.216872819006382e-05,0.010453445532741313,0.0753537309290409,False,False
bonds,RU000A107WD7,362,2119,0.1708352996696555,0.0,2024-12-10,2026-05-15,0.0013675984992649768,0.005859988268423981,0.0381584424552671,False,False
bonds,RU000A107WF2,558,2119,0.2633317602642756,0.005376344086021506,2024-03-06,2026-05-15,-0.0004839315664264742,0.01798349702804053,0.220463763684277,False,False
bonds,RU000A107WL0,554,2119,0.26144407739499764,0.0036101083032490976,2024-03-13,2026-05-15,0.000742900034475526,0.0028567086924572967,0.0188805005282077,False,False
bonds,RU000A107X96,534,2119,0.25200566304860783,0.0018726591760299626,2024-04-10,2026-05-15,0.000715891514298625,0.006135548985394242,0.0381723379479194,False,False
bonds,RU000A107XA1,459,2119,0.21661160924964606,0.004357298474945534,2024-07-26,2026-05-15,0.0007619064430443476,0.003929041604572467,0.0272912548501782,False,False
bonds,RU000A107XB9,451,2119,0.21283624351109015,0.0,2024-08-07,2026-05-15,0.0007962544422482447,0.007342627651956555,0.0623783620761549,False,False
bonds,RU000A107XC7,414,2119,0.195375176970269,0.0,2024-09-27,2026-05-15,0.0007597474460635319,0.0047662918160038025,0.0354845261201499,False,False
bonds,RU000A107XD5,105,2119,0.049551675318546484,0.0,2025-12-12,2026-05-15,0.0006774479587993594,0.012838591170917821,0.0613312331914776,False,False
bonds,RU000A107YT9,554,2119,0.26144407739499764,0.0018050541516245488,2024-03-13,2026-05-15,0.0004979900768258887,0.010216616409124163,0.117464122109709,False,False
bonds,RU000A1082G5,549,2119,0.25908447380840016,0.0018214936247723133,2024-03-20,2026-05-15,-0.0003905573798095192,0.025524168460494965,0.345619399191304,False,False
bonds,RU000A1082K7,362,2119,0.1708352996696555,0.0,2024-12-10,2026-05-15,0.0010822467090894816,0.002424749101731597,0.0137364942763865,False,False
bonds,RU000A1082M3,362,2119,0.1708352996696555,0.0,2024-12-10,2026-05-15,0.00112711698363941,0.008537117164577585,0.0732979787444884,False,False
bonds,RU000A1082Q4,487,2119,0.2298253893345918,0.0,2024-06-18,2026-05-15,0.0030653996464107378,0.14936320669942432,2.27371707007845,False,False
bonds,RU000A1082W2,546,2119,0.25766871165644173,0.0,2024-03-25,2026-05-15,0.0006657821647875037,0.006155688190869691,0.0665427992736696,False,False
bonds,RU000A1082X0,546,2119,0.25766871165644173,0.003663003663003663,2024-03-25,2026-05-15,0.0006134256253685516,0.005196094903687817,0.0324865845551903,False,False
bonds,RU000A1082Y8,536,2119,0.2529495044832468,0.0,2024-04-08,2026-05-15,0.0006656432961330178,0.004678980253490168,0.0570054017507101,False,False
bonds,RU000A108314,114,2119,0.053798961774421894,0.9649122807017544,2025-12-01,2026-05-15,3.5086666702864967e-07,1.8480838092986297e-06,9.99985000227872e-06,False,False
bonds,RU000A1083A6,544,2119,0.25672487022180274,0.0,2024-03-27,2026-05-15,0.0007642920997351218,0.001660510476887483,0.00976775304476638,False,False
bonds,RU000A1083N9,543,2119,0.25625294950448324,0.0,2024-03-28,2026-05-15,0.0002550089848558692,0.00015881399567941232,0.00124364118869203,False,False
bonds,RU000A1083U4,542,2119,0.25578102878716374,0.0,2024-03-29,2026-05-15,0.000751264874515192,0.004096713861934002,0.0332199524685798,False,False
bonds,RU000A1083V2,542,2119,0.25578102878716374,0.0018450184501845018,2024-03-29,2026-05-15,0.0007282398926581717,0.015464734789132493,0.12037868798167,False,False
bonds,RU000A1083W0,542,2119,0.25578102878716374,0.0036900369003690036,2024-03-29,2026-05-15,0.0007494799367402653,0.0030384018391842655,0.0193367910437842,False,False
bonds,RU000A1083X8,542,2119,0.25578102878716374,0.0,2024-03-29,2026-05-15,0.0007197362775108549,0.013990815358071578,0.128597791303803,False,False
bonds,RU000A108405,542,2119,0.25578102878716374,0.0018450184501845018,2024-03-29,2026-05-15,0.000986347734223053,0.003269210523528174,0.0164441545971133,False,False
bonds,RU000A108447,541,2119,0.25530910806984425,0.0018484288354898336,2024-04-01,2026-05-15,0.000734458227747276,0.004745448876134139,0.0358020557685893,False,False
bonds,RU000A108462,362,2119,0.1708352996696555,0.0027624309392265192,2024-12-10,2026-05-15,0.001341765232503423,0.005643356834174611,0.0528574124876736,False,False
bonds,RU000A1084B2,541,2119,0.25530910806984425,0.0,2024-04-01,2026-05-15,0.0006656962640566855,0.003470079008722673,0.0340653959303807,False,False
bonds,RU000A1084E6,541,2119,0.25530910806984425,0.0,2024-04-01,2026-05-15,0.0006531960022593455,0.005812359018739396,0.0497698360577299,False,False
bonds,RU000A1084F3,284,2119,0.13402548371873524,0.8485915492957746,2025-04-02,2026-05-15,0.001277850004811353,0.025866246014058337,0.3317357389643,False,False
bonds,RU000A1084J5,239,2119,0.11278905143935819,0.698744769874477,2025-06-06,2026-05-15,0.0003424301249400398,0.03136517664360387,0.209068542315018,False,False
bonds,RU000A1084K3,11,2119,0.005191127890514393,1.0,2026-04-30,2026-05-15,0.0,0.0,0.0,False,False
bonds,RU000A1084M9,194,2119,0.09155261915998113,0.8298969072164949,2025-08-11,2026-05-15,-0.0001566903195549367,0.0357582305719684,0.310893042170617,False,False
bonds,RU000A1084N7,541,2119,0.25530910806984425,0.0,2024-04-01,2026-05-15,0.0007800602466917523,0.0107846054651975,0.0861555031345011,False,False
bonds,RU000A1084Q0,498,2119,0.2350165172251062,0.0,2024-05-31,2026-05-15,0.0006570070861938349,0.005910603383223103,0.0421964194662022,False,False
bonds,RU000A1085A1,521,2119,0.24587069372345446,0.0019193857965451055,2024-04-27,2026-05-15,0.0006651005940315989,0.022264470628300198,0.186994065082302,False,False
bonds,RU000A1086N2,523,2119,0.24681453515809343,0.01338432122370937,2024-04-25,2026-05-15,4.4327727273876204e-05,0.009101470782789462,0.089201664614028,False,False
bonds,RU000A108777,524,2119,0.24728645587541292,0.0057251908396946565,2024-04-24,2026-05-15,0.0008051152427248913,0.005489011616187355,0.0415783056030592,False,False
bonds,RU000A1087A7,534,2119,0.25200566304860783,0.0,2024-04-10,2026-05-15,0.0006569369578393104,0.004149479736264515,0.0427064709937694,False,False
bonds,RU000A1087C3,527,2119,0.2487022180273714,0.0,2024-04-19,2026-05-15,0.00013602772589090122,0.025084420422956867,0.249597051510097,False,False
bonds,RU000A1087F6,532,2119,0.25106182161396884,0.0,2024-04-12,2026-05-15,0.0006735787362406392,0.005126462636880731,0.0555549114478951,False,False
bonds,RU000A1087G4,362,2119,0.1708352996696555,0.0027624309392265192,2024-12-10,2026-05-15,-0.0015373189283204023,0.019799757826053106,0.212763927480888,False,False
bonds,RU000A1087J8,534,2119,0.25200566304860783,0.0018726591760299626,2024-04-10,2026-05-15,0.0007376305425026491,0.003756053726585165,0.0286005179654641,False,False
bonds,RU000A108991,532,2119,0.25106182161396884,0.0,2024-04-12,2026-05-15,0.0007906738123763382,0.011025481498695677,0.0777865659809178,False,False
bonds,RU000A1089A3,532,2119,0.25106182161396884,0.0,2024-04-12,2026-05-15,0.000671273962282316,0.00804259073149146,0.0657194922383471,False,False
bonds,RU000A1089G0,531,2119,0.25058990089664934,0.0,2024-04-15,2026-05-15,0.0006330684804970427,0.006815843390055464,0.0582320690333469,False,False
bonds,RU000A1089K2,531,2119,0.25058990089664934,0.0,2024-04-15,2026-05-15,0.00045230558626864703,0.025698397603611475,0.24459433438976,False,False
bonds,RU000A1089L0,531,2119,0.25058990089664934,0.0,2024-04-15,2026-05-15,0.00012273472351931593,0.012556983273432012,0.197080753675195,False,False
bonds,RU000A1089U1,480,2119,0.22652194431335534,0.004166666666666667,2024-06-27,2026-05-15,0.0007671223700058113,0.016040545270829234,0.1103221537934,False,False
bonds,RU000A1089W7,487,2119,0.2298253893345918,0.0,2024-06-18,2026-05-15,4.647115691674097e-05,0.05489313214158875,0.836643338252239,False,False
bonds,RU000A1089X5,487,2119,0.2298253893345918,0.002053388090349076,2024-06-18,2026-05-15,0.0006300765106375906,0.01203717173223659,0.0920798981082679,False,False
bonds,RU000A108A19,528,2119,0.24917413874469088,0.0,2024-04-18,2026-05-15,0.0006985225143067807,0.016004843323029552,0.135079825283146,False,False
bonds,RU000A108AJ8,527,2119,0.2487022180273714,0.0,2024-04-19,2026-05-15,-0.0011521140712449456,0.01140983839312257,0.0827583050029714,False,False
bonds,RU000A108AK6,362,2119,0.1708352996696555,0.0,2024-12-10,2026-05-15,0.0012498181277112224,0.003314286299164742,0.0179295491610934,False,False
bonds,RU000A108AL4,527,2119,0.2487022180273714,0.0,2024-04-19,2026-05-15,-0.00026540045169565766,0.010311729358187135,0.0845796037772551,False,False
bonds,RU000A108B83,362,2119,0.1708352996696555,0.0,2024-12-10,2026-05-15,0.0012033041365697274,0.010839927092561543,0.0871165753862195,False,False
bonds,RU000A108BD9,509,2119,0.24020764511562057,0.0,2024-05-16,2026-05-15,-7.451752937908231e-05,0.12916820155651418,1.24297124414736,False,False
bonds,RU000A108BQ1,522,2119,0.24634261444077396,0.0,2024-04-26,2026-05-15,0.0006916896160465214,0.04786814073804825,0.329461893486881,False,False
bonds,RU000A108BX7,522,2119,0.24634261444077396,0.0,2024-04-26,2026-05-15,0.000899113635256417,0.005489069463394093,0.0494243114804412,False,False
bonds,RU000A108C17,522,2119,0.24634261444077396,0.0,2024-04-26,2026-05-15,0.0009302981213345467,0.008232371502181668,0.0417224173901642,False,False
bonds,RU000A108C33,476,2119,0.2246342614440774,0.7962184873949579,2024-07-03,2026-05-15,-0.0008634199532025065,0.07778686695697333,0.503290479603214,False,False
bonds,RU000A108C41,372,2119,0.1755545068428504,0.6854838709677419,2024-11-26,2026-05-15,5.106280954503504e-05,0.05752402991069542,0.378335643305343,False,False
bonds,RU000A108C58,521,2119,0.24587069372345446,0.0,2024-04-27,2026-05-15,-0.0014164248591292962,0.011359107684405944,0.07533451316027,False,False
bonds,RU000A108C74,521,2119,0.24587069372345446,0.0,2024-04-27,2026-05-15,0.0006408073719171937,0.005488991554647777,0.0596840923912353,False,False
bonds,RU000A108CC9,521,2119,0.24587069372345446,0.0019193857965451055,2024-04-27,2026-05-15,-5.370596863044896e-05,0.01245481480989197,0.212051207557726,False,False
bonds,RU000A108CE5,520,2119,0.24539877300613497,0.015384615384615385,2024-04-29,2026-05-15,0.0005136072676724086,0.013331182181969702,0.112051435707264,False,False
bonds,RU000A108CG0,473,2119,0.22321849929211893,0.8520084566596194,2024-07-08,2026-05-15,0.0007486268141791865,0.04130002404944436,0.42219801761188,False,False
bonds,RU000A108CH8,154,2119,0.0726757904672015,0.7337662337662337,2025-10-06,2026-05-15,0.0005042138627150583,0.03577236471884632,0.310135553470109,False,False
bonds,RU000A108D81,517,2119,0.2439830108541765,0.0,2024-05-03,2026-05-15,-0.00029044726014464844,0.025519128297811607,0.327831291342616,False,False
bonds,RU000A108DE3,516,2119,0.243511090136857,0.001937984496124031,2024-05-06,2026-05-15,0.0007635660142563604,0.004265246932797276,0.025943595826881,False,False
bonds,RU000A108DH6,432,2119,0.2038697498820198,0.0,2024-09-03,2026-05-15,0.0003882003215100825,0.16727438096442643,1.44699393931792,False,False
bonds,RU000A108DP9,515,2119,0.24303916941953752,0.0,2024-05-07,2026-05-15,-0.0002920212708182978,0.021151449055227204,0.362284060138391,False,False
bonds,RU000A108E80,510,2119,0.24067956583294006,0.0,2024-05-15,2026-05-15,0.0003047187072422198,0.015573837234064036,0.108311172194644,False,False
bonds,RU000A108F63,362,2119,0.1708352996696555,0.0,2024-12-10,2026-05-15,0.0009903488014336632,0.004656855025036674,0.0280951515975242,False,False
bonds,RU000A108FC2,502,2119,0.23690420009438415,0.00199203187250996,2024-05-27,2026-05-15,0.0007187176625946871,0.004986840059205732,0.0294058226059605,False,False
bonds,RU000A108FE8,362,2119,0.1708352996696555,0.0,2024-12-10,2026-05-15,0.0007553989707597376,0.03040789745051477,0.476498888868591,False,False
bonds,RU000A108FG3,508,2119,0.2397357243983011,0.0,2024-05-17,2026-05-15,0.0008247374085066166,0.010518088070925078,0.0676550886434847,False,False
bonds,RU000A108FS8,505,2119,0.2383199622463426,0.0,2024-05-22,2026-05-15,0.00026709759274511096,0.01577329274660146,0.13196792542005,False,False
bonds,RU000A108FX8,505,2119,0.2383199622463426,0.0,2024-05-22,2026-05-15,0.0006596591674108824,0.024336823603379083,0.242590084222007,False,False
bonds,RU000A108G05,505,2119,0.2383199622463426,0.0,2024-05-22,2026-05-15,0.0007659038453784021,0.002438411081127027,0.020297532917508,False,False
bonds,RU000A108G70,504,2119,0.2378480415290231,0.0,2024-05-23,2026-05-15,0.0016595596105580097,0.10249774120580345,1.0005875770454,False,False
bonds,RU000A108GL1,503,2119,0.23737612081170364,0.003976143141153081,2024-05-24,2026-05-15,0.0006641379913635961,0.007122156185141227,0.0681673138328348,False,False
bonds,RU000A108GM9,503,2119,0.23737612081170364,0.0019880715705765406,2024-05-24,2026-05-15,0.0007206742217102933,0.01565334680632535,0.0813630233512488,False,False
bonds,RU000A108GN7,503,2119,0.23737612081170364,0.005964214711729622,2024-05-24,2026-05-15,0.0006721541877567508,0.006396578541927908,0.0533159737800079,False,False
bonds,RU000A108GR8,503,2119,0.23737612081170364,0.0,2024-05-24,2026-05-15,0.0007518922829199125,0.0033233160465232117,0.0325804801925903,False,False
bonds,RU000A108JC4,489,2119,0.23076923076923078,0.0,2024-06-14,2026-05-15,0.0005455703033401865,0.027508156878105747,0.266359091425167,False,False
bonds,RU000A108JD2,481,2119,0.22699386503067484,0.0,2024-06-26,2026-05-15,0.00062088534418816,0.020276479884951994,0.140579019745658,False,False
bonds,RU000A108JH3,502,2119,0.23690420009438415,0.0,2024-05-27,2026-05-15,-0.0007269180760848051,0.044487165494453494,0.862272699741442,False,False
bonds,RU000A108JQ4,492,2119,0.23218499292118924,0.0,2024-06-10,2026-05-15,-0.00022523475317162586,0.11910631961660492,1.56879729739356,False,False
bonds,RU000A108JV4,500,2119,0.23596035865974516,0.0,2024-05-29,2026-05-15,0.0007684166334616065,0.002283013929131055,0.0161860336943477,False,False
bonds,RU000A108KK5,498,2119,0.2350165172251062,0.0,2024-05-31,2026-05-15,-0.003914935981841824,0.0385991205353489,0.504206245884726,False,False
bonds,RU000A108KT6,497,2119,0.2345445965077867,0.002012072434607646,2024-06-03,2026-05-15,0.0007520395350407939,0.005486417804011745,0.0438194100287968,False,False
bonds,RU000A108KU4,497,2119,0.2345445965077867,0.004024144869215292,2024-06-03,2026-05-15,0.0007168055741937821,0.007698349852117966,0.0407059921825162,False,False
bonds,RU000A108KV2,497,2119,0.2345445965077867,0.0,2024-06-03,2026-05-15,0.0001408583564300033,0.016512260478719083,0.0996006761600355,False,False
bonds,RU000A108L24,484,2119,0.22840962718263333,0.0,2024-06-21,2026-05-15,-0.0006374510639209134,0.15960703321742267,1.40653042117508,False,False
bonds,RU000A108L65,495,2119,0.2336007550731477,0.0,2024-06-05,2026-05-15,0.0007755443604179707,0.008839551934483705,0.0726214456246975,False,False
bonds,RU000A108L81,495,2119,0.2336007550731477,0.0,2024-06-05,2026-05-15,0.000697248778178987,0.0775134056432672,0.454422047397478,False,False
bonds,RU000A108LD8,288,2119,0.13591316658801322,0.0,2025-03-27,2026-05-15,0.000796542043187581,0.0004824199852055597,0.00301919146793004,False,False
bonds,RU000A108LF3,493,2119,0.23265691363850874,0.002028397565922921,2024-06-07,2026-05-15,0.0007394600304690023,0.008954668642013008,0.0594092248877935,False,False
bonds,RU000A108LL1,493,2119,0.23265691363850874,0.002028397565922921,2024-06-07,2026-05-15,0.0005677254283518866,0.01817852686859706,0.109424140442545,False,False
bonds,RU000A108LN7,493,2119,0.23265691363850874,0.0,2024-06-07,2026-05-15,0.0008063779123056577,0.007978434738616648,0.0664164056424502,False,False
bonds,RU000A108LP2,493,2119,0.23265691363850874,0.0,2024-06-07,2026-05-15,0.001516560929789689,0.10189054588367344,0.984977437392291,False,False
bonds,RU000A108LS6,465,2119,0.219443133553563,0.7311827956989247,2024-07-18,2026-05-15,0.0007762817765625443,0.030623528059090712,0.252993127700201,False,False
bonds,RU000A108LU2,492,2119,0.23218499292118924,0.0040650406504065045,2024-06-10,2026-05-15,0.0007529604450338225,0.003939270753034081,0.0308002730168523,False,False
bonds,RU000A108LX6,483,2119,0.22793770646531383,0.0,2024-06-24,2026-05-15,-0.0011348378033974433,0.1645537585565504,1.38474682331927,False,False
bonds,RU000A108N55,482,2119,0.22746578574799434,0.002074688796680498,2024-06-25,2026-05-15,-0.0008114318702283396,0.1474042067396386,1.29394687378961,False,False
bonds,RU000A108NQ6,479,2119,0.22605002359603588,0.0,2024-06-28,2026-05-15,-0.0005738814604913768,0.1314936743778996,1.51821822414203,False,False
bonds,RU000A108NS2,490,2119,0.23124115148655025,0.0,2024-06-13,2026-05-15,0.0005991794465657204,0.025852085093089644,0.238340086749545,False,False
bonds,RU000A108P46,482,2119,0.22746578574799434,0.002074688796680498,2024-06-25,2026-05-15,0.0007790172259848346,0.006279395152142474,0.0443269739602671,False,False
bonds,RU000A108P61,488,2119,0.23029731005191129,0.0,2024-06-17,2026-05-15,0.0007668215069103703,0.0031128071234030113,0.0190215210793606,False,False
bonds,RU000A108P79,479,2119,0.22605002359603588,0.0,2024-06-28,2026-05-15,-0.00048158459502090973,0.08697902711540123,1.09198041043512,False,False
bonds,RU000A108PC1,488,2119,0.23029731005191129,0.0,2024-06-17,2026-05-15,0.0008681761343615136,0.005752641984750057,0.0417567575752642,False,False
bonds,RU000A108PR9,447,2119,0.21094856064181217,0.0,2024-08-13,2026-05-15,0.0014486817428926932,0.039889483416488306,0.820485990077894,False,False
bonds,RU000A108PZ2,487,2119,0.2298253893345918,0.0,2024-06-18,2026-05-15,0.0005644610554398168,0.02462325486491426,0.220195678862214,False,False
bonds,RU000A108Q03,486,2119,0.2293534686172723,0.00205761316872428,2024-06-19,2026-05-15,0.0007985683983269252,0.003734868620005192,0.0255492775084361,False,False
bonds,RU000A108Q29,478,2119,0.22557810287871638,0.0,2024-07-01,2026-05-15,-0.0001933348392415479,0.130229611955814,1.53193647668303,False,False
bonds,RU000A108Q78,486,2119,0.2293534686172723,0.0,2024-06-19,2026-05-15,0.000741934852652039,0.011473237228137107,0.120748719136656,False,False
bonds,RU000A108Q94,486,2119,0.2293534686172723,0.0,2024-06-19,2026-05-15,0.0007501411828670907,0.004239534504363012,0.0287395252904171,False,False
bonds,RU000A108QA3,486,2119,0.2293534686172723,0.00205761316872428,2024-06-19,2026-05-15,0.0006443751715236069,0.004431523889232196,0.0692900650595098,False,False
bonds,RU000A108RK0,483,2119,0.22793770646531383,0.0,2024-06-24,2026-05-15,0.0007754144821237576,0.010785536214627288,0.071047585031019,False,False
bonds,RU000A108RM6,402,2119,0.18971212836243512,0.0,2024-10-15,2026-05-15,0.0008914442008002556,0.02412137217086227,0.161953985894028,False,False
bonds,RU000A108RP9,483,2119,0.22793770646531383,0.004140786749482402,2024-06-24,2026-05-15,0.000825187629571331,0.0036201901738823323,0.0284675101819034,False,False
bonds,RU000A108RQ7,483,2119,0.22793770646531383,0.0,2024-06-24,2026-05-15,0.0011523472248917129,0.01973950095057537,0.0805967587599944,False,False
bonds,RU000A108TD1,440,2119,0.20764511562057575,0.7818181818181819,2024-08-22,2026-05-15,0.0013351179700684258,0.052107631914476336,0.535510821687749,False,False
bonds,RU000A108TE9,432,2119,0.2038697498820198,0.7962962962962963,2024-09-03,2026-05-15,-0.00018908635049026603,0.06660558710426574,0.781884877191248,False,False
bonds,RU000A108TU5,481,2119,0.22699386503067484,0.0,2024-06-26,2026-05-15,0.0008067080362541894,0.005380173509633503,0.0661079294866455,False,False
bonds,RU000A108TV3,471,2119,0.22227465785747993,0.0,2024-07-10,2026-05-15,0.0014534664027867892,0.07160149455816214,1.01458208112609,False,False
bonds,RU000A108U49,362,2119,0.1708352996696555,0.013812154696132596,2024-12-10,2026-05-15,2.257609482905044e-05,0.020458094898873014,0.239700696052671,False,False
bonds,RU000A108U72,480,2119,0.22652194431335534,0.0020833333333333333,2024-06-27,2026-05-15,0.0008651733550804848,0.0037472802695459276,0.0262753926212767,False,False
bonds,RU000A108UJ6,479,2119,0.22605002359603588,0.0,2024-06-28,2026-05-15,0.000739986080171576,0.00682009411017995,0.0448784392344513,False,False
bonds,RU000A108UM0,333,2119,0.15714959886739027,0.8798798798798799,2025-01-23,2026-05-15,0.0014385425950366084,0.03057276419371925,0.334772099119718,False,False
bonds,RU000A108UR9,477,2119,0.22510618216139688,0.0,2024-07-02,2026-05-15,0.000693641094230208,0.06325848910903924,0.356392326982083,False,False
bonds,RU000A108VL0,476,2119,0.2246342614440774,0.0,2024-07-03,2026-05-15,0.0007321339078001608,0.005566789407278171,0.0403059133080576,False,False
bonds,RU000A108VM8,477,2119,0.22510618216139688,0.0,2024-07-02,2026-05-15,0.0007546351316700942,0.006218772300220951,0.0302391851095471,False,False
bonds,RU000A108VW7,476,2119,0.2246342614440774,0.0021008403361344537,2024-07-03,2026-05-15,0.0008215106712838034,0.004056847788799045,0.030286951533954,False,False
bonds,RU000A108WJ2,474,2119,0.22369042000943842,0.0,2024-07-05,2026-05-15,0.00017246755631694129,0.03182815494169108,0.355148553975803,False,False
bonds,RU000A108WV7,362,2119,0.1708352996696555,0.0,2024-12-10,2026-05-15,0.0011026210406478417,0.011688124015891718,0.0697970577703226,False,False
bonds,RU000A108WY1,473,2119,0.22321849929211893,0.0021141649048625794,2024-07-08,2026-05-15,0.0007546966203952844,0.00437601377583198,0.0332802637163645,False,False
bonds,RU000A108Y11,444,2119,0.2095327984898537,0.0,2024-08-16,2026-05-15,0.0020437665904577585,0.11214390942276944,1.51212976581199,False,False
bonds,RU000A108Y60,471,2119,0.22227465785747993,0.006369426751592357,2024-07-10,2026-05-15,-0.00020506926189764138,0.00952688515629978,0.067106427343312,False,False
bonds,RU000A108Y86,471,2119,0.22227465785747993,0.0,2024-07-10,2026-05-15,0.0008092310109600642,0.0036983221072646,0.0346817585401458,False,False
bonds,RU000A108YZ4,469,2119,0.22133081642284097,0.0,2024-07-12,2026-05-15,-0.001126357137234602,0.011004158384817731,0.0745684214671539,False,False
bonds,RU000A108Z77,468,2119,0.22085889570552147,0.0,2024-07-15,2026-05-15,-0.0010081689344509587,0.009196597597955292,0.0589288247220485,False,False
bonds,RU000A108Z85,467,2119,0.22038697498820198,0.0,2024-07-16,2026-05-15,0.0007369795498346465,0.0031250643300980473,0.0168291814846118,False,False
bonds,RU000A108Z93,468,2119,0.22085889570552147,0.0,2024-07-15,2026-05-15,0.0006980066826950518,0.004872852344843217,0.0239308771864689,False,False
bonds,RU000A108ZH9,466,2119,0.21991505427088248,0.0,2024-07-17,2026-05-15,0.000785086069209679,0.0036075355250696937,0.0188824313823437,False,False
bonds,RU000A108ZT4,465,2119,0.219443133553563,0.0,2024-07-18,2026-05-15,0.0008088642025847248,0.003615077806083824,0.015413287974299,False,False
bonds,RU000A108ZU2,465,2119,0.219443133553563,0.0,2024-07-18,2026-05-15,0.0008853549933481127,0.007420420508158869,0.053453454660959,False,False
bonds,RU000A109098,463,2119,0.21849929211892402,0.0,2024-07-22,2026-05-15,0.0007986689844896737,0.003186631008874647,0.0183461823908002,False,False
bonds,RU000A1090A1,462,2119,0.21802737140160453,0.004329004329004329,2024-07-23,2026-05-15,-0.0004470998814214105,0.023840661473456867,0.15536952931849,False,False
bonds,RU000A1090H6,462,2119,0.21802737140160453,0.0,2024-07-23,2026-05-15,0.0005868016246741493,0.010118195463185894,0.0615797556624859,False,False
bonds,RU000A1090K0,462,2119,0.21802737140160453,0.0021645021645021645,2024-07-23,2026-05-15,0.0007549667067384837,0.0018755515012862337,0.00944354410169815,False,False
bonds,RU000A1090M6,457,2119,0.21566776781500707,0.0,2024-07-30,2026-05-15,0.0007209251091283388,0.07279883506315211,0.552161782430469,False,False
bonds,RU000A1090N4,461,2119,0.21755545068428503,0.0,2024-07-24,2026-05-15,0.0008313860325181991,0.0049242385275593496,0.0341846867324345,False,False
bonds,RU000A109221,461,2119,0.21755545068428503,0.0,2024-07-24,2026-05-15,0.0006438162034338017,0.0063800424489658825,0.033458787689931,False,False
bonds,RU000A1092S9,459,2119,0.21661160924964606,0.0,2024-07-26,2026-05-15,-0.0011180355703065553,0.010515305930248686,0.0646070988730621,False,False
bonds,RU000A1092T7,460,2119,0.21708352996696556,0.0,2024-07-25,2026-05-15,-0.000332386113301417,0.017763589490974042,0.143163665603252,False,False
bonds,RU000A109312,459,2119,0.21661160924964606,0.0,2024-07-26,2026-05-15,0.0007586466628015164,0.004487012996835367,0.0289237003422561,False,False
bonds,RU000A1093L2,279,2119,0.1316658801321378,0.0,2025-04-09,2026-05-15,0.0006808402758638985,0.00042115985830715934,0.0025987100735716,False,False
bonds,RU000A1094E5,456,2119,0.21519584709768758,0.0,2024-07-31,2026-05-15,0.0007545797470343517,0.0028447584200008633,0.0152776003028052,False,False
bonds,RU000A1094F2,456,2119,0.21519584709768758,0.0,2024-07-31,2026-05-15,0.0007775705946405384,0.0023454523804962695,0.013429133218819,False,False
bonds,RU000A1094G0,456,2119,0.21519584709768758,0.0,2024-07-31,2026-05-15,0.0010107444904245933,0.12838037053068102,1.14879078473502,False,False
bonds,RU000A1094P1,276,2119,0.13025011798017933,0.8876811594202898,2025-04-14,2026-05-15,0.0012008233357210553,0.05782867727244644,0.360330463749762,False,False
bonds,RU000A1094T3,454,2119,0.2142520056630486,0.0,2024-08-02,2026-05-15,-0.00022635518792001415,0.007002116706546374,0.0555573461653927,False,False
bonds,RU000A1094U1,454,2119,0.2142520056630486,0.0,2024-08-02,2026-05-15,0.0009467338346847961,0.004720626339618865,0.0321586427294841,False,False
bonds,RU000A1094W7,454,2119,0.2142520056630486,0.0,2024-08-02,2026-05-15,0.0006490964856646456,0.007027069704989512,0.0407114732171614,False,False
bonds,RU000A109528,453,2119,0.21378008494572912,0.002207505518763797,2024-08-05,2026-05-15,0.0007709611289757554,0.0025853577387542123,0.0144635706990848,False,False
bonds,RU000A109551,427,2119,0.20151014629542238,0.0,2024-09-10,2026-05-15,0.000770114753863869,0.007050137565607284,0.0467149736884189,False,False
bonds,RU000A1095B8,432,2119,0.2038697498820198,0.7384259259259259,2024-09-03,2026-05-15,-3.889309641424199e-05,0.04867829722185841,0.458629666461726,False,False
bonds,RU000A1095L7,451,2119,0.21283624351109015,0.0,2024-08-07,2026-05-15,0.0005290583063644162,0.012522416175468858,0.119508806305734,False,False
bonds,RU000A1095N3,78,2119,0.03680981595092025,0.0,2024-09-13,2024-12-30,-0.0011044000443256128,0.015798123659679267,0.101338222359744,False,False
bonds,RU000A1095W4,450,2119,0.21236432279377065,0.0022222222222222222,2024-08-08,2026-05-15,0.0007616414103560426,0.002746959910122023,0.0170763837200146,False,False
bonds,RU000A109775,373,2119,0.1760264275601699,0.7962466487935657,2024-11-25,2026-05-15,-1.371038170577166e-05,0.04286396311090811,0.601883005956051,False,False
bonds,RU000A1097C2,448,2119,0.21142048135913166,0.0,2024-08-12,2026-05-15,0.0003496257843462359,0.010320181993146884,0.109490722608583,False,False
bonds,RU000A1097S8,445,2119,0.2100047192071732,0.0,2024-08-15,2026-05-15,0.0007296681907429473,0.008315450673696522,0.0492140100281379,False,False
bonds,RU000A1097T6,433,2119,0.2043416705993393,0.0,2024-09-02,2026-05-15,-0.0018215083844489678,0.012856649281990628,0.0853960207618542,False,False
bonds,RU000A1097X8,445,2119,0.2100047192071732,0.0,2024-08-15,2026-05-15,0.0008663456472849491,0.00879541940657344,0.0585183228263101,False,False
bonds,RU000A109825,446,2119,0.2104766399244927,0.004484304932735426,2024-08-14,2026-05-15,0.0008045938985489649,0.004312537495002914,0.0207420116280471,False,False
bonds,RU000A109874,445,2119,0.2100047192071732,0.0,2024-08-15,2026-05-15,0.000738811474185653,0.010446077569478351,0.0935316176548661,False,False
bonds,RU000A109890,362,2119,0.1708352996696555,0.0,2024-12-10,2026-05-15,0.0009114224281931626,0.0038786377786866615,0.0250236751374676,False,False
bonds,RU000A1098F3,445,2119,0.2100047192071732,0.0022471910112359553,2024-08-15,2026-05-15,0.0006787988578281575,0.0064223322060329106,0.0713290047882139,False,False
bonds,RU000A1098T4,444,2119,0.2095327984898537,0.0,2024-08-16,2026-05-15,0.0009047508097011701,0.01041211695998073,0.0735980022308944,False,False
bonds,RU000A109908,443,2119,0.2090608777725342,0.0,2024-08-19,2026-05-15,0.0009014337867639219,0.00935841953599765,0.0745734849473084,False,False
bonds,RU000A109916,438,2119,0.20670127418593676,0.0,2024-08-26,2026-05-15,0.0007182243174631668,0.01681809313475589,0.0712935202284332,False,False
bonds,RU000A109981,443,2119,0.2090608777725342,0.0,2024-08-19,2026-05-15,0.000767964080456092,0.005884640997358115,0.0434762808203879,False,False
bonds,RU000A1099A2,441,2119,0.20811703633789524,0.0,2024-08-21,2026-05-15,0.0007897544168750857,0.004397107259455843,0.0265671812155045,False,False
bonds,RU000A1099E4,441,2119,0.20811703633789524,0.0022675736961451248,2024-08-21,2026-05-15,0.0007843460847068957,0.0029667069416492962,0.0130038933428566,False,False
bonds,RU000A1099P0,362,2119,0.1708352996696555,0.0,2024-12-10,2026-05-15,0.001248378295132301,0.004081314716225784,0.052767924166408,False,False
bonds,RU000A1099S4,438,2119,0.20670127418593676,0.00228310502283105,2024-08-26,2026-05-15,0.0007970111056927098,0.0066485613968477325,0.0723844152056354,False,False
bonds,RU000A1099V8,438,2119,0.20670127418593676,0.00228310502283105,2024-08-26,2026-05-15,0.00040751634943114897,0.005782594204172228,0.0615599109578622,False,False
bonds,RU000A1099W6,438,2119,0.20670127418593676,0.0,2024-08-26,2026-05-15,0.0008864520248449344,0.0039118228587429,0.0246567966128601,False,False
bonds,RU000A109B33,435,2119,0.2052855120339783,0.0022988505747126436,2024-08-29,2026-05-15,0.0007819544019709878,0.001688282917937138,0.0125923484542378,False,False
bonds,RU000A109B82,434,2119,0.2048135913166588,0.0,2024-08-30,2026-05-15,0.0006838107480884127,0.0069425071551478985,0.0459499614210387,False,False
bonds,RU000A109DK8,338,2119,0.15950920245398773,0.8698224852071006,2025-01-16,2026-05-15,0.0011378953675136132,0.03181596133191569,0.330910580758232,False,False
bonds,RU000A109DP7,432,2119,0.2038697498820198,0.0,2024-09-03,2026-05-15,-0.0001858671423854867,0.01837342779963506,0.0757989484702994,False,False
bonds,RU000A109DT9,431,2119,0.20339782916470034,0.004640371229698376,2024-09-04,2026-05-15,0.0008033127591456379,0.005075824875056156,0.0266592613268299,False,False
bonds,RU000A109DV5,431,2119,0.20339782916470034,0.0,2024-09-04,2026-05-15,-0.0001601680974499954,0.008416778361669685,0.0582001329898676,False,False
bonds,RU000A109DY9,431,2119,0.20339782916470034,0.0,2024-09-04,2026-05-15,0.0006599944062104702,0.026449689570821167,0.343299317918383,False,False
bonds,RU000A109E71,430,2119,0.20292590844738084,0.0,2024-09-05,2026-05-15,0.0007355014092979148,0.002437122649232295,0.0190998854850276,False,False
bonds,RU000A109EG4,293,2119,0.13827277017461068,0.7167235494880546,2025-03-20,2026-05-15,0.0009326523143184144,0.022269993146822726,0.126902887943194,False,False
bonds,RU000A109F05,428,2119,0.20198206701274185,0.0,2024-09-09,2026-05-15,0.0009882608371972947,0.006370665856468658,0.063048754885184,False,False
bonds,RU000A109HX2,424,2119,0.2000943841434639,0.0023584905660377358,2024-09-13,2026-05-15,0.0005920785432139268,0.0056059753945328465,0.0322737845818512,False,False
bonds,RU000A109JS8,422,2119,0.19915054270882493,0.0,2024-09-17,2026-05-15,0.0007730250281490282,0.003632676488799796,0.0153140306555901,False,False
bonds,RU000A109JW0,421,2119,0.19867862199150543,0.0023752969121140144,2024-09-18,2026-05-15,0.0007113878916210374,0.0039283562624125735,0.0267593138927393,False,False
bonds,RU000A109JX8,421,2119,0.19867862199150543,0.0023752969121140144,2024-09-18,2026-05-15,0.0009036047737285696,0.006302681079985767,0.0505348354878883,False,False
bonds,RU000A109JY6,421,2119,0.19867862199150543,0.0,2024-09-18,2026-05-15,0.0008546506383783224,0.004596651155712928,0.032760150097068,False,False
bonds,RU000A109JZ3,421,2119,0.19867862199150543,0.0,2024-09-18,2026-05-15,0.0008337240488298982,0.004704697148241336,0.0453671038665517,False,False
bonds,RU000A109K40,420,2119,0.19820670127418594,0.004761904761904762,2024-09-19,2026-05-15,0.000774766478687181,0.0015780157008963526,0.00916334861703441,False,False
bonds,RU000A109KC0,116,2119,0.05474280320906088,0.017241379310344827,2025-11-27,2026-05-15,0.0007163783682299979,0.002967886035154814,0.0126001608412747,False,False
bonds,RU000A109KL1,417,2119,0.19679093912222748,0.0,2024-09-24,2026-05-15,0.00071598296701151,0.003199777479477363,0.0176487480123675,False,False
bonds,RU000A109KT4,418,2119,0.19726285983954694,0.0023923444976076554,2024-09-23,2026-05-15,0.000847022678903395,0.0028869000351852,0.0170559078361362,False,False
bonds,RU000A109KV0,418,2119,0.19726285983954694,0.0023923444976076554,2024-09-23,2026-05-15,0.0008626711625093474,0.004061666219969215,0.0228333442662601,False,False
bonds,RU000A109KW8,418,2119,0.19726285983954694,0.0,2024-09-23,2026-05-15,0.0007608871854794711,0.0029439593885092286,0.0177632617928415,False,False
bonds,RU000A109KX6,415,2119,0.19584709768758848,0.0024096385542168677,2024-09-26,2026-05-15,0.0008173324254416067,0.013410668858118717,0.17223789712053,False,False
bonds,RU000A109KY4,418,2119,0.19726285983954694,0.0,2024-09-23,2026-05-15,0.0008629167359227168,0.00320860237265287,0.0194212989459403,False,False
bonds,RU000A109L49,417,2119,0.19679093912222748,0.004796163069544364,2024-09-24,2026-05-15,0.0007755216967811705,0.002420737748022434,0.015813929655846,False,False
bonds,RU000A109L72,416,2119,0.19631901840490798,0.002403846153846154,2024-09-25,2026-05-15,0.0007666242126737634,0.0020539128013373066,0.00993644382647729,False,False
bonds,RU000A109L98,416,2119,0.19631901840490798,0.0,2024-09-25,2026-05-15,0.0003804908548708768,0.01651161741816426,0.116360226191714,False,False
bonds,RU000A109LC8,416,2119,0.19631901840490798,0.0,2024-09-25,2026-05-15,0.0007705040277612327,0.007126598243154404,0.0332538974586911,False,False
bonds,RU000A109NA8,413,2119,0.1949032562529495,0.0,2024-09-30,2026-05-15,-0.00020100296033744882,0.008783540261666382,0.057655098233375,False,False
bonds,RU000A109NC4,407,2119,0.19207173194903257,0.0,2024-10-08,2026-05-15,-0.0017248430904673636,0.012386421835183497,0.0879505809378242,False,False
bonds,RU000A109NF7,412,2119,0.19443133553563002,0.0,2024-10-01,2026-05-15,0.0008230432550918803,0.003573521611004644,0.034663224345607,False,False
bonds,RU000A109NH3,390,2119,0.18404907975460122,0.0,2024-10-31,2026-05-15,0.00038021954461829843,0.009320970120876635,0.0778241892485213,False,False
bonds,RU000A109NJ9,392,2119,0.1849929211892402,0.0,2024-10-29,2026-05-15,0.0002146710062261665,0.05431618800788566,0.377375149291333,False,False
bonds,RU000A109NM3,412,2119,0.19443133553563002,0.0,2024-10-01,2026-05-15,0.0009944707392178609,0.007289472507714866,0.0535002301557454,False,False
bonds,RU000A109NR2,411,2119,0.19395941481831053,0.0,2024-10-02,2026-05-15,0.00099078989243751,0.007653922490364273,0.0479125069096012,False,False
bonds,RU000A109PF2,410,2119,0.19348749410099103,0.0,2024-10-03,2026-05-15,0.0007475879914776625,0.004989042238607985,0.031454687684967,False,False
bonds,RU000A109PK2,409,2119,0.19301557338367153,0.0,2024-10-04,2026-05-15,0.0008834920158277881,0.006436573727564532,0.0361901745771808,False,False
bonds,RU000A109PP1,405,2119,0.19112789051439358,0.0024691358024691358,2024-10-10,2026-05-15,0.0009226921174851474,0.004543440112601475,0.0254361904271224,False,False
bonds,RU000A109QN4,408,2119,0.19254365266635207,0.004901960784313725,2024-10-07,2026-05-15,0.0008498752366912067,0.0034938913009187928,0.0212055381770427,False,False
bonds,RU000A109QQ7,286,2119,0.13496932515337423,0.0,2025-03-31,2026-05-15,0.0007773504643316468,0.0004754212704771591,0.00298173907088247,False,False
bonds,RU000A109QT1,386,2119,0.18216139688532326,0.8005181347150259,2024-11-06,2026-05-15,5.0259417794406474e-05,0.061453427848558485,0.336472236621213,False,False
bonds,RU000A109R19,405,2119,0.19112789051439358,0.0,2024-10-10,2026-05-15,0.000732665547512728,0.02318981296855713,0.275619643488568,False,False
bonds,RU000A109R50,406,2119,0.19159981123171307,0.0,2024-10-09,2026-05-15,0.0009267843124328863,0.012297654824561735,0.121038065959922,False,False
bonds,RU000A109RF8,406,2119,0.19159981123171307,0.0,2024-10-09,2026-05-15,0.0007897098973677039,0.0071628483305382455,0.0693545735191623,False,False
bonds,RU000A109RR3,404,2119,0.19065596979707408,0.0,2024-10-11,2026-05-15,0.001134280393629048,0.006257337221554665,0.0280555768383469,False,False
bonds,RU000A109S91,403,2119,0.1901840490797546,0.0,2024-10-14,2026-05-15,0.0007694948139030698,0.004539752393762666,0.0233382467737074,False,False
bonds,RU000A109SM2,401,2119,0.18924020764511562,0.0,2024-10-16,2026-05-15,0.0007642426406665803,0.009590650781809219,0.14324998193783,False,False
bonds,RU000A109SP5,401,2119,0.18924020764511562,0.0,2024-10-16,2026-05-15,0.0006974173739452765,0.007112763152410621,0.0653322000440173,False,False
bonds,RU000A109SZ4,399,2119,0.18829636621047663,0.002506265664160401,2024-10-18,2026-05-15,0.0007793282235545986,0.00275784149828897,0.0168289397948667,False,False
bonds,RU000A109T41,399,2119,0.18829636621047663,0.0,2024-10-18,2026-05-15,0.0008289995922599308,0.004045257700086616,0.030944498379614,False,False
bonds,RU000A109T74,399,2119,0.18829636621047663,0.0,2024-10-18,2026-05-15,5.5609605719782094e-05,0.007686956189737602,0.055104518577848,False,False
bonds,RU000A109TF4,398,2119,0.18782444549315716,0.0,2024-10-21,2026-05-15,0.001053292648848514,0.006118821624041028,0.035488872006379,False,False
bonds,RU000A109TG2,398,2119,0.18782444549315716,0.002512562814070352,2024-10-21,2026-05-15,0.0008380248063987648,0.006942064822509472,0.0560956506233358,False,False
bonds,RU000A109TJ6,398,2119,0.18782444549315716,0.002512562814070352,2024-10-21,2026-05-15,0.0008069834157843354,0.0019124856549664088,0.0152764898483871,False,False
bonds,RU000A109TW9,396,2119,0.18688060405851817,0.0025252525252525255,2024-10-23,2026-05-15,0.0007790176008452257,0.0036709979094279176,0.0168884563098177,False,False
bonds,RU000A109U97,396,2119,0.18688060405851817,0.0025252525252525255,2024-10-23,2026-05-15,0.0007816682140259926,0.005114210406329952,0.0327701049852485,False,False
bonds,RU000A109UD7,395,2119,0.18640868334119867,0.0,2024-10-24,2026-05-15,0.0007882798990074192,0.0024608300484007728,0.013169825417811,False,False
bonds,RU000A109UE5,395,2119,0.18640868334119867,0.0,2024-10-24,2026-05-15,0.0010038382223684146,0.028690450396563177,0.125261336336132,False,False
bonds,RU000A109VJ2,393,2119,0.1854648419065597,0.0,2024-10-28,2026-05-15,0.000891750048775515,0.0035313445163597636,0.0145608068063279,False,False
bonds,RU000A109VK0,393,2119,0.1854648419065597,0.01272264631043257,2024-10-28,2026-05-15,0.000995329739242627,0.007301269490833371,0.0422078098934305,False,False
bonds,RU000A109VL8,393,2119,0.1854648419065597,0.0,2024-10-28,2026-05-15,0.0008342012737898771,0.001690562006234483,0.00767633550291659,False,False
bonds,RU000A109VM6,393,2119,0.1854648419065597,0.005089058524173028,2024-10-28,2026-05-15,0.0007901407663396228,0.0019158053402694762,0.00973854391004053,False,False
bonds,RU000A109XN0,391,2119,0.18452100047192072,0.0,2024-10-30,2026-05-15,-0.000368618459769273,0.04336681160541744,0.320082419241971,False,False
bonds,RU000A109XR1,391,2119,0.18452100047192072,0.005115089514066497,2024-10-30,2026-05-15,0.0005517035141317877,0.005957130329472564,0.100665791280558,False,False
bonds,RU000A109YM0,205,2119,0.09674374705049552,0.824390243902439,2025-07-25,2026-05-15,0.001153556349253491,0.026741570377970567,0.152451958505156,False,False
bonds,RU000A109ZQ8,388,2119,0.18310523831996225,0.002577319587628866,2024-11-02,2026-05-15,0.0007960342702426947,0.0023831070597300423,0.0156061241070186,False,False
bonds,RU000A10A026,383,2119,0.1807456347333648,0.0026109660574412533,2024-11-06,2026-05-15,0.0006332298042269316,0.009751223978193417,0.101999300745202,False,False
bonds,RU000A10A125,378,2119,0.17838603114676735,0.0,2024-11-18,2026-05-15,0.000618322720365066,0.005631852840405392,0.0430403650769962,False,False
bonds,RU000A10A141,382,2119,0.1802737140160453,0.0,2024-11-12,2026-05-15,0.0003336494669700455,0.03055809410292469,0.352378611898578,False,False
bonds,RU000A10A1N4,381,2119,0.1798017932987258,0.0,2024-11-13,2026-05-15,0.0008318610735687323,0.004104035089685151,0.0313044830437341,False,False
bonds,RU000A10A1P9,381,2119,0.1798017932987258,0.0,2024-11-13,2026-05-15,0.0010191529512004578,0.0033910297157975196,0.0155400864965429,False,False
bonds,RU000A10A1W5,72,2119,0.033978291647003306,0.9444444444444444,2026-02-03,2026-05-15,0.004644350528322228,0.039401291308137264,0.334331905278287,False,False
bonds,RU000A10A232,354,2119,0.16705993393109958,0.5903954802259888,2024-12-20,2026-05-15,0.0010460307940861507,0.0223811466392663,0.106955759270724,False,False
bonds,RU000A10A349,379,2119,0.17885795186408684,0.0,2024-11-15,2026-05-15,0.0008231650993353683,0.0015052507903354272,0.00702442682744745,False,False
bonds,RU000A10A398,378,2119,0.17838603114676735,0.005291005291005291,2024-11-18,2026-05-15,0.0009010344227509573,0.0031183727963008025,0.0144298427410584,False,False
bonds,RU000A10A3Q3,376,2119,0.17744218971212836,0.0,2024-11-20,2026-05-15,0.0008616849577836231,0.013207036376392773,0.143222422271803,False,False
bonds,RU000A10A3W1,225,2119,0.10618216139688533,0.0,2025-06-27,2026-05-15,0.0007564759865836626,0.005338569217471007,0.0637218141327715,False,False
bonds,RU000A10A3Z4,375,2119,0.17697026899480886,0.0,2024-11-21,2026-05-15,0.001242548640948985,0.004256411466937976,0.0197177412556381,False,False
bonds,RU000A10A414,375,2119,0.17697026899480886,0.0026666666666666666,2024-11-21,2026-05-15,0.0009609490690415792,0.0027504080004310833,0.0111998290501089,False,False
bonds,RU000A10A4C1,374,2119,0.1764983482774894,0.0,2024-11-22,2026-05-15,0.0005429895872700616,0.007330180608394681,0.0537772909526589,False,False
bonds,RU000A10A4N8,117,2119,0.05521472392638037,0.0,2025-11-26,2026-05-15,-0.0011623004762071679,0.009465397337873964,0.0499146888294356,False,False
bonds,RU000A10A4S7,373,2119,0.1760264275601699,0.0,2024-11-25,2026-05-15,0.0008102095459517944,0.002607707768572657,0.0118307881932332,False,False
bonds,RU000A10A505,372,2119,0.1755545068428504,0.0,2024-11-26,2026-05-15,0.0009590030739485706,0.015074738320648949,0.135946946186093,False,False
bonds,RU000A10A554,371,2119,0.1750825861255309,0.0026954177897574125,2024-11-27,2026-05-15,0.0010122761845763857,0.009198633159362968,0.0444590867404104,False,False
bonds,RU000A10A5H7,137,2119,0.06465313827277018,0.0,2025-10-29,2026-05-15,0.0008030691797208057,0.008324431461024262,0.0300485513365522,False,False
bonds,RU000A10A6B8,359,2119,0.16941953751769703,0.0,2024-12-13,2026-05-15,0.000902506032913296,0.01360582628819515,0.104812256095844,False,False
bonds,RU000A10A6C6,369,2119,0.17413874469089194,0.0,2024-11-29,2026-05-15,0.000855633920445119,0.0037954008326754,0.0306687684142392,False,False
bonds,RU000A10A6J1,369,2119,0.17413874469089194,0.0,2024-11-29,2026-05-15,-0.000298178142716045,0.026206015552386233,0.496841145444849,False,False
bonds,RU000A10A6U8,368,2119,0.17366682397357244,0.0,2024-12-02,2026-05-15,0.0009819437476383196,0.006224885971702806,0.0329169090559486,False,False
bonds,RU000A10A6V6,362,2119,0.1708352996696555,0.0,2024-12-10,2026-05-15,-0.004915457738522643,0.046010731695003554,0.497291283288128,False,False
bonds,RU000A10A6W4,368,2119,0.17366682397357244,0.0,2024-12-02,2026-05-15,0.0009558310566228927,0.0028074656122517357,0.0120124989268445,False,False
bonds,RU000A10A794,365,2119,0.17225106182161398,0.0,2024-12-05,2026-05-15,0.001799492690569317,0.04889165948515421,0.438618292299032,False,False
bonds,RU000A10A7A8,366,2119,0.17272298253893345,0.0,2024-12-04,2026-05-15,0.001093532948283721,0.009652863508888103,0.107722925858616,False,False
bonds,RU000A10A7C4,366,2119,0.17272298253893345,0.0,2024-12-04,2026-05-15,0.0009173384535860604,0.004042149361988615,0.0204616366397188,False,False
bonds,RU000A10A7H3,366,2119,0.17272298253893345,0.00273224043715847,2024-12-04,2026-05-15,0.000809631860178323,0.0029674983930294075,0.0147498013361097,False,False
bonds,RU000A10A7S0,365,2119,0.17225106182161398,0.005479452054794521,2024-12-05,2026-05-15,0.0009387541837099418,0.0035851318141588433,0.0203804851124169,False,False
bonds,RU000A10A7Y8,363,2119,0.171307220386975,0.0,2024-12-09,2026-05-15,-0.0003173062115571306,0.10884664238087512,1.20843745281063,False,False
bonds,RU000A10A802,363,2119,0.171307220386975,0.0,2024-12-09,2026-05-15,-0.0004252597345258355,0.11348927599622669,1.29568015475338,False,False
bonds,RU000A10A810,363,2119,0.171307220386975,0.0,2024-12-09,2026-05-15,0.002744179999886859,0.0775561303663184,1.03481550522822,False,False
bonds,RU000A10A828,363,2119,0.171307220386975,0.0,2024-12-09,2026-05-15,0.0016816043952731527,0.04149258207088673,0.761386474645332,False,False
bonds,RU000A10A836,363,2119,0.171307220386975,0.0,2024-12-09,2026-05-15,0.002592740749925915,0.06496185446800926,1.21407301050123,False,False
bonds,RU000A10A844,363,2119,0.171307220386975,0.0,2024-12-09,2026-05-15,-0.00045093880940546893,0.12558456816717822,1.58686244484558,False,False
bonds,RU000A10A851,363,2119,0.171307220386975,0.0,2024-12-09,2026-05-15,-0.00048501297197415285,0.0975342764419142,1.22321870015582,False,False
bonds,RU000A10A869,364,2119,0.17177914110429449,0.0,2024-12-06,2026-05-15,-0.0005987416768701299,0.15509229635508998,1.86212959349242,False,False
bonds,RU000A10A877,361,2119,0.170363378952336,0.0,2024-12-11,2026-05-15,-0.000497035890086858,0.11650785571040276,1.32358578092317,False,False
bonds,RU000A10A893,363,2119,0.171307220386975,0.0,2024-12-09,2026-05-15,0.0011141831481176329,0.07935136602622579,1.49552268879055,False,False
bonds,RU000A10A8A6,363,2119,0.171307220386975,0.0,2024-12-09,2026-05-15,-0.0002792463070613891,0.09539292671054465,1.05425242215609,False,False
bonds,RU000A10A8E8,363,2119,0.171307220386975,0.0,2024-12-09,2026-05-15,0.001210230963401566,0.14403433782204522,1.46022061265131,False,False
bonds,RU000A10A8H1,364,2119,0.17177914110429449,0.0,2024-12-06,2026-05-15,0.0008810460181055399,0.005220746949758578,0.0438211849005625,False,False
bonds,RU000A10A9Z1,362,2119,0.1708352996696555,0.0,2024-12-10,2026-05-15,0.0008278505375518312,0.006299434820211694,0.0794257279780655,False,False
bonds,RU000A10AA10,362,2119,0.1708352996696555,0.0,2024-12-10,2026-05-15,0.0010547314775521417,0.007289510503231498,0.0262472022583087,False,False
bonds,RU000A10AA28,362,2119,0.1708352996696555,0.0027624309392265192,2024-12-10,2026-05-15,0.0009093908766468136,0.0024085014605780665,0.014700261790386,False,False
bonds,RU000A10AA44,9,2119,0.004247286455875413,0.8888888888888888,2026-05-05,2026-05-15,0.0007424830288114222,0.0022274490864342667,0.0066823472593028,False,False
bonds,RU000A10AAQ4,359,2119,0.16941953751769703,0.0,2024-12-13,2026-05-15,-0.0008600769148917678,0.01787789781759595,0.191756306610101,False,False
bonds,RU000A10AAU6,359,2119,0.16941953751769703,0.0,2024-12-13,2026-05-15,0.0009353230926206764,0.003016576268605311,0.0129454916719639,False,False
bonds,RU000A10ABC2,358,2119,0.16894761680037754,0.002793296089385475,2024-12-16,2026-05-15,1.873437799753853e-06,0.01838563849077854,0.343991879633119,False,False
bonds,RU000A10ABK5,358,2119,0.16894761680037754,0.0,2024-12-16,2026-05-15,0.0020511722969955844,0.03720722614650698,0.225126717739502,False,False
bonds,RU000A10AC67,350,2119,0.16517225106182162,0.0,2024-12-26,2026-05-15,0.0010095528462659325,0.004759244750546613,0.0296483513102384,False,False
bonds,RU000A10AC75,355,2119,0.16753185464841908,0.0,2024-12-19,2026-05-15,0.0004022514931956865,0.015224622093670748,0.278104104422714,False,False
bonds,RU000A10AC91,356,2119,0.16800377536573854,0.0,2024-12-18,2026-05-15,0.0007976253490758375,0.007103387994358063,0.103931259417312,False,False
bonds,RU000A10ACF3,355,2119,0.16753185464841908,0.0,2024-12-19,2026-05-15,0.0007989435009003112,0.00885883344547965,0.0967183796484276,False,False
bonds,RU000A10ADD6,355,2119,0.16753185464841908,0.005633802816901409,2024-12-19,2026-05-15,0.0012562650754502098,0.007987538555565925,0.0511421690431832,False,False
bonds,RU000A10ADJ3,355,2119,0.16753185464841908,0.005633802816901409,2024-12-19,2026-05-15,0.00014473665398096548,0.0068468745697879314,0.0556827646574266,False,False
bonds,RU000A10AEB8,354,2119,0.16705993393109958,0.002824858757062147,2024-12-20,2026-05-15,0.0008444805604791036,0.0021062370897100124,0.0130364491421519,False,False
bonds,RU000A10AEE2,354,2119,0.16705993393109958,0.0,2024-12-20,2026-05-15,0.0009872968390198496,0.012325001755922122,0.107029818916305,False,False
bonds,RU000A10AEF9,354,2119,0.16705993393109958,0.0,2024-12-20,2026-05-15,0.001392021109691998,0.01599758433513988,0.133104109143922,False,False
bonds,RU000A10AEG7,353,2119,0.16658801321378008,0.0,2024-12-23,2026-05-15,0.0009820981765396525,0.00427805900964595,0.0182130088390236,False,False
bonds,RU000A10AF49,304,2119,0.14346389806512505,0.0,2025-03-05,2026-05-15,0.0007852044089966132,0.0012829897308055632,0.0213543166240531,False,False
bonds,RU000A10AFQ3,351,2119,0.1656441717791411,0.0,2024-12-25,2026-05-15,0.00031693721392533924,0.013594088691453503,0.0946304108995676,False,False
bonds,RU000A10AFT7,351,2119,0.1656441717791411,0.0,2024-12-25,2026-05-15,0.0008711220423129204,0.012198839728366488,0.0528696843688981,False,False
bonds,RU000A10AFW1,351,2119,0.1656441717791411,0.0,2024-12-25,2026-05-15,0.0008185650882843845,0.002102222286878505,0.0121296985097947,False,False
bonds,RU000A10AFX9,351,2119,0.1656441717791411,0.0,2024-12-25,2026-05-15,0.0008045724254367076,0.0015386832275894123,0.0142367953731461,False,False
bonds,RU000A10AG22,350,2119,0.16517225106182162,0.0,2024-12-26,2026-05-15,0.0008859453337869937,0.0030402245660919596,0.0121831081085081,False,False
bonds,RU000A10AG30,282,2119,0.13308164228409627,0.8971631205673759,2025-04-04,2026-05-15,0.0011583210166066311,0.04689560159154731,0.340838485074236,False,False
bonds,RU000A10AG48,350,2119,0.16517225106182162,0.0,2024-12-26,2026-05-15,0.0011039005918795821,0.004973447156802493,0.0243728442105373,False,False
bonds,RU000A10AHA3,349,2119,0.16470033034450213,0.0,2024-12-27,2026-05-15,0.0007003627388967804,0.0028683044708423693,0.0241634278427846,False,False
bonds,RU000A10AHB1,349,2119,0.16470033034450213,0.0,2024-12-27,2026-05-15,0.0009283335792915374,0.004884810833169368,0.0203594899708833,False,False
bonds,RU000A10AHC9,349,2119,0.16470033034450213,0.0,2024-12-27,2026-05-15,0.0010398990148563943,0.005532162010081801,0.0271838262889421,False,False
bonds,RU000A10AHD7,349,2119,0.16470033034450213,0.0,2024-12-27,2026-05-15,0.0009374220934354198,0.007869315138719935,0.0839134602576733,False,False
bonds,RU000A10AHE5,349,2119,0.16470033034450213,0.0,2024-12-27,2026-05-15,0.0010869589441148517,0.0059801667842410075,0.026168352568968,False,False
bonds,RU000A10AHJ4,348,2119,0.16422840962718263,0.0028735632183908046,2024-12-28,2026-05-15,0.0008615318116515972,0.0030532232722932057,0.0135355075251777,False,False
bonds,RU000A10AHM8,347,2119,0.16375648890986313,0.0,2024-12-30,2026-05-15,0.0008146853518352112,0.005549459653094538,0.0326289265349279,False,False
bonds,RU000A10AHN6,347,2119,0.16375648890986313,0.002881844380403458,2024-12-30,2026-05-15,0.0008000394209223813,0.00514971767088736,0.0321109736829773,False,False
bonds,RU000A10AHP1,348,2119,0.16422840962718263,0.0028735632183908046,2024-12-28,2026-05-15,0.0007880603526052644,0.0058295785020622565,0.0335871726265046,False,False
bonds,RU000A10AHU1,347,2119,0.16375648890986313,0.002881844380403458,2024-12-30,2026-05-15,0.0014002601484242262,0.008955705897119593,0.0464360304392591,False,False
bonds,RU000A10AMY3,337,2119,0.15903728173666823,0.0,2025-01-17,2026-05-15,0.0012897729774752058,0.020040735907488012,0.273017098263043,False,False
bonds,RU000A10ANT1,327,2119,0.15431807456347332,0.0,2025-01-31,2026-05-15,0.00093474957585361,0.004990179205811994,0.0428986925995348,False,False
bonds,RU000A10ANY1,114,2119,0.053798961774421894,0.8421052631578947,2025-12-01,2026-05-15,0.002437457358925337,0.022005709441829616,0.165330194144124,False,False
bonds,RU000A10AQD8,330,2119,0.1557338367154318,0.0,2025-01-28,2026-05-15,-7.438376217877238e-05,0.008363431600388676,0.0437156196833107,False,False
bonds,RU000A10AR52,291,2119,0.13732892873997168,0.8281786941580757,2025-03-24,2026-05-15,0.0004544545658963875,0.02740892600906187,0.196020722969794,False,False
bonds,RU000A10AR60,302,2119,0.14252005663048609,0.8642384105960265,2025-03-07,2026-05-15,-0.0004728699536142256,0.04082300987323913,0.322542143005929,False,False
bonds,RU000A10ARR6,328,2119,0.15478999528079282,0.0,2025-01-30,2026-05-15,0.0007825301662153125,0.01756135806520363,0.0923710533476089,False,False
bonds,RU000A10ARZ9,327,2119,0.15431807456347332,0.0,2025-01-31,2026-05-15,0.0009145364086746716,0.012884814557707869,0.109140986532525,False,False
bonds,RU000A10AS02,327,2119,0.15431807456347332,0.0,2025-01-31,2026-05-15,0.0012073205695450698,0.013993371834753309,0.151766537739363,False,False
bonds,RU000A10AS28,322,2119,0.1519584709768759,0.006211180124223602,2025-02-07,2026-05-15,0.0009937145474858543,0.0036868621836917783,0.0157107645549412,False,False
bonds,RU000A10ASB8,326,2119,0.15384615384615385,0.0,2025-02-03,2026-05-15,0.0008460412931318356,0.002863199553107678,0.0140777408025255,False,False
bonds,RU000A10ASC6,326,2119,0.15384615384615385,0.0,2025-02-03,2026-05-15,0.0008401963897620802,0.0067856333005460205,0.101911893049844,False,False
bonds,RU000A10ASD4,326,2119,0.15384615384615385,0.0,2025-02-03,2026-05-15,0.0009558916215559462,0.004791127773768028,0.0282388855358024,False,False
bonds,RU000A10ASE2,326,2119,0.15384615384615385,0.0,2025-02-03,2026-05-15,0.0010845911881320577,0.004748103257544919,0.0219433418123491,False,False
bonds,RU000A10ASF9,325,2119,0.15337423312883436,0.009230769230769232,2025-02-04,2026-05-15,0.0008274329797454507,0.007055397246058498,0.100594693800864,False,False
bonds,RU000A10ASS2,325,2119,0.15337423312883436,0.006153846153846154,2025-02-04,2026-05-15,0.0008179424989255374,0.002283966372048575,0.0113730215176367,False,False
bonds,RU000A10AST0,310,2119,0.146295422369042,0.0,2025-02-25,2026-05-15,0.000652642708473868,0.005053770675079615,0.0386045606018057,False,False
bonds,RU000A10ASW4,324,2119,0.15290231241151486,0.0030864197530864196,2025-02-05,2026-05-15,0.0008413527186173471,0.0022841988911988004,0.00748798346404875,False,False
bonds,RU000A10ASY0,139,2119,0.06559697970740916,0.0,2025-10-27,2026-05-15,0.0008297392744733337,0.0009075520065696476,0.00637960696403899,False,False
bonds,RU000A10AT01,324,2119,0.15290231241151486,0.0,2025-02-05,2026-05-15,0.001263498770206551,0.02296676522378106,0.323279964029689,False,False
bonds,RU000A10AT27,306,2119,0.14440773949976404,0.0,2025-03-03,2026-05-15,0.0008890248563065482,0.004432866591789934,0.0209356089620954,False,False
bonds,RU000A10AT35,290,2119,0.1368570080226522,0.0,2025-03-25,2026-05-15,0.0007653814419501793,0.003007143963349144,0.0131661995144586,False,False
bonds,RU000A10ATC4,322,2119,0.1519584709768759,0.0,2025-02-07,2026-05-15,0.001246213443150617,0.007321073634098255,0.0427409287908216,False,False
bonds,RU000A10ATR2,322,2119,0.1519584709768759,0.0,2025-02-07,2026-05-15,0.0012485671577675598,0.005632693655811418,0.0186556915235135,False,False
bonds,RU000A10ATS0,321,2119,0.1514865502595564,0.0,2025-02-10,2026-05-15,0.0002701836095820838,0.03361563374157264,0.368490350859552,False,False
bonds,RU000A10ATW2,306,2119,0.14440773949976404,0.0,2025-03-03,2026-05-15,0.001077599335026484,0.003859695013748665,0.0160079582860669,False,False
bonds,RU000A10AU73,320,2119,0.1510146295422369,0.0,2025-02-11,2026-05-15,0.0009544037008437521,0.0027619276378769036,0.0143673038111697,False,False
bonds,RU000A10AUE8,319,2119,0.1505427088249174,0.0,2025-02-12,2026-05-15,0.0009732103607076522,0.006657631328642091,0.0465108421224926,False,False
bonds,RU000A10AUG3,318,2119,0.1500707881075979,0.0,2025-02-13,2026-05-15,0.0011465805274234048,0.0046721343784144114,0.0215145663030631,False,False
bonds,RU000A10AUX8,318,2119,0.1500707881075979,0.0,2025-02-13,2026-05-15,0.0008241067374871756,0.096299768386684,0.483533317672179,False,False
bonds,RU000A10AV15,317,2119,0.14959886739027844,0.006309148264984227,2025-02-14,2026-05-15,0.0009540316331541785,0.004725186401241145,0.019049083466355,False,False
bonds,RU000A10AV23,300,2119,0.1415762151958471,0.0033333333333333335,2025-03-11,2026-05-15,0.0007874843834412944,0.02503965657377681,0.201936699165911,False,False
bonds,RU000A10AV98,316,2119,0.14912694667295895,0.015822784810126583,2025-02-17,2026-05-15,0.0008468387280715146,0.0024079015717618285,0.0109342259297937,False,False
bonds,RU000A10AX05,164,2119,0.07739499764039641,0.9390243902439024,2025-09-22,2026-05-15,0.0006573513220110478,0.007866957333151332,0.100444775421904,False,False
bonds,RU000A10AX13,213,2119,0.10051911278905144,0.7276995305164319,2025-07-15,2026-05-15,0.0007863905804717558,0.028452831966198338,0.27362540967061,False,False
bonds,RU000A10AXH5,314,2119,0.14818310523831996,0.0,2025-02-19,2026-05-15,0.0008500352956658421,0.0042843427823382445,0.0225881016697952,False,False
bonds,RU000A10AXK9,314,2119,0.14818310523831996,0.0,2025-02-19,2026-05-15,0.0003597546414525061,0.01892714013594721,0.0874986296637751,False,False
bonds,RU000A10AXP8,314,2119,0.14818310523831996,0.0,2025-02-19,2026-05-15,0.0009478219732712436,0.004736072365827031,0.0162779715352422,False,False
bonds,RU000A10AXW4,313,2119,0.14771118452100046,0.0,2025-02-20,2026-05-15,0.00041403895210730606,0.09644242959758532,0.460338787525372,False,False
bonds,RU000A10AYB6,299,2119,0.1411042944785276,0.0,2025-02-24,2026-04-28,0.0012535594173705093,0.007150430555524716,0.0456257118015466,False,False
bonds,RU000A10AYD2,311,2119,0.1467673430863615,0.003215434083601286,2025-02-24,2026-05-15,0.0009608249690435612,0.0030367752099804564,0.0155849457754108,False,False
bonds,RU000A10AYF7,311,2119,0.1467673430863615,0.0,2025-02-24,2026-05-15,0.0010371538073687498,0.004548239970695782,0.0179590749674235,False,False
bonds,RU000A10AYM3,308,2119,0.145351580934403,0.0,2025-02-27,2026-05-15,0.0007729492278943371,0.022779715180623616,0.128937034874081,False,False
bonds,RU000A10AYU6,309,2119,0.1458235016517225,0.0,2025-02-26,2026-05-15,0.0011272939152992402,0.005169122036482258,0.0275089912408685,False,False
bonds,RU000A10AYW2,309,2119,0.1458235016517225,0.0,2025-02-26,2026-05-15,0.000980695426057697,0.00292709718228099,0.0270496240697157,False,False
bonds,RU000A10AZ45,308,2119,0.145351580934403,0.0,2025-02-27,2026-05-15,0.0008909791743084918,0.004525980522819485,0.0159401006553887,False,False
bonds,RU000A10AZ60,308,2119,0.145351580934403,0.003246753246753247,2025-02-27,2026-05-15,0.0009660268527022882,0.004312540424676772,0.020022383784143,False,False
bonds,RU000A10AZ78,225,2119,0.10618216139688533,0.8088888888888889,2025-06-27,2026-05-15,0.0011513473085674366,0.03699881699447084,0.197268502636509,False,False
bonds,RU000A10AZF4,307,2119,0.14487966021708354,0.003257328990228013,2025-02-28,2026-05-15,0.001074395166377034,0.011609709309626778,0.0904789160112122,False,False
bonds,RU000A10AZG2,307,2119,0.14487966021708354,0.0,2025-02-28,2026-05-15,0.0013757799031680579,0.006099089391510517,0.0199524720888929,False,False
bonds,RU000A10AZN8,306,2119,0.14440773949976404,0.0032679738562091504,2025-03-03,2026-05-15,0.0013499835332958104,0.010986027646136765,0.0820661780708574,False,False
bonds,RU000A10AZY5,304,2119,0.14346389806512505,0.0,2025-03-05,2026-05-15,0.0010891434424722833,0.003273277604776416,0.0239567286878765,False,False
bonds,RU000A10B008,304,2119,0.14346389806512505,0.0,2025-03-05,2026-05-15,0.0013571206659405706,0.10651536877533639,0.514399004078209,False,False
bonds,RU000A10B024,304,2119,0.14346389806512505,0.0,2025-03-05,2026-05-15,0.0009473195320318946,0.002896872465347172,0.0104647712245073,False,False
bonds,RU000A10B081,303,2119,0.14299197734780558,0.0,2025-03-06,2026-05-15,0.0012414420736635008,0.006615638696415936,0.0260067323643676,False,False
bonds,RU000A10B0A2,303,2119,0.14299197734780558,0.0,2025-03-06,2026-05-15,0.0007849876143690967,0.0014386252372748211,0.00853104951045877,False,False
bonds,RU000A10B0B0,303,2119,0.14299197734780558,0.0,2025-03-06,2026-05-15,0.0009910800472168382,0.0034800325363542493,0.0150241456948155,False,False
bonds,RU000A10B0C8,303,2119,0.14299197734780558,0.0,2025-03-06,2026-05-15,0.0005705095315241584,0.01844723995912342,0.0971019403246768,False,False
bonds,RU000A10B0J3,302,2119,0.14252005663048609,0.0,2025-03-07,2026-05-15,0.0006913482713571718,0.005439042562479148,0.0407472225839413,False,False
bonds,RU000A10B0R6,302,2119,0.14252005663048609,0.006622516556291391,2025-03-07,2026-05-15,0.001012063521055654,0.010433372751848882,0.109585020823751,False,False
bonds,RU000A10B0S4,302,2119,0.14252005663048609,0.006622516556291391,2025-03-07,2026-05-15,0.0008167298788784888,0.01224265154552747,0.109815162329067,False,False
bonds,RU000A10B0T2,139,2119,0.06559697970740916,0.0,2025-10-27,2026-05-15,0.001314493599600325,0.021298876959727178,0.103116981863409,False,False
bonds,RU000A10B0U0,302,2119,0.14252005663048609,0.0,2025-03-07,2026-05-15,0.0009819704918299136,0.003834272312776114,0.0172294482767564,False,False
bonds,RU000A10B0Z9,301,2119,0.1420481359131666,0.0,2025-03-10,2026-05-15,0.0009877310205423713,0.003412647334457873,0.0128346784024417,False,False
bonds,RU000A10B115,301,2119,0.1420481359131666,0.0,2025-03-10,2026-05-15,0.0009499730217456534,0.004833411012100398,0.02071317774521,False,False
bonds,RU000A10B1N3,300,2119,0.1415762151958471,0.0033333333333333335,2025-03-11,2026-05-15,0.0007879811500381876,0.002388927850637076,0.01335444618893,False,False
bonds,RU000A10B1Q6,300,2119,0.1415762151958471,0.0,2025-03-11,2026-05-15,0.001055738219280951,0.0055699755887287945,0.0196765989396328,False,False
bonds,RU000A10B1X2,299,2119,0.1411042944785276,0.0,2025-03-12,2026-05-15,0.00109239761011393,0.005015301367555544,0.017600511286782,False,False
bonds,RU000A10B214,298,2119,0.14063237376120813,0.0,2025-03-13,2026-05-15,0.0008148225561609961,0.002763157907847384,0.0139891273881711,False,False
bonds,RU000A10B255,298,2119,0.14063237376120813,0.0,2025-03-13,2026-05-15,0.00092438888529582,0.007794226781965375,0.0420444405194064,False,False
bonds,RU000A10B263,298,2119,0.14063237376120813,0.0,2025-03-13,2026-05-15,0.00099550185747074,0.0023426381514846887,0.0118583302654932,False,False
bonds,RU000A10B2D2,297,2119,0.14016045304388863,0.0,2025-03-14,2026-05-15,0.0012780618848604478,0.007257814927413783,0.0550334081088829,False,False
bonds,RU000A10B2F7,297,2119,0.14016045304388863,0.013468013468013467,2025-03-14,2026-05-15,0.0010411149595333765,0.004003152891437122,0.0317917036209639,False,False
bonds,RU000A10B2J9,297,2119,0.14016045304388863,0.0,2025-03-14,2026-05-15,0.0009554659086368937,0.0037354782432734023,0.0150678019885906,False,False
bonds,RU000A10B2M3,297,2119,0.14016045304388863,0.010101010101010102,2025-03-14,2026-05-15,0.001120590583633118,0.002265605190050206,0.00995033085316809,False,False
bonds,RU000A10B2P6,296,2119,0.13968853232656914,0.0,2025-03-17,2026-05-15,0.0011733691803350668,0.004973726996856272,0.0164298153153172,False,False
bonds,RU000A10B2T8,296,2119,0.13968853232656914,0.0,2025-03-17,2026-05-15,0.0010930729483448107,0.004676602815812991,0.0209646994516573,False,False
bonds,RU000A10B2U6,296,2119,0.13968853232656914,0.0,2025-03-17,2026-05-15,0.0010772837498090096,0.011265019845644467,0.0856213116641132,False,False
bonds,RU000A10B2X0,291,2119,0.13732892873997168,0.0,2025-03-24,2026-05-15,0.0009140747332887729,0.0032423942769255233,0.0137105751302036,False,False
bonds,RU000A10B313,293,2119,0.13827277017461068,0.0,2025-03-20,2026-05-15,0.000987919226727074,0.004098721645003821,0.0313781788650104,False,False
bonds,RU000A10B347,296,2119,0.13968853232656914,0.0,2025-03-17,2026-05-15,0.0005256390311516629,0.018602983797712584,0.0860203526118803,False,False
bonds,RU000A10B354,295,2119,0.13921661160924964,0.0,2025-03-18,2026-05-15,0.00040088069429902994,0.014016100886695934,0.2130073390844,False,False
bonds,RU000A10B3A6,295,2119,0.13921661160924964,0.0,2025-03-18,2026-05-15,0.0007933845238702755,0.0023450195726382674,0.00810530388531643,False,False
bonds,RU000A10B3C2,295,2119,0.13921661160924964,0.0,2025-03-18,2026-05-15,0.0007922685747122843,0.0061717990835562665,0.0615178366398377,False,False
bonds,RU000A10B3Q2,291,2119,0.13732892873997168,0.0,2025-03-24,2026-05-15,0.0009272442590176653,0.0032883969770691984,0.0132275355115449,False,False
bonds,RU000A10B3S8,291,2119,0.13732892873997168,0.0,2025-03-24,2026-05-15,0.0010669661076536977,0.004385987306478031,0.0169876447771613,False,False
bonds,RU000A10B3T6,295,2119,0.13921661160924964,0.0,2025-03-18,2026-05-15,0.000943785487032538,0.0041230877205200136,0.0208440050841058,False,False
bonds,RU000A10B3W0,294,2119,0.13874469089193014,0.0,2025-03-19,2026-05-15,-0.0011981671329143143,0.010118402394173767,0.0631256015001065,False,False
bonds,RU000A10B3X8,294,2119,0.13874469089193014,0.003401360544217687,2025-03-19,2026-05-15,0.0006045854750017923,0.007667528808999544,0.0426836789904579,False,False
bonds,RU000A10B3Y6,294,2119,0.13874469089193014,0.0,2025-03-19,2026-05-15,0.0009370438682711543,0.0056741079871396065,0.0192672094300567,False,False
bonds,RU000A10B3Z3,294,2119,0.13874469089193014,0.0,2025-03-19,2026-05-15,0.0006139096625364507,0.09907290107063078,0.465526966638798,False,False
bonds,RU000A10B420,293,2119,0.13827277017461068,0.0,2025-03-20,2026-05-15,0.0007845558452715517,0.0022530413727364206,0.0128936479292374,False,False
bonds,RU000A10B461,292,2119,0.13780084945729118,0.0,2025-03-21,2026-05-15,0.0011324941467479642,0.005198598297972169,0.0255180097267136,False,False
bonds,RU000A10B487,292,2119,0.13780084945729118,0.0,2025-03-21,2026-05-15,0.0008284143094870529,0.002732633614867031,0.0107799327189019,False,False
bonds,RU000A10B495,292,2119,0.13780084945729118,0.0,2025-03-21,2026-05-15,0.0007803520639831639,0.002843304630476363,0.0112799048369974,False,False
bonds,RU000A10B4A4,292,2119,0.13780084945729118,0.0,2025-03-21,2026-05-15,0.0008493748343946216,0.004713817163728127,0.0256521700722054,False,False
bonds,RU000A10B4D8,292,2119,0.13780084945729118,0.0,2025-03-21,2026-05-15,0.0007765903423527395,0.0020747835585752093,0.00962941349317077,False,False
bonds,RU000A10B4F3,292,2119,0.13780084945729118,0.0,2025-03-21,2026-05-15,0.0006082072874919661,0.1469513423132863,0.677626065209006,False,False
bonds,RU000A10B4H9,291,2119,0.13732892873997168,0.0,2025-03-24,2026-05-15,0.0005795171598663813,0.017360717407919536,0.198343129765975,False,False
bonds,RU000A10B4J5,291,2119,0.13732892873997168,0.0,2025-03-24,2026-05-15,0.0005176864491447443,0.1315068591670745,0.612429750057589,False,False
bonds,RU000A10B4K3,291,2119,0.13732892873997168,0.0,2025-03-24,2026-05-15,0.00035122530517316304,0.08728155210265273,0.410865923965761,False,False
bonds,RU000A10B4L1,291,2119,0.13732892873997168,0.0,2025-03-24,2026-05-15,0.0012722001889172504,0.018159961795080923,0.19124507604909,False,False
bonds,RU000A10B4T4,290,2119,0.1368570080226522,0.0,2025-03-25,2026-05-15,0.0002189142158202723,0.0066288909766325345,0.0444660054953053,False,False
bonds,RU000A10B4U2,290,2119,0.1368570080226522,0.0,2025-03-25,2026-05-15,0.0008109738874589721,0.002198758649725349,0.0144291431052896,False,False
bonds,RU000A10B4V0,289,2119,0.1363850873053327,0.0,2025-03-26,2026-05-15,0.0006453895230035059,0.01907774146850999,0.0950356752142703,False,False
bonds,RU000A10B4W8,290,2119,0.1368570080226522,0.0,2025-03-25,2026-05-15,0.0008039017626650574,0.0014919586484496324,0.00710301331302128,False,False
bonds,RU000A10B4X6,290,2119,0.1368570080226522,0.0034482758620689655,2025-03-25,2026-05-15,0.0008056065819816185,0.002003692453930691,0.00907309430883385,False,False
bonds,RU000A10B5A1,289,2119,0.1363850873053327,0.0,2025-03-26,2026-05-15,0.0012851174990307732,0.007140091976781121,0.0335298252823918,False,False
bonds,RU000A10B5C7,288,2119,0.13591316658801322,0.0,2025-03-27,2026-05-15,0.0004075879918892702,0.01447262676133571,0.0878995646068288,False,False
bonds,RU000A10B5S3,202,2119,0.09532798489853704,0.8564356435643564,2025-07-30,2026-05-15,0.001194788970172013,0.03548463406708144,0.356662087264225,False,False
bonds,RU000A10B6K8,287,2119,0.13544124587069373,0.0,2025-03-28,2026-05-15,0.001189031650604163,0.0074641877451797,0.0562295485687418,False,False
bonds,RU000A10B6W3,167,2119,0.07881075979235488,0.8802395209580839,2025-09-17,2026-05-15,0.0022895355036718083,0.08572368314247651,0.762016534260178,False,False
bonds,RU000A10B6Z6,118,2119,0.05568664464369986,0.8983050847457628,2025-11-25,2026-05-15,0.0023436494229405365,0.04225985735682832,0.336466522433456,False,False
bonds,RU000A10B727,287,2119,0.13544124587069373,0.0,2025-03-28,2026-05-15,0.0008135512756940911,0.003350206186015278,0.0181027381273196,False,False
bonds,RU000A10B735,287,2119,0.13544124587069373,0.0,2025-03-28,2026-05-15,0.001047751658700885,0.004228999248668664,0.0212139087594616,False,False
bonds,RU000A10B7D1,285,2119,0.13449740443605473,0.0035087719298245615,2025-04-01,2026-05-15,0.0009015709213905131,0.03772945158568991,0.359201537867777,False,False
bonds,RU000A10B7H2,284,2119,0.13402548371873524,0.0,2025-04-02,2026-05-15,0.001020701269575573,0.005563532941785039,0.0505195544009826,False,False
bonds,RU000A10B7J8,284,2119,0.13402548371873524,0.0,2025-04-02,2026-05-15,0.0011763757129995482,0.0804186934178105,0.402846378627693,False,False
bonds,RU000A10B7N0,283,2119,0.13355356300141577,0.0,2025-04-03,2026-05-15,0.0012723791128428448,0.007113206264931456,0.0307553730031862,False,False
bonds,RU000A10B7S9,283,2119,0.13355356300141577,0.0,2025-04-03,2026-05-15,0.001211909298557428,0.003870449896044932,0.0164786978412087,False,False
bonds,RU000A10B7T7,283,2119,0.13355356300141577,0.0,2025-04-03,2026-05-15,-0.0035974079421773066,0.02335896671410781,0.174247706555554,False,False
bonds,RU000A10B7W1,282,2119,0.13308164228409627,0.0,2025-04-04,2026-05-15,0.0012808177121457138,0.006437729599905466,0.0365328258965608,False,False
bonds,RU000A10B8C1,281,2119,0.13260972156677678,0.0,2025-04-07,2026-05-15,0.00044931053768077357,0.009539640249654084,0.109583259751686,False,False
bonds,RU000A10B8D9,279,2119,0.1316658801321378,0.0,2025-04-09,2026-05-15,0.0007701856687798676,0.0022533279497661753,0.0110441988531563,False,False
bonds,RU000A10B8M0,280,2119,0.13213780084945728,0.0,2025-04-08,2026-05-15,0.0010123597893741598,0.0040893085770375,0.0143073476980671,False,False
bonds,RU000A10B8P3,280,2119,0.13213780084945728,0.0,2025-04-08,2026-05-15,0.0008366148877696437,0.002188445147846575,0.00944879706036718,False,False
bonds,RU000A10B8R9,280,2119,0.13213780084945728,0.0,2025-04-08,2026-05-15,0.00095110115362682,0.005977426591813294,0.0396573892437031,False,False
bonds,RU000A10B8X7,279,2119,0.1316658801321378,0.0,2025-04-09,2026-05-15,0.0011013891678097467,0.003565739981831641,0.0135161910178676,False,False
bonds,RU000A10B925,279,2119,0.1316658801321378,0.0035842293906810036,2025-04-09,2026-05-15,0.0009967354664692913,0.003321105986720619,0.0157286337286726,False,False
bonds,RU000A10B933,279,2119,0.1316658801321378,0.0,2025-04-09,2026-05-15,0.0011798843443777448,0.004143558706069494,0.0151090933779996,False,False
bonds,RU000A10B9Q9,278,2119,0.13119395941481832,0.007194244604316547,2025-04-10,2026-05-15,0.001396981558299735,0.005750722034980325,0.0245618915894187,False,False
bonds,RU000A10BA35,249,2119,0.1175082586125531,0.8032128514056225,2025-05-23,2026-05-15,0.0006653972515700068,0.023878606203115466,0.160637358036968,False,False
bonds,RU000A10BA43,125,2119,0.05899008966493629,0.92,2025-11-14,2026-05-15,0.0014335491409907663,0.01059533712656111,0.0835482617183718,False,False
bonds,RU000A10BA50,209,2119,0.09863142991977347,0.8277511961722488,2025-07-21,2026-05-15,0.0003653961272536108,0.030112962361693703,0.261955129996512,False,False
bonds,RU000A10BA68,148,2119,0.06984426616328457,0.6756756756756757,2025-10-14,2026-05-15,0.0012727369101294711,0.01193194802797928,0.0776160423134686,False,False
bonds,RU000A10BA76,210,2119,0.09910335063709297,0.49047619047619045,2025-07-18,2026-05-15,-6.029241820690279e-05,0.014791716748398971,0.0951083856536707,False,False
bonds,RU000A10BAN9,214,2119,0.10099103350637093,0.8691588785046729,2025-07-14,2026-05-15,0.0012103664018392167,0.03009721184332457,0.231983641602384,False,False
bonds,RU000A10BAP4,276,2119,0.13025011798017933,0.018115942028985508,2025-04-14,2026-05-15,0.001094749286564418,0.004602575183025308,0.0165530055716761,False,False
bonds,RU000A10BB75,277,2119,0.13072203869749882,0.0,2025-04-11,2026-05-15,-4.214620391124221e-05,0.03410137168719039,0.332112905750626,False,False
bonds,RU000A10BB83,277,2119,0.13072203869749882,0.0,2025-04-11,2026-05-15,-0.007432585550824663,0.05904026793552374,0.508161788964692,False,False
bonds,RU000A10BBD8,276,2119,0.13025011798017933,0.0,2025-04-14,2026-05-15,0.0008976934481669917,0.0027696818999076722,0.01194277161176,False,False
bonds,RU000A10BBE6,276,2119,0.13025011798017933,0.0,2025-04-14,2026-05-15,0.0009481081117291057,0.005125538276135357,0.0298798719959656,False,False
bonds,RU000A10BBG1,276,2119,0.13025011798017933,0.0,2025-04-14,2026-05-15,0.0010207112404147186,0.004068735665255302,0.0182697762296854,False,False
bonds,RU000A10BBW8,274,2119,0.12930627654554036,0.0,2025-04-16,2026-05-15,0.0006162197962663778,0.09553531921082536,0.472623526077948,False,False
bonds,RU000A10BF48,270,2119,0.12741859367626238,0.007407407407407408,2025-04-22,2026-05-15,0.0007754423736056519,0.0010254884470667549,0.00409496989135746,False,False
bonds,RU000A10BF63,128,2119,0.060405851816894764,0.8359375,2025-11-11,2026-05-15,-0.003493576402195786,0.05040610369174473,0.559446141291117,False,False
bonds,RU000A10BFG2,272,2119,0.12836243511090137,0.0,2025-04-18,2026-05-15,0.0009722032491960297,0.0029667109170098886,0.0141979537768716,False,False
bonds,RU000A10BFJ6,271,2119,0.12789051439358187,0.01845018450184502,2025-04-21,2026-05-15,0.0011801069268853343,0.005144408573009839,0.0168909203032659,False,False
bonds,RU000A10BFK4,271,2119,0.12789051439358187,0.0,2025-04-21,2026-05-15,0.0010915076427355644,0.009159018969518963,0.0447549688921792,False,False
bonds,RU000A10BFL2,271,2119,0.12789051439358187,0.0,2025-04-21,2026-05-15,0.0008468578868529665,0.010267888857257913,0.0930646152372275,False,False
bonds,RU000A10BFM0,271,2119,0.12789051439358187,0.0,2025-04-21,2026-05-15,0.0004158559682948973,0.08422505950940948,0.394372945946044,False,False
bonds,RU000A10BFP3,270,2119,0.12741859367626238,0.0,2025-04-22,2026-05-15,0.0012128215983105556,0.007783388362503872,0.0691259707023745,False,False
bonds,RU000A10BFX7,269,2119,0.1269466729589429,0.0037174721189591076,2025-04-23,2026-05-15,0.0010849981700747275,0.009729666626311008,0.0657944684001532,False,False
bonds,RU000A10BFZ2,269,2119,0.1269466729589429,0.0,2025-04-23,2026-05-15,0.0007945040798732345,0.003815762429153361,0.0158951916023746,False,False
bonds,RU000A10BG05,269,2119,0.1269466729589429,0.011152416356877323,2025-04-23,2026-05-15,0.0007948258256076719,0.004724651251639364,0.0254317117152723,False,False
bonds,RU000A10BG13,269,2119,0.1269466729589429,0.0,2025-04-23,2026-05-15,0.0007743105255147415,0.0034186734871777457,0.0174755318034521,False,False
bonds,RU000A10BGC9,267,2119,0.12600283152430392,0.011235955056179775,2025-04-25,2026-05-15,0.0012837263833457386,0.004617162951821378,0.0223960640312648,False,False
bonds,RU000A10BGF2,267,2119,0.12600283152430392,0.0,2025-04-25,2026-05-15,0.0009295762842550619,0.0032887910086809077,0.0185843996821496,False,False
bonds,RU000A10BGH8,267,2119,0.12600283152430392,0.0,2025-04-25,2026-05-15,0.0015514545555479218,0.08459643819855141,0.434691565778794,False,False
bonds,RU000A10BGJ4,267,2119,0.12600283152430392,0.0,2025-04-25,2026-05-15,0.0008420829512751281,0.0017342858859479321,0.0100159673110252,False,False
bonds,RU000A10BGU1,266,2119,0.12553091080698442,0.0,2025-04-28,2026-05-15,0.0010386796986135986,0.004163338717338122,0.0285602263928211,False,False
bonds,RU000A10BGW7,266,2119,0.12553091080698442,0.0,2025-04-28,2026-05-15,0.0008983489895111562,0.020681850378887385,0.0815952610059802,False,False
bonds,RU000A10BGY3,266,2119,0.12553091080698442,0.0,2025-04-28,2026-05-15,0.000777406499695988,0.00241035919251126,0.0122433696939725,False,False
bonds,RU000A10BHX3,264,2119,0.12458706937234544,0.007575757575757576,2025-04-30,2026-05-15,0.0010388989586864914,0.004403811957266723,0.0330721797686264,False,False
bonds,RU000A10BJ85,263,2119,0.12411514865502596,0.0,2025-05-02,2026-05-15,0.0008686805221654402,0.0025105508067706046,0.0111720964454845,False,False
bonds,RU000A10BJL4,260,2119,0.12269938650306748,0.007692307692307693,2025-05-07,2026-05-15,0.0010497583100661713,0.0023918043459605666,0.00977624969885108,False,False
bonds,RU000A10BJX9,243,2119,0.11467673430863615,0.0,2025-06-02,2026-05-15,0.0010179310139555315,0.0036502753684205104,0.0146463466950384,False,False
bonds,RU000A10BK09,259,2119,0.12222746578574799,0.0,2025-05-08,2026-05-15,0.0007864912795466215,0.0013721524925748507,0.0074818110094811,False,False
bonds,RU000A10BK17,259,2119,0.12222746578574799,0.0,2025-05-08,2026-05-15,0.001098654439430126,0.004442112649965516,0.016929199340182,False,False
bonds,RU000A10BL73,239,2119,0.11278905143935819,0.9581589958158996,2025-06-06,2026-05-15,4.402037697360754e-05,0.0006744561985984478,0.01042718823516,False,False
bonds,RU000A10BLG0,253,2119,0.11939594148183105,0.0,2025-05-19,2026-05-15,0.000866964314538207,0.028988388576098995,0.134222070065667,False,False
bonds,RU000A10BM56,249,2119,0.1175082586125531,0.0,2025-05-23,2026-05-15,0.0012016881342097206,0.004377177598646193,0.0153531921452022,False,False
bonds,RU000A10BNE1,248,2119,0.1170363378952336,0.0,2025-05-26,2026-05-15,0.000913165553683646,0.005611266212829261,0.031724116138413,False,False
bonds,RU000A10BNF8,248,2119,0.1170363378952336,0.0,2025-05-26,2026-05-15,0.0008354863868309646,0.005434241295185048,0.0246288760384996,False,False
bonds,RU000A10BNK8,248,2119,0.1170363378952336,0.0,2025-05-26,2026-05-15,0.001086649561833028,0.00577173905918875,0.0209695954602397,False,False
bonds,RU000A10BNM4,248,2119,0.1170363378952336,0.008064516129032258,2025-05-26,2026-05-15,0.0013568207035983774,0.0048910555530746564,0.0237081472261199,False,False
bonds,RU000A10BP38,246,2119,0.11609249646059462,0.0,2025-05-28,2026-05-15,0.000823299868096047,0.00495441979343522,0.0190365459482258,False,False
bonds,RU000A10BP46,246,2119,0.11609249646059462,0.0,2025-05-28,2026-05-15,0.001130301370963568,0.005078092795424934,0.0229323999997751,False,False
bonds,RU000A10BP53,246,2119,0.11609249646059462,0.0,2025-05-28,2026-05-15,0.00019222225491592987,0.008814909832524455,0.0355758194197908,False,False
bonds,RU000A10BP79,246,2119,0.11609249646059462,0.0,2025-05-28,2026-05-15,0.0008408522798249152,0.0031048487445298526,0.0134847221081101,False,False
bonds,RU000A10BP87,246,2119,0.11609249646059462,0.0,2025-05-28,2026-05-15,0.0013460641738600133,0.0037637144492839295,0.0170359220985253,False,False
bonds,RU000A10BPC0,130,2119,0.06134969325153374,0.8384615384615385,2025-11-07,2026-05-15,0.0011001602634306126,0.019308718891633984,0.143019599604287,False,False
bonds,RU000A10BPD8,202,2119,0.09532798489853704,0.7376237623762376,2025-07-30,2026-05-15,0.0008800590798626385,0.03220885090803364,0.24511943874669,False,False
bonds,RU000A10BPF3,244,2119,0.11514865502595564,0.0,2025-05-30,2026-05-15,0.0017445014848158768,0.011966496378852462,0.114315300816242,False,False
bonds,RU000A10BPN7,244,2119,0.11514865502595564,0.004098360655737705,2025-05-30,2026-05-15,0.0012286694336531504,0.004882349821725673,0.0195734240913286,False,False
bonds,RU000A10BPP2,244,2119,0.11514865502595564,0.0,2025-05-30,2026-05-15,0.0013670691893229578,0.0777683838981274,0.390855578141684,False,False
bonds,RU000A10BPQ0,244,2119,0.11514865502595564,0.00819672131147541,2025-05-30,2026-05-15,0.0008605523481925636,0.0076128351086951025,0.0330680048670523,False,False
bonds,RU000A10BPX6,243,2119,0.11467673430863615,0.0,2025-06-02,2026-05-15,0.0008311484543267176,0.005379674065677041,0.0221557365462482,False,False
bonds,RU000A10BPZ1,243,2119,0.11467673430863615,0.0,2025-06-02,2026-05-15,0.0010813289839933244,0.004431406521441936,0.0149728116248828,False,False
bonds,RU000A10BQ03,243,2119,0.11467673430863615,0.0,2025-06-02,2026-05-15,0.0012677529927077457,0.0049258486564456114,0.0210476592653692,False,False
bonds,RU000A10BQ60,242,2119,0.11420481359131666,0.01652892561983471,2025-06-03,2026-05-15,0.0011360421023444932,0.0054065196980610875,0.0395706113556882,False,False
bonds,RU000A10BQ78,242,2119,0.11420481359131666,0.0,2025-06-03,2026-05-15,0.000830332801323911,0.003600900956437674,0.0142796486405626,False,False
bonds,RU000A10BQB0,241,2119,0.11373289287399717,0.0,2025-06-04,2026-05-15,0.000998516540843083,0.004457880586309936,0.0162415067851114,False,False
bonds,RU000A10BQC8,241,2119,0.11373289287399717,0.0,2025-06-04,2026-05-15,0.0008518910921004881,0.005040252673077302,0.016260220922277,False,False
bonds,RU000A10BQD6,241,2119,0.11373289287399717,0.004149377593360996,2025-06-04,2026-05-15,0.0007405951315621605,0.0022070631510037824,0.00954743663093033,False,False
bonds,RU000A10BQF1,240,2119,0.11326097215667767,0.004166666666666667,2025-06-05,2026-05-15,0.0008002799296544168,0.0025299951915524403,0.00969344303508998,False,False
bonds,RU000A10BQH7,240,2119,0.11326097215667767,0.0,2025-06-05,2026-05-15,0.0011177063930859555,0.0038880680038081974,0.0184037820766961,False,False
bonds,RU000A10BQK1,222,2119,0.10476639924492685,0.0,2025-07-02,2026-05-15,-0.0019944683826600747,0.014426675576565398,0.0806383161241592,False,False
bonds,RU000A10BQM7,239,2119,0.11278905143935819,0.0,2025-06-06,2026-05-15,0.001235941725740522,0.012380424689080806,0.1112973758288,False,False
bonds,RU000A10BQR6,223,2119,0.10523831996224635,0.0,2025-07-01,2026-05-15,-0.0022906110204311144,0.014805901909032587,0.0867020034724582,False,False
bonds,RU000A10BQU0,239,2119,0.11278905143935819,0.0,2025-06-06,2026-05-15,0.0014333308479190395,0.08389470110852737,0.445035519682391,False,False
bonds,RU000A10BQV8,239,2119,0.11278905143935819,0.0,2025-06-06,2026-05-15,0.001647886767524282,0.11395651147296561,0.574481974391987,False,False
bonds,RU000A10BQX4,239,2119,0.11278905143935819,0.008368200836820083,2025-06-06,2026-05-15,0.0007656333255776749,0.0026117027964940873,0.0158021235887587,False,False
bonds,RU000A10BR02,237,2119,0.11184521000471921,0.0,2025-06-10,2026-05-15,0.0014197727927798547,0.04429379930341475,0.264611480766733,False,False
bonds,RU000A10BR10,194,2119,0.09155261915998113,0.8556701030927835,2025-08-11,2026-05-15,3.92719452798572e-07,0.06323411612672353,0.467712825903664,False,False
bonds,RU000A10BR51,221,2119,0.10429447852760736,0.8461538461538461,2025-07-03,2026-05-15,0.0016160085206810193,0.051113040722119495,0.346998442276076,False,False
bonds,RU000A10BRG7,101,2119,0.04766399244926852,0.9405940594059405,2025-12-18,2026-05-15,-0.0006843619504964979,0.00872429954637861,0.0858993721373846,False,False
bonds,RU000A10BRM5,238,2119,0.1123171307220387,0.0,2025-06-09,2026-05-15,0.0010769688086029268,0.08067881458056093,0.403904856531845,False,False
bonds,RU000A10BRN3,237,2119,0.11184521000471921,0.0,2025-06-10,2026-05-15,0.0009956189665363587,0.004709635748453051,0.0198881546656175,False,False
bonds,RU000A10BRR4,237,2119,0.11184521000471921,0.0,2025-06-10,2026-05-15,0.0007572833902859232,0.0021398947055203308,0.0132223046718217,False,False
bonds,RU000A10BS68,235,2119,0.11090136857008023,0.0,2025-06-13,2026-05-15,0.0012217232269623954,0.13738578723365427,0.701666689774675,False,False
bonds,RU000A10BS76,235,2119,0.11090136857008023,0.0,2025-06-13,2026-05-15,0.0006451913093588741,0.006295519020218961,0.0261434307767772,False,False
bonds,RU000A10BSL5,235,2119,0.11090136857008023,0.0,2025-06-13,2026-05-15,0.000791874521905277,0.003721029617382597,0.0174344431578625,False,False
bonds,RU000A10BSQ4,234,2119,0.11042944785276074,0.5769230769230769,2025-06-16,2026-05-15,0.00024981867338277295,0.037917242423408645,0.235331136506095,False,False
bonds,RU000A10BT00,232,2119,0.10948560641812176,0.0,2025-06-18,2026-05-15,-0.007218880108168313,0.050277769232921654,0.500768080717215,False,False
bonds,RU000A10BT34,232,2119,0.10948560641812176,0.0,2025-06-18,2026-05-15,0.0007508247725321445,0.005211208343271679,0.0324197374069494,False,False
bonds,RU000A10BTA6,231,2119,0.10901368570080226,0.0,2025-06-19,2026-05-15,0.0007807747130607379,0.0030352234125038888,0.0118902278830705,False,False
bonds,RU000A10BTC2,231,2119,0.10901368570080226,0.0,2025-06-19,2026-05-15,0.000755268654062325,0.003948200661963176,0.0256394711487542,False,False
bonds,RU000A10BTJ7,230,2119,0.10854176498348278,0.0,2025-06-20,2026-05-15,0.0008484649906615451,0.0021271015906656515,0.00685913742933571,False,False
bonds,RU000A10BTQ2,230,2119,0.10854176498348278,0.0,2025-06-20,2026-05-15,0.0010768315462318812,0.0021602995414545783,0.00952162850387785,False,False
bonds,RU000A10BTT6,230,2119,0.10854176498348278,0.0,2025-06-20,2026-05-15,0.0010539266871078022,0.004061134281274025,0.0139493906896644,False,False
bonds,RU000A10BTU4,230,2119,0.10854176498348278,0.0,2025-06-20,2026-05-15,0.0003157744832556797,0.0862622955362866,0.410603678722715,False,False
bonds,RU000A10BU07,229,2119,0.10806984426616328,0.0,2025-06-23,2026-05-15,0.0029227960036556848,0.12190972128116247,0.59068270312419,False,False
bonds,RU000A10BU23,229,2119,0.10806984426616328,0.0,2025-06-23,2026-05-15,0.0005267916125201044,0.014340209263141064,0.0765685894847674,False,False
bonds,RU000A10BU31,229,2119,0.10806984426616328,0.004366812227074236,2025-06-23,2026-05-15,0.0008347725526019192,0.003343749502196823,0.0101134553486701,False,False
bonds,RU000A10BUK3,225,2119,0.10618216139688533,0.0,2025-06-27,2026-05-15,0.0007198094879162811,0.0048771521056770115,0.0361629788486034,False,False
bonds,RU000A10BUM9,227,2119,0.1071260028315243,0.0,2025-06-25,2026-05-15,0.0010441529310530329,0.006454302692392816,0.0294474401905085,False,False
bonds,RU000A10BUN7,227,2119,0.1071260028315243,0.0,2025-06-25,2026-05-15,0.00040495523146058776,0.006266175112296246,0.0290432017711483,False,False
bonds,RU000A10BUQ0,168,2119,0.07928268050967438,0.9345238095238095,2025-09-16,2026-05-15,0.001255036969090705,0.05032732757795594,0.481113489074111,False,False
bonds,RU000A10BV22,227,2119,0.1071260028315243,0.0,2025-06-25,2026-05-15,0.0007268174917185724,0.003736874592395892,0.0147995060358701,False,False
bonds,RU000A10BV55,227,2119,0.1071260028315243,0.0,2025-06-25,2026-05-15,0.0016843503492808057,0.08053829606939009,0.393529108019626,False,False
bonds,RU000A10BV89,227,2119,0.1071260028315243,0.0,2025-06-25,2026-05-15,0.0013553709774344928,0.011138130548882963,0.0789100588315387,False,False
bonds,RU000A10BVN5,160,2119,0.07550731477111845,0.9375,2025-09-26,2026-05-15,0.0021597764826966556,0.043505637227206864,0.505645935931852,False,False
bonds,RU000A10BVS4,225,2119,0.10618216139688533,0.0,2025-06-27,2026-05-15,0.0003573007865574005,0.0018952900468309675,0.0087411683451115,False,False
bonds,RU000A10BVT2,210,2119,0.09910335063709297,0.0,2025-07-18,2026-05-15,0.000765108484565738,0.006432872079290724,0.0333961192536734,False,False
bonds,RU000A10BVW6,225,2119,0.10618216139688533,0.0,2025-06-27,2026-05-15,-0.0010910122874882612,0.03892921584400216,0.329742160834092,False,False
bonds,RU000A10BVY2,218,2119,0.1028787163756489,0.0,2025-07-08,2026-05-15,0.0006899768619315077,0.006700796929679838,0.0182322648622905,False,False
bonds,RU000A10BW39,224,2119,0.10571024067956583,0.0,2025-06-30,2026-05-15,0.0011991481286527364,0.004179845885280469,0.0167156575828727,False,False
bonds,RU000A10BW62,224,2119,0.10571024067956583,0.004464285714285714,2025-06-30,2026-05-15,0.0007214234646042959,0.0017463572815739803,0.00614697680783537,False,False
bonds,RU000A10BW70,224,2119,0.10571024067956583,0.03125,2025-06-30,2026-05-15,0.0009113767233946072,0.0028515730272058023,0.0102859638287547,False,False
bonds,RU000A10BW88,224,2119,0.10571024067956583,0.004464285714285714,2025-06-30,2026-05-15,0.001161341413562773,0.003689793897948545,0.0121560789384971,False,False
bonds,RU000A10BW96,224,2119,0.10571024067956583,0.0,2025-06-30,2026-05-15,0.0009605782057410196,0.010022072543089318,0.0822291926848059,False,False
bonds,RU000A10BWA0,218,2119,0.1028787163756489,0.0,2025-07-08,2026-05-15,0.0006251295607855803,0.0049415866357428164,0.0205079722628431,False,False
bonds,RU000A10BWC6,224,2119,0.10571024067956583,0.004464285714285714,2025-06-30,2026-05-15,0.0009579862765611383,0.0032457475833454438,0.0172177958411296,False,False
bonds,RU000A10BWN3,223,2119,0.10523831996224635,0.0,2025-07-01,2026-05-15,0.0009523363440541405,0.003998442381976454,0.0171739679643301,False,False
bonds,RU000A10BXQ4,222,2119,0.10476639924492685,0.0,2025-07-02,2026-05-15,-0.00011856358209954873,0.006960486961675991,0.0364948800748704,False,False
bonds,RU000A10BXV4,222,2119,0.10476639924492685,0.0,2025-07-02,2026-05-15,0.00021712574873143547,0.008473311128774865,0.0493367677364123,False,False
bonds,RU000A10BXW2,221,2119,0.10429447852760736,0.9004524886877828,2025-07-03,2026-05-15,0.0010360118146339706,0.00582504045982526,0.0463454702254439,False,False
bonds,RU000A10BY03,222,2119,0.10476639924492685,0.0,2025-07-02,2026-05-15,0.0004048959554501216,0.013856027130956166,0.0668858426365201,False,False
bonds,RU000A10BY45,221,2119,0.10429447852760736,0.0,2025-07-03,2026-05-15,0.0009533621304787075,0.004579105492791175,0.0163490358817212,False,False
bonds,RU000A10BY52,222,2119,0.10476639924492685,0.0,2025-07-02,2026-05-15,0.0006669725095544257,0.012186141263207561,0.0806236866528176,False,False
bonds,RU000A10BY94,221,2119,0.10429447852760736,0.0,2025-07-03,2026-05-15,0.0009373506541234945,0.003917137224319212,0.0139224232617116,False,False
bonds,RU000A10BYA6,187,2119,0.0882491741387447,0.9037433155080213,2025-08-20,2026-05-15,0.0004606916978548681,0.06936294830888873,0.510786875125648,False,False
bonds,RU000A10BYB4,54,2119,0.025483718735252476,0.9444444444444444,2026-03-02,2026-05-15,0.00130068376269061,0.009553164439538686,0.0702017934285761,False,False
bonds,RU000A10BYR0,220,2119,0.10382255781028787,0.0,2025-07-04,2026-05-15,0.0012513178415696062,0.006179867638637883,0.0334467480298134,False,False
bonds,RU000A10BYZ3,219,2119,0.10335063709296838,0.0,2025-07-07,2026-05-15,0.0008200524200879698,0.0036932141948493417,0.0144693977080433,False,False
bonds,RU000A10BZJ4,208,2119,0.09815950920245399,0.0,2025-07-22,2026-05-15,0.0008185667384800479,0.0037589792842127857,0.0213041138207435,False,False
bonds,RU000A10BZT3,217,2119,0.1024067956583294,0.004608294930875576,2025-07-09,2026-05-15,0.0007877582349381774,0.002733237388496511,0.0124310392715228,False,False
bonds,RU000A10C055,194,2119,0.09155261915998113,0.9072164948453608,2025-08-11,2026-05-15,-5.6208070986465236e-05,0.022810808416231437,0.230165475648465,False,False
bonds,RU000A10C071,142,2119,0.06701274185936762,0.9577464788732394,2025-10-22,2026-05-15,-6.410133186342875e-05,0.0007736500252887243,0.00921814192306004,False,False
bonds,RU000A10C089,112,2119,0.052855120339782916,0.9464285714285714,2025-12-03,2026-05-15,-0.00062306894591336,0.005592400492865949,0.0581177734583297,False,False
bonds,RU000A10C097,183,2119,0.08636149126946673,0.8579234972677595,2025-08-26,2026-05-15,-0.0005582862765073135,0.03269012925579123,0.276722357940509,False,False
bonds,RU000A10C0A1,177,2119,0.08352996696554979,0.8813559322033898,2025-09-03,2026-05-15,0.00042106192885971926,0.036685415426622126,0.240868517917629,False,False
bonds,RU000A10C0X3,216,2119,0.1019348749410099,0.0,2025-07-10,2026-05-15,0.00041824099904213874,0.01658021835500918,0.0834748406531754,False,False
bonds,RU000A10C2E9,213,2119,0.10051911278905144,0.0,2025-07-15,2026-05-15,0.0008680542649934745,0.004039920217479678,0.0159250321135389,False,False
bonds,RU000A10C2L4,212,2119,0.10004719207173195,0.0,2025-07-16,2026-05-15,0.0008384952882945091,0.0033553273928455564,0.0109585058162671,False,False
bonds,RU000A10C2N0,193,2119,0.09108069844266163,0.7823834196891192,2025-08-12,2026-05-15,0.0021061821291170676,0.034495868125280195,0.336362135787088,False,False
bonds,RU000A10C2R1,212,2119,0.10004719207173195,0.0,2025-07-16,2026-05-15,-0.001228676042580919,0.022800022898756662,0.201077877511858,False,False
bonds,RU000A10C329,212,2119,0.10004719207173195,0.0,2025-07-16,2026-05-15,0.0007651548037115065,0.0015673898046376386,0.00646941041871045,False,False
bonds,RU000A10C3B3,210,2119,0.09910335063709297,0.0,2025-07-18,2026-05-15,0.0011344776484620179,0.004363402944348491,0.0127055623282352,False,False
bonds,RU000A10C3F4,192,2119,0.09060877772534215,0.0,2025-08-13,2026-05-15,0.0006305735123002455,0.0017608744100189877,0.00915310758973495,False,False
bonds,RU000A10C3M0,209,2119,0.09863142991977347,0.0,2025-07-21,2026-05-15,0.0018261630155383922,0.10264439166136188,0.849066364908899,False,False
bonds,RU000A10C3N8,209,2119,0.09863142991977347,0.0,2025-07-21,2026-05-15,0.0008350982536325263,0.005654575711793825,0.0521356301330309,False,False
bonds,RU000A10C3P3,209,2119,0.09863142991977347,0.004784688995215311,2025-07-21,2026-05-15,-3.39554213128803e-06,0.009853177515357874,0.0435046287347119,False,False
bonds,RU000A10C4E5,150,2119,0.07078810759792355,0.8933333333333333,2025-10-10,2026-05-15,2.1087963905068637e-05,0.009516503956659659,0.0852586198732316,False,False
bonds,RU000A10C4F2,124,2119,0.0585181689476168,0.9274193548387096,2025-11-17,2026-05-15,0.0002134230862714012,0.0031077235868854163,0.03374941622022,False,False
bonds,RU000A10C5B8,207,2119,0.0976875884851345,0.0,2025-07-23,2026-05-15,0.0010944876519173945,0.0045667351430829445,0.01593068530748,False,False
bonds,RU000A10C5F9,207,2119,0.0976875884851345,0.004830917874396135,2025-07-23,2026-05-15,0.0007211054983024372,0.001925086447882834,0.0066240422001455,False,False
bonds,RU000A10C5J1,207,2119,0.0976875884851345,0.0,2025-07-23,2026-05-15,0.0005876920375436236,0.00398378097074737,0.0276664812961787,False,False
bonds,RU000A10C5K9,207,2119,0.0976875884851345,0.0,2025-07-23,2026-05-15,0.0009373156416413145,0.00496398494258165,0.018030089410492,False,False
bonds,RU000A10C5L7,207,2119,0.0976875884851345,0.0,2025-07-23,2026-05-15,0.0009455811198866475,0.003386946201182342,0.0103455018685653,False,False
bonds,RU000A10C5P8,206,2119,0.09721566776781501,0.0,2025-07-24,2026-05-15,0.0012889978984140006,0.003873237960338693,0.0131032723698116,False,False
bonds,RU000A10C5T0,206,2119,0.09721566776781501,0.0048543689320388345,2025-07-24,2026-05-15,0.0007125450251001476,0.004314389675732133,0.0196522157215834,False,False
bonds,RU000A10C5U8,206,2119,0.09721566776781501,0.0,2025-07-24,2026-05-15,0.0007606341070673438,0.002880126039127229,0.0113812543395107,False,False
bonds,RU000A10C5Y0,203,2119,0.09579990561585654,0.0,2025-07-29,2026-05-15,0.0006198129342093604,0.0033978231079532222,0.0137096950024592,False,False
bonds,RU000A10C618,205,2119,0.09674374705049552,0.0,2025-07-25,2026-05-15,0.0006596558248700275,0.0027477131942770447,0.0102914495385837,False,False
bonds,RU000A10C626,205,2119,0.09674374705049552,0.0,2025-07-25,2026-05-15,3.838013802142146e-05,0.005511896688068891,0.0357423975508356,False,False
bonds,RU000A10C634,205,2119,0.09674374705049552,0.0,2025-07-25,2026-05-15,0.0007478020028860259,0.004782254519270997,0.0187951661363008,False,False
bonds,RU000A10C6C4,170,2119,0.08022652194431336,0.0,2025-09-12,2026-05-15,0.0010466062665205203,0.01429552635915085,0.0946174380690134,False,False
bonds,RU000A10C6F7,204,2119,0.09627182633317603,0.0,2025-07-28,2026-05-15,0.0007022248011876869,0.0024342023570383927,0.00779848875110787,False,False
bonds,RU000A10C6L5,204,2119,0.09627182633317603,0.0,2025-07-28,2026-05-15,0.0006298628873013907,0.003014640773008534,0.010730488476334,False,False
bonds,RU000A10C6M3,204,2119,0.09627182633317603,0.0,2025-07-28,2026-05-15,0.0008487580275115623,0.005297302471681644,0.0238711797238166,False,False
bonds,RU000A10C6P6,204,2119,0.09627182633317603,0.0,2025-07-28,2026-05-15,0.0007350540682215722,0.002741037419887901,0.0115272250664765,False,False
bonds,RU000A10C6S0,202,2119,0.09532798489853704,0.009900990099009901,2025-07-30,2026-05-15,0.0007068437637737915,0.0013415322870140927,0.00529070659789108,False,False
bonds,RU000A10C6U6,203,2119,0.09579990561585654,0.0,2025-07-29,2026-05-15,0.0007750161235154683,0.006016544069937363,0.0242016220348533,False,False
bonds,RU000A10C6W2,203,2119,0.09579990561585654,0.0,2025-07-29,2026-05-15,0.0006441872698735981,0.0032191228840576674,0.0152768735113141,False,False
bonds,RU000A10C6Y8,203,2119,0.09579990561585654,0.0,2025-07-29,2026-05-15,0.0006670486596158837,0.004994538767611443,0.0173910630073368,False,False
bonds,RU000A10C6Z5,203,2119,0.09579990561585654,0.0,2025-07-29,2026-05-15,0.0008098413912368893,0.003624108249737721,0.0125689163334096,False,False
bonds,RU000A10C725,203,2119,0.09579990561585654,0.0049261083743842365,2025-07-29,2026-05-15,0.0006996279005784983,0.0015759007405633282,0.0101273867209039,False,False
bonds,RU000A10C741,202,2119,0.09532798489853704,0.0,2025-07-30,2026-05-15,0.0006510894259743198,0.017823987005316594,0.158992677756669,False,False
bonds,RU000A10C758,202,2119,0.09532798489853704,0.0,2025-07-30,2026-05-15,0.0009907743809656742,0.010882113927131567,0.0670431475476711,False,False
bonds,RU000A10C7C2,201,2119,0.09485606418121756,0.0,2025-07-31,2026-05-15,0.0006717952146611713,0.005508608504039391,0.0425846047135147,False,False
bonds,RU000A10C7E8,162,2119,0.07645115620575743,0.8271604938271605,2025-09-24,2026-05-15,0.001464207378821704,0.03292881085498434,0.327919122809927,False,False
bonds,RU000A10C873,200,2119,0.09438414346389806,0.0,2025-08-01,2026-05-15,0.0011754929919670972,0.004484001881765708,0.0173178102404688,False,False
bonds,RU000A10C8A4,200,2119,0.09438414346389806,0.0,2025-08-01,2026-05-15,0.0009935114240987206,0.02316993782346542,0.107399189950636,False,False
bonds,RU000A10C8B2,200,2119,0.09438414346389806,0.0,2025-08-01,2026-05-15,-0.008246790802716715,0.055801055748943645,0.505830973594314,False,False
bonds,RU000A10C8C0,200,2119,0.09438414346389806,0.0,2025-08-01,2026-05-15,0.0005784659038351914,0.002533052503319745,0.0146364900202166,False,False
bonds,RU000A10C8F3,194,2119,0.09155261915998113,0.0,2025-08-11,2026-05-15,0.0008622828715791659,0.0039129075230818055,0.0188614575094093,False,False
bonds,RU000A10C8H9,199,2119,0.09391222274657858,0.0,2025-08-04,2026-05-15,0.0009513191466874306,0.007059109780687005,0.0335805975946979,False,False
bonds,RU000A10C8J5,157,2119,0.07409155261915998,0.0,2025-10-01,2026-05-15,8.833450224490818e-05,0.010523235960843737,0.0819301965072649,False,False
bonds,RU000A10C8K3,199,2119,0.09391222274657858,0.0,2025-08-04,2026-05-15,0.0007945158914948458,0.004368637530667164,0.0347413516999532,False,False
bonds,RU000A10C8M9,199,2119,0.09391222274657858,0.0,2025-08-04,2026-05-15,0.0009518517162271264,0.0036288633352704264,0.0180783012244462,False,False
bonds,RU000A10C8Q0,199,2119,0.09391222274657858,0.0,2025-08-04,2026-05-15,0.001492991214559778,0.08240427614095652,0.406184713241214,False,False
bonds,RU000A10C8T4,199,2119,0.09391222274657858,0.0,2025-08-04,2026-05-15,0.0006219526873128524,0.0030974903910311376,0.0183500561536808,False,False
bonds,RU000A10C9Y2,197,2119,0.09296838131193959,0.0,2025-08-06,2026-05-15,0.001052712326965308,0.07517787034103891,0.374267940984431,False,False
bonds,RU000A10C9Z9,197,2119,0.09296838131193959,0.0,2025-08-06,2026-05-15,0.0006406871037666384,0.006992731887321743,0.0451606477861527,False,False
bonds,RU000A10CAQ0,195,2119,0.09202453987730061,0.0,2025-08-08,2026-05-15,-5.124590919839913e-05,0.027261904665572496,0.237334465603011,False,False
bonds,RU000A10CAU2,162,2119,0.07645115620575743,0.9259259259259259,2025-09-24,2026-05-15,0.0008497648936344618,0.016376957107946614,0.137263385300264,False,False
bonds,RU000A10CB66,194,2119,0.09155261915998113,0.0,2025-08-11,2026-05-15,0.0007546174307170542,0.010340022145057927,0.0826373547241737,False,False
bonds,RU000A10CC24,193,2119,0.09108069844266163,0.0,2025-08-12,2026-05-15,0.0005729577719263892,0.0026216195706556893,0.0161470885449546,False,False
bonds,RU000A10CC32,169,2119,0.07975460122699386,0.005917159763313609,2025-09-15,2026-05-15,0.0006871157907745642,0.004364101545811256,0.0188532492751882,False,False
bonds,RU000A10CC99,190,2119,0.08966493629070316,0.015789473684210527,2025-08-15,2026-05-15,0.0006482829198551187,0.0022591179320981475,0.0114984731641575,False,False
bonds,RU000A10CCB8,192,2119,0.09060877772534215,0.0,2025-08-13,2026-05-15,0.0008471326611748888,0.0024400677718500246,0.0130125902183688,False,False
bonds,RU000A10CCG7,192,2119,0.09060877772534215,0.005208333333333333,2025-08-13,2026-05-15,0.000495928169898032,0.011045019221914714,0.0833301456265333,False,False
bonds,RU000A10CCJ1,192,2119,0.09060877772534215,0.0,2025-08-13,2026-05-15,0.003265561574014995,0.12761374940153708,0.637780181520306,False,False
bonds,RU000A10CCL7,142,2119,0.06701274185936762,0.8732394366197183,2025-10-22,2026-05-15,0.0025202236291742243,0.022634596480888232,0.238786355716495,False,False
bonds,RU000A10CCN3,191,2119,0.09013685700802265,0.0,2025-08-14,2026-05-15,0.0006127726492160325,0.0027680353016155826,0.0152375759638162,False,False
bonds,RU000A10CDX0,190,2119,0.08966493629070316,0.010526315789473684,2025-08-15,2026-05-15,0.0008090333881538502,0.002254568308119996,0.00857562164490427,False,False
bonds,RU000A10CDZ5,190,2119,0.08966493629070316,0.0,2025-08-15,2026-05-15,0.0005392481922453085,0.003731659287447597,0.018206821240198,False,False
bonds,RU000A10CF13,5,2119,0.0023596035865974517,0.8,2026-05-11,2026-05-15,3.98037674278526e-06,8.900392972927038e-06,1.99018837139263e-05,False,False
bonds,RU000A10CF21,17,2119,0.008022652194431336,0.9411764705882353,2026-04-22,2026-05-15,7.75049302837953e-07,3.19561014066221e-06,1.31758381482452e-05,False,False
bonds,RU000A10CF39,61,2119,0.02878716375648891,0.9180327868852459,2026-02-18,2026-05-15,5.1537614985774685e-05,0.005163785175377279,0.0311384202601461,False,False
bonds,RU000A10CF54,74,2119,0.034922133081642284,0.8648648648648649,2026-01-30,2026-05-15,0.000347481542364929,0.03091800131904618,0.187986455220782,False,False
bonds,RU000A10CF62,51,2119,0.02406795658329401,0.8823529411764706,2026-03-05,2026-05-15,-0.0016622435037632027,0.009357397315034292,0.0588768134807048,False,False
bonds,RU000A10CF70,91,2119,0.04294478527607362,0.9560439560439561,2026-01-06,2026-05-15,8.743121626875846e-07,4.1001107911246144e-06,1.98911951631637e-05,False,False
bonds,RU000A10CFK2,184,2119,0.08683341198678622,0.0,2025-08-25,2026-05-15,0.0006375355211105751,0.002365918539087341,0.0124851321176823,False,False
bonds,RU000A10CG79,187,2119,0.0882491741387447,0.0,2025-08-20,2026-05-15,0.0007693667551058024,0.0017023978217940285,0.00783314377175622,False,False
bonds,RU000A10CH03,185,2119,0.0873053327041057,0.005405405405405406,2025-08-22,2026-05-15,0.0007725849421206948,0.004186547292147078,0.0168886320306532,False,False
bonds,RU000A10CH11,185,2119,0.0873053327041057,0.0,2025-08-22,2026-05-15,0.002919687930651479,0.11103587650682807,0.548024796979914,False,False
bonds,RU000A10CH37,185,2119,0.0873053327041057,0.0,2025-08-22,2026-05-15,0.0010186768355720946,0.0020831221757485778,0.00827044648910591,False,False
bonds,RU000A10CHR3,57,2119,0.026899480887210947,0.8245614035087719,2026-02-25,2026-05-15,0.0024958315263932294,0.07113099943764245,0.373851450837235,False,False
bonds,RU000A10CHS1,29,2119,0.01368570080226522,0.6206896551724138,2026-04-06,2026-05-15,-0.00991935308951264,0.14720185711854594,0.38109493282441,False,False
bonds,RU000A10CHX1,184,2119,0.08683341198678622,0.0,2025-08-25,2026-05-15,0.0016082480104624125,0.02559711107931149,0.108170219282849,False,False
bonds,RU000A10CJ84,183,2119,0.08636149126946673,0.0,2025-08-26,2026-05-15,0.0008694583092560682,0.002966323303194083,0.0153893429924868,False,False
bonds,RU000A10CJ92,182,2119,0.08588957055214724,0.0,2025-08-27,2026-05-15,0.0007178047662991167,0.0032365182165061232,0.0161023737777777,False,False
bonds,RU000A10CKS5,172,2119,0.08117036337895234,0.0,2025-09-10,2026-05-15,-0.0016411134908851475,0.012299724883395001,0.0779509693292578,False,False
bonds,RU000A10CKY3,181,2119,0.08541764983482775,0.0,2025-08-28,2026-05-15,0.0006741521221632022,0.002923855857828222,0.0115770315791298,False,False
bonds,RU000A10CKZ0,181,2119,0.08541764983482775,0.0,2025-08-28,2026-05-15,0.0005673457003600456,0.0026290056865952874,0.0194696506238037,False,False
bonds,RU000A10CL07,181,2119,0.08541764983482775,0.0,2025-08-28,2026-05-15,0.000536282495409098,0.0034032412275366635,0.0120661151045177,False,False
bonds,RU000A10CL23,103,2119,0.048607833883907506,0.8737864077669902,2025-12-16,2026-05-15,0.004653982378789933,0.025645466965787688,0.212856916350263,False,False
bonds,RU000A10CL64,181,2119,0.08541764983482775,0.0,2025-08-28,2026-05-15,0.0006738296796906839,0.025059764204249987,0.128033080723928,False,False
bonds,RU000A10CLD5,180,2119,0.08494572911750826,0.0,2025-08-29,2026-05-15,0.0009736083475366001,0.0028034197057007523,0.00980970540055665,False,False
bonds,RU000A10CLT1,179,2119,0.08447380840018877,0.0,2025-09-01,2026-05-15,0.0002992907410477629,0.009218530973572782,0.0753480541164731,False,False
bonds,RU000A10CLX3,179,2119,0.08447380840018877,0.00558659217877095,2025-09-01,2026-05-15,0.0005370061728568865,0.03722356781174748,0.287699859874295,False,False
bonds,RU000A10CLZ8,179,2119,0.08447380840018877,0.0,2025-09-01,2026-05-15,0.0011230563835523033,0.003184281162877898,0.0226342247386948,False,False
bonds,RU000A10CM06,179,2119,0.08447380840018877,0.0,2025-09-01,2026-05-15,0.0009252799473440643,0.004396982910662133,0.0135439153845298,False,False
bonds,RU000A10CM14,179,2119,0.08447380840018877,0.0,2025-09-01,2026-05-15,0.0008843059980469072,0.006250401508466424,0.050256080859473,False,False
bonds,RU000A10CM22,179,2119,0.08447380840018877,0.0,2025-09-01,2026-05-15,0.0006421002252954677,0.002305071503866,0.00713800585593647,False,False
bonds,RU000A10CM71,177,2119,0.08352996696554979,0.0,2025-09-03,2026-05-15,0.001149991462038706,0.002537336689923844,0.0082726722222702,False,False
bonds,RU000A10CM89,177,2119,0.08352996696554979,0.0,2025-09-03,2026-05-15,0.0008935065212453773,0.024022227260976935,0.115776022029846,False,False
bonds,RU000A10CMD3,177,2119,0.08352996696554979,0.0,2025-09-03,2026-05-15,0.0005308407298324565,0.002247702988381915,0.0114144310693225,False,False
bonds,RU000A10CMQ5,176,2119,0.0830580462482303,0.005681818181818182,2025-09-04,2026-05-15,0.0007170857444333294,0.005115434188115451,0.0395607735826803,False,False
bonds,RU000A10CMR3,176,2119,0.0830580462482303,0.0,2025-09-04,2026-05-15,0.0011702501563826625,0.0716290996027425,0.373057665346671,False,False
bonds,RU000A10CMT9,172,2119,0.08117036337895234,0.0,2025-09-10,2026-05-15,0.0005775607112190867,0.002656309563606967,0.0107721690788183,False,False
bonds,RU000A10CN47,174,2119,0.08211420481359132,0.005747126436781609,2025-09-08,2026-05-15,-0.012877818043830463,0.0737928315152016,0.506173958828812,False,False
bonds,RU000A10CN62,174,2119,0.08211420481359132,0.0,2025-09-08,2026-05-15,0.0008546306479680513,0.003737440201752978,0.0148983217621562,False,False
bonds,RU000A10CP52,172,2119,0.08117036337895234,0.0,2025-09-10,2026-05-15,0.0001281276033967731,0.012499539770145812,0.059266330326809,False,False
bonds,RU000A10CP78,172,2119,0.08117036337895234,0.005813953488372093,2025-09-10,2026-05-15,0.0006252535132106899,0.002253476007250594,0.00840848191239026,False,False
bonds,RU000A10CPB0,171,2119,0.08069844266163284,0.0,2025-09-11,2026-05-15,0.001435952983573677,0.016415744584132457,0.0773326017668829,False,False
bonds,RU000A10CQ77,169,2119,0.07975460122699386,0.0,2025-09-15,2026-05-15,0.0005874720699750091,0.0025165846148523826,0.0110708041519635,False,False
bonds,RU000A10CQ85,169,2119,0.07975460122699386,0.0,2025-09-15,2026-05-15,0.0006085135345157688,0.0023517451353533402,0.0107628668941783,False,False
bonds,RU000A10CQ93,169,2119,0.07975460122699386,0.0,2025-09-15,2026-05-15,0.0005986838545713983,0.001734042595120869,0.00606640393126296,False,False
bonds,RU000A10CQA0,169,2119,0.07975460122699386,0.0,2025-09-15,2026-05-15,0.0007407939095332819,0.033632589692622436,0.198496864559102,False,False
bonds,RU000A10CQB8,166,2119,0.07833883907503539,0.8855421686746988,2025-09-18,2026-05-15,0.0014930829731255905,0.07020726379154603,0.540913148464687,False,False
bonds,RU000A10CQE2,169,2119,0.07975460122699386,0.0,2025-09-15,2026-05-15,-0.0003303990749221975,0.009980747792325398,0.0938985329378065,False,False
bonds,RU000A10CQH5,149,2119,0.07031618688060406,0.8926174496644296,2025-10-13,2026-05-15,0.0022810845417044973,0.012372444813040215,0.0731998301100028,False,False
bonds,RU000A10CQJ1,141,2119,0.06654082114204814,0.9574468085106383,2025-10-23,2026-05-15,0.002534706349650099,0.03009133740456504,0.357315391109178,False,False
bonds,RU000A10CR50,168,2119,0.07928268050967438,0.0,2025-09-16,2026-05-15,0.0005884271038513561,0.0021018852086716845,0.00956070979561404,False,False
bonds,RU000A10CR92,167,2119,0.07881075979235488,0.0,2025-09-17,2026-05-15,-0.0004324453620225038,0.0069721536747623675,0.0338044827859397,False,False
bonds,RU000A10CRA8,167,2119,0.07881075979235488,0.0,2025-09-17,2026-05-15,0.0006873531068351091,0.012316055553718713,0.0965488479038689,False,False
bonds,RU000A10CRB6,167,2119,0.07881075979235488,0.0,2025-09-17,2026-05-15,0.0005575915965175763,0.017877476274683536,0.129969386061367,False,False
bonds,RU000A10CRC4,167,2119,0.07881075979235488,0.0,2025-09-17,2026-05-15,0.00023218960416977781,0.07421960838013716,0.343229328431639,False,False
bonds,RU000A10CRD2,167,2119,0.07881075979235488,0.0,2025-09-17,2026-05-15,-1.6542290880889324e-05,0.016827125665556303,0.0735726015408486,False,False
bonds,RU000A10CRG5,166,2119,0.07833883907503539,0.0,2025-09-18,2026-05-15,0.0007535965177012075,0.005488267093929395,0.0288158426470394,False,False
bonds,RU000A10CRJ9,166,2119,0.07833883907503539,0.0,2025-09-18,2026-05-15,2.416118256046929e-05,0.04951108606610577,0.414723554444055,False,False
bonds,RU000A10CRP6,162,2119,0.07645115620575743,0.0,2025-09-24,2026-05-15,0.0009577002446678172,0.0022818045502154844,0.00921348313757529,False,False
bonds,RU000A10CS75,164,2119,0.07739499764039641,0.006097560975609756,2025-09-22,2026-05-15,0.0006689368668155745,0.0014725819285752333,0.0075032615892846,False,False
bonds,RU000A10CS83,164,2119,0.07739499764039641,0.012195121951219513,2025-09-22,2026-05-15,0.0008361312139533143,0.008050869491428924,0.041377816772507,False,False
bonds,RU000A10CS91,164,2119,0.07739499764039641,0.0,2025-09-22,2026-05-15,0.0006922290323254556,0.00237527610448432,0.00775747894732509,False,False
bonds,RU000A10CSA6,164,2119,0.07739499764039641,0.012195121951219513,2025-09-22,2026-05-15,0.000873795927347837,0.0032118069682733523,0.0158258264836063,False,False
bonds,RU000A10CSD0,164,2119,0.07739499764039641,0.0,2025-09-22,2026-05-15,0.0005762239645403561,0.014410892357918826,0.0654851878725167,False,False
bonds,RU000A10CSG3,164,2119,0.07739499764039641,0.0,2025-09-22,2026-05-15,0.0018691405707599704,0.07228966002387115,0.350979466071545,False,False
bonds,RU000A10CSP4,163,2119,0.07692307692307693,0.0,2025-09-23,2026-05-15,0.0006077039200608513,0.010449850955172079,0.0432553897897192,False,False
bonds,RU000A10CSQ2,163,2119,0.07692307692307693,0.03067484662576687,2025-09-23,2026-05-15,0.00073976629962113,0.003458725919881087,0.0153142037232227,False,False
bonds,RU000A10CSR0,163,2119,0.07692307692307693,0.0,2025-09-23,2026-05-15,-0.0027041470296972343,0.03092091340257637,0.223298467778188,False,False
bonds,RU000A10CST6,163,2119,0.07692307692307693,0.0,2025-09-23,2026-05-15,0.0012087768981443067,0.0034735500332244394,0.0184434079109754,False,False
bonds,RU000A10CSX8,161,2119,0.07597923548843795,0.006211180124223602,2025-09-25,2026-05-15,0.000668336401251215,0.0018617927833475838,0.00578392453597117,False,False
bonds,RU000A10CT09,162,2119,0.07645115620575743,0.0,2025-09-24,2026-05-15,0.00039741215146989715,0.008742598453459129,0.101570463521063,False,False
bonds,RU000A10CT33,162,2119,0.07645115620575743,0.012345679012345678,2025-09-24,2026-05-15,0.0007550328621247802,0.0026305954235809974,0.00862119773662002,False,False
bonds,RU000A10CT41,162,2119,0.07645115620575743,0.006172839506172839,2025-09-24,2026-05-15,0.0006851892052113573,0.0023466738364528554,0.00778159974734311,False,False
bonds,RU000A10CT58,162,2119,0.07645115620575743,0.0,2025-09-24,2026-05-15,0.000658348930571323,0.0037921784602246134,0.0167748915849712,False,False
bonds,RU000A10CT74,162,2119,0.07645115620575743,0.0,2025-09-24,2026-05-15,7.652366924938772e-05,0.006013751189513317,0.0339761588528928,False,False
bonds,RU000A10CTB2,161,2119,0.07597923548843795,0.0,2025-09-25,2026-05-15,0.0005969853051973807,0.003285654453456716,0.00975696002877971,False,False
bonds,RU000A10CTG1,160,2119,0.07550731477111845,0.0,2025-09-26,2026-05-15,0.000931631733402352,0.0069385095243175805,0.0427932130060789,False,False
bonds,RU000A10CTH9,160,2119,0.07550731477111845,0.0,2025-09-26,2026-05-15,0.0008669164052073984,0.019711275113489128,0.101727435305918,False,False
bonds,RU000A10CTJ5,160,2119,0.07550731477111845,0.0,2025-09-26,2026-05-15,0.0010450032583797246,0.0026786133111180496,0.00938992251839726,False,False
bonds,RU000A10CTK3,159,2119,0.07503539405379896,0.0,2025-09-29,2026-05-15,0.0006201923682806214,0.0003835903580450576,0.00257000410409299,False,False
bonds,RU000A10CTX6,159,2119,0.07503539405379896,0.0,2025-09-29,2026-05-15,0.001930595516504495,0.07735131891095218,0.370957405876162,False,False
bonds,RU000A10CU30,159,2119,0.07503539405379896,0.006289308176100629,2025-09-29,2026-05-15,0.0009045044826377588,0.004831805380621104,0.0235037540423172,False,False
bonds,RU000A10CU48,159,2119,0.07503539405379896,0.006289308176100629,2025-09-29,2026-05-15,0.0009320869689411288,0.004201487209065683,0.0164271025451247,False,False
bonds,RU000A10CU55,159,2119,0.07503539405379896,0.006289308176100629,2025-09-29,2026-05-15,0.0008018385199685474,0.0023066806548242007,0.0103358543513032,False,False
bonds,RU000A10CU89,159,2119,0.07503539405379896,0.0,2025-09-29,2026-05-15,0.0008207990230540636,0.0026386106697730114,0.00986131404376848,False,False
bonds,RU000A10CU97,159,2119,0.07503539405379896,0.0,2025-09-29,2026-05-15,0.0010083917761227012,0.0034044968437071136,0.0108093354916304,False,False
bonds,RU000A10CUB0,159,2119,0.07503539405379896,0.0,2025-09-29,2026-05-15,0.0007487845230967485,0.006602944793613283,0.027126853001801,False,False
bonds,RU000A10CUF1,158,2119,0.07456347333647947,0.0,2025-09-30,2026-05-15,0.0006871754888463906,0.0033291337711552097,0.0118550035516912,False,False
bonds,RU000A10CV39,103,2119,0.048607833883907506,0.8543689320388349,2025-12-16,2026-05-15,0.003434626542147818,0.06565064088693152,0.336952807343176,False,False
bonds,RU000A10CW87,156,2119,0.0736196319018405,0.0,2025-10-02,2026-05-15,-0.0014777308142820704,0.011506507383905377,0.0728727670071647,False,False
bonds,RU000A10CWF7,157,2119,0.07409155261915998,0.0,2025-10-01,2026-05-15,0.0007580057126580773,0.0027399755873743297,0.0108856721386723,False,False
bonds,RU000A10CZ35,155,2119,0.073147711184521,0.0,2025-10-03,2026-05-15,0.0008952265092952743,0.0026811223795741145,0.0114863983090572,False,False
bonds,RU000A10CZ43,155,2119,0.073147711184521,0.012903225806451613,2025-10-03,2026-05-15,0.0007039269400555817,0.002000534666742035,0.0145897667226384,False,False
bonds,RU000A10CZ68,155,2119,0.073147711184521,0.0,2025-10-03,2026-05-15,0.0014941995834740211,0.07460797667084478,0.366249700165142,False,False
bonds,RU000A10CZA1,154,2119,0.0726757904672015,0.0,2025-10-06,2026-05-15,0.000761509999929167,0.005323134136770296,0.0420820301380462,False,False
bonds,RU000A10CZB9,154,2119,0.0726757904672015,0.0,2025-10-06,2026-05-15,-0.002130768555275942,0.046153540195757646,0.329357463739548,False,False
bonds,RU000A10CZC7,153,2119,0.07220386974988202,0.0196078431372549,2025-10-07,2026-05-15,0.0008650369573500905,0.0032525624138906245,0.0157658647093466,False,False
bonds,RU000A10D1H3,152,2119,0.07173194903256253,0.0,2025-10-08,2026-05-15,0.0006009552874706707,0.00953055667030315,0.0653215002968368,False,False
bonds,RU000A10D1J9,152,2119,0.07173194903256253,0.0,2025-10-08,2026-05-15,0.001164784884766306,0.0034282093161522712,0.0195952387155539,False,False
bonds,RU000A10D1U6,150,2119,0.07078810759792355,0.0,2025-10-10,2026-05-15,0.0011114960476271514,0.0023536944008527173,0.0100979674137083,False,False
bonds,RU000A10D1W2,150,2119,0.07078810759792355,0.0,2025-10-10,2026-05-15,0.0006946306248918195,0.0016495788889379645,0.0114680612573865,False,False
bonds,RU000A10D2N9,149,2119,0.07031618688060406,0.0,2025-10-13,2026-05-15,0.0008316920318040531,0.003524953954971506,0.0117286689719887,False,False
bonds,RU000A10D2Q2,149,2119,0.07031618688060406,0.0,2025-10-13,2026-05-15,0.0006933371592067376,0.0016182370748568824,0.00664277979454946,False,False
bonds,RU000A10D2V2,28,2119,0.013213780084945729,0.9285714285714286,2026-04-07,2026-05-15,0.0005355936178982251,0.002831819793026074,0.0149850075062846,False,False
bonds,RU000A10D2W0,125,2119,0.05899008966493629,0.696,2025-11-14,2026-05-15,0.0017776857234053588,0.06338480892367607,0.284059068470058,False,False
bonds,RU000A10D2Y6,148,2119,0.06984426616328457,0.0,2025-10-14,2026-05-15,0.0008004001451114558,0.04543638706287705,0.347957608061664,False,False
bonds,RU000A10D301,148,2119,0.06984426616328457,0.0,2025-10-14,2026-05-15,0.00040112405524084493,0.015296146790542066,0.0664480235891184,False,False
bonds,RU000A10D319,148,2119,0.06984426616328457,0.0,2025-10-14,2026-05-15,0.0009526848045453616,0.024326727544830447,0.100986231162969,False,False
bonds,RU000A10D3B2,147,2119,0.06937234544596507,0.0,2025-10-15,2026-05-15,0.0007294318648012141,0.005736345341718555,0.0232186138399108,False,False
bonds,RU000A10D3C0,147,2119,0.06937234544596507,0.0,2025-10-15,2026-05-15,0.000928374426211607,0.0032577510430012342,0.0146832967429498,False,False
bonds,RU000A10D3G1,146,2119,0.06890042472864559,0.0,2025-10-16,2026-05-15,0.0014728072525271698,0.004736619562097723,0.0199481869010486,False,False
bonds,RU000A10D3J5,147,2119,0.06937234544596507,0.0,2025-10-15,2026-05-15,0.0008179019432754908,0.003662384282564918,0.0148784933098113,False,False
bonds,RU000A10D3K3,147,2119,0.06937234544596507,0.0,2025-10-15,2026-05-15,0.0007121064069157944,0.0027214484816717693,0.00926823450694538,False,False
bonds,RU000A10D3P2,146,2119,0.06890042472864559,0.0,2025-10-16,2026-05-15,0.0010416957802825211,0.002214061551629796,0.00864191947907693,False,False
bonds,RU000A10D3R8,146,2119,0.06890042472864559,0.00684931506849315,2025-10-16,2026-05-15,0.0006690242140361784,0.0035221621286963024,0.0130687318034274,False,False
bonds,RU000A10D3S6,146,2119,0.06890042472864559,0.0,2025-10-16,2026-05-15,0.001095333404330828,0.004246071603922771,0.0160351642010008,False,False
bonds,RU000A10D3T4,146,2119,0.06890042472864559,0.0,2025-10-16,2026-05-15,0.0008515091091624547,0.0024992184184122867,0.00893328280483788,False,False
bonds,RU000A10D3X6,146,2119,0.06890042472864559,0.0,2025-10-16,2026-05-15,0.0009294822625599348,0.001851943823553801,0.00761001777523489,False,False
bonds,RU000A10D3Z1,49,2119,0.023124115148655026,0.7959183673469388,2026-03-09,2026-05-15,-0.004879860979953381,0.038107047621676056,0.153672161368384,False,False
bonds,RU000A10D459,145,2119,0.0684285040113261,0.0,2025-10-17,2026-05-15,0.0007007996844271681,0.001892216052035335,0.00975782637075126,False,False
bonds,RU000A10D483,145,2119,0.0684285040113261,0.0,2025-10-17,2026-05-15,0.00032825485649424645,0.08346520122613552,0.379101882863345,False,False
bonds,RU000A10D4D6,144,2119,0.06795658329400661,0.0,2025-10-20,2026-05-15,0.0008656970551800655,0.0031474048976822227,0.0157039139247343,False,False
bonds,RU000A10D4E4,144,2119,0.06795658329400661,0.0,2025-10-20,2026-05-15,0.0010864442042317702,0.007308031805499432,0.0479441766284206,False,False
bonds,RU000A10D4F1,144,2119,0.06795658329400661,0.0,2025-10-20,2026-05-15,0.0006755770937271091,0.008083736815538608,0.041246982632362,False,False
bonds,RU000A10D4G9,142,2119,0.06701274185936762,0.0,2025-10-22,2026-05-15,1.2249670230473306e-05,0.0076082281510716195,0.0898837734739643,False,False
bonds,RU000A10D4H7,141,2119,0.06654082114204814,0.0,2025-10-23,2026-05-15,0.0017661938189180615,0.013521614347976586,0.161114908715028,False,False
bonds,RU000A10D4P0,143,2119,0.06748466257668712,0.0,2025-10-21,2026-05-15,0.0032005520178687154,0.09328835276433044,0.470039304230568,False,False
bonds,RU000A10D4S4,142,2119,0.06701274185936762,0.0,2025-10-22,2026-05-15,0.0012028022776657248,0.0036916218287930454,0.013431977769597,False,False
bonds,RU000A10D4V8,142,2119,0.06701274185936762,0.0,2025-10-22,2026-05-15,0.000984597853237495,0.002794757858284187,0.00871412178805595,False,False
bonds,RU000A10D4W6,142,2119,0.06701274185936762,0.0,2025-10-22,2026-05-15,0.000711551375576987,0.0056603218223285415,0.0264611658504172,False,False
bonds,RU000A10D541,138,2119,0.06512505899008966,0.0,2025-10-28,2026-05-15,0.0006695724586745876,0.0007644838819094377,0.00822367505847049,False,False
bonds,RU000A10D5F8,125,2119,0.05899008966493629,0.784,2025-11-14,2026-05-15,0.0019381788242576294,0.05380624371931193,0.244389209583949,False,False
bonds,RU000A10D5H4,35,2119,0.01651722510618216,0.0,2026-03-27,2026-05-15,0.0015019711583748065,0.0057879106386363975,0.0172641529586843,False,False
bonds,RU000A10D616,114,2119,0.053798961774421894,0.0,2025-12-01,2026-05-15,0.0009541082066801886,0.003740879698288343,0.020330901607079,False,False
bonds,RU000A10D665,140,2119,0.06606890042472864,0.0,2025-10-24,2026-05-15,0.00039207330638455607,0.008209873319588366,0.0476117567036763,False,False
bonds,RU000A10D6L4,96,2119,0.045304388862671074,0.7604166666666666,2025-12-25,2026-05-15,0.0023328131531518575,0.05507819882667737,0.277564141266601,False,False
bonds,RU000A10D7Z2,139,2119,0.06559697970740916,0.007194244604316547,2025-10-27,2026-05-15,0.0007713839127370928,0.0014799874868620553,0.00557487261332828,False,False
bonds,RU000A10D806,139,2119,0.06559697970740916,0.0,2025-10-27,2026-05-15,0.0028190710197399187,0.0846956025296995,0.412883814533745,False,False
bonds,RU000A10D9J2,137,2119,0.06465313827277018,0.0072992700729927005,2025-10-29,2026-05-15,0.0006934131166794643,0.0020046209610171976,0.00971962994396437,False,False
bonds,RU000A10D9K0,138,2119,0.06512505899008966,0.0,2025-10-28,2026-05-15,0.0009385416489779616,0.002017316192264977,0.00805821686019845,False,False
bonds,RU000A10D9L8,138,2119,0.06512505899008966,0.0,2025-10-28,2026-05-15,0.0007113272377325319,0.002310995337169353,0.00732842464511173,False,False
bonds,RU000A10DA41,137,2119,0.06465313827277018,0.0,2025-10-29,2026-05-15,0.0007489536572014484,0.0035931961353755093,0.0179869125976986,False,False
bonds,RU000A10DA66,137,2119,0.06465313827277018,0.0072992700729927005,2025-10-29,2026-05-15,0.0006936217657561676,0.0015628374087828245,0.0086488987181963,False,False
bonds,RU000A10DA74,119,2119,0.05615856536101935,0.0,2025-11-24,2026-05-15,0.000686096927753494,0.002916811576172891,0.0128730285681532,False,False
bonds,RU000A10DB16,136,2119,0.06418121755545068,0.0,2025-10-30,2026-05-15,0.0008389737178815742,0.008061649323904465,0.0404716481515151,False,False
bonds,RU000A10DBA0,109,2119,0.05143935818782445,0.0,2025-12-08,2026-05-15,-0.0007496850156495915,0.028126272701500765,0.189396176442625,False,False
bonds,RU000A10DBD4,135,2119,0.06370929683813119,0.0,2025-10-31,2026-05-15,0.0009435122837140677,0.002149331867207486,0.00758861740941633,False,False
bonds,RU000A10DBE2,135,2119,0.06370929683813119,0.007407407407407408,2025-10-31,2026-05-15,0.0007069518156811337,0.0015640170319302464,0.00716455469699653,False,False
bonds,RU000A10DBH5,135,2119,0.06370929683813119,0.0,2025-10-31,2026-05-15,-8.097081917059798e-05,0.020731791839908753,0.186180087537778,False,False
bonds,RU000A10DBM5,125,2119,0.05899008966493629,0.0,2025-11-14,2026-05-15,0.0008118646972407405,0.002950125538972553,0.0121324947262895,False,False
bonds,RU000A10DBS2,134,2119,0.0632373761208117,0.0,2025-11-01,2026-05-15,0.0006455467415462014,0.004681853250496411,0.0212189542597999,False,False
bonds,RU000A10DBV6,134,2119,0.0632373761208117,0.0,2025-11-01,2026-05-15,0.0009616519965054536,0.003819512349486895,0.0155878159289068,False,False
bonds,RU000A10DBZ7,134,2119,0.0632373761208117,0.0,2025-11-01,2026-05-15,0.0019942257345339364,0.0807362799960622,0.383350862586274,False,False
bonds,RU000A10DC15,120,2119,0.056630486078338836,0.0,2025-11-21,2026-05-15,0.0007965422398813147,0.0027836848869027143,0.0132163209441795,False,False
bonds,RU000A10DCE0,133,2119,0.06276545540349221,0.0,2025-11-03,2026-05-15,0.001008391228074512,0.002170343277091399,0.00696551555019195,False,False
bonds,RU000A10DCF7,133,2119,0.06276545540349221,0.0,2025-11-03,2026-05-15,0.0008266416086917256,0.0029734655112314216,0.0108485848119013,False,False
bonds,RU000A10DCG5,133,2119,0.06276545540349221,0.015037593984962405,2025-11-03,2026-05-15,0.0007968828728175733,0.002351485456055899,0.0078923162803018,False,False
bonds,RU000A10DCJ9,133,2119,0.06276545540349221,0.0,2025-11-03,2026-05-15,0.0007272425973446972,0.001774651419248403,0.00636225649063005,False,False
bonds,RU000A10DCK7,133,2119,0.06276545540349221,0.0,2025-11-03,2026-05-15,0.0010212698289241073,0.002951636275521312,0.0099419359444513,False,False
bonds,RU000A10DCM3,133,2119,0.06276545540349221,0.0,2025-11-03,2026-05-15,-0.0007430852091756912,0.014082771496712929,0.0609076698807967,False,False
bonds,RU000A10DD30,114,2119,0.053798961774421894,0.0,2025-12-01,2026-05-15,-0.0014773788449168328,0.01204005108129383,0.068919066124263,False,False
bonds,RU000A10DD97,128,2119,0.060405851816894764,0.0,2025-11-11,2026-05-15,0.0006595820141524593,0.009901645763814559,0.0776786871886489,False,False
bonds,RU000A10DDG3,127,2119,0.059933931099575274,0.0,2025-11-12,2026-05-15,0.001074272697223394,0.007940687068845967,0.0463910997240707,False,False
bonds,RU000A10DDR0,122,2119,0.05757432751297782,0.00819672131147541,2025-11-19,2026-05-15,0.0007050773151936405,0.001526875326021643,0.00574719881389005,False,False
bonds,RU000A10DDT6,126,2119,0.05946201038225578,0.007936507936507936,2025-11-13,2026-05-15,0.000842978716159269,0.005336849082888639,0.0195228063797393,False,False
bonds,RU000A10DDU4,126,2119,0.05946201038225578,0.0,2025-11-13,2026-05-15,0.0006918714034380285,0.002680008015869307,0.010210059836397,False,False
bonds,RU000A10DE54,111,2119,0.052383199622463426,0.0,2025-12-04,2026-05-15,0.0032643513591593884,0.12193209360330588,0.625695448377263,False,False
bonds,RU000A10DEA4,124,2119,0.0585181689476168,0.0,2025-11-17,2026-05-15,0.000246519853033087,0.0032165953535084986,0.0199592704888591,False,False
bonds,RU000A10DEE6,124,2119,0.0585181689476168,0.0,2025-11-17,2026-05-15,0.0010766111938901287,0.0029331661691422086,0.0113186108432352,False,False
bonds,RU000A10DEM9,124,2119,0.0585181689476168,0.0,2025-11-17,2026-05-15,0.0008877173395008277,0.0037483504493463654,0.0142023334560347,False,False
bonds,RU000A10DEN7,124,2119,0.0585181689476168,0.0,2025-11-17,2026-05-15,0.0009001965740444851,0.0027418181944138882,0.0104083392299912,False,False
bonds,RU000A10DEQ0,124,2119,0.0585181689476168,0.0,2025-11-17,2026-05-15,0.001049447809313375,0.1237707422151688,0.559100681029331,False,False
bonds,RU000A10DF38,118,2119,0.05568664464369986,0.0,2025-11-25,2026-05-15,-0.0019103553787730991,0.013387984852780728,0.0837915448970049,False,False
bonds,RU000A10DFJ2,116,2119,0.05474280320906088,0.0,2025-11-27,2026-05-15,0.0006689955462978556,0.005754503781008273,0.0246368548268628,False,False
bonds,RU000A10DFL8,77,2119,0.03633789523360075,0.7402597402597403,2026-01-27,2026-05-15,0.00037515731350177986,0.022002951965595083,0.111911424391082,False,False
bonds,RU000A10DFN4,123,2119,0.05804624823029731,0.0,2025-11-18,2026-05-15,0.0007640942975843806,0.0019084954054317705,0.00740214925503846,False,False
bonds,RU000A10DG52,122,2119,0.05757432751297782,0.0,2025-11-19,2026-05-15,0.0009151395509131964,0.01766621012279654,0.0993276640970884,False,False
bonds,RU000A10DG60,122,2119,0.05757432751297782,0.0,2025-11-19,2026-05-15,0.0008236124308443054,0.0020555146019164785,0.00983691279797973,False,False
bonds,RU000A10DG78,122,2119,0.05757432751297782,0.0,2025-11-19,2026-05-15,0.0009049498656984831,0.004947026419254853,0.0177444931268916,False,False
bonds,RU000A10DG86,122,2119,0.05757432751297782,0.0,2025-11-19,2026-05-15,0.0005403460373415243,0.0016724986608480418,0.00695679386277391,False,False
bonds,RU000A10DGA9,111,2119,0.052383199622463426,0.9369369369369369,2025-12-04,2026-05-15,0.001101458374170768,0.009450515446857313,0.0963977373728502,False,False
bonds,RU000A10DHT7,121,2119,0.05710240679565833,0.0,2025-11-20,2026-05-15,0.0008962136994662213,0.002034694720195485,0.00679521979084622,False,False
bonds,RU000A10DHV3,121,2119,0.05710240679565833,0.0,2025-11-20,2026-05-15,0.0007428192037953035,0.002248945013011486,0.00844019532567751,False,False
bonds,RU000A10DHX9,121,2119,0.05710240679565833,0.0,2025-11-20,2026-05-15,0.0008582455741199062,0.003965894766723514,0.0128313374384467,False,False
bonds,RU000A10DJ00,118,2119,0.05568664464369986,0.0,2025-11-25,2026-05-15,0.0006724785527746879,0.007542325862767488,0.034744016317379,False,False
bonds,RU000A10DJ18,118,2119,0.05568664464369986,0.025423728813559324,2025-11-25,2026-05-15,0.0009835436996180173,0.003832351618967801,0.0199414935493179,False,False
bonds,RU000A10DJA3,120,2119,0.056630486078338836,0.0,2025-11-21,2026-05-15,0.0007499253589894694,0.001792603931358832,0.0106512723752877,False,False
bonds,RU000A10DJH8,120,2119,0.056630486078338836,0.0,2025-11-21,2026-05-15,0.0008703875372604616,0.0026288855797426576,0.0112206686406542,False,False
bonds,RU000A10DJM8,119,2119,0.05615856536101935,0.0,2025-11-24,2026-05-15,0.00020067114640829922,0.007361722193469202,0.0773465751739773,False,False
bonds,RU000A10DJP1,117,2119,0.05521472392638037,0.0,2025-11-26,2026-05-15,0.0006273658463187356,0.02153340126358503,0.0945307635692484,False,False
bonds,RU000A10DJR7,119,2119,0.05615856536101935,0.008403361344537815,2025-11-24,2026-05-15,0.0006565816870037762,0.002376064567247444,0.0133080188931478,False,False
bonds,RU000A10DJS5,119,2119,0.05615856536101935,0.0,2025-11-24,2026-05-15,0.0009827010535505495,0.0016058619569214623,0.00813423921800574,False,False
bonds,RU000A10DJV9,119,2119,0.05615856536101935,0.0,2025-11-24,2026-05-15,0.0031020407007902135,0.08045450251406958,0.382568829955558,False,False
bonds,RU000A10DJY3,118,2119,0.05568664464369986,0.0,2025-11-25,2026-05-15,0.0038558900979033394,0.12514633804062875,0.616206499128412,False,False
bonds,RU000A10DK80,115,2119,0.05427088249174139,0.0,2025-11-28,2026-05-15,-0.015381387035867578,0.09920694546370937,0.505121179187499,False,False
bonds,RU000A10DLC5,116,2119,0.05474280320906088,0.0,2025-11-27,2026-05-15,0.0012178291867738077,0.003761839956148211,0.0138655950928847,False,False
bonds,RU000A10DLE1,116,2119,0.05474280320906088,0.0,2025-11-27,2026-05-15,0.0007227251004364928,0.001980577918693435,0.01155464987681,False,False
bonds,RU000A10DLN2,115,2119,0.05427088249174139,0.0,2025-11-28,2026-05-15,0.0009695163882301846,0.0027353206582800675,0.00866811402138594,False,False
bonds,RU000A10DLP7,115,2119,0.05427088249174139,0.017391304347826087,2025-11-28,2026-05-15,0.0007164344298697097,0.001915304892039158,0.00701259620418794,False,False
bonds,RU000A10DLV5,113,2119,0.053327041057102405,0.0,2025-12-02,2026-05-15,0.0006267375380400018,0.014687221778361065,0.0620050809323018,False,False
bonds,RU000A10DLY9,115,2119,0.05427088249174139,0.0,2025-11-28,2026-05-15,0.0009538441356678268,0.0029767940766569686,0.0113596085732627,False,False
bonds,RU000A10DM96,114,2119,0.053798961774421894,0.0,2025-12-01,2026-05-15,0.0007172711496947578,0.002163092978687072,0.00806838738647664,False,False
bonds,RU000A10DMN0,113,2119,0.053327041057102405,0.0,2025-12-02,2026-05-15,0.0009821594057058294,0.0034270431193204904,0.00876998842457892,False,False
bonds,RU000A10DMS9,112,2119,0.052855120339782916,0.0,2025-12-03,2026-05-15,0.0007118828093939572,0.00151677642651007,0.00632690349967866,False,False
bonds,RU000A10DNX7,74,2119,0.034922133081642284,0.0,2026-01-30,2026-05-15,0.0008490643606235582,0.002148519073861062,0.00830408516548717,False,False
bonds,RU000A10DP51,112,2119,0.052855120339782916,0.0,2025-12-03,2026-05-15,0.0008790311943819816,0.0028964698150499755,0.0126773309178274,False,False
bonds,RU000A10DP93,112,2119,0.052855120339782916,0.0,2025-12-03,2026-05-15,0.0007921993351642693,0.0031311066870858507,0.0113898117952325,False,False
bonds,RU000A10DPB8,112,2119,0.052855120339782916,0.0,2025-12-03,2026-05-15,0.0007102932987501299,0.002012746059525135,0.00741676924690301,False,False
bonds,RU000A10DPJ1,111,2119,0.052383199622463426,0.0,2025-12-04,2026-05-15,0.0011312818297288898,0.003841275411618447,0.01318734057209,False,False
bonds,RU000A10DPM5,111,2119,0.052383199622463426,0.0,2025-12-04,2026-05-15,0.0007088052182185801,0.001531778869587093,0.00816274593237493,False,False
bonds,RU000A10DPS2,110,2119,0.05191127890514394,0.0,2025-12-05,2026-05-15,0.0009648008556117374,0.002589022478368318,0.0103269501820779,False,False
bonds,RU000A10DPT0,110,2119,0.05191127890514394,0.0,2025-12-05,2026-05-15,-3.0292930100135555e-05,0.010391263317987572,0.0853010661744934,False,False
bonds,RU000A10DPV6,110,2119,0.05191127890514394,0.0,2025-12-05,2026-05-15,0.0009694263120009893,0.0026343318343472547,0.0104786489628056,False,False
bonds,RU000A10DPW4,110,2119,0.05191127890514394,0.0,2025-12-05,2026-05-15,0.0011257176905408387,0.003516510965732519,0.0110930867941281,False,False
bonds,RU000A10DQ19,78,2119,0.03680981595092025,0.717948717948718,2026-01-26,2026-05-15,0.0021008797290644763,0.06698160995748255,0.341219270287553,False,False
bonds,RU000A10DQ68,109,2119,0.05143935818782445,0.0,2025-12-08,2026-05-15,0.001000419566596901,0.0022498530656668266,0.00720640516690322,False,False
bonds,RU000A10DQA8,108,2119,0.05096743747050495,0.0,2025-12-09,2026-05-15,0.0002894935694427279,0.008123934812903374,0.0361814240530003,False,False
bonds,RU000A10DQB6,108,2119,0.05096743747050495,0.0,2025-12-09,2026-05-15,0.00021586465157276448,0.007039570105216241,0.0356478475932892,False,False
bonds,RU000A10DQK7,104,2119,0.049079754601226995,0.0,2025-12-15,2026-05-15,0.0008945800571414084,0.003412323845130195,0.0179847980409423,False,False
bonds,RU000A10DQL5,108,2119,0.05096743747050495,0.018518518518518517,2025-12-09,2026-05-15,0.0006840916708519045,0.001957791724116779,0.0119961779047692,False,False
bonds,RU000A10DQM3,108,2119,0.05096743747050495,0.0,2025-12-09,2026-05-15,-0.0004672895498686027,0.05948510353064818,0.381313369716635,False,False
bonds,RU000A10DRE8,106,2119,0.05002359603586597,0.0,2025-12-11,2026-05-15,0.0012191485064029079,0.002946803680692924,0.0123664273623347,False,False
bonds,RU000A10DRF5,107,2119,0.05049551675318546,0.0,2025-12-10,2026-05-15,0.0007414094535986804,0.003930193004168191,0.0270958586371233,False,False
bonds,RU000A10DRV2,106,2119,0.05002359603586597,0.0,2025-12-11,2026-05-15,0.0010488015173653544,0.0031571004764009408,0.0133267763577761,False,False
bonds,RU000A10DRX8,105,2119,0.049551675318546484,0.0,2025-12-12,2026-05-15,0.0014154224155583726,0.0032593358175825437,0.0119615969065431,False,False
bonds,RU000A10DRZ3,105,2119,0.049551675318546484,0.0,2025-12-12,2026-05-15,0.0013621957262350127,0.015845172691906727,0.0684373919701252,False,False
bonds,RU000A10DS66,102,2119,0.04813591316658802,0.0,2025-12-17,2026-05-15,0.0006803461335433738,0.008124759333678292,0.0297558899078443,False,False
bonds,RU000A10DS74,102,2119,0.04813591316658802,0.0196078431372549,2025-12-17,2026-05-15,0.0008098852413306846,0.0014988994328122025,0.0069488592942026,False,False
bonds,RU000A10DSC0,102,2119,0.04813591316658802,0.0,2025-12-17,2026-05-15,0.0009288293884302813,0.003894176156151234,0.0191829265843298,False,False
bonds,RU000A10DSD8,102,2119,0.04813591316658802,0.00980392156862745,2025-12-17,2026-05-15,0.0009278918286910272,0.0034808341727646432,0.0145329986439486,False,False
bonds,RU000A10DSG1,104,2119,0.049079754601226995,0.0,2025-12-15,2026-05-15,0.0007381791753424661,0.0015525580834626644,0.00497812545284378,False,False
bonds,RU000A10DSL1,104,2119,0.049079754601226995,0.0,2025-12-15,2026-05-15,0.0007855392764841962,0.0021080925839156582,0.00676248582347946,False,False
bonds,RU000A10DSM9,104,2119,0.049079754601226995,0.0,2025-12-15,2026-05-15,0.0007796242916903679,0.0015593323249688885,0.00627734712868995,False,False
bonds,RU000A10DSU2,103,2119,0.048607833883907506,0.0,2025-12-16,2026-05-15,0.0015928632925309354,0.0066411824317004955,0.0210965108798672,False,False
bonds,RU000A10DSX6,103,2119,0.048607833883907506,0.009708737864077669,2025-12-16,2026-05-15,0.0006016299627601383,0.0029248456273144718,0.0116153127821544,False,False
bonds,RU000A10DSY4,103,2119,0.048607833883907506,0.0,2025-12-16,2026-05-15,0.0008662437059521241,0.0050132740422212515,0.0234821862363556,False,False
bonds,RU000A10DT08,103,2119,0.048607833883907506,0.0,2025-12-16,2026-05-15,0.0003035897450484719,0.014331429812579725,0.0586382427518248,False,False
bonds,RU000A10DTA2,102,2119,0.04813591316658802,0.0,2025-12-17,2026-05-15,0.0009937977927043835,0.001684571518213845,0.00884608067350909,False,False
bonds,RU000A10DTB0,102,2119,0.04813591316658802,0.0,2025-12-17,2026-05-15,0.001279497301539046,0.0056969686098234905,0.0212548686234294,False,False
bonds,RU000A10DTF1,102,2119,0.04813591316658802,0.0,2025-12-17,2026-05-15,0.0012255344853074612,0.0031199413989627914,0.0104171703456276,False,False
bonds,RU000A10DTG9,102,2119,0.04813591316658802,0.0,2025-12-17,2026-05-15,5.452326842248756e-05,0.00839775045741938,0.080928224416135,False,False
bonds,RU000A10DTP0,101,2119,0.04766399244926852,0.0,2025-12-18,2026-05-15,0.001315619641738796,0.0038289306298677985,0.0180179795860779,False,False
bonds,RU000A10DTQ8,101,2119,0.04766399244926852,0.0,2025-12-18,2026-05-15,0.0009316449549330678,0.008575001179916542,0.0289108124553172,False,False
bonds,RU000A10DTS4,101,2119,0.04766399244926852,0.0,2025-12-18,2026-05-15,0.0008749311383964271,0.006162764412940898,0.0273404758406759,False,False
bonds,RU000A10DTT2,101,2119,0.04766399244926852,0.0,2025-12-18,2026-05-15,0.0007376840136127182,0.005696406727319056,0.0228642231942412,False,False
bonds,RU000A10DTU0,101,2119,0.04766399244926852,0.0,2025-12-18,2026-05-15,-0.004997851343891196,0.055889117314673525,0.26257766382648,False,False
bonds,RU000A10DTW6,101,2119,0.04766399244926852,0.0,2025-12-18,2026-05-15,0.0012984073086637767,0.0036769497922476916,0.0181184183253058,False,False
bonds,RU000A10DUQ6,34,2119,0.01604530438886267,0.0,2026-03-30,2026-05-15,0.0017631881073770352,0.0017418986919724101,0.00653336106310524,False,False
bonds,RU000A10DWF5,100,2119,0.04719207173194903,0.0,2025-12-19,2026-05-15,0.0008376317478443378,0.0026146827742820084,0.00962301220065483,False,False
bonds,RU000A10DWP4,100,2119,0.04719207173194903,0.0,2025-12-19,2026-05-15,0.0009580301885708873,0.003636114426277172,0.0149088665211095,False,False
bonds,RU000A10DWQ2,100,2119,0.04719207173194903,0.0,2025-12-19,2026-05-15,0.0009994361130679637,0.003941463749562042,0.0150944451597595,False,False
bonds,RU000A10DWW0,99,2119,0.04672015101462954,0.0,2025-12-22,2026-05-15,0.0007408099606280235,0.002147150071221303,0.00611314147802526,False,False
bonds,RU000A10DXE6,62,2119,0.0292590844738084,0.0,2026-02-17,2026-05-15,-0.0004234462535535542,0.009275819926948621,0.0665128687778077,False,False
bonds,RU000A10DXJ5,94,2119,0.04436054742803209,0.0,2025-12-29,2026-05-15,0.0006941792526748865,0.015001796279999523,0.100455087069857,False,False
bonds,RU000A10DXL1,98,2119,0.04624823029731005,0.0,2025-12-23,2026-05-15,0.0006658560224499578,0.004867828364243526,0.0193151205412473,False,False
bonds,RU000A10DXM9,98,2119,0.04624823029731005,0.0,2025-12-23,2026-05-15,0.0013698427879642963,0.006199033998293017,0.0297767878208242,False,False
bonds,RU000A10DY01,94,2119,0.04436054742803209,0.0,2025-12-29,2026-05-15,0.0010030798963004428,0.003397765073945287,0.0127954645083754,False,False
bonds,RU000A10DY27,97,2119,0.045776309579990564,0.0,2025-12-24,2026-05-15,0.0014497494391350729,0.007310946462973182,0.0324151628380222,False,False
bonds,RU000A10DY35,97,2119,0.045776309579990564,0.0,2025-12-24,2026-05-15,0.0059055169516757065,0.06391388934834272,0.330099048184315,False,False
bonds,RU000A10DY50,97,2119,0.045776309579990564,0.0,2025-12-24,2026-05-15,0.0010815646526802817,0.011495832915133071,0.0742876904193955,False,False
bonds,RU000A10DY76,97,2119,0.045776309579990564,0.0,2025-12-24,2026-05-15,0.0017466398560640301,0.03044436762174649,0.142857211740116,False,False
bonds,RU000A10DY92,97,2119,0.045776309579990564,0.0,2025-12-24,2026-05-15,0.0007733834099173464,0.0025588843729705945,0.0119084909034069,False,False
bonds,RU000A10DYB0,97,2119,0.045776309579990564,0.0,2025-12-24,2026-05-15,0.0005979253460654207,0.0017591047954314334,0.00562411130544659,False,False
bonds,RU000A10DYC8,97,2119,0.045776309579990564,0.0,2025-12-24,2026-05-15,0.0009235399476154077,0.002572715122772552,0.0107220434579168,False,False
bonds,RU000A10DYG9,96,2119,0.045304388862671074,0.0,2025-12-25,2026-05-15,0.0011072963818874128,0.002795062255969095,0.0107479591526389,False,False
bonds,RU000A10DYH7,91,2119,0.04294478527607362,0.0,2026-01-06,2026-05-15,0.0006011404032879294,0.02356140041812667,0.181849160867665,False,False
bonds,RU000A10DYJ3,81,2119,0.038225578102878716,0.0,2026-01-21,2026-05-15,0.0003400450394121118,0.008712786292246089,0.0454710930714527,False,False
bonds,RU000A10DYP0,95,2119,0.04483246814535158,0.010526315789473684,2025-12-26,2026-05-15,0.0007470238726180345,0.005411789656641246,0.0181216119253682,False,False
bonds,RU000A10DYZ9,95,2119,0.04483246814535158,0.0,2025-12-26,2026-05-15,0.001348699543670471,0.002757142019845568,0.0131497205112891,False,False
bonds,RU000A10DZB7,51,2119,0.02406795658329401,0.9019607843137255,2026-03-05,2026-05-15,-0.0003195342695245685,0.0016156317118681896,0.0103194895287199,False,False
bonds,RU000A10DZH4,94,2119,0.04436054742803209,0.0,2025-12-29,2026-05-15,0.0007434196819678046,0.005049177535796907,0.0213581348329248,False,False
bonds,RU000A10DZK8,94,2119,0.04436054742803209,0.0,2025-12-29,2026-05-15,0.0011518165564944867,0.0024360008998368502,0.00747353436576331,False,False
bonds,RU000A10DZL6,94,2119,0.04436054742803209,0.0,2025-12-29,2026-05-15,0.000928294022772172,0.004956333135549199,0.024091331184252,False,False
bonds,RU000A10DZN2,94,2119,0.04436054742803209,0.0,2025-12-29,2026-05-15,0.001003159692428572,0.0060356307101571485,0.0258087789401213,False,False
bonds,RU000A10DZT9,94,2119,0.04436054742803209,0.010638297872340425,2025-12-29,2026-05-15,0.0008738874087307908,0.0034786244464922156,0.0145763013451313,False,False
bonds,RU000A10DZU7,94,2119,0.04436054742803209,0.010638297872340425,2025-12-29,2026-05-15,0.001001511789935237,0.0023831577828030874,0.00830962328667281,False,False
bonds,RU000A10DZW3,94,2119,0.04436054742803209,0.0,2025-12-29,2026-05-15,0.0010640908672269632,0.002615294747188095,0.00969886320573329,False,False
bonds,RU000A10E283,93,2119,0.0438886267107126,0.0,2025-12-30,2026-05-15,0.0011455741622456263,0.002509391957944318,0.00939696974991829,False,False
bonds,RU000A10E291,93,2119,0.0438886267107126,0.0,2025-12-30,2026-05-15,0.0009837068550762687,0.0025194838627645793,0.0157010073623159,False,False
bonds,RU000A10E2B3,93,2119,0.0438886267107126,0.0,2025-12-30,2026-05-15,0.000873960335371005,0.0036185536812885985,0.0226520999079696,False,False
bonds,RU000A10E3T3,83,2119,0.039169419537517694,0.0,2026-01-19,2026-05-15,0.00044000581808901004,0.006054004361515117,0.0244777560449578,False,False
bonds,RU000A10E3Z0,67,2119,0.03161868806040585,0.8656716417910447,2026-02-10,2026-05-15,0.0004898983981758176,0.07965904846402853,0.357147310503963,False,False
bonds,RU000A10E4F0,81,2119,0.038225578102878716,0.0,2026-01-21,2026-05-15,0.0009390353412961116,0.0030501508433012146,0.0120275094610304,False,False
bonds,RU000A10E4G8,81,2119,0.038225578102878716,0.0,2026-01-21,2026-05-15,0.000689065265625741,0.002659818619441484,0.00976166186435373,False,False
bonds,RU000A10E4U9,79,2119,0.03728173666823974,0.0,2026-01-23,2026-05-15,0.0007165991745255986,0.0021113082003410524,0.00970497605981151,False,False
bonds,RU000A10E4X3,79,2119,0.03728173666823974,0.0,2026-01-23,2026-05-15,-0.004076022103092256,0.06222483937304767,0.319522054119079,False,False
bonds,RU000A10E4Y1,78,2119,0.03680981595092025,0.0,2026-01-26,2026-05-15,0.0014981071709689346,0.0027739531812710425,0.00914800879582851,False,False
bonds,RU000A10E5C4,78,2119,0.03680981595092025,0.0,2026-01-26,2026-05-15,0.0007472801322750177,0.003628943953934886,0.0134247711900443,False,False
bonds,RU000A10E5S0,77,2119,0.03633789523360075,0.0,2026-01-27,2026-05-15,0.000924687690459759,0.0009553828114564841,0.00332739580596798,False,False
bonds,RU000A10E5V4,42,2119,0.019820670127418595,0.7380952380952381,2026-03-18,2026-05-15,0.0011062593748416857,0.0920858395461432,0.349568322098036,False,False
bonds,RU000A10E5X0,76,2119,0.03586597451628126,0.0,2026-01-28,2026-05-15,0.0007208475282903036,0.0019137941265871946,0.00920811372461706,False,False
bonds,RU000A10E5Y8,76,2119,0.03586597451628126,0.0,2026-01-28,2026-05-15,0.0008961455231011198,0.003000433260435444,0.00863828253518167,False,False
bonds,RU000A10E630,75,2119,0.03539405379896177,0.0,2026-01-29,2026-05-15,0.0006912794199707334,0.002215900647636717,0.00770530436471974,False,False
bonds,RU000A10E655,75,2119,0.03539405379896177,0.0,2026-01-29,2026-05-15,0.0016522980491208243,0.003838177616170073,0.0107813782348055,False,False
bonds,RU000A10E6D0,74,2119,0.034922133081642284,0.0,2026-01-30,2026-05-15,0.0009368897629095301,0.003955339740603914,0.0111874900701454,False,False
bonds,RU000A10E6G3,73,2119,0.034450212364322795,0.0,2026-02-02,2026-05-15,0.0015793849259723722,0.005269316314209673,0.0166372462458197,False,False
bonds,RU000A10E6J7,73,2119,0.034450212364322795,0.0,2026-02-02,2026-05-15,0.0013285787982260512,0.0027854619665373037,0.00815672344291628,False,False
bonds,RU000A10E6Q2,69,2119,0.03256252949504483,0.0,2026-02-06,2026-05-15,0.0007916478144962247,0.0025495456332481426,0.00926866969502827,False,False
bonds,RU000A10E6S8,71,2119,0.03350637092968381,0.0,2026-02-04,2026-05-15,0.0012163003908214195,0.016082330324828698,0.102650088875664,False,False
bonds,RU000A10E6T6,71,2119,0.03350637092968381,0.0,2026-02-04,2026-05-15,0.0003636475769137043,0.012628757193327124,0.0439186692017297,False,False
bonds,RU000A10E6U4,71,2119,0.03350637092968381,0.0,2026-02-04,2026-05-15,0.0003003746985398078,0.00712495951180279,0.0372738242797433,False,False
bonds,RU000A10E6V2,71,2119,0.03350637092968381,0.0,2026-02-04,2026-05-15,0.0008737991986017558,0.00345620931297899,0.0137559343424357,False,False
bonds,RU000A10E739,70,2119,0.03303445021236432,0.0,2026-02-05,2026-05-15,0.0010261473316611734,0.0028060451249758726,0.00802579519216602,False,False
bonds,RU000A10E747,70,2119,0.03303445021236432,0.0,2026-02-05,2026-05-15,0.001126328140448005,0.013870754850708454,0.072579149741001,False,False
bonds,RU000A10E7D8,69,2119,0.03256252949504483,0.0,2026-02-06,2026-05-15,0.00119660465535897,0.0013199093085293097,0.00576826136384763,False,False
bonds,RU000A10E7G1,69,2119,0.03256252949504483,0.0,2026-02-06,2026-05-15,0.0011120957375900873,0.003416683611111862,0.0108917522533072,False,False
bonds,RU000A10E7K3,68,2119,0.03209060877772534,0.0,2026-02-09,2026-05-15,0.0011088953717652032,0.0028533863807117615,0.0073867151761965,False,False
bonds,RU000A10E7M9,55,2119,0.02595563945257197,0.7272727272727273,2026-02-27,2026-05-15,-0.00035061532671134204,0.04724350346864297,0.200668675280537,False,False
bonds,RU000A10E7N7,46,2119,0.021708352996696555,0.5434782608695652,2026-03-12,2026-05-15,-0.010043776391711024,0.06857179192176546,0.223016060716469,False,False
bonds,RU000A10E7Q0,68,2119,0.03209060877772534,0.0,2026-02-09,2026-05-15,0.0008188602706117718,0.004535488108438643,0.0150926065276327,False,False
bonds,RU000A10E7U2,66,2119,0.03114676734308636,0.0,2026-02-11,2026-05-15,0.0006133377622535731,0.007005413866723896,0.0286944521155771,False,False
bonds,RU000A10E7W8,67,2119,0.03161868806040585,0.0,2026-02-10,2026-05-15,0.0006378647976307048,0.001124248870894791,0.00332897001117001,False,False
bonds,RU000A10E7Y4,51,2119,0.02406795658329401,0.9215686274509803,2026-03-05,2026-05-15,0.00011281434491414887,0.001256762855783797,0.00687280056090427,False,False
bonds,RU000A10E804,63,2119,0.02973100519112789,0.0,2026-02-16,2026-05-15,0.0006632870966232179,0.016946910253180635,0.095467566289647,False,False
bonds,RU000A10E846,10,2119,0.004719207173194903,0.9,2026-05-04,2026-05-15,0.040269552756756796,0.127343507067664,0.402695527567568,False,False
bonds,RU000A10E8N5,65,2119,0.03067484662576687,0.0,2026-02-12,2026-05-15,0.0007230281312372442,0.0009493903521867025,0.00343978491101098,False,False
bonds,RU000A10E8P0,65,2119,0.03067484662576687,0.0,2026-02-12,2026-05-15,0.00033950963347921536,0.014460947462030494,0.0714953531666115,False,False
bonds,RU000A10E9M5,64,2119,0.030202925908447382,0.0,2026-02-13,2026-05-15,0.0009805102085713232,0.005185942896349505,0.0133433863351704,False,False
bonds,RU000A10E9V6,63,2119,0.02973100519112789,0.0,2026-02-16,2026-05-15,0.0009882434599350236,0.0020625237188567486,0.0081621771876303,False,False
bonds,RU000A10E9Y0,63,2119,0.02973100519112789,0.0,2026-02-16,2026-05-15,0.000766380195979241,0.08279436139279754,0.377844442038035,False,False
bonds,RU000A10E9Z7,63,2119,0.02973100519112789,0.0,2026-02-16,2026-05-15,0.001254758214901386,0.003624242097016491,0.010724784886565,False,False
bonds,RU000A10EA08,63,2119,0.02973100519112789,0.015873015873015872,2026-02-16,2026-05-15,0.001672640638881236,0.003494302058095652,0.0116395813343814,False,False
bonds,RU000A10EA16,63,2119,0.02973100519112789,0.0,2026-02-16,2026-05-15,0.001003454425551768,0.0020676365490282433,0.00552672732447699,False,False
bonds,RU000A10EA32,63,2119,0.02973100519112789,0.0,2026-02-16,2026-05-15,0.0007422958573501979,0.0010631305466600601,0.00385387473895792,False,False
bonds,RU000A10EA40,58,2119,0.02737140160453044,0.0,2026-02-24,2026-05-15,0.001112611006885386,0.0017106101568645728,0.00668996663347329,False,False
bonds,RU000A10EAB8,62,2119,0.0292590844738084,0.0,2026-02-17,2026-05-15,0.0015444757227552285,0.004273530110724991,0.0136105391994142,False,False
bonds,RU000A10EAC6,62,2119,0.0292590844738084,0.0,2026-02-17,2026-05-15,0.0006108552045091663,0.0006888067955390662,0.00239226252274677,False,False
bonds,RU000A10EAM5,61,2119,0.02878716375648891,0.0,2026-02-18,2026-05-15,0.00772382663011753,0.08311554038615843,0.465011744414208,False,False
bonds,RU000A10EAQ6,61,2119,0.02878716375648891,0.0,2026-02-18,2026-05-15,0.0007674320740847467,0.02559268494649756,0.120493849952939,False,False
bonds,RU000A10EAS2,61,2119,0.02878716375648891,0.0,2026-02-18,2026-05-15,0.0011562100621177243,0.007666831960655085,0.0306305745982445,False,False
bonds,RU000A10EB07,60,2119,0.028315243039169418,0.0,2026-02-19,2026-05-15,0.0009519060474419248,0.0015029011762525395,0.00793016110675236,False,False
bonds,RU000A10EBE0,60,2119,0.028315243039169418,0.0,2026-02-19,2026-05-15,0.0007474673271293423,0.0029607322934478496,0.00674350929726843,False,False
bonds,RU000A10EC14,58,2119,0.02737140160453044,0.0,2026-02-24,2026-05-15,0.0008391538322493272,0.010122998671756863,0.0432321122388267,False,False
bonds,RU000A10EC22,59,2119,0.02784332232184993,0.0,2026-02-20,2026-05-15,0.0010294261343262027,0.0015718964849014648,0.0067895413533622,False,False
bonds,RU000A10EC48,59,2119,0.02784332232184993,0.01694915254237288,2026-02-20,2026-05-15,0.0010318903670849333,0.001218094126829133,0.00425117200464138,False,False
bonds,RU000A10EC63,55,2119,0.02595563945257197,0.0,2026-02-27,2026-05-15,0.0015843368634787089,0.0019286283871229057,0.00645440926509992,False,False
bonds,RU000A10ECA6,58,2119,0.02737140160453044,0.0,2026-02-24,2026-05-15,0.0009919935641578117,0.001725657157649481,0.00697301165222674,False,False
bonds,RU000A10ECK5,58,2119,0.02737140160453044,0.0,2026-02-24,2026-05-15,0.005709022043670972,0.07289932750301364,0.378516045447823,False,False
bonds,RU000A10ECM1,57,2119,0.026899480887210947,0.0,2026-02-25,2026-05-15,0.0005876189487645108,0.003795469035425308,0.0158425779958627,False,False
bonds,RU000A10ECW0,56,2119,0.026427560169891458,0.0,2026-02-26,2026-05-15,0.0013699597134584995,0.021517367310943645,0.108049942944534,False,False
bonds,RU000A10ECX8,56,2119,0.026427560169891458,0.0,2026-02-26,2026-05-15,0.007053530812819821,0.11110887998972976,0.595797055747757,False,False
bonds,RU000A10ECY6,56,2119,0.026427560169891458,0.0,2026-02-26,2026-05-15,0.001058280530961758,0.001711242851710714,0.00807194815358512,False,False
bonds,RU000A10ED62,55,2119,0.02595563945257197,0.0,2026-02-27,2026-05-15,0.0012663778352875101,0.002462142525870309,0.00668040751076647,False,False
bonds,RU000A10ED70,55,2119,0.02595563945257197,0.0,2026-02-27,2026-05-15,0.001075562026750221,0.00558125826061981,0.0148208225787551,False,False
bonds,RU000A10EDA4,55,2119,0.02595563945257197,0.0,2026-02-27,2026-05-15,0.0005844374254058571,0.0005644609738735209,0.00271630749422813,False,False
bonds,RU000A10EDB2,55,2119,0.02595563945257197,0.0,2026-02-27,2026-05-15,0.0008266411500070908,0.002026671945259314,0.0068575004098816,False,False
bonds,RU000A10EDE6,26,2119,0.012269938650306749,0.5769230769230769,2026-04-09,2026-05-15,0.004906134813652015,0.12483411476419941,0.351312236360074,False,False
bonds,RU000A10EDV0,54,2119,0.025483718735252476,0.0,2026-03-02,2026-05-15,0.0009305553218682811,0.0016070559301660141,0.00437741954115921,False,False
bonds,RU000A10EDW8,54,2119,0.025483718735252476,0.0,2026-03-02,2026-05-15,0.0006728360297800352,0.0035868102736292527,0.0108505899679051,False,False
bonds,RU000A10EE87,54,2119,0.025483718735252476,0.0,2026-03-02,2026-05-15,0.0010827355983248996,0.0017591028863399058,0.00684464007096164,False,False
bonds,RU000A10EEP0,52,2119,0.024539877300613498,0.0,2026-03-04,2026-05-15,0.0007065342209631767,0.0006395393680450045,0.00435254276033209,False,False
bonds,RU000A10EER6,52,2119,0.024539877300613498,0.0,2026-03-04,2026-05-15,0.003254698793067364,0.010305717570039835,0.0392743974616179,False,False
bonds,RU000A10EES4,52,2119,0.024539877300613498,0.0,2026-03-04,2026-05-15,0.0015019190575372228,0.002633856658013176,0.00919637663889324,False,False
bonds,RU000A10EEZ9,51,2119,0.02406795658329401,0.0,2026-03-05,2026-05-15,0.0012086840495930068,0.002087913989016797,0.00862381992898693,False,False
bonds,RU000A10EF11,51,2119,0.02406795658329401,0.0,2026-03-05,2026-05-15,0.0005593040593494741,0.002648417104127467,0.00761380907251203,False,False
bonds,RU000A10EF52,44,2119,0.020764511562057573,0.0,2026-03-16,2026-05-15,0.0008166494921854017,0.0011071083869054988,0.00306766573936238,False,False
bonds,RU000A10EFW3,50,2119,0.023596035865974516,0.0,2026-03-06,2026-05-15,0.0015559911903147755,0.003985990085935876,0.0116611464545933,False,False
bonds,RU000A10EG28,49,2119,0.023124115148655026,0.0,2026-03-09,2026-05-15,0.0009789622220518193,0.0031819195242353167,0.0106974853595097,False,False
bonds,RU000A10EG44,49,2119,0.023124115148655026,0.0,2026-03-09,2026-05-15,0.0013039966256791265,0.003504678316541727,0.0103040987193952,False,False
bonds,RU000A10EHB3,46,2119,0.021708352996696555,0.0,2026-03-12,2026-05-15,0.0014615076634031496,0.0023007768938285637,0.00896276062980178,False,False
bonds,RU000A10EHC1,46,2119,0.021708352996696555,0.043478260869565216,2026-03-12,2026-05-15,0.0007007286814110649,0.0013157325600753021,0.0040059793534117,False,False
bonds,RU000A10EHJ6,46,2119,0.021708352996696555,0.0,2026-03-12,2026-05-15,0.0011334796308607,0.003996366182613186,0.0119485772809241,False,False
bonds,RU000A10EJA1,45,2119,0.021236432279377066,0.0,2026-03-13,2026-05-15,0.0007244752894381112,0.0008065064651218977,0.00311820014856466,False,False
bonds,RU000A10EJQ7,44,2119,0.020764511562057573,0.045454545454545456,2026-03-16,2026-05-15,0.000994864791401137,0.002058424251324222,0.00835691567490822,False,False
bonds,RU000A10EJR5,44,2119,0.020764511562057573,0.0,2026-03-16,2026-05-15,0.0012744539272802299,0.0018866479688573567,0.00671682673786403,False,False
bonds,RU000A10EJZ8,43,2119,0.020292590844738084,0.0,2026-03-17,2026-05-15,0.0015333357160050385,0.0018007894919357913,0.0052052091810281,False,False
bonds,RU000A10EK06,43,2119,0.020292590844738084,0.0,2026-03-17,2026-05-15,0.0010869465375325969,0.0026236962601306297,0.00744803407520333,False,False
bonds,RU000A10EK48,33,2119,0.01557338367154318,0.0,2026-03-31,2026-05-15,0.0007225294449833271,0.0009755818856881788,0.00326611210166032,False,False
bonds,RU000A10EK63,40,2119,0.018876828692779613,0.0,2026-03-20,2026-05-15,0.0005696437955129772,0.00034817971330738164,0.00155935770181899,False,False
bonds,RU000A10EK71,43,2119,0.020292590844738084,0.0,2026-03-17,2026-05-15,0.0021248290487647413,0.004312431284719177,0.0164617442738176,False,False
bonds,RU000A10EKA9,18,2119,0.008494572911750826,0.7222222222222222,2026-04-21,2026-05-15,-0.0015428944081224835,0.034693014468720376,0.0993784439802787,False,False
bonds,RU000A10EKX1,42,2119,0.019820670127418595,0.0,2026-03-18,2026-05-15,0.0011507365037403056,0.0023091206487207585,0.00785788054649903,False,False
bonds,RU000A10EKY9,42,2119,0.019820670127418595,0.023809523809523808,2026-03-18,2026-05-15,0.000937804586382573,0.0018140965316741603,0.00660855013313733,False,False
bonds,RU000A10EKZ6,42,2119,0.019820670127418595,0.0,2026-03-18,2026-05-15,0.000970010772342347,0.0021315766215576665,0.00656837707285706,False,False
bonds,RU000A10EL13,42,2119,0.019820670127418595,0.0,2026-03-18,2026-05-15,0.0010876872572361043,0.002230797944159532,0.0107932872149992,False,False
bonds,RU000A10EL21,42,2119,0.019820670127418595,0.0,2026-03-18,2026-05-15,0.0003198773059853664,0.0035804235032417297,0.017291668615231,False,False
bonds,RU000A10EL70,17,2119,0.008022652194431336,0.0,2026-04-22,2026-05-15,0.0005149208200355126,0.01419560449150144,0.0334234615922451,False,False
bonds,RU000A10EL88,16,2119,0.0075507314771118455,0.0,2026-04-23,2026-05-15,0.0014579855918129847,0.022001027394957063,0.0436363021601191,False,False
bonds,RU000A10ELF6,41,2119,0.019348749410099102,0.0,2026-03-19,2026-05-15,0.0007583059906807591,0.0009549586408151812,0.00328038535199145,False,False
bonds,RU000A10EMF4,39,2119,0.018404907975460124,0.0,2026-03-23,2026-05-15,0.0008166633714366589,0.002469684996254177,0.00816591205368019,False,False
bonds,RU000A10EMG2,39,2119,0.018404907975460124,0.0,2026-03-23,2026-05-15,0.0011062371636667025,0.0026917616809084034,0.0107700744361754,False,False
bonds,RU000A10EMJ6,39,2119,0.018404907975460124,0.0,2026-03-23,2026-05-15,0.0009103520140616985,0.0016516385811668015,0.00529747787638043,False,False
bonds,RU000A10EML2,39,2119,0.018404907975460124,0.0,2026-03-23,2026-05-15,0.0007108283671834507,0.0018267323742880354,0.00465123978170774,False,False
bonds,RU000A10EMM0,39,2119,0.018404907975460124,0.0,2026-03-23,2026-05-15,0.0007729101282606201,0.0026614052505475744,0.011613359505418,False,False
bonds,RU000A10EMS7,38,2119,0.01793298725814063,0.0,2026-03-24,2026-05-15,0.0007104059561655154,0.0011366338438785581,0.0042450303457361,False,False
bonds,RU000A10EMU3,38,2119,0.01793298725814063,0.0,2026-03-24,2026-05-15,0.0009147372825184476,0.001908816049846502,0.00550691742682543,False,False
bonds,RU000A10EN11,37,2119,0.017461066540821142,0.0,2026-03-25,2026-05-15,0.0009530844282130233,0.0019148444593868666,0.00710901160220111,False,False
bonds,RU000A10EN29,37,2119,0.017461066540821142,0.0,2026-03-25,2026-05-15,0.0011748703296783193,0.002631634675978987,0.00992899842896877,False,False
bonds,RU000A10EN37,37,2119,0.017461066540821142,0.0,2026-03-25,2026-05-15,0.0006299651283789596,0.0024023221962820858,0.00771897754325588,False,False
bonds,RU000A10EN52,36,2119,0.016989145823501653,0.0,2026-03-26,2026-05-15,-0.0004322304094421854,0.0406554656021609,0.195864194254874,False,False
bonds,RU000A10EN60,36,2119,0.016989145823501653,0.0,2026-03-26,2026-05-15,0.0007749104450075835,0.002376439182458119,0.00676001646656819,False,False
bonds,RU000A10EN78,36,2119,0.016989145823501653,0.0,2026-03-26,2026-05-15,0.0009151420464676457,0.000686715854487131,0.0023256636874146,False,False
bonds,RU000A10ENA3,36,2119,0.016989145823501653,0.0,2026-03-26,2026-05-15,0.0009646377980022706,0.001388372753611144,0.00464773619867844,False,False
bonds,RU000A10ENP1,21,2119,0.009910335063709298,0.0,2026-04-16,2026-05-15,0.0008465200850493169,0.0015479368487374121,0.00473272895984576,False,False
bonds,RU000A10ENS5,35,2119,0.01651722510618216,0.0,2026-03-27,2026-05-15,0.0005912560989983998,0.0010853648318156204,0.00325544525574412,False,False
bonds,RU000A10ENT3,35,2119,0.01651722510618216,0.0,2026-03-27,2026-05-15,0.0014144921819914593,0.0025681997377465303,0.0080134083469323,False,False
bonds,RU000A10ENU1,34,2119,0.01604530438886267,0.0,2026-03-30,2026-05-15,0.0005813568437029547,0.0019083318950767396,0.00543374322271849,False,False
bonds,RU000A10EP43,12,2119,0.005663048607833884,0.0,2026-04-28,2026-05-14,0.05631956544921806,0.19404819094628922,0.672505020572932,False,False
bonds,RU000A10EP92,6,2119,0.002831524303916942,0.0,2026-05-08,2026-05-15,0.11244833710459344,0.2748633651446257,0.673510809751549,False,False
bonds,RU000A10EPA8,5,2119,0.0023596035865974517,0.0,2026-05-11,2026-05-15,0.13489930798771319,0.3006633281260415,0.67274170571979,False,False
bonds,RU000A10EPQ4,34,2119,0.01604530438886267,0.0,2026-03-30,2026-05-15,0.0006567752222306771,0.0024591057068761527,0.00618873102986454,False,False
bonds,RU000A10EPT8,34,2119,0.01604530438886267,0.0,2026-03-30,2026-05-15,0.0008531419998018067,0.0037981414207876063,0.0149218437037354,False,False
bonds,RU000A10EPU6,34,2119,0.01604530438886267,0.0,2026-03-30,2026-05-15,0.0025330965833444984,0.003939315975746851,0.011572456192587,False,False
bonds,RU000A10EPV4,34,2119,0.01604530438886267,0.0,2026-03-30,2026-05-15,0.0005202387226960264,0.003567792055885723,0.0120615441439219,False,False
bonds,RU000A10EPW2,34,2119,0.01604530438886267,0.0,2026-03-30,2026-05-15,0.0013325968321865015,0.010358188140520723,0.0365420276641539,False,False
bonds,RU000A10EPX0,34,2119,0.01604530438886267,0.0,2026-03-30,2026-05-15,0.000757872962034189,0.0009702088309371759,0.00305170174603568,False,False
bonds,RU000A10EQ34,33,2119,0.01557338367154318,0.0,2026-03-31,2026-05-15,0.0008962040103800332,0.0009054974799290568,0.00327309944887681,False,False
bonds,RU000A10EQ75,33,2119,0.01557338367154318,0.0,2026-03-31,2026-05-15,0.00063155634855726,0.002190500743092506,0.00523472827380895,False,False
bonds,RU000A10EQ83,33,2119,0.01557338367154318,0.0,2026-03-31,2026-05-15,0.0006735580805383888,0.0032899486791470606,0.00918547901813196,False,False
bonds,RU000A10EQD0,32,2119,0.015101462954223691,0.0,2026-04-01,2026-05-15,0.0010087885494243166,0.002668433358440619,0.00609337709298942,False,False
bonds,RU000A10EQE8,32,2119,0.015101462954223691,0.0,2026-04-01,2026-05-15,-0.001957413334798758,0.06995886788391782,0.305497721670789,False,False
bonds,RU000A10EQF5,31,2119,0.0146295422369042,0.0,2026-04-02,2026-05-15,0.0005406373373838856,0.006364866104134191,0.0253902214255728,False,False
bonds,RU000A10EQG3,32,2119,0.015101462954223691,0.0,2026-04-01,2026-05-15,0.0006148688236976504,0.007803057234558319,0.0254313787674025,False,False
bonds,RU000A10EQV2,30,2119,0.014157621519584709,0.0,2026-04-03,2026-05-15,0.0018530487566351384,0.0025435723208430128,0.00724794098623983,False,False
bonds,RU000A10ER41,29,2119,0.01368570080226522,0.0,2026-04-06,2026-05-15,0.0006376864678951756,0.0005579817842727759,0.00182414865837814,False,False
bonds,RU000A10ER66,30,2119,0.014157621519584709,0.0,2026-04-03,2026-05-15,0.0010296551238543458,0.002634950203019084,0.00845275485073035,False,False
bonds,RU000A10ERA4,29,2119,0.01368570080226522,0.0,2026-04-06,2026-05-15,0.0017263643342434964,0.002982149653512999,0.0101958019039914,False,False
bonds,RU000A10ERC0,29,2119,0.01368570080226522,0.0,2026-04-06,2026-05-15,0.0004925395390765594,0.004788498561785943,0.0143375245439982,False,False
bonds,RU000A10ERD8,29,2119,0.01368570080226522,0.0,2026-04-06,2026-05-15,-0.0015572493164627019,0.006417746611433169,0.0263898439676971,False,False
bonds,RU000A10ERE6,29,2119,0.01368570080226522,0.0,2026-04-06,2026-05-15,0.0009967249466414651,0.0017975669485792603,0.00499275806007817,False,False
bonds,RU000A10ERH9,29,2119,0.01368570080226522,0.0,2026-04-06,2026-05-15,0.0007292594834995261,0.001915076934771099,0.00504765531545872,False,False
bonds,RU000A10ERS6,27,2119,0.012741859367626238,0.0,2026-04-08,2026-05-15,0.0018067589778313243,0.003914044311619327,0.0108322747617634,False,False
bonds,RU000A10ERV0,27,2119,0.012741859367626238,0.0,2026-04-08,2026-05-15,0.0006232560954301498,0.0006170653472040029,0.00158254486407583,False,False
bonds,RU000A10ES16,27,2119,0.012741859367626238,0.0,2026-04-08,2026-05-15,0.0016862129513830213,0.004153370541773832,0.0119471092238415,False,False
bonds,RU000A10ES24,27,2119,0.012741859367626238,0.0,2026-04-08,2026-05-15,0.001043833989097789,0.0016450179788246556,0.00451414638170755,False,False
bonds,RU000A10ES32,27,2119,0.012741859367626238,0.0,2026-04-08,2026-05-15,0.0017601137836390714,0.0026156846491963166,0.00783193785064044,False,False
bonds,RU000A10ES57,26,2119,0.012269938650306749,0.0,2026-04-09,2026-05-15,0.0007157058642341363,0.0013006534107687666,0.00254815396815409,False,False
bonds,RU000A10ESF1,25,2119,0.011798017932987258,0.0,2026-04-10,2026-05-15,0.0015352196884932353,0.0026167350608251334,0.00740768972931269,False,False
bonds,RU000A10ESM7,24,2119,0.011326097215667769,0.0,2026-04-13,2026-05-15,0.0009393394302851577,0.0016229808731484786,0.00421833429919337,False,False
bonds,RU000A10ESN5,24,2119,0.011326097215667769,0.0,2026-04-13,2026-05-15,0.0012017977500034165,0.0023735182648987533,0.00644811519419046,False,False
bonds,RU000A10EST2,24,2119,0.011326097215667769,0.0,2026-04-13,2026-05-15,0.0008772876658315142,0.003836219894313819,0.0105008677204962,False,False
bonds,RU000A10ET56,23,2119,0.010854176498348278,0.0,2026-04-14,2026-05-15,0.0009575629409107422,0.0014268727812030443,0.0036892605779098,False,False
bonds,RU000A10ETL7,22,2119,0.010382255781028787,0.0,2026-04-15,2026-05-15,0.000614558283487638,0.0015439744607429514,0.0036040380299023,False,False
bonds,RU000A10ETM5,12,2119,0.005663048607833884,0.0,2026-04-29,2026-05-15,-0.000164360875274626,0.002945159703313658,0.00940084376258416,False,False
bonds,RU000A10ETQ6,22,2119,0.010382255781028787,0.0,2026-04-15,2026-05-15,0.0011241261821290786,0.001608366280994008,0.00644064347873663,False,False
bonds,RU000A10ETT0,22,2119,0.010382255781028787,0.0,2026-04-15,2026-05-15,0.0008714866729082744,0.0013073214727679795,0.00343967493252478,False,False
bonds,RU000A10EV52,21,2119,0.009910335063709298,0.0,2026-04-16,2026-05-15,0.00108054339057479,0.001157937083862883,0.00413592870499281,False,False
bonds,RU000A10EV60,21,2119,0.009910335063709298,0.0,2026-04-16,2026-05-15,0.0016583623318004582,0.001795432587863497,0.00592899536931029,False,False
bonds,RU000A10EVH1,20,2119,0.009438414346389807,0.0,2026-04-17,2026-05-15,0.003967330140299293,0.017314929148822523,0.0430630513545911,False,False
bonds,RU000A10EVJ7,20,2119,0.009438414346389807,0.0,2026-04-17,2026-05-15,0.0007524914173791489,0.0007529488692155898,0.00215474326216551,False,False
bonds,RU000A10EW44,19,2119,0.008966493629070316,0.0,2026-04-20,2026-05-15,0.019332130771273066,0.014854023101211226,0.0558462205781583,False,False
bonds,RU000A10EW51,19,2119,0.008966493629070316,0.0,2026-04-20,2026-05-15,0.001214979008273735,0.0015368144988046012,0.00508692917820998,False,False
bonds,RU000A10EW77,3,2119,0.001415762151958471,0.0,2026-05-13,2026-05-15,-0.002536448743618558,0.0051515614000997466,0.00848495946477814,False,False
bonds,RU000A10EW85,7,2119,0.0033034450212364322,0.0,2026-05-07,2026-05-15,0.0005807757297418538,0.0003403093044729389,0.00135244006732101,False,False
bonds,RU000A10EWA4,6,2119,0.002831524303916942,0.0,2026-05-08,2026-05-15,0.0004968207176532392,0.0034787271543962493,0.00499846705889315,False,False
bonds,RU000A10EWL1,18,2119,0.008494572911750826,0.0,2026-04-21,2026-05-15,0.0013361847405560995,0.0027669479152227935,0.00553027914043628,False,False
bonds,RU000A10EX35,17,2119,0.008022652194431336,0.0,2026-04-22,2026-05-15,0.0008805470933001052,0.0018215477236584881,0.00499785786499497,False,False
bonds,RU000A10EXF1,16,2119,0.0075507314771118455,0.0,2026-04-23,2026-05-15,5.60680591855982e-06,0.0018803379648903013,0.00361631619920234,False,False
bonds,RU000A10EXG9,16,2119,0.0075507314771118455,0.0,2026-04-23,2026-05-15,0.0017508837284151413,0.0033076938114137725,0.00901293654832675,False,False
bonds,RU000A10EXJ3,16,2119,0.0075507314771118455,0.0,2026-04-23,2026-05-15,0.0004292991289505217,0.002205140680754016,0.00462361038925734,False,False
bonds,RU000A10EXK1,16,2119,0.0075507314771118455,0.0,2026-04-23,2026-05-15,0.0006893098029833796,0.0004938440829045795,0.00171224395510497,False,False
bonds,RU000A10EXS4,15,2119,0.0070788107597923545,0.0,2026-04-24,2026-05-15,0.000930446047378831,0.0010431825958666233,0.00371231045912989,False,False
bonds,RU000A10EXU0,15,2119,0.0070788107597923545,0.0,2026-04-24,2026-05-15,0.0013226424828729694,0.0018272347927079608,0.0055083457750246,False,False
bonds,RU000A10EXW6,15,2119,0.0070788107597923545,0.0,2026-04-24,2026-05-15,0.0006971471783069511,0.0009229556591497139,0.00272241974713594,False,False
bonds,RU000A10EXZ9,14,2119,0.0066068900424728644,0.0,2026-04-27,2026-05-15,0.0010195196295676395,0.0015379027963027024,0.00329128108407295,False,False
bonds,RU000A10EY26,13,2119,0.006134969325153374,0.0,2026-04-28,2026-05-15,0.0006031474675042143,0.00041725027990379587,0.00174215204764321,False,False
bonds,RU000A10EYG7,13,2119,0.006134969325153374,0.0,2026-04-28,2026-05-15,0.004037556676708177,0.007841917731361914,0.0220310565736923,False,False
bonds,RU000A10EYH5,12,2119,0.005663048607833884,0.0,2026-04-29,2026-05-15,0.0010274835483985024,0.001269422815966168,0.0037266689481629,False,False
bonds,RU000A10EYJ1,12,2119,0.005663048607833884,0.0,2026-04-29,2026-05-15,0.0010028873424375545,0.0026775975775592425,0.00771358040118735,False,False
bonds,RU000A10EYT0,12,2119,0.005663048607833884,0.0,2026-04-29,2026-05-15,0.0009171609885733238,0.0009132937493965862,0.00304747723677136,False,False
bonds,RU000A10EYU8,12,2119,0.005663048607833884,0.16666666666666666,2026-04-29,2026-05-15,0.0006937042111127123,0.0016942317230904003,0.00469411905563433,False,False
bonds,RU000A10EYV6,12,2119,0.005663048607833884,0.0,2026-04-29,2026-05-15,0.0009220161321093001,0.0010589855904356517,0.00249477879285186,False,False
bonds,RU000A10EYW4,12,2119,0.005663048607833884,0.0,2026-04-29,2026-05-15,0.0008346428734771141,0.0015208429505327021,0.00486522331867992,False,False
bonds,RU000A10EYX2,12,2119,0.005663048607833884,0.0,2026-04-29,2026-05-15,0.0006127417537652317,0.0007195344222335649,0.00227973080451917,False,False
bonds,RU000A10EYY0,12,2119,0.005663048607833884,0.0,2026-04-29,2026-05-15,0.0005937133285246894,0.0010823812611301046,0.00271462670946683,False,False
bonds,RU000A10EYZ7,12,2119,0.005663048607833884,0.0,2026-04-29,2026-05-15,0.0005627567477679243,0.0006714956471600971,0.00207897180733205,False,False
bonds,RU000A10F0W2,11,2119,0.005191127890514393,0.0,2026-04-30,2026-05-15,0.0020536565665074604,0.003098120379224843,0.0110187022092947,False,False
bonds,RU000A10F0X0,11,2119,0.005191127890514393,0.0,2026-04-30,2026-05-15,0.001055560084334329,0.0012705170734099035,0.00389202626920413,False,False
bonds,RU000A10F108,10,2119,0.004719207173194903,0.0,2026-05-04,2026-05-15,0.0032219059234423674,0.002336467741435141,0.00738087781511357,False,False
bonds,RU000A10F140,10,2119,0.004719207173194903,0.0,2026-05-04,2026-05-15,0.0005123735243118659,0.00201688426213064,0.00438806200092167,False,False
bonds,RU000A10F470,7,2119,0.0033034450212364322,0.0,2026-05-07,2026-05-15,0.0011215604892881607,0.0009251293839865234,0.00213867652728524,False,False
bonds,RU000A10F4Z7,5,2119,0.0023596035865974517,0.0,2026-05-11,2026-05-15,0.0037388297362092857,0.0015111339712788675,0.00604931878401929,False,False
bonds,RU000A10F512,5,2119,0.0023596035865974517,0.0,2026-05-11,2026-05-15,0.0016086576681480498,0.0040237689934428346,0.00673389702053737,False,False
bonds,RU000A10F595,2,2119,0.0009438414346389807,0.0,2026-05-14,2026-05-15,0.004162941452030545,0.001968657086973017,0.00555499222806012,False,False
bonds,RU000A10F5F6,1,2119,0.00047192071731949034,0.0,2026-05-15,2026-05-15,0.000529912576827352,,0.000529912576827352,False,False
bonds,SU26207RMFS9,2119,2119,1.0,0.001415762151958471,2018-01-03,2026-05-15,0.0002804339899865091,0.005043336269514807,0.12106685582293,True,True
bonds,SU26212RMFS9,2119,2119,1.0,0.0018876828692779614,2018-01-03,2026-05-15,0.0002679995040192676,0.006887368834238406,0.20352240842134,True,True
bonds,SU26218RMFS6,2119,2119,1.0,0.00047192071731949034,2018-01-03,2026-05-15,0.00021990339077782568,0.006572326191107542,0.107367359783985,True,True
bonds,SU26219RMFS4,2119,2119,1.0,0.0018876828692779614,2018-01-03,2026-05-15,0.0002918269612192205,0.004690653907044537,0.0926196644832815,True,True
bonds,SU26221RMFS0,2119,2119,1.0,0.0023596035865974517,2018-01-03,2026-05-15,0.00020605746641192497,0.007351057680763539,0.162212858600142,True,True
bonds,SU26224RMFS4,2075,2119,0.9792354884379424,0.0019277108433734939,2018-03-09,2026-05-15,0.00023222242216620515,0.007272459887594047,0.195021923369161,True,True
bonds,SU26225RMFS1,2080,2119,0.9815950920245399,0.0009615384615384616,2018-03-01,2026-05-15,0.0001589413381547507,0.008435288028322475,0.202020231842739,True,True
bonds,SU26226RMFS9,1841,2119,0.8688060405851817,0.0032590983161325366,2019-02-07,2026-05-15,0.00030693799034006887,0.0047289665373803445,0.0996997951227225,False,False
bonds,SU26228RMFS5,1787,2119,0.8433223218499292,0.001119194180190263,2019-04-25,2026-05-15,0.000253315327011011,0.006257925248975242,0.0919123351366428,False,False
bonds,SU26230RMFS1,1750,2119,0.825861255309108,0.001142857142857143,2019-06-20,2026-05-15,0.00010883390263571924,0.008679035652555697,0.118974963695028,False,False
bonds,SU26232RMFS7,1626,2119,0.7673430863614913,0.0024600246002460025,2019-12-12,2026-05-15,0.00022690908176313402,0.006936610907225187,0.174975957511716,False,False
bonds,SU26233RMFS5,1524,2119,0.7192071731949032,0.0013123359580052493,2020-05-14,2026-05-15,5.4520317125029626e-06,0.008906363447207445,0.162533272481546,False,False
bonds,SU26235RMFS0,1407,2119,0.6639924492685229,0.0,2020-10-29,2026-05-15,0.00010059667282108723,0.007676197917853919,0.154426798745699,False,False
bonds,SU26236RMFS8,1388,2119,0.6550259556394525,0.005043227665706052,2020-11-26,2026-05-15,0.00017242526473690135,0.005730904386722363,0.111126891325579,False,False
bonds,SU26237RMFS6,1243,2119,0.5865974516281265,0.004827031375703942,2021-06-24,2026-05-15,0.00021435403455798466,0.00667444789221964,0.116967457159902,False,False
bonds,SU26238RMFS4,1243,2119,0.5865974516281265,0.002413515687851971,2021-06-24,2026-05-15,-1.0475334942514773e-05,0.009844420963676832,0.159854612730948,False,False
bonds,SU26239RMFS2,1248,2119,0.588957055214724,0.002403846153846154,2021-06-17,2026-05-15,0.0001431596131992175,0.007796888439873959,0.122678317242928,False,False
bonds,SU26240RMFS0,1227,2119,0.5790467201510147,0.0024449877750611247,2021-07-16,2026-05-15,2.881169504084836e-05,0.010122820885046646,0.163546870791941,False,False
bonds,SU26241RMFS8,887,2119,0.4185936762623879,0.0,2022-11-18,2026-05-15,0.000249749223517598,0.005156695436162318,0.044729154726781,False,False
bonds,SU26242RMFS6,838,2119,0.3954695611137329,0.002386634844868735,2023-01-27,2026-05-15,0.0003149537260261534,0.0045563964996640895,0.0426987673296754,False,False
bonds,SU26243RMFS4,738,2119,0.3482774893817839,0.0013550135501355014,2023-06-23,2026-05-15,0.00019036254214489705,0.007097832212919087,0.0575615980169898,False,False
bonds,SU26244RMFS2,643,2119,0.3034450212364323,0.0,2023-11-03,2026-05-15,0.0003301043058071943,0.005904175628686248,0.0500575152518809,False,False
bonds,SU26245RMFS9,439,2119,0.20717319490325625,0.0,2024-08-23,2026-05-15,0.0007194425526382495,0.009892539150968034,0.0677659708461146,False,False
bonds,SU26246RMFS7,503,2119,0.23737612081170364,0.0019880715705765406,2024-05-24,2026-05-15,0.0005087522436699749,0.007951522213354564,0.055980418014027,False,False
bonds,SU26247RMFS5,469,2119,0.22133081642284097,0.0021321961620469083,2024-07-12,2026-05-15,0.0006809025530752682,0.007655716089007867,0.0614740673928646,False,False
bonds,SU26248RMFS3,474,2119,0.22369042000943842,0.004219409282700422,2024-07-05,2026-05-15,0.0006344080580365483,0.008836376843816286,0.0769895458127055,False,False
bonds,SU26249RMFS1,215,2119,0.10146295422369042,0.0,2025-07-11,2026-05-15,0.000581295374907643,0.003830429632501211,0.0136524222665858,False,False
bonds,SU26250RMFS9,220,2119,0.10382255781028787,0.0,2025-07-04,2026-05-15,0.0006002470985405649,0.004316129956060883,0.0181839518512118,False,False
bonds,SU26251RMFS7,145,2119,0.0684285040113261,0.0,2025-10-17,2026-05-15,0.000803412364463263,0.003038404627623786,0.01241737809487,False,False
bonds,SU26252RMFS5,140,2119,0.06606890042472864,0.007142857142857143,2025-10-24,2026-05-15,0.0007317482998805836,0.002841228424549403,0.0123541003187049,False,False
bonds,SU26253RMFS3,120,2119,0.056630486078338836,0.008333333333333333,2025-11-21,2026-05-15,0.0005047118279968984,0.003260121390897086,0.0143035063345413,False,False
bonds,SU26254RMFS1,115,2119,0.05427088249174139,0.008695652173913044,2025-11-28,2026-05-15,0.0005360190726087482,0.0034481279888151843,0.0145960557901493,False,False
bonds,SU29007RMFS0,2119,2119,1.0,0.0023596035865974517,2018-01-03,2026-05-15,0.00037399848110568747,0.0031359721370409588,0.0912645573055249,True,True
bonds,SU29008RMFS8,2119,2119,1.0,0.0023596035865974517,2018-01-03,2026-05-15,0.00037158032415001005,0.003154541708450917,0.0759501103863376,True,True
bonds,SU29009RMFS6,2119,2119,1.0,0.001415762151958471,2018-01-03,2026-05-15,0.000364067573809654,0.002744040978971035,0.0545249387059373,True,True
bonds,SU29010RMFS4,2119,2119,1.0,0.0023596035865974517,2018-01-03,2026-05-15,0.0003660330269126093,0.0034052395578469384,0.098822358079827,True,True
bonds,SU29013RMFS8,1442,2119,0.680509674374705,0.0020804438280166435,2020-09-10,2026-05-15,0.0004883623696746425,0.0019139091064738674,0.0301199805726577,False,False
bonds,SU29015RMFS3,1431,2119,0.6753185464841907,0.0020964360587002098,2020-09-25,2026-05-15,0.0004894435002182597,0.0020464088753916077,0.0230136306547612,False,False
bonds,SU29016RMFS1,1427,2119,0.6734308636149127,0.004905395935529082,2020-10-01,2026-05-15,0.0004912026217991358,0.0021249401285326213,0.0413291313154106,False,False
bonds,SU29017RMFS9,1417,2119,0.6687116564417178,0.004234297812279464,2020-10-15,2026-05-15,0.0005040838179327218,0.0028757255952337555,0.0392338800518535,False,False
bonds,SU29018RMFS7,1403,2119,0.662104766399245,0.002851033499643621,2020-11-05,2026-05-15,0.0005065482040151812,0.0031963534390530486,0.0698746962760524,False,False
bonds,SU29019RMFS5,1407,2119,0.6639924492685229,0.0035536602700781805,2020-10-29,2026-05-15,0.0005062833411703995,0.0026029662926072114,0.039160804813024,False,False
bonds,SU29020RMFS3,1398,2119,0.6597451628126475,0.00357653791130186,2020-11-12,2026-05-15,0.0005024033153201777,0.003642572501650796,0.0410960636657003,False,False
bonds,SU29021RMFS1,906,2119,0.42756016989145823,0.0011037527593818985,2022-10-21,2026-05-15,0.0005868247533971874,0.0016116848582784706,0.00948776572193184,False,False
bonds,SU29022RMFS9,887,2119,0.4185936762623879,0.0,2022-11-18,2026-05-15,0.0005763717871758466,0.0033066462636598404,0.0306202326842742,False,False
bonds,SU29023RMFS7,872,2119,0.4115148655025956,0.0022935779816513763,2022-12-09,2026-05-15,0.0005697943318934083,0.002804705819580762,0.0302810534670179,False,False
bonds,SU29024RMFS5,771,2119,0.36385087305332703,0.0025940337224383916,2023-05-05,2026-05-15,0.0006327482712858277,0.0016524811165557645,0.00946428408738841,False,False
bonds,SU29025RMFS2,663,2119,0.3128834355828221,0.007541478129713424,2023-10-06,2026-05-15,0.0006796321121085581,0.0015449761210029225,0.010049594743892,False,False
bonds,SU29026RMFS0,364,2119,0.17177914110429449,0.0,2024-12-06,2026-05-15,0.0006537611068927159,0.003046829443680866,0.0245960186959087,False,False
bonds,SU29027RMFS8,359,2119,0.16941953751769703,0.0,2024-12-13,2026-05-15,0.0007825253939838875,0.0015844773887995936,0.00744802162701564,False,False
bonds,SU29028RMFS6,125,2119,0.05899008966493629,0.008,2025-11-14,2026-05-15,0.0007372621208689088,0.0019996066532376134,0.0152682512488655,False,False
bonds,SU29029RMFS4,125,2119,0.05899008966493629,0.0,2025-11-14,2026-05-15,0.0007215034601816767,0.0012268438458821827,0.00566957826080634,False,False
bonds,SU46012RMFS9,2119,2119,1.0,0.0,2018-01-03,2026-05-15,0.0002612668331927486,0.03789529592702554,0.669439502675066,True,True
bonds,SU46020RMFS2,2119,2119,1.0,0.001415762151958471,2018-01-03,2026-05-15,0.00018772815526358906,0.008429421089655349,0.12706667854492,True,True
bonds,SU46023RMFS6,2119,2119,1.0,0.0009438414346389807,2018-01-03,2026-05-15,-0.0006903685552733799,0.03211575241069442,0.652002442785799,True,True
bonds,SU52002RMFS1,2056,2119,0.9702689948088721,0.0,2018-04-05,2026-05-15,0.00033655089706232175,0.0038227630327325873,0.095277855097269,True,True
bonds,SU52003RMFS9,1437,2119,0.6781500707881076,0.0,2020-09-17,2026-05-15,0.00030863506540896614,0.005797650740296108,0.118299809727313,False,False
bonds,SU52004RMFS7,1163,2119,0.5488437942425672,0.0,2021-10-14,2026-05-15,0.0002561828404764012,0.007190203752002286,0.0674925528507884,False,False
bonds,SU52005RMFS4,805,2119,0.37989617744218973,0.0,2023-03-17,2026-05-15,0.00015003057998552117,0.00726566063976981,0.060770767469068,False,False
bonds,XS0088543193,1667,2119,0.7866918357715904,0.0,2019-10-15,2026-05-15,0.00043481766613794,0.1306676891569734,1.86289711408967,False,False
bonds,XS0114288789,1667,2119,0.7866918357715904,0.0011997600479904018,2019-10-15,2026-05-15,-0.0007465011600012892,0.13030951500322124,1.79684957601911,False,False
bonds,XS0767473852,1667,2119,0.7866918357715904,0.0005998800239952009,2019-10-15,2026-05-15,0.0003147611015917057,0.10221069353892223,1.46770821660375,False,False
bonds,XS0971721963,1667,2119,0.7866918357715904,0.0005998800239952009,2019-10-15,2026-05-15,0.00033831733063837766,0.10370413084169999,1.43319928284429,False,False
bonds,XS1634369224,1062,2119,0.5011798017932987,0.0,2022-03-10,2026-05-15,0.0004366492337320278,0.135448813930393,1.71957436026316,False,False
bonds,XS1760804184,1062,2119,0.5011798017932987,0.0,2022-03-10,2026-05-15,0.0007029915868595192,0.1275549670034352,1.56138303343182,False,False
bonds,XS1843437036,1062,2119,0.5011798017932987,0.0,2022-03-10,2026-05-15,5.1244346351588325e-05,0.07541142390203351,1.32605447891363,False,False
bonds,XS2120882183,1062,2119,0.5011798017932987,0.0,2022-03-10,2026-05-15,0.000838840086352889,0.12651564297968754,1.56982141332892,False,False
bonds,XS2384174228,1062,2119,0.5011798017932987,0.0,2022-03-10,2026-05-15,-0.0004840167498379454,0.08310493890093706,1.08795472699664,False,False
