market,secid,window,window_start,window_end,n_obs_window,n_tail_positive,tail_side,filter_method,selected_k,selected_k_frac,alpha_consensus,alpha_core_mad,n_core_estimators,theta_runs,theta_clusters,theta_exceedances,mean_return_window,std_return_window,zero_share_window,max_loss_window,alpha_hill,alpha_mom,alpha_gpd,gpd_shape,gpd_scale,gpd_ks,alpha_pickands,alpha_trimmed_hill,alpha_rank_half,boot_n,alpha_ci_low,alpha_ci_high,alpha_boot_mean,alpha_boot_std,p_alpha_lt_1,p_alpha_gt_2,adaptive_score,adaptive_grid_k_min,adaptive_grid_k_max,adaptive_grid_n,adaptive_alpha_grid_median,adaptive_alpha_grid_iqr,tail_group
bonds,SU26212RMFS9,504,2018-01-03,2019-12-26,504,210,lower,raw,24,0.11428571428571428,1.8641493869286079,0.0,1,0.5416666666666666,13,24,0.00044073545466895905,0.0036116472777648623,0.003968253968253968,0.0188906675573928,1.8641493869286079,,inf,-0.20033271621953844,0.00487618401204943,0.14371255444376613,1.8420802107560932,1.9966807655906793,2.5213934454476505,63,2.8260318608758017,36.441879084433054,8.330464154060515,10.639026411321188,0.0,1.0,inf,10,31,22,3.8646533829513396,2.2117328723179255,strict_alpha_gt_2
bonds,SU26212RMFS9,504,2018-02-02,2020-01-30,504,208,lower,raw,24,0.11538461538461539,1.8641493869286079,0.0,1,0.5416666666666666,13,24,0.0004058192195132769,0.0035848035884570245,0.003968253968253968,0.0188906675573928,1.8641493869286079,,inf,-0.20033271621953844,0.00487618401204943,0.14371255444376613,2.9185830841087945,1.9966807655906793,2.5213934454476505,62,2.448904741177941,14.672421832019529,5.828546188316029,7.103447234818805,0.0,0.967741935483871,inf,10,31,22,3.8646533829513396,2.2117328723179255,strict_alpha_gt_2
bonds,SU26212RMFS9,504,2018-03-06,2020-03-02,504,207,lower,raw,21,0.10144927536231885,4.256398416507259,1.6729180513192403,2,0.6190476190476191,13,21,0.000367413507225535,0.003666702226455603,0.003968253968253968,0.0188906675573928,2.5834803651880187,5.929316467826499,inf,-0.11100402134945474,0.0039347480804619046,0.19648140875026,4.74503651004937,2.840272198021174,2.71147538379991,45,2.509644160059864,24.91648013451032,7.900663604091984,9.805539313896434,0.0,1.0,0.919854157364599,10,31,22,2.282968344651716,2.2241951866086076,strict_alpha_gt_2
bonds,SU26212RMFS9,504,2018-04-05,2020-04-01,504,209,lower,raw,28,0.1339712918660287,2.477126080865656,0.6534676208962944,3,0.4642857142857143,13,28,0.0003101306430455917,0.005080816747221976,0.003968253968253968,0.0417184313576481,1.7410389864656124,2.477126080865656,3.1305937017619505,0.3194282284019109,0.004680134040659875,0.13997616275206975,1.4285379226448884,1.9009954593675669,1.8591533256465758,78,1.8539057674074202,13.11114678259135,4.6887935737414255,3.833161673590359,0.0,0.8846153846153846,0.4968155508236969,10,31,22,4.212966982063982,2.9552876711224925,point_alpha_gt_2_uncertain
bonds,SU26212RMFS9,504,2018-05-04,2020-04-30,504,206,lower,raw,26,0.1262135922330097,2.338453343142028,0.15745929051417473,3,0.46153846153846156,12,26,0.0004442149451730197,0.005093355474724009,0.003968253968253968,0.0417184313576481,1.8183389540380603,2.338453343142028,2.4959126336562028,0.4006550495860602,0.004052970929044733,0.1074475733127608,1.8513000691121697,2.012963771292355,1.8823106397855942,79,2.027512057423962,12.121622054113564,4.745216862706505,6.647368205930119,0.0,0.9620253164556962,0.22203095854530355,10,30,21,3.329794245506625,1.314554791619948,strict_alpha_gt_2
bonds,SU26212RMFS9,504,2018-06-05,2020-06-02,504,206,lower,raw,26,0.1262135922330097,2.338453343142028,0.15745929051417473,3,0.46153846153846156,12,26,0.0005095552487891239,0.005138596217874452,0.003968253968253968,0.0417184313576481,1.8183389540380603,2.338453343142028,2.4959126336562028,0.4006550495860602,0.004052970929044733,0.1074475733127608,1.7243190958411228,2.012963771292355,1.8823106397855942,76,1.7945220976945437,11.09625234006803,5.34998803476585,7.877412303957208,0.0,0.868421052631579,0.22203095854530355,10,30,21,3.329794245506625,1.314554791619948,point_alpha_gt_2_uncertain
bonds,SU26212RMFS9,504,2018-07-04,2020-07-06,504,208,lower,raw,27,0.12980769230769232,2.31655376474156,0.1277983535434255,3,0.4074074074074074,11,27,0.0005100790866275839,0.0051284841273382216,0.003968253968253968,0.0417184313576481,1.8251268468363175,2.31655376474156,2.4443521182849857,0.4091063609532751,0.003898668275818293,0.10677971240849216,1.9324657733854333,2.0171561003777603,1.887371638878399,86,1.9671889340097395,24.185693139065464,6.577799732387967,9.83442640670712,0.0,0.9302325581395349,0.17635712647149326,10,31,22,2.994681148684222,1.275484684512568,point_alpha_gt_2_uncertain
bonds,SU26212RMFS9,504,2018-08-02,2020-08-04,504,209,lower,raw,25,0.11961722488038277,2.3913640426047715,0.28890085363560214,3,0.4,10,25,0.000526786015945799,0.005125073641832888,0.003968253968253968,0.0417184313576481,1.7855081074074242,2.3913640426047715,2.6802648962403737,0.37309745070448336,0.004276079432875406,0.11922427816834204,4.208457759931451,1.9798140430420086,1.8732587214961056,82,1.7997034564660659,9.88940812954331,4.654211405278019,6.688987432116914,0.0,0.8902439024390244,0.28084579382540387,10,31,22,2.9239858477244294,1.4925427064789352,point_alpha_gt_2_uncertain
bonds,SU26212RMFS9,504,2018-08-31,2020-09-02,504,207,lower,raw,23,0.1111111111111111,2.1626010513237195,0.04626291923109482,3,0.4782608695652174,11,23,0.0006102749527422013,0.0050524144008920755,0.003968253968253968,0.0417184313576481,1.7201066496186301,2.1626010513237195,2.2088639705548143,0.4527214049078919,0.00408950577034247,0.14129609504568486,2.1056197855594845,1.9188980818724257,1.7568208817961875,86,1.645471714320884,9.53532677983274,3.6296609244618434,3.6029148618772995,0.0,0.7674418604651163,0.14508796608875088,10,31,22,2.4529202161332817,1.1461903339641948,point_alpha_gt_2_uncertain
bonds,SU26212RMFS9,504,2018-10-01,2020-10-01,504,202,lower,raw,23,0.11386138613861387,2.2666325167735004,0.4381462325825858,3,0.4782608695652174,11,23,0.0005829545471316605,0.004939132797648815,0.003968253968253968,0.0417184313576481,1.579209284938881,2.2666325167735004,2.704778749356086,0.3697160073584818,0.004615233697309278,0.12068255426416613,3.959385102687858,1.7504250937787225,1.7070651729520545,84,1.6295844004346816,6.124501052491714,2.980986210642585,1.979809509849289,0.0,0.6309523809523809,0.3370818976580633,10,30,21,2.253616548382591,1.0005390382663397,point_alpha_gt_2_uncertain
bonds,SU26212RMFS9,504,2018-10-30,2020-10-30,504,200,lower,raw,26,0.13,2.024104528887289,0.1545704932729035,3,0.46153846153846156,12,26,0.0005893147610076276,0.0048554560421981835,0.003968253968253968,0.0417184313576481,1.564471027068845,2.024104528887289,2.1786750221601925,0.45899456772056046,0.0038412624552119114,0.10612331585094675,1.5004776166883507,1.7232689529506457,1.647137855285025,88,1.6192161026592646,7.581807313405293,3.090455224667326,1.9841368177365355,0.0,0.6363636363636364,0.18461200865734004,10,30,21,2.16469813929138,0.636160554373183,point_alpha_gt_2_uncertain
bonds,SU26212RMFS9,504,2018-11-29,2020-12-01,504,196,lower,raw,27,0.1377551020408163,1.5955529425418393,0.0190936994844928,3,0.4074074074074074,11,27,0.0006386460106989969,0.004772231352000233,0.003968253968253968,0.0417184313576481,1.5955529425418393,1.7849745320387918,1.5764592430573465,0.634332923229036,0.003010805871553657,0.09070153777056644,1.1716532942686704,1.7605487093334684,1.5742704600793271,90,1.4978777848881295,11.268645585115713,3.988163612517425,6.404506179544494,0.0,0.5333333333333333,0.0810380998549746,10,29,20,2.0044358604778414,1.3558587069914527,point_alpha_1_2_uncertain
bonds,SU26212RMFS9,504,2018-12-28,2020-12-30,504,193,lower,raw,25,0.12953367875647667,1.8680213142306936,0.023802716291974058,3,0.48,12,25,0.0006092909837274403,0.004744185345076027,0.003968253968253968,0.0417184313576481,1.5632090834372294,1.8918240305226677,1.8680213142306936,0.5353257976137331,0.003578920354127387,0.10510052721747495,1.2828735566635767,1.7289797855816538,1.5935811855310364,87,1.4731057013871534,11.386916256335486,3.7641287193890247,6.25812382142744,0.0,0.5172413793103449,0.09789036553750985,10,28,19,2.046184972154945,1.4317540209787527,point_alpha_1_2_uncertain
bonds,SU26212RMFS9,504,2019-01-31,2021-02-02,504,195,lower,raw,23,0.11794871794871795,1.6894762567778887,0.15178097610031815,3,0.4782608695652174,11,23,0.0005207037077055028,0.0047437443063612795,0.003968253968253968,0.0417184313576481,1.6894762567778887,1.8412572328782069,1.477929088702569,0.6766224493746659,0.003066328289688677,0.10480057318566949,1.2865138048124791,1.8943742840508886,1.6249575312919893,85,1.5881268241106636,12.54102022084244,4.14283304934237,6.573744287903635,0.0,0.6352941176470588,0.19181618328616565,10,29,20,2.0222421559704546,1.012552334949172,point_alpha_1_2_uncertain
bonds,SU26212RMFS9,504,2019-03-01,2021-03-03,504,198,lower,raw,24,0.12121212121212122,1.7496970249759485,0.032946266190021944,3,0.5,12,24,0.000477110825134135,0.004735756929073218,0.003968253968253968,0.0417184313576481,1.7496970249759485,1.7826432911659704,1.2544269455259915,0.797176753549958,0.0025474455895489433,0.11611579368393266,17.81703533307402,1.9637950033488807,1.628260584638515,88,1.5682777467738451,7.3646781896325555,2.9974662129678262,3.6306936913632364,0.0,0.5454545454545454,0.10493363926094534,10,29,20,2.0222421559704546,1.0135490390525645,point_alpha_1_2_uncertain
bonds,SU26212RMFS9,504,2019-04-02,2021-04-02,504,200,lower,raw,24,0.12,1.749107567262972,0.055435373319239645,3,0.4583333333333333,11,24,0.0004129631930948124,0.004738564928336806,0.003968253968253968,0.0417184313576481,1.749107567262972,1.8045429405822115,1.3313508084568833,0.7511168308517129,0.0026855648590287115,0.11654227908914022,,1.9623016380952982,1.6392868767348938,93,1.5176825879817528,6.548525803388997,2.9226475628279927,2.451531360073515,0.0,0.5483870967741935,0.12048972280379495,10,30,21,2.015180419075944,0.8821320546531146,point_alpha_1_2_uncertain
bonds,SU26212RMFS9,504,2019-05-02,2021-05-04,504,203,lower,raw,28,0.13793103448275862,1.8203281272503458,0.07889755309236368,3,0.4642857142857143,13,28,0.00040810486230430506,0.004773304856284324,0.003968253968253968,0.0417184313576481,1.6585505864464167,1.8992256803427094,1.8203281272503458,0.5493515070332549,0.003192065184681734,0.1071390102874944,21.02256316629272,1.8286732012692102,1.6568567523779403,93,1.5525470428623338,4.618833791192335,2.8575480796800186,3.888716198410556,0.0,0.5268817204301075,0.1355605874424716,10,30,21,1.9716595590267376,0.8795840852458441,point_alpha_1_2_uncertain
bonds,SU26212RMFS9,504,2019-06-03,2021-06-02,504,206,lower,raw,28,0.13592233009708737,1.8203281272503458,0.07889755309236368,3,0.4642857142857143,13,28,0.0003716798665562913,0.004758315257404033,0.001984126984126984,0.0417184313576481,1.6585505864464167,1.8992256803427094,1.8203281272503458,0.5493515070332549,0.003192065184681734,0.1071390102874944,27.070228218620976,1.8286732012692102,1.6568567523779403,97,1.5054744581894637,12.370193964786047,3.2469543688925695,3.8688009219439774,0.0,0.5051546391752577,0.1355605874424716,10,30,21,1.9716595590267376,0.8795840852458441,point_alpha_1_2_uncertain
bonds,SU26212RMFS9,504,2019-07-03,2021-07-01,504,213,lower,raw,29,0.13615023474178403,1.7335963694439942,0.052408244112576385,3,0.4827586206896552,14,29,0.0002962222444747544,0.004737464585100035,0.001984126984126984,0.0417184313576481,1.6811881253314178,1.8656416584688211,1.7335963694439942,0.5768355412054329,0.003001951356132826,0.10363607073868847,4.028428949490091,1.8518976547401855,1.6572623472117365,94,1.5835891861616864,6.932382125831406,2.75912609770075,1.7533868237252008,0.0,0.48936170212765956,0.0998354462779421,10,31,22,1.8959938431385417,0.866614665344462,point_alpha_1_2_uncertain
bonds,SU26212RMFS9,504,2019-08-01,2021-07-30,504,213,lower,raw,29,0.13615023474178403,1.7335963694439942,0.052408244112576385,3,0.4827586206896552,14,29,0.0002997215560276441,0.0047301836396380186,0.001984126984126984,0.0417184313576481,1.6811881253314178,1.8656416584688211,1.7335963694439942,0.5768355412054329,0.003001951356132826,0.10363607073868847,3.432425083104473,1.8518976547401855,1.6572623472117365,93,1.4852849538403476,9.452110387457216,3.424959404744521,5.527711450335802,0.0,0.5483870967741935,0.0998354462779421,10,31,22,1.8959938431385417,0.866614665344462,point_alpha_1_2_uncertain
bonds,SU26212RMFS9,504,2019-08-30,2021-08-30,504,216,lower,raw,30,0.1388888888888889,1.7166570070984961,0.05108747226299992,3,0.4666666666666667,14,30,0.00028247847224614525,0.0046997082593361605,0.001984126984126984,0.0417184313576481,1.7166570070984961,1.767744479361496,1.5272352501565623,0.6547779720887705,0.0026004395024004858,0.09782143191287979,3.308058297257983,1.8936595606428555,1.627685491823274,89,1.5074294315419987,5.188613217512762,2.351115987341356,1.4835640430660162,0.0,0.4044943820224719,0.09163454424509887,10,32,23,1.7345195488883713,0.6163280471493424,point_alpha_1_2_uncertain
bonds,SU26212RMFS9,504,2019-09-30,2021-09-28,504,225,lower,raw,30,0.13333333333333333,1.7166570070984961,0.05108747226299992,3,0.4666666666666667,14,30,0.00022876456542773621,0.004697750161241617,0.001984126984126984,0.0417184313576481,1.7166570070984961,1.767744479361496,1.5272352501565623,0.6547779720887705,0.0026004395024004858,0.09782143191287979,3.5433060376867402,1.8936595606428555,1.627685491823274,90,1.4296551793971783,5.232272768359271,2.424587616222031,2.340090917850117,0.0,0.4111111111111111,0.09163454424509887,10,33,24,1.7327021890546819,0.5553775536835881,point_alpha_1_2_uncertain
bonds,SU26212RMFS9,504,2019-10-29,2021-10-27,504,233,lower,raw,30,0.12875536480686695,1.996395451866369,0.007080431689415523,3,0.4666666666666667,14,30,7.27433912185861e-05,0.004738693409038316,0.001984126984126984,0.0417184313576481,1.6775716931663518,1.996395451866369,2.0034758835557844,0.4991325367117433,0.0033099700939532607,0.09296269074113411,2.097921812193673,1.8387869186695092,1.7110909515097843,91,1.5401663475939786,4.451807410421807,2.4464318040746225,1.410757463112344,0.0,0.4945054945054945,0.061246115159363894,10,34,25,1.996395451866369,0.8662653985106952,point_alpha_1_2_uncertain
bonds,SU26212RMFS9,504,2019-11-28,2021-11-26,504,230,lower,raw,30,0.13043478260869565,1.874703275034404,0.016763557937783835,3,0.4666666666666667,14,30,2.1297635987882905e-05,0.00481417209189147,0.001984126984126984,0.0417184313576481,1.8914668329721878,1.874703275034404,1.333319462735641,0.7500078022923687,0.00237615492754483,0.11633677956017696,5.790798830166104,2.0922987684112586,1.760380241854622,92,1.6077773906376724,6.2346298193187195,3.601594424284149,5.280026537821288,0.0,0.717391304347826,0.08740910284495272,10,34,25,2.4614437021264197,1.4169363565346293,point_alpha_1_2_uncertain
bonds,SU26212RMFS9,504,2019-12-27,2021-12-27,504,230,lower,raw,30,0.13043478260869565,1.874703275034404,0.016763557937783835,3,0.4666666666666667,14,30,3.87146589501942e-05,0.004834212367041753,0.0,0.0417184313576481,1.8914668329721878,1.874703275034404,1.333319462735641,0.7500078022923687,0.00237615492754483,0.11633677956017696,4.263351860389829,2.0922987684112586,1.760380241854622,94,1.6025209999314785,5.695278006946931,2.7058322456614987,1.5611539191288657,0.0,0.6063829787234043,0.08740910284495272,10,34,25,2.4614437021264197,1.4169363565346293,point_alpha_1_2_uncertain
bonds,SU26212RMFS9,504,2020-01-31,2022-01-26,504,238,lower,raw,34,0.14285714285714285,2.2691660017730446,0.09729113204355677,3,0.4411764705882353,15,34,-0.00010321408862486975,0.004969628193676351,0.001984126984126984,0.0417184313576481,1.8086554483409547,2.2691660017730446,2.3664571338166014,0.4225726237378358,0.0035600881249454744,0.10063678516720792,2.9189348392035273,1.9639794721784083,1.8827408165525927,95,1.790751796860948,13.236800961943024,4.973535596907849,7.426785743576259,0.0,0.8631578947368421,0.11447997866856427,10,35,26,3.059081656234791,1.0397754736840978,point_alpha_gt_2_uncertain
bonds,SU26212RMFS9,504,2020-03-03,2022-02-24,504,239,lower,raw,33,0.13807531380753138,1.3935129011559957,0.0039410690089818345,3,0.3939393939393939,13,33,-0.0005895442683324899,0.010515142465224898,0.001984126984126984,0.20352240842134,1.3812362727434482,1.3935129011559957,1.3974539701649775,0.7155870757460041,0.004343541858664817,0.0925766476776515,6.221306291272642,1.5717773077135293,1.3021760571596526,99,1.1051646074673624,4.884142203961597,2.647268536367653,4.60233226549123,0.020202020202020204,0.31313131313131315,0.06457584909585551,10,35,26,1.4108625017380616,0.07266071254843354,point_alpha_1_2_uncertain
bonds,SU26212RMFS9,504,2020-04-02,2022-03-29,504,233,lower,raw,15,0.06437768240343347,1.197195729603207,0.013252139941562824,3,0.5333333333333333,8,15,-0.0002788409057225787,0.011543539791282606,0.001984126984126984,0.20352240842134,1.2744430871227068,1.197195729603207,1.1839435896616441,0.8446348362642744,0.005823759290785892,0.17122409239559278,,1.2744430871227068,1.0651713607032494,94,0.9283637569024523,3.959141702818964,1.756989421598889,1.4490194958217177,0.20212765957446807,0.22340425531914893,0.13883932382997605,10,34,25,1.2331005413747036,0.06958989372831192,point_alpha_1_2_uncertain
bonds,SU26212RMFS9,504,2020-05-04,2022-04-27,504,234,lower,raw,25,0.10683760683760683,1.2827926573526514,0.024591295962060222,3,0.48,12,25,-0.00013854843195562424,0.011890091060534977,0.001984126984126984,0.20352240842134,1.4657067236401158,1.2827926573526514,1.2582013613905911,0.7947853425422927,0.0038422352318350384,0.1122410342378991,20.689753011295803,1.7666291873545288,1.197872034731414,98,0.9669167654911457,3.0324659539252914,1.8334500049512363,2.8721778516881473,0.09183673469387756,0.1836734693877551,0.08273621759104949,10,35,26,1.27076259422239,0.05991117362662579,point_alpha_1_2_uncertain
bonds,SU26212RMFS9,504,2020-06-03,2022-06-01,504,234,lower,raw,25,0.10683760683760683,1.2827926573526514,0.024591295962060222,3,0.48,12,25,-0.00012236939312304412,0.011947377477160091,0.001984126984126984,0.20352240842134,1.4657067236401158,1.2827926573526514,1.2582013613905911,0.7947853425422927,0.0038422352318350384,0.1122410342378991,10.642433142860282,1.7666291873545288,1.197872034731414,96,1.0007499047559645,4.615245684556429,2.419342431030473,5.532576530274569,0.052083333333333336,0.21875,0.08273621759104949,10,35,26,1.27076259422239,0.05991117362662579,point_alpha_1_2_uncertain
bonds,SU26212RMFS9,504,2020-07-07,2022-07-01,504,226,lower,raw,23,0.10176991150442478,1.2516615554343768,0.037888412863607224,3,0.4782608695652174,11,23,-2.9953819721915725e-05,0.011934040275082634,0.001984126984126984,0.20352240842134,1.4034494881869537,1.2516615554343768,1.2137731425707696,0.8238771850578285,0.004018508144294804,0.11591239320056124,7.77413033927616,1.7032124598722251,1.1605456284261009,95,0.9644978530987515,2.7699330571296525,1.7054358988314036,1.9050199118230657,0.08421052631578947,0.16842105263157894,0.10896564208496887,10,33,24,1.2514821123545603,0.05567657664966097,point_alpha_1_2_uncertain
bonds,SU26212RMFS9,504,2020-08-05,2022-08-01,504,223,lower,raw,23,0.1031390134529148,1.2516615554343768,0.037888412863607224,3,0.4782608695652174,11,23,-7.812216630017414e-06,0.011945360758720745,0.001984126984126984,0.20352240842134,1.4034494881869537,1.2516615554343768,1.2137731425707696,0.8238771850578285,0.004018508144294804,0.11591239320056124,7.77413033927616,1.7032124598722251,1.1605456284261009,98,0.9519072746549472,3.4611075194800756,1.7032027665919143,1.6148992353425202,0.09183673469387756,0.11224489795918367,0.10896564208496887,10,33,24,1.2514821123545603,0.05567657664966097,point_alpha_1_2_uncertain
bonds,SU26212RMFS9,504,2020-09-03,2022-08-30,504,218,lower,raw,21,0.0963302752293578,1.2221562251095148,0.023911650352045344,3,0.42857142857142855,9,21,2.8499035781761088e-05,0.011922205642007577,0.001984126984126984,0.20352240842134,1.339885961963236,1.2221562251095148,1.1982445747574695,0.8345541645389087,0.0043131282171966785,0.12002725987883245,,1.6391358421504327,1.1245802028607905,100,0.9458581556225034,3.702303512575474,1.6114758751219584,1.062246864667047,0.13,0.14,0.11588786422838823,10,32,23,1.2246044706550658,0.051742122883517094,point_alpha_1_2_uncertain
bonds,SU26212RMFS9,504,2020-10-02,2022-09-28,504,224,lower,raw,26,0.11607142857142858,1.3418347117093437,0.02040547063859699,3,0.4230769230769231,11,26,-7.809179661952895e-05,0.012020216527129805,0.001984126984126984,0.20352240842134,1.3418347117093437,1.3214292410707467,1.4034257811915503,0.7125421332583546,0.004768936144172909,0.10746592962791057,62.023174127040505,1.5738701985276793,1.2231311742804782,99,1.015115233497506,4.8781525862818915,2.1461387930717675,2.9295066114425383,0.050505050505050504,0.2222222222222222,0.07215397645731803,10,33,24,1.3079091994087766,0.06347488342227736,point_alpha_1_2_uncertain
bonds,SU26212RMFS9,504,2020-11-02,2022-10-27,504,222,lower,raw,28,0.12612612612612611,1.387988403735006,0.009254778480286552,3,0.39285714285714285,11,28,-3.2708760211599847e-05,0.012059736080125227,0.001984126984126984,0.20352240842134,1.3972431822152926,1.3365085659970797,1.387988403735006,0.7204671143570442,0.004395923778855913,0.1023562211443132,3.831094894640269,1.6320455757390893,1.2489467078851229,95,1.0079474642408413,5.9736482523736605,2.068144846190005,1.7269097882362443,0.042105263157894736,0.29473684210526313,0.07682285773873748,10,33,24,1.3302668857157927,0.08702894881553802,point_alpha_1_2_uncertain
bonds,SU26212RMFS9,504,2020-12-02,2022-11-28,504,222,lower,raw,31,0.13963963963963963,1.4037384265189856,0.01815616015307775,3,0.3870967741935484,12,31,-3.8536514502350424e-05,0.012077853032087029,0.001984126984126984,0.20352240842134,1.3855822663659079,1.4037384265189856,1.5667309094260422,0.6382716993605118,0.004658757711412968,0.11341481792688046,2.8795022178939536,1.5922938406448486,1.2933781916315183,96,1.0814740255415614,4.984874477946798,2.036090250575851,1.2822645537845176,0.0,0.28125,0.0776232044764135,10,33,24,1.379868423422459,0.1515376090353484,point_alpha_1_2_uncertain
bonds,SU26212RMFS9,504,2021-01-04,2022-12-27,504,221,lower,raw,31,0.14027149321266968,1.4037384265189856,0.01815616015307775,3,0.3870967741935484,12,31,-2.892056388514721e-05,0.012077616098789667,0.001984126984126984,0.20352240842134,1.3855822663659079,1.4037384265189856,1.5667309094260422,0.6382716993605118,0.004658757711412968,0.11341481792688046,2.8795022178939536,1.5922938406448486,1.2933781916315183,97,1.0605127585453147,5.084342014734725,2.0977937081102067,2.0009617366319525,0.020618556701030927,0.21649484536082475,0.0776232044764135,10,33,24,1.379868423422459,0.1515376090353484,point_alpha_1_2_uncertain
bonds,SU26212RMFS9,504,2021-02-03,2023-01-26,504,219,lower,raw,26,0.1187214611872146,1.411523671565255,0.028342007232376787,3,0.34615384615384615,9,26,1.3486959111530688e-05,0.012069450410538744,0.001984126984126984,0.20352240842134,1.411523671565255,1.3831816643328783,1.5215878662091593,0.6572081850858679,0.005074980647226324,0.13120883374209003,1.9792666755032375,1.664168593735493,1.270325861068213,100,1.028060343763336,6.697519294589018,3.045394614763866,6.4336241826294485,0.04,0.25,0.10247955063669431,10,32,23,1.3590533795674884,0.15274982562863482,point_alpha_1_2_uncertain
bonds,SU26212RMFS9,504,2021-03-04,2023-02-27,504,217,lower,raw,31,0.14285714285714285,1.4045477457691553,0.03282639679624633,3,0.3870967741935484,12,31,3.3850680391485993e-05,0.012068416794930285,0.001984126984126984,0.20352240842134,1.371721348972909,1.4045477457691553,1.5760376906376794,0.6345025921273436,0.004711555548926806,0.11405124615049822,1.606631100344496,1.5741825946211085,1.2903777472653428,96,1.0588542716796134,3.302648583613878,1.7808497084447896,1.2585473102795863,0.03125,0.20833333333333334,0.08782039783258573,10,32,23,1.3590533795674884,0.1486610664567325,point_alpha_1_2_uncertain
bonds,SU26212RMFS9,504,2021-04-05,2023-03-29,504,211,lower,raw,23,0.10900473933649289,1.3590533795674884,0.015344650102320001,3,0.34782608695652173,8,23,0.0001006209388053724,0.012050116065963287,0.001984126984126984,0.20352240842134,1.5236499184734962,1.3437087294651684,1.3590533795674884,0.7358062715080733,0.004722479390210903,0.14665789413402103,1.2886987957360092,1.858999832818341,1.2512711952165052,95,0.9829417736160628,4.881137718258363,2.7391306162567837,7.217082211256391,0.07368421052631578,0.16842105263157894,0.11086808555993083,10,31,22,1.334156345482014,0.16285678107535673,point_alpha_1_2_uncertain
bonds,SU26212RMFS9,504,2021-05-05,2023-04-27,504,207,lower,raw,23,0.1111111111111111,1.3590533795674884,0.015344650102320001,3,0.34782608695652173,8,23,8.823435087610527e-05,0.012033059056254613,0.001984126984126984,0.20352240842134,1.5236499184734962,1.3437087294651684,1.3590533795674884,0.7358062715080733,0.004722479390210903,0.14665789413402103,1.26020431811018,1.858999832818341,1.2512711952165052,92,1.0090196227895738,4.210748616431369,1.7900659172016318,1.2069275050186605,0.05434782608695652,0.20652173913043478,0.11086808555993083,10,31,22,1.334156345482014,0.1649458555386858,point_alpha_1_2_uncertain
bonds,SU26212RMFS9,504,2021-06-03,2023-05-30,504,203,lower,raw,23,0.11330049261083744,1.3590533795674884,0.015344650102320001,3,0.34782608695652173,8,23,0.0001074676066350927,0.01203182137663566,0.001984126984126984,0.20352240842134,1.5236499184734962,1.3437087294651684,1.3590533795674884,0.7358062715080733,0.004722479390210903,0.14665789413402103,1.287497374258946,1.858999832818341,1.2512711952165052,97,1.0115478205153892,3.8283555114099292,2.312728432130136,4.698040771929459,0.05154639175257732,0.17525773195876287,0.11086808555993083,10,30,21,1.3092593113965396,0.16293197891486422,point_alpha_1_2_uncertain
bonds,SU26212RMFS9,504,2021-07-02,2023-06-29,504,202,lower,raw,23,0.11386138613861387,1.3590533795674884,0.015344650102320001,3,0.34782608695652173,8,23,0.00011456268183806037,0.012026634476733723,0.001984126984126984,0.20352240842134,1.5236499184734962,1.3437087294651684,1.3590533795674884,0.7358062715080733,0.004722479390210903,0.14665789413402103,1.6676001414228203,1.858999832818341,1.2512711952165052,94,0.9818376822949595,3.4810614908684174,1.7672891989860011,1.2495020017841496,0.06382978723404255,0.22340425531914893,0.11086808555993083,10,30,21,1.3092593113965396,0.16293197891486422,point_alpha_1_2_uncertain
bonds,SU26212RMFS9,504,2021-08-02,2023-07-28,504,210,lower,raw,23,0.10952380952380952,1.3590533795674884,0.015344650102320001,3,0.34782608695652173,8,23,5.932360159961257e-05,0.012028397430568402,0.001984126984126984,0.20352240842134,1.5236499184734962,1.3437087294651684,1.3590533795674884,0.7358062715080733,0.004722479390210903,0.14665789413402103,1.3448962850361124,1.858999832818341,1.2512711952165052,92,0.9996710682719899,3.934996083326176,2.0000326720869097,2.3297992931310207,0.05434782608695652,0.1956521739130435,0.11086808555993083,10,31,22,1.334156345482014,0.1649458555386858,point_alpha_1_2_uncertain
bonds,SU26212RMFS9,504,2021-08-31,2023-08-28,504,213,lower,raw,25,0.11737089201877934,1.3952853704416217,0.02273367747203947,3,0.32,8,25,1.0697281169732922e-05,0.012039342466730977,0.001984126984126984,0.20352240842134,1.3725516929695822,1.3952853704416217,1.5778779921848354,0.6337625627285245,0.005478874442792849,0.14127240679928565,4.4621319689030035,1.6190033942090307,1.264493854847343,95,1.0674091899634215,6.010448974365993,3.8246289032702854,11.869399632382036,0.031578947368421054,0.24210526315789474,0.10725333762377792,10,31,22,1.334156345482014,0.16210420811967619,point_alpha_1_2_uncertain
bonds,SU26212RMFS9,504,2021-09-29,2023-09-26,504,212,lower,raw,28,0.1320754716981132,1.4525413104823437,0.02555569146624803,3,0.35714285714285715,10,28,-1.68754348450742e-05,0.012077474725170692,0.001984126984126984,0.20352240842134,1.4525413104823437,1.4269856190160957,1.6001335800239707,0.624947824659126,0.0050052931944292375,0.13665544670719276,5.1132619926196465,1.7000115359281822,1.3088272380218973,95,1.00118999364422,4.768045082218784,2.0972852499891967,2.1440797459104224,0.05263157894736842,0.22105263157894736,0.10352954465565399,10,31,22,1.3255715256061529,0.19538540367514678,point_alpha_1_2_uncertain
bonds,SU26212RMFS9,504,2021-10-28,2023-10-25,504,209,lower,raw,23,0.11004784688995216,1.3701188272070899,0.023385665097927832,3,0.34782608695652173,8,23,4.764771988703838e-05,0.012055840149393416,0.001984126984126984,0.20352240842134,1.5179144043673243,1.346733162109162,1.3701188272070899,0.7298637024340755,0.0047821403776403485,0.14385214864344514,1.7377451890876578,1.8500828984152098,1.2527286131082334,90,1.0075358504696024,4.608765798883954,1.8614183385905734,1.6833978498825468,0.044444444444444446,0.2111111111111111,0.1167724851968103,10,31,22,1.3411638389707807,0.16215087484248802,point_alpha_1_2_uncertain
bonds,SU26212RMFS9,504,2021-11-29,2023-11-23,504,207,lower,raw,30,0.14492753623188406,1.3520781673592002,0.016492369001852136,3,0.36666666666666664,11,30,0.0001682590878171227,0.01205323173853965,0.001984126984126984,0.20352240842134,1.335585798357348,1.3520781673592002,1.4647244414658003,0.6827222730026035,0.004536894815377463,0.10870376101708995,3.192888673718157,1.5357774498430432,1.249493000911644,94,1.0072247757344042,3.610653807343587,1.6630770956824057,1.3231010734317585,0.031914893617021274,0.1276595744680851,0.0672545520642685,10,31,22,1.3524215024681956,0.12588773992537194,point_alpha_1_2_uncertain
bonds,SU26212RMFS9,504,2021-12-28,2023-12-22,504,210,lower,raw,25,0.11904761904761904,1.4068383739439165,0.010622020056735515,3,0.36,9,25,0.0001358854144060408,0.012054950308956465,0.001984126984126984,0.20352240842134,1.417460394000652,1.3412264216179668,1.4068383739439165,0.7108137071898388,0.004793710376860095,0.11993229828358526,3.815112806251236,1.6850545818722216,1.2432065619462154,94,0.9926893260021773,3.544357804168312,1.8479921173055665,1.9054540732389438,0.06382978723404255,0.1702127659574468,0.08094581416779795,10,31,22,1.3642697577439815,0.12731897911566792,point_alpha_1_2_uncertain
bonds,SU26212RMFS9,504,2022-01-27,2024-01-24,504,205,lower,raw,25,0.12195121951219512,1.2716729689342874,0.010831100807194627,3,0.44,11,25,0.00025949492887135183,0.011997626051009914,0.0,0.20352240842134,1.2716729689342874,1.2555741547747057,1.282504069741482,0.7797246212260152,0.0044950009511362495,0.1317039653099562,32.367158934072606,1.4925342569984967,1.1600060214091972,97,0.9659087359466413,3.3319615493459898,1.5908519722881946,1.0175101466333072,0.10309278350515463,0.14432989690721648,0.08039788024358446,10,30,21,1.2493179415101126,0.06306310394303738,point_alpha_1_2_uncertain
bonds,SU26212RMFS9,504,2022-02-25,2024-02-22,504,208,lower,raw,23,0.11057692307692307,1.841006852522582,0.0063297261222254875,3,0.4782608695652174,11,23,0.0007300148709777686,0.007523611431483086,0.0,0.0587335248287332,1.841006852522582,1.8473365786448075,1.7831602491827885,0.5608020930582621,0.0028926277432606306,0.14075046462442553,,2.175987541151018,1.6776194630411407,90,1.2850816488391474,5.445710291362549,2.717701680778823,2.311204423499411,0.0,0.4777777777777778,0.07897555745747445,10,31,22,1.887010187912542,0.3678646609689076,point_alpha_1_2_uncertain
bonds,SU26212RMFS9,504,2022-03-30,2024-03-26,504,218,lower,raw,26,0.11926605504587157,3.304922731059935,0.955755376194555,3,0.5,13,26,0.000441014934252039,0.0047128718992790085,0.0,0.0258473562627994,2.186687404431039,3.304922731059935,4.26067810725449,0.23470442376234407,0.0028276970227257532,0.14066143599986924,2.946348332899143,2.4399735959572104,2.262106773331162,81,2.044177698088018,18.60113300472413,5.470450036509492,6.2506305194987855,0.0,0.9506172839506173,0.5195438643142901,10,32,23,3.304922731059935,2.5106725721954337,strict_alpha_gt_2
bonds,SU26212RMFS9,504,2022-04-28,2024-04-24,504,219,lower,raw,22,0.1004566210045662,2.9876684643506346,0.4291922054434072,3,0.5,11,22,0.0001940847760543391,0.0035281262068780905,0.0,0.0258473562627994,2.1675650479094357,2.9876684643506346,3.416860669794042,0.29266630882560307,0.002721531341132603,0.1629278509621692,1.9839263281868182,2.468082341446843,2.182582854801137,91,1.9963464960100517,8.005265166741125,4.024465596521835,3.8006380916428504,0.0,0.9340659340659341,0.32941539514866325,10,32,23,2.919354978176177,1.1318168697459203,point_alpha_gt_2_uncertain
bonds,SU26212RMFS9,504,2022-06-02,2024-05-24,504,225,lower,raw,26,0.11555555555555555,2.4076829354993086,0.18412943735203013,3,0.4230769230769231,11,26,3.140797463260844e-05,0.0032843517703411247,0.0,0.0258473562627994,2.4076829354993086,2.6123369378374557,2.2235534981472784,0.44973057802891886,0.0020026678573109003,0.1322901942295005,2.4185736085211715,2.7309538698769265,2.275994094865276,89,2.0929857362229636,8.701959165830699,4.0081765185861435,3.0334126307701896,0.0,0.9662921348314607,0.233053252138629,10,33,24,3.1170393672198187,1.2466703240457928,strict_alpha_gt_2
bonds,SU26212RMFS9,504,2022-07-04,2024-06-25,504,232,lower,raw,25,0.10775862068965517,2.4737041052984914,0.0027599065634764663,3,0.52,13,25,-3.6244405427254635e-05,0.0032991546208651235,0.0,0.0258473562627994,2.470944198735015,2.7491682667695803,2.4737041052984914,0.4042520679244029,0.002109973977144023,0.1428179821541447,2.5116825813260952,2.818150858089683,2.350956183495666,85,2.0409145468365537,12.878329076459046,5.254601168888035,6.400268584208996,0.0,0.9764705882352941,0.13143248696276932,10,34,25,3.0980221866871545,1.5522471619523683,strict_alpha_gt_2
bonds,SU26212RMFS9,504,2022-08-02,2024-07-24,504,240,lower,raw,22,0.09166666666666666,2.5401682459091695,0.053336770969297564,3,0.5,11,22,-0.00011827079300192777,0.003283437362239841,0.0,0.0258473562627994,2.486831474939872,2.8282381480783076,2.5401682459091695,0.39367471096076273,0.0022394099398523127,0.13671812370400105,17.3724054010884,2.8754447189184136,2.35901813779079,82,2.182068465303542,19.40633387334394,5.865452881027442,8.929207332182159,0.0,1.0,0.11953623563382756,10,36,27,3.0275108451664123,1.3933849003368755,strict_alpha_gt_2
bonds,SU26212RMFS9,504,2022-08-31,2024-08-22,504,239,lower,raw,33,0.13807531380753138,2.568613409334503,0.021487754702838924,3,0.45454545454545453,15,33,-9.405888252220813e-05,0.0033459548817935066,0.0,0.0258473562627994,2.5471256546316643,2.7463417755720876,2.568613409334503,0.389315105327231,0.0018892517908628314,0.08884505532674336,2.1228001388473783,2.839036784559459,2.445289802331949,89,2.0451743006648555,7.2111293945552655,3.7604905201721777,2.3965170963959475,0.0,0.9887640449438202,0.0911840248602524,10,35,26,2.9100550410010886,0.9903067182923202,strict_alpha_gt_2
bonds,SU26212RMFS9,504,2022-09-29,2024-09-20,504,239,lower,raw,20,0.08368200836820083,5.219863703348163,0.9538453370379276,3,0.7,14,20,-2.671720753677622e-05,0.002979400504988574,0.0,0.0126853048907067,3.5888481603452416,5.219863703348163,6.173709040386091,0.16197718315819143,0.0017250076656513888,0.13213444816164377,35.9796246963747,4.007422401966445,3.4431425526931103,76,3.1010120146337306,46.98934142698144,9.24881177554297,11.505291309503662,0.0,1.0,0.3582577352775727,10,35,26,5.826605792358601,2.114728177448428,strict_alpha_gt_2
bonds,SU26212RMFS9,504,2022-10-28,2024-10-21,504,246,lower,raw,18,0.07317073170731707,6.171602873145896,2.395546052622916,3,0.7777777777777778,14,18,-0.00012934308249833347,0.0028480651506193463,0.0,0.0126853048907067,3.7744086074460776,6.171602873145896,8.567148925768812,0.11672494649791097,0.0017372371521593463,0.1312735095068852,,3.7744086074460776,3.705471757053541,64,3.2702410060377054,22.546911522404873,9.795001319348886,8.440751753374576,0.0,1.0,0.6421669078232438,10,36,27,6.171602873145896,4.143148202345489,strict_alpha_gt_2
bonds,SU26212RMFS9,504,2022-11-29,2024-11-19,504,247,lower,raw,22,0.08906882591093117,4.6754446227102795,0.08595701968889724,3,0.7272727272727273,16,22,-0.00016710473340290726,0.0028609363137954125,0.0,0.0135053902995936,3.643076533943211,4.6754446227102795,4.761401642399177,0.2100221899146739,0.0015852115720988613,0.11778024734043469,,4.09679190621708,3.51194331787215,80,3.1577722984690717,25.287965829383932,8.46470337968601,8.952942660861629,0.0,1.0,0.1507443035293311,10,37,28,5.064823863243843,3.453942876052615,strict_alpha_gt_2
bonds,SU26212RMFS9,504,2022-12-28,2024-12-18,504,249,lower,raw,21,0.08433734939759036,3.80017645258955,0.10444013436988442,3,0.7619047619047619,16,21,-0.00014413853771850425,0.0029046947856019396,0.0,0.0135053902995936,3.9046165869594343,3.80017645258955,3.1310696365224273,0.3193796740690399,0.0013439858764374554,0.1064372774059873,16.23675102478005,4.447229129071677,3.5147084675513414,84,2.856266385921803,30.112661776522707,7.578843286772754,9.06716999051052,0.0,1.0,0.133214308626583,10,37,28,4.137886164131148,2.2111821977743173,strict_alpha_gt_2
bonds,SU26212RMFS9,504,2023-01-27,2025-01-21,504,250,lower,raw,22,0.088,4.0865180744327665,0.2784605313894044,3,0.7727272727272727,17,22,-8.194433351223956e-08,0.0037159416768117663,0.0,0.0135053902995936,3.808057543043362,4.40313134957581,4.0865180744327665,0.2447071031586728,0.001495877124401144,0.10066578904351198,,4.289078182089861,3.597880879990625,79,3.1083314950917478,14.750667656438363,6.38893454079435,4.12152960235782,0.0,1.0,0.21976168239071042,10,37,28,5.824485586033511,3.98869758739819,strict_alpha_gt_2
bonds,SU26212RMFS9,504,2023-02-28,2025-02-19,504,249,lower,raw,22,0.08835341365461848,4.869851664617447,0.3266259059234411,3,0.7727272727272727,17,22,4.18598187753507e-05,0.0038071590576286216,0.0,0.0135053902995936,3.5926568686087266,4.869851664617447,5.196477570540888,0.1924380479710052,0.001694964910217874,0.10294754548641094,,4.005695627183873,3.5020922047282825,69,2.9079046501019414,22.023460333554286,8.048641768689937,9.431577070063884,0.0,1.0,0.23178412775180812,10,37,28,7.166067150889286,9.647872977887161,strict_alpha_gt_2
bonds,SU26212RMFS9,504,2023-03-30,2025-03-20,504,247,lower,raw,22,0.08906882591093117,4.869851664617447,0.3266259059234411,3,0.7727272727272727,17,22,0.00014010467915242798,0.0040040414436483,0.0,0.0135053902995936,3.5926568686087266,4.869851664617447,5.196477570540888,0.1924380479710052,0.001694964910217874,0.10294754548641094,15.292160059897316,4.005695627183873,3.5020922047282825,71,2.977951398518156,14.355627231986103,6.122504408369496,4.5095497846203285,0.0,1.0,0.23178412775180812,10,37,28,7.166067150889286,9.033691166975752,strict_alpha_gt_2
bonds,SU26212RMFS9,504,2023-04-28,2025-04-18,504,253,lower,raw,26,0.10276679841897234,4.512489061698106,0.19083287003607996,3,0.6923076923076923,18,26,8.434360709159351e-05,0.004096716325169177,0.0,0.0135053902995936,3.8722414733587818,4.703321931734186,4.512489061698106,0.22160718537535634,0.0014986939055976535,0.087312229415199,,4.285672190541052,3.737364523541787,71,3.3446984703942655,39.57485745588886,10.537389610981206,11.457636331560243,0.0,1.0,0.15927009692816427,10,37,28,5.957884988005574,10.160300090945498,strict_alpha_gt_2
bonds,SU26212RMFS9,504,2023-05-31,2025-05-21,504,258,lower,raw,27,0.10465116279069768,5.158610623039421,0.6041979474058587,3,0.7037037037037037,19,27,8.255205916316603e-05,0.004204689661605209,0.0,0.0135053902995936,3.6686174621171608,5.158610623039421,5.76280857044528,0.17352649975717171,0.0016808954275237126,0.09834711841605781,,4.0131792367233565,3.633040137667498,78,3.331124968745371,32.771635963301264,9.478622207224067,10.57376287828565,0.0,1.0,0.25071093985775167,10,38,29,6.349559851019997,4.619277269493063,strict_alpha_gt_2
bonds,SU26212RMFS9,504,2023-06-30,2025-06-20,504,249,lower,raw,27,0.10843373493975904,5.25360495939715,1.6574346338154582,3,0.7407407407407407,20,27,0.00016298183534793018,0.004315030513656821,0.0,0.0135053902995936,3.534366159476901,5.25360495939715,6.9110395932126085,0.14469603111261417,0.0018394450364623107,0.11301843191646177,,3.8388542623004955,3.500501134748915,76,3.239561279721081,25.839288643394685,8.667951667390373,8.659949894913503,0.0,1.0,0.5078465462821911,10,37,28,6.3693369455742355,3.665911751312284,strict_alpha_gt_2
bonds,SU26212RMFS9,504,2023-07-31,2025-07-21,504,240,lower,raw,27,0.1125,5.25360495939715,1.6574346338154582,3,0.7407407407407407,20,27,0.00026014838686427535,0.004337969666061833,0.0,0.0135053902995936,3.534366159476901,5.25360495939715,6.9110395932126085,0.14469603111261417,0.0018394450364623107,0.11301843191646177,,3.8388542623004955,3.500501134748915,79,3.785211163695988,30.589627859988465,9.331348639390212,9.632336004055235,0.0,1.0,0.5078465462821911,10,36,27,6.314188442739796,3.581897624195048,strict_alpha_gt_2
bonds,SU26212RMFS9,504,2023-08-29,2025-08-19,504,231,lower,raw,21,0.09090909090909091,6.689674015584132,3.4099346669380326,2,0.8095238095238095,17,21,0.000365788328862159,0.0043114359649492,0.0,0.0135053902995936,3.2797393486460997,10.099608682522165,inf,-0.16103028172271688,0.002805501605891523,0.17418588499912424,,3.5836230239406586,3.4479819025593508,57,3.005338636850527,18.586972791153478,7.480921957520033,4.795588496284044,0.0,1.0,0.9114733178163816,10,34,25,6.689674015584132,4.919931398616981,strict_alpha_gt_2
bonds,SU26212RMFS9,504,2023-09-27,2025-09-17,504,229,lower,raw,20,0.08733624454148471,6.502319816251596,3.00813295892984,2,0.85,17,20,0.0003959845629266239,0.0042122119360231735,0.0,0.0135053902995936,3.4941868573217567,9.510452775181436,inf,-0.018948113962692553,0.0022024535172042435,0.14181910322090524,18.31613234980068,3.8989991395238746,3.6676719768401624,68,3.1183954690548203,29.620318380883237,8.930303948000972,9.529632685477901,0.0,1.0,1.0013095656118964,10,34,25,8.374255873461278,4.242154224887068,strict_alpha_gt_2
bonds,SU26212RMFS9,504,2023-10-26,2025-10-16,504,231,lower,raw,21,0.09090909090909091,6.951026725865347,3.312335393290044,3,0.8571428571428571,18,21,0.00038746893594102403,0.004219683064737947,0.0,0.0135053902995936,3.638691332575303,6.951026725865347,15.693332089897138,0.06372133045242621,0.0019420863151372457,0.13461989595555207,6.223176185092367,4.064579015838459,3.693188165871151,62,2.8756958612876775,30.365331520391216,9.829540185790234,11.321596868835696,0.0,1.0,0.8811413874352474,10,34,25,6.951026725865347,8.837468083964023,strict_alpha_gt_2
bonds,SU26212RMFS9,504,2023-11-24,2025-11-14,504,231,lower,raw,21,0.09090909090909091,6.951026725865347,3.312335393290044,3,0.8571428571428571,18,21,0.0003634262963123847,0.004144585482668708,0.0,0.0135053902995936,3.638691332575303,6.951026725865347,15.693332089897138,0.06372133045242621,0.0019420863151372457,0.13461989595555207,5.487041723431249,4.064579015838459,3.693188165871151,62,2.8976877516096238,48.57502636148426,10.531714217752423,15.581951585875988,0.0,1.0,0.86264469771819,10,34,25,6.5451568952046975,6.6737643335623185,strict_alpha_gt_2
bonds,SU26212RMFS9,504,2023-12-25,2025-12-15,504,228,lower,raw,20,0.08771929824561403,5.975500863144476,2.359860577389645,3,0.85,17,20,0.0003924858044448525,0.004124375924805482,0.0,0.0135053902995936,3.6156402857548313,5.975500863144476,9.921945682211131,0.10078668358292679,0.001892420688593245,0.15588305213634807,4.572356521986308,4.059155295768156,3.578505334364579,72,3.1694149139376293,20.491586176011598,7.816750095789975,8.67065836953958,0.0,1.0,0.7380745447718846,10,34,25,6.084235867788471,8.579807020921125,strict_alpha_gt_2
bonds,SU26212RMFS9,504,2024-01-25,2026-01-19,504,231,lower,raw,20,0.08658008658008658,5.975500863144476,2.359860577389645,3,0.85,17,20,0.0003969687310680393,0.004135365785076432,0.0,0.0135053902995936,3.6156402857548313,5.975500863144476,9.921945682211131,0.10078668358292679,0.001892420688593245,0.15588305213634807,5.463958453763386,4.059155295768156,3.578505334364579,68,2.829593483932031,16.878786916533663,6.863874021760374,6.099218942144759,0.0,1.0,0.7380745447718846,10,34,25,6.084235867788471,8.579807020921125,strict_alpha_gt_2
bonds,SU26212RMFS9,504,2024-02-26,2026-02-17,504,226,lower,raw,20,0.08849557522123894,5.975500863144476,2.359860577389645,3,0.85,17,20,0.00043520105217404446,0.00413949962718435,0.001984126984126984,0.0135053902995936,3.6156402857548313,5.975500863144476,9.921945682211131,0.10078668358292679,0.001892420688593245,0.15588305213634807,5.487041723431249,4.059155295768156,3.578505334364579,68,3.0169538029518783,17.590271210477816,7.470861189748499,8.092795566505709,0.0,1.0,0.7380745447718846,10,33,24,6.079227855150386,9.225040342036472,strict_alpha_gt_2
bonds,SU26212RMFS9,504,2024-03-27,2026-03-19,504,222,lower,raw,20,0.09009009009009009,5.975500863144476,2.359860577389645,3,0.85,17,20,0.0004954162228435254,0.004140469962883656,0.001984126984126984,0.0135053902995936,3.6156402857548313,5.975500863144476,9.921945682211131,0.10078668358292679,0.001892420688593245,0.15588305213634807,17.72384119859773,4.059155295768156,3.578505334364579,70,2.9572017146920486,13.489221194078254,5.8809396277878525,3.642900955012897,0.0,1.0,0.7380745447718846,10,33,24,6.079227855150386,9.225040342036472,strict_alpha_gt_2
bonds,SU26212RMFS9,504,2024-04-25,2026-04-17,504,219,lower,raw,20,0.091324200913242,5.975500863144476,2.359860577389645,3,0.85,17,20,0.0005288833067618298,0.004142361941886301,0.001984126984126984,0.0135053902995936,3.6156402857548313,5.975500863144476,9.921945682211131,0.10078668358292679,0.001892420688593245,0.15588305213634807,17.72384119859773,4.059155295768156,3.578505334364579,72,3.0515422959727245,38.17439371830216,9.79532179424006,10.908324132916583,0.0,1.0,0.7380745447718846,10,32,23,6.074219842512302,9.870273663151819,strict_alpha_gt_2
bonds,SU26212RMFS9,504,2024-05-23,2026-05-15,504,213,lower,raw,21,0.09859154929577464,4.464485901950215,0.2700555491313672,3,0.7619047619047619,16,21,0.0005915381907262371,0.004117245769945155,0.001984126984126984,0.0135053902995936,3.7563174137278335,4.734541451081582,4.464485901950215,0.22398995583414688,0.0015950355042612624,0.12894695927690825,6.190673513961623,4.223125387198323,3.5659040251016187,64,3.0180779835033915,17.251530104496005,7.1933693215629075,6.121488602265772,0.0,1.0,0.36456084753497825,10,31,22,3.1949865534487802,3.4902987901811406,strict_alpha_gt_2
bonds,SU26207RMFS9,504,2018-01-03,2019-12-26,504,208,lower,raw,20,0.09615384615384616,3.187567385830837,0.025111537978142806,3,0.5,10,20,0.00041996783453628956,0.0032624555292055596,0.0,0.0203806321366313,2.5219232907959723,3.187567385830837,3.21267892380898,0.31126671034228076,0.0022547894104578926,0.12605647325112426,1.8581485816627166,2.891932926261377,2.491590303868914,70,2.349143375060838,12.836185305033394,5.556046774145964,6.759017542707894,0.0,1.0,0.14324140941589086,10,31,22,4.596342974011662,3.0191888513845138,strict_alpha_gt_2
bonds,SU26207RMFS9,504,2018-02-02,2020-01-30,504,213,lower,raw,20,0.09389671361502347,3.187567385830837,0.025111537978142806,3,0.5,10,20,0.00038671672743690694,0.0032611536036933064,0.0,0.0203806321366313,2.5219232907959723,3.187567385830837,3.21267892380898,0.31126671034228076,0.0022547894104578926,0.12605647325112426,1.7246286922099783,2.891932926261377,2.491590303868914,70,2.094111609160497,9.861093727015698,5.17556086917633,5.367284120348719,0.0,0.9714285714285714,0.14324140941589086,10,31,22,4.596342974011662,3.0191888513845138,strict_alpha_gt_2
bonds,SU26207RMFS9,504,2018-03-06,2020-03-02,504,209,lower,raw,23,0.11004784688995216,3.6179721599201,0.8346977473230717,3,0.4782608695652174,11,23,0.0003614675245409638,0.003322203679066983,0.0,0.0203806321366313,2.487844360365809,3.6179721599201,4.4526699072431715,0.22458435519176867,0.002496245178399909,0.14432114826634831,2.0615441671634955,2.790286072460226,2.5554707374091303,70,2.0958437363523035,19.979756004498533,7.186342400226319,10.105779101677154,0.0,0.9714285714285714,0.42261654403510346,10,31,22,5.638761459187505,4.249952176955524,strict_alpha_gt_2
bonds,SU26207RMFS9,504,2018-04-05,2020-04-01,504,212,lower,raw,30,0.14150943396226415,2.1827055989612565,0.23876135650564256,3,0.4,12,30,0.00030689896429678343,0.004830892194873826,0.0,0.0381659917767185,1.645463902037683,2.1827055989612565,2.421466955466899,0.41297280466385033,0.003921247943320364,0.11945633597917994,3.1897083265283683,1.7829982865638754,1.7361871283471884,87,1.8012450562648978,5.967143302325003,3.4036013095143716,1.9277156598607366,0.0,0.8505747126436781,0.2480248748879987,10,31,22,3.544463734330613,2.4556722305711287,point_alpha_gt_2_uncertain
bonds,SU26207RMFS9,504,2018-05-04,2020-04-30,504,209,lower,raw,30,0.14354066985645933,2.110887822775311,0.009317161184967393,3,0.4,12,30,0.000444237356226931,0.004820288733277451,0.0,0.0381659917767185,1.7572096352018445,2.1202049839602783,2.110887822775311,0.4737343165328605,0.003268335897028681,0.10998931965649272,3.341890251121288,1.922476849038215,1.7956103492984512,93,1.7058399817759475,16.460162283502996,4.606664444470688,7.303032690955133,0.0,0.7741935483870968,0.06777832298137783,10,31,22,3.0689867000289865,1.39748513494433,point_alpha_gt_2_uncertain
bonds,SU26207RMFS9,504,2018-06-05,2020-06-02,504,208,lower,raw,30,0.14423076923076922,2.110887822775311,0.009317161184967393,3,0.4,12,30,0.0005015785283165213,0.004865606349972241,0.0,0.0381659917767185,1.7572096352018445,2.1202049839602783,2.110887822775311,0.4737343165328605,0.003268335897028681,0.10998931965649272,3.3903314490019913,1.922476849038215,1.7956103492984512,87,1.7472890687632516,5.528345912781564,3.2696883692626764,1.7271954422430014,0.0,0.8160919540229885,0.06777832298137783,10,31,22,3.0689867000289865,1.39748513494433,point_alpha_gt_2_uncertain
bonds,SU26207RMFS9,504,2018-07-04,2020-07-06,504,208,lower,raw,22,0.10576923076923077,2.193663514831661,0.07833197713899942,3,0.5,11,22,0.0005021365434985652,0.004860461789837833,0.0,0.0381659917767185,1.9102416465582008,2.2719954919706606,2.193663514831661,0.455858427347158,0.0036895686518547354,0.10011387651067619,2.4683743690260402,2.1514506949179415,1.8960599163971474,78,1.9672876839664297,9.34985996694621,3.640947989385908,3.060510695848817,0.0,0.9230769230769231,0.15969760677305464,10,31,22,2.6001466947228695,1.346801633398758,point_alpha_gt_2_uncertain
bonds,SU26207RMFS9,504,2018-08-02,2020-08-04,504,207,lower,raw,22,0.10628019323671498,2.193663514831661,0.07833197713899942,3,0.5,11,22,0.0005194018380403113,0.004867148912051186,0.0,0.0381659917767185,1.9102416465582008,2.2719954919706606,2.193663514831661,0.455858427347158,0.0036895686518547354,0.10011387651067619,2.3665546427289113,2.1514506949179415,1.8960599163971474,83,1.9013769021103706,11.690007358045332,5.182488158495587,7.37568118601748,0.0,0.891566265060241,0.15969760677305464,10,31,22,2.6001466947228695,1.346801633398758,point_alpha_gt_2_uncertain
bonds,SU26207RMFS9,504,2018-08-31,2020-09-02,504,201,lower,raw,29,0.14427860696517414,2.2326921311224113,0.29994769183961045,3,0.4482758620689655,13,29,0.0005979336428188866,0.0048217659208116635,0.0,0.0381659917767185,1.6428340427551105,2.2326921311224113,2.5326398229620217,0.394844932522012,0.0037474306187962715,0.0849001332646955,2.135119096149801,1.7922886438239125,1.7624386788003843,85,1.6664912906880442,11.392473959288761,4.808895820736118,8.029898717655243,0.0,0.7411764705882353,0.24160799783019,10,30,21,2.813112456395367,1.2690458874950101,point_alpha_gt_2_uncertain
bonds,SU26207RMFS9,504,2018-10-01,2020-10-01,504,204,lower,raw,28,0.13725490196078433,2.0106983784389376,0.016053701714958457,3,0.42857142857142855,12,28,0.0005648459671018417,0.004705814262701793,0.0,0.0381659917767185,1.6595963543651293,2.0106983784389376,2.026752080153896,0.4934002583700655,0.0032828792390040846,0.08507849645852814,1.9743427724068126,1.822123745119724,1.7018067796067629,89,1.7252131692326464,8.068416040151462,3.816369402670536,5.486634216908912,0.0,0.797752808988764,0.08507100489896029,10,30,21,2.491809145597476,1.0880389414394904,point_alpha_gt_2_uncertain
bonds,SU26207RMFS9,504,2018-10-30,2020-10-30,504,200,lower,raw,27,0.135,1.715680643874759,0.03321128915578586,3,0.4444444444444444,12,27,0.000569004575770848,0.004651561982469253,0.0,0.0381659917767185,1.682469354718973,1.8865806728948156,1.715680643874759,0.5828590557165474,0.0029432458813947572,0.0784953532816964,2.3600797597535315,1.8579202401337707,1.6613995483413597,91,1.6475797225735735,7.144550912190611,3.328657434239462,3.625809873406127,0.0,0.6593406593406593,0.09269119308241448,10,30,21,2.2623964365951417,0.5995498065613152,point_alpha_1_2_uncertain
bonds,SU26207RMFS9,504,2018-11-29,2020-12-01,504,196,lower,raw,24,0.12244897959183673,1.9785288982778892,0.11500824332396631,3,0.4166666666666667,10,24,0.0006133025446182979,0.004570970392164945,0.0,0.0381659917767185,1.5469063217842312,1.9785288982778892,2.0935371416018556,0.47766050103837987,0.003730016361731284,0.08526025391515023,1.8353746321797915,1.708622136347513,1.6122922524517647,89,1.6859432704653052,10.41990503741142,3.486840820857374,3.0081388306925865,0.0,0.7528089887640449,0.19333168352251717,10,29,20,2.52135501549186,0.7402106758677491,point_alpha_1_2_uncertain
bonds,SU26207RMFS9,504,2018-12-28,2020-12-30,504,194,lower,raw,24,0.12371134020618557,1.9785288982778892,0.11500824332396631,3,0.4166666666666667,10,24,0.0005800157730101755,0.004551684000222092,0.0,0.0381659917767185,1.5469063217842312,1.9785288982778892,2.0935371416018556,0.47766050103837987,0.003730016361731284,0.08526025391515023,1.964889506903123,1.708622136347513,1.6122922524517647,84,1.643121753002578,7.399782769928038,4.081820318964949,6.150864782587868,0.0,0.7619047619047619,0.18498235336819036,10,29,20,2.52135501549186,0.8129473101240676,point_alpha_1_2_uncertain
bonds,SU26207RMFS9,504,2019-01-31,2021-02-02,504,201,lower,raw,26,0.12935323383084577,1.686034338433649,0.06431966629498631,3,0.4230769230769231,11,26,0.0005037790219495875,0.004537785441367985,0.0,0.0381659917767185,1.6217146721386626,1.8556570306962965,1.686034338433649,0.5931077304920225,0.0030330647531623756,0.11314308909564484,2.0840873872407792,1.7908192479544112,1.6138853742790633,92,1.615234634257534,5.481451997058096,2.8345080586990603,2.117662454931976,0.0,0.6739130434782609,0.14681254577843827,10,30,21,2.46822138015931,0.8905771366593775,point_alpha_1_2_uncertain
bonds,SU26207RMFS9,504,2019-03-01,2021-03-03,504,204,lower,raw,26,0.12745098039215685,1.6869197455860636,0.06531567677074324,3,0.4230769230769231,11,26,0.000458312556518995,0.004531094326286625,0.0,0.0381659917767185,1.6216040688153204,1.8559330705804091,1.6869197455860636,0.5927964282927897,0.003034345844996887,0.11317342361983487,2.6875830471457762,1.7906789821733695,1.6139465757458256,95,1.6016833805583155,9.637150115682212,3.58485235728146,2.973756753862582,0.0,0.7052631578947368,0.14752046888737708,10,30,21,2.4693300218761776,0.8925039373563588,point_alpha_1_2_uncertain
bonds,SU26207RMFS9,504,2019-04-02,2021-04-02,504,209,lower,raw,25,0.11961722488038277,1.6938592319253434,0.055816243122707165,3,0.48,12,25,0.0004011875541168415,0.004533419487153907,0.0,0.0381659917767185,1.6380429888026362,1.878404711309899,1.6938592319253434,0.5903678305447727,0.0031016820822491716,0.13112140084984672,3.1157538294482015,1.8146756112957243,1.6266419249392008,87,1.6020435684377572,4.9213660830049415,2.914979727983605,2.9877421181915427,0.0,0.5862068965517241,0.13753211952216848,10,31,22,2.3082726813708305,0.8570147724877404,point_alpha_1_2_uncertain
bonds,SU26207RMFS9,504,2019-05-02,2021-05-04,504,212,lower,raw,27,0.12735849056603774,1.7391226768132386,0.06616982638468172,3,0.48148148148148145,13,27,0.0003987020041441716,0.004570178933552813,0.0,0.0381659917767185,1.672952850428557,1.89908705343725,1.7391226768132386,0.575002564990065,0.002993111919098587,0.12898121375316204,2.2003413650679793,1.845879108044936,1.6612711249765848,86,1.5622804117671032,6.282329079943851,3.0223921912561793,1.836008372889372,0.0,0.7209302325581395,0.14315089043376486,10,31,22,2.286533481040857,0.7056167410936514,point_alpha_1_2_uncertain
bonds,SU26207RMFS9,504,2019-06-03,2021-06-02,504,219,lower,raw,27,0.1232876712328767,1.7391226768132386,0.06616982638468172,3,0.48148148148148145,13,27,0.00036331987098840463,0.004559496620903392,0.0,0.0381659917767185,1.672952850428557,1.89908705343725,1.7391226768132386,0.575002564990065,0.002993111919098587,0.12898121375316204,2.4610513538328243,1.845879108044936,1.6612711249765848,89,1.5471910105328488,7.274069765817322,3.4057554433603103,5.596896480092493,0.0,0.6629213483146067,0.14315089043376486,10,32,23,2.2507874888550434,0.7007340739807209,point_alpha_1_2_uncertain
bonds,SU26207RMFS9,504,2019-07-03,2021-07-01,504,224,lower,raw,20,0.08928571428571429,2.000210503241855,0.09094292563371242,3,0.5,10,20,0.000292634358730806,0.0045509419734698015,0.0,0.0381659917767185,1.754950149822546,2.0911534288755673,2.000210503241855,0.49994737972790526,0.0037412204101098696,0.10551449443487199,0.9796533259210585,1.9859675825419765,1.7390415332706468,80,1.7375855493494914,7.370059985589725,3.1569142765574263,1.8191189339825837,0.0,0.7875,0.11383462810473113,10,33,24,2.2433798498861615,0.6248326546267533,point_alpha_gt_2_uncertain
bonds,SU26207RMFS9,504,2019-08-01,2021-07-30,504,226,lower,raw,20,0.08849557522123894,2.000210503241855,0.09094292563371242,3,0.5,10,20,0.0002945003675749405,0.00454849965990751,0.0,0.0381659917767185,1.754950149822546,2.0911534288755673,2.000210503241855,0.49994737972790526,0.0037412204101098696,0.10551449443487199,0.9595798091959444,1.9859675825419765,1.7390415332706468,80,1.6888816490529044,11.190560291883395,3.9166754266275836,3.2554064562157192,0.0,0.8,0.11383462810473113,10,33,24,2.2433798498861615,0.6248326546267533,point_alpha_gt_2_uncertain
bonds,SU26207RMFS9,504,2019-08-30,2021-08-30,504,228,lower,raw,25,0.10964912280701754,1.940882948811281,0.02209384132351966,3,0.52,13,25,0.00027414467378302805,0.004527769022746246,0.0,0.0381659917767185,1.6270790512823223,1.9629767901348008,1.940882948811281,0.5152294220588949,0.0033973945338011276,0.10304671302213494,9.741664677277765,1.7997725017976587,1.6542070293998155,84,1.7024793436421992,10.661259469458871,3.8160481434127176,3.240220894306368,0.0,0.8095238095238095,0.10647351298836175,10,34,25,2.14727225631502,0.6262549209649775,point_alpha_1_2_uncertain
bonds,SU26207RMFS9,504,2019-09-30,2021-09-28,504,232,lower,raw,25,0.10775862068965517,1.940882948811281,0.02209384132351966,3,0.52,13,25,0.0002293330043333784,0.004531112846176335,0.0,0.0381659917767185,1.6270790512823223,1.9629767901348008,1.940882948811281,0.5152294220588949,0.0033973945338011276,0.10304671302213494,21.017235691454786,1.7997725017976587,1.6542070293998155,93,1.6509395898175834,7.4787009991169064,3.484369916499556,3.982857230289565,0.0,0.6881720430107527,0.10647351298836175,10,34,25,2.14727225631502,0.6262549209649775,point_alpha_1_2_uncertain
bonds,SU26207RMFS9,504,2019-10-29,2021-10-27,504,238,lower,raw,22,0.09243697478991597,2.26206762356532,0.09465174872061599,3,0.5,11,22,9.216421825011126e-05,0.004569444477951362,0.0,0.0381659917767185,1.791967131491753,2.26206762356532,2.356719372285936,0.42431865743524433,0.00389552014132892,0.08964992167482183,0.9358675522989235,2.0099923924671637,1.8292838701768774,86,1.8619854368836584,8.001893424179123,3.7091456277374233,3.0296527559013158,0.0,0.8604651162790697,0.11157781764004825,10,35,26,2.570511979828119,0.7857183608748497,point_alpha_gt_2_uncertain
bonds,SU26207RMFS9,504,2019-11-28,2021-11-26,504,237,lower,raw,23,0.0970464135021097,2.392099253251217,0.1548373059409025,3,0.4782608695652174,11,23,5.103778066426846e-05,0.004629427971976984,0.0,0.0381659917767185,1.8608166482751518,2.392099253251217,2.5469365591921194,0.3926285467892443,0.003917069684593142,0.07051565487152645,0.9346833727476466,2.082537203610666,1.9125978363673797,79,1.8985400684032363,7.6750566696811156,4.117030484023794,5.459705785531693,0.0,0.8860759493670886,0.16307596859739,10,35,26,2.791664545005411,0.8125542813318734,point_alpha_gt_2_uncertain
bonds,SU26207RMFS9,504,2019-12-27,2021-12-27,504,234,lower,raw,23,0.09829059829059829,2.392099253251217,0.1548373059409025,3,0.4782608695652174,11,23,6.467700671480252e-05,0.004638865679885973,0.0,0.0381659917767185,1.8608166482751518,2.392099253251217,2.5469365591921194,0.3926285467892443,0.003917069684593142,0.07051565487152645,0.9051356189208472,2.082537203610666,1.9125978363673797,77,1.8974616414031171,7.869781553200543,4.86789961336866,8.30713552471796,0.0,0.8831168831168831,0.16307596859739,10,35,26,2.791664545005411,0.8125542813318734,point_alpha_gt_2_uncertain
bonds,SU26207RMFS9,504,2020-01-31,2022-01-26,504,238,lower,raw,11,0.046218487394957986,2.9807613303708496,0.09296564559855147,3,0.5454545454545454,6,11,-5.717747954181267e-05,0.004749826556116018,0.0,0.0381659917767185,2.2816252363621468,2.9807613303708496,3.073726975969401,0.32533793919175824,0.005229358278988296,0.15684106349263183,1.9420881841489794,2.2816252363621468,2.1588055206010073,68,2.2012683237638786,24.075955468590376,6.847079820421441,9.598778927255648,0.0,0.9852941176470589,0.14999002647630214,10,35,26,2.996052500735822,0.9145123192124425,strict_alpha_gt_2
bonds,SU26207RMFS9,504,2020-03-03,2022-02-24,504,242,lower,raw,32,0.1322314049586777,1.5534995167371612,0.018019464570015797,3,0.4375,14,32,-0.0003715105325017755,0.00736814949262524,0.0,0.12106685582293,1.5534995167371612,1.5804116519362668,1.5354800521671454,0.651262123912727,0.003944249652314342,0.0856080534792063,1.5426597505133435,1.759101164649311,1.4797509258045751,93,1.3164304451131923,6.678966304761382,3.036819585760127,5.671008840268453,0.0,0.3333333333333333,0.07213809735740791,10,36,27,1.6427953203853605,0.16275062789128691,point_alpha_1_2_uncertain
bonds,SU26207RMFS9,504,2020-04-02,2022-03-29,504,235,lower,raw,31,0.13191489361702127,1.4515977288392434,0.041497251626593235,3,0.4838709677419355,15,31,-0.00021624420925679298,0.007655960383542698,0.0,0.12106685582293,1.5373826663305707,1.4101004772126502,1.4515977288392434,0.6888960902409517,0.0031664145907601897,0.13219344159603857,,1.7658067383977638,1.3328977318901771,96,1.034359035442824,5.167002163868794,2.4670272186346334,4.653325634868016,0.041666666666666664,0.22916666666666666,0.1057959575264144,10,35,26,1.3337415170465508,0.11665664179213131,point_alpha_1_2_uncertain
bonds,SU26207RMFS9,504,2020-05-04,2022-04-27,504,235,lower,raw,31,0.13191489361702127,1.4559966313828363,0.04382847522831401,3,0.4838709677419355,15,31,-9.616504999277371e-05,0.007980227201391478,0.0,0.12106685582293,1.5361699489007492,1.4121681561545223,1.4559966313828363,0.6868147758351938,0.0031836611072129936,0.12926972767699013,12.535456731609944,1.7639489774142176,1.334241183586191,94,1.1055617727831726,4.327612636347227,1.9860836555897652,1.6403527982716437,0.010638297872340425,0.2127659574468085,0.11452923898899718,10,35,26,1.3360648688023742,0.10795841637075365,point_alpha_1_2_uncertain
bonds,SU26207RMFS9,504,2020-06-03,2022-06-01,504,237,lower,raw,31,0.1308016877637131,1.4559966313828363,0.04382847522831401,3,0.4838709677419355,15,31,-8.048424729374024e-05,0.008056012036704963,0.0,0.12106685582293,1.5361699489007492,1.4121681561545223,1.4559966313828363,0.6868147758351938,0.0031836611072129936,0.12926972767699013,11.432729029196093,1.7639489774142176,1.334241183586191,97,1.0984779128164988,9.610060374123204,2.314134673909518,2.726530416299182,0.010309278350515464,0.24742268041237114,0.11452923898899718,10,35,26,1.3360648688023742,0.10795841637075365,point_alpha_1_2_uncertain
bonds,SU26207RMFS9,504,2020-07-07,2022-07-01,504,231,lower,raw,27,0.11688311688311688,1.3588752707471532,0.0020721178228630954,3,0.5185185185185185,14,27,-2.144769960750078e-06,0.008036964799659171,0.0,0.12106685582293,1.4583151425002585,1.3588752707471532,1.35680315292429,0.7370265891885057,0.003364507061770171,0.11780593353462587,3.220922713797256,1.692626280573438,1.2730131634283313,95,1.0122723790939,4.091954005916207,1.9652278872558815,3.7841605232293025,0.031578947368421054,0.12631578947368421,0.07331322925044624,10,34,25,1.3171575206035266,0.06569612545999215,point_alpha_1_2_uncertain
bonds,SU26207RMFS9,504,2020-08-05,2022-08-01,504,227,lower,raw,27,0.11894273127753303,1.3588752707471532,0.0020721178228630954,3,0.5185185185185185,14,27,2.540987277620207e-05,0.008042166668096847,0.0,0.12106685582293,1.4583151425002585,1.3588752707471532,1.35680315292429,0.7370265891885057,0.003364507061770171,0.11780593353462587,3.220922713797256,1.692626280573438,1.2730131634283313,95,1.0815493862555572,2.2322927489347957,1.549299976089765,0.47692806273265465,0.010526315789473684,0.11578947368421053,0.07331322925044624,10,34,25,1.3171575206035266,0.06569612545999215,point_alpha_1_2_uncertain
bonds,SU26207RMFS9,504,2020-09-03,2022-08-30,504,226,lower,raw,26,0.11504424778761062,1.3395717282577884,0.003205695662911845,3,0.46153846153846156,12,26,5.335430107255862e-05,0.008015734117581254,0.0,0.12106685582293,1.4211750672436223,1.3363660325948765,1.3395717282577884,0.7465072447449854,0.003416921703719782,0.1273755220080225,2.730404694163389,1.6532253023700592,1.2480469694496774,99,1.0756905252253166,2.567154459931653,1.6617118069207544,1.1511703340609298,0.010101010101010102,0.13131313131313133,0.08861315570073866,10,33,24,1.2913535753722636,0.07093891052334356,point_alpha_1_2_uncertain
bonds,SU26207RMFS9,504,2020-10-02,2022-09-28,504,225,lower,raw,31,0.13777777777777778,1.4853261724252973,0.012782468465397434,3,0.41935483870967744,13,31,-1.0432451519614335e-05,0.008082240679174067,0.0,0.12106685582293,1.4853261724252973,1.429085708478772,1.4981086408906947,0.6675083319761468,0.003433768590347074,0.11496497116865512,,1.695099849222317,1.3403613105169743,97,1.084259436648093,4.621115872308013,1.867939289794418,1.253360046936552,0.0,0.17525773195876287,0.0833694661826029,10,33,24,1.3625087584286102,0.11720358732927783,point_alpha_1_2_uncertain
bonds,SU26207RMFS9,504,2020-11-02,2022-10-27,504,224,lower,raw,32,0.14285714285714285,1.5151924693092804,0.0027826462904676497,3,0.4375,14,32,2.778877535084564e-05,0.00814664000056788,0.0,0.12106685582293,1.517975115599748,1.4504682364829014,1.5151924693092804,0.6599821608510651,0.003400778132210339,0.10516044103779798,,1.7292407857902559,1.3634771866098738,95,1.137804615438646,3.8726532136508838,1.9929933034489962,1.6536137475703832,0.021052631578947368,0.21052631578947367,0.06747022730705324,10,33,24,1.3748481973590971,0.11483444203676751,point_alpha_1_2_uncertain
bonds,SU26207RMFS9,504,2020-12-02,2022-11-28,504,222,lower,raw,31,0.13963963963963963,1.4774817089250731,0.00924534870372673,3,0.4838709677419355,15,31,2.040174709915346e-05,0.008135682223230127,0.0,0.12106685582293,1.4774817089250731,1.4682363602213464,1.594705178463892,0.6270751569034567,0.0036879435639006193,0.11464790730738861,15.890862542723903,1.682402515378424,1.360950796309215,93,1.150626265549617,3.2854044576527546,2.3640850346725504,4.390496978094041,0.010752688172043012,0.23655913978494625,0.05742675036776723,10,33,24,1.3748481973590971,0.10663193864556164,point_alpha_1_2_uncertain
bonds,SU26207RMFS9,504,2021-01-04,2022-12-27,504,222,lower,raw,31,0.13963963963963963,1.4774817089250731,0.00924534870372673,3,0.4838709677419355,15,31,3.333501089888141e-05,0.008132250385998747,0.0,0.12106685582293,1.4774817089250731,1.4682363602213464,1.594705178463892,0.6270751569034567,0.0036879435639006193,0.11464790730738861,43.997010557099884,1.682402515378424,1.360950796309215,90,1.0848210690237516,5.909434120706627,2.0282414016112646,1.926593747432389,0.011111111111111112,0.2111111111111111,0.05742675036776723,10,33,24,1.3748481973590971,0.10663193864556164,point_alpha_1_2_uncertain
bonds,SU26207RMFS9,504,2021-02-03,2023-01-26,504,217,lower,raw,31,0.14285714285714285,1.5077237710532958,0.037551116545835095,3,0.4838709677419355,15,31,7.00062599979136e-05,0.008130698331483756,0.0,0.12106685582293,1.5077237710532958,1.4701726545074607,1.5896399347883645,0.6290732750955544,0.0036291954262528585,0.12928135312102387,98.79276945446276,1.7211449889680817,1.3693875118651901,93,1.1157956509869176,4.624027416809953,2.9310492850882004,6.425589278574176,0.0,0.1827956989247312,0.0820853878867868,10,32,23,1.358208385534995,0.08668693311795028,point_alpha_1_2_uncertain
bonds,SU26207RMFS9,504,2021-03-04,2023-02-27,504,211,lower,raw,30,0.14218009478672985,1.4907357083675632,0.005710302516797272,3,0.4666666666666667,14,30,9.831219984555578e-05,0.00812096248699328,0.0,0.12106685582293,1.485025405850766,1.4907357083675632,1.6517517793694856,0.6054178433406772,0.0038785299802692862,0.1315554153437798,8.430755892112325,1.6969337908712252,1.3708230882752388,96,1.0975574438255697,4.812474467562215,2.559538218583425,5.551968604220041,0.0,0.22916666666666666,0.06895248030202919,10,31,22,1.3534994758526868,0.10665216395133204,point_alpha_1_2_uncertain
bonds,SU26207RMFS9,504,2021-04-05,2023-03-29,504,205,lower,raw,26,0.12682926829268293,1.4191880612749972,0.009281506271572093,3,0.46153846153846156,12,26,0.0001456022622391108,0.008099124176650228,0.0,0.12106685582293,1.6032046519135978,1.4191880612749972,1.409906555003425,0.7092668634323576,0.003527802924750096,0.12223643200403755,2.3182634684714327,1.8880037007053811,1.3393932378514357,95,1.1348521210944085,5.90556334820078,2.2784693319794966,2.9798455412008633,0.0,0.17894736842105263,0.06756524869765185,10,30,21,1.3499069812660365,0.16769314038038852,point_alpha_1_2_uncertain
bonds,SU26207RMFS9,504,2021-05-05,2023-04-27,504,199,lower,raw,24,0.12060301507537688,1.4984715608539931,0.002826870408786375,3,0.4583333333333333,11,24,0.00014125023589740447,0.008072679542830752,0.0,0.12106685582293,1.4984715608539931,1.427011667257231,1.5012984312627795,0.6660900852063604,0.00412521793051142,0.13833736165074872,1.8488179676396164,1.7637599108159936,1.315585468516198,94,1.1039046879207086,4.206049667272468,2.2033640572369397,3.385885946812446,0.0,0.22340425531914893,0.0956964905596159,10,29,20,1.3530738728863332,0.16109530169065,point_alpha_1_2_uncertain
bonds,SU26207RMFS9,504,2021-06-03,2023-05-30,504,193,lower,raw,24,0.12435233160621761,1.4984715608539931,0.002826870408786375,3,0.4583333333333333,11,24,0.0001589960072607303,0.008068232019382922,0.0,0.12106685582293,1.4984715608539931,1.427011667257231,1.5012984312627795,0.6660900852063604,0.00412521793051142,0.13833736165074872,1.861415005560088,1.7637599108159936,1.315585468516198,95,1.0478601122967257,3.264006497893163,1.822736945145508,1.6978765447696504,0.021052631578947368,0.14736842105263157,0.0956964905596159,10,28,19,1.350461851039479,0.16246432302214298,point_alpha_1_2_uncertain
bonds,SU26207RMFS9,504,2021-07-02,2023-06-29,504,190,lower,raw,22,0.11578947368421053,1.4413468824183862,0.004221240662638515,3,0.4090909090909091,9,22,0.00016015915619855433,0.00805484555204793,0.0,0.12106685582293,1.4371256417557476,1.4413468824183862,1.57228140742139,0.6360184603594872,0.004685714549674383,0.15708297534929772,1.084609526060307,1.6989723676237196,1.299681628109532,84,1.0944636538235926,2.5762500744520316,1.538622005585675,0.5441853543492761,0.0,0.10714285714285714,0.08376938264363745,10,28,19,1.350461851039479,0.14293849588234808,point_alpha_1_2_uncertain
bonds,SU26207RMFS9,504,2021-08-02,2023-07-28,504,194,lower,raw,25,0.12886597938144329,1.5135075267200002,0.1840688543344291,3,0.4,10,25,0.00011229569437074517,0.008053857423373638,0.0,0.12106685582293,1.3294386723855711,1.5135075267200002,1.7512643864307775,0.5710160086325304,0.004917992256472728,0.15145526121540165,2.1300541400081356,1.527213326992781,1.3188130309906645,89,1.08355788878424,3.853486560289708,2.0960680628145876,2.9584226440568364,0.02247191011235955,0.20224719101123595,0.21840698704623052,10,29,20,1.3530738728863332,0.1369713498477283,point_alpha_1_2_uncertain
bonds,SU26207RMFS9,504,2021-08-31,2023-08-28,504,199,lower,raw,25,0.12562814070351758,1.5318909382977863,0.0007971249950984305,3,0.44,11,25,6.873119361251636e-05,0.008072134729670178,0.0,0.12106685582293,1.5326880632928848,1.443697345577194,1.5318909382977863,0.6527879857499416,0.0040266239106680445,0.13982844314235532,1.6590409774104533,1.7997459202794939,1.3358314211074456,93,1.0963806720440437,3.701168850901854,2.022112613426477,3.5389727321825926,0.010752688172043012,0.15053763440860216,0.10907234837276011,10,29,20,1.3442603337029455,0.14680277624724858,point_alpha_1_2_uncertain
bonds,SU26207RMFS9,504,2021-09-29,2023-09-26,504,198,lower,raw,27,0.13636363636363635,1.5613614462492917,0.057928891527331716,3,0.4444444444444444,12,27,4.0391177922830074e-05,0.008115959751550429,0.0,0.12106685582293,1.5613614462492917,1.50343255472196,1.6517332889120941,0.6054246207380399,0.004093670420458383,0.15518089182353434,2.1829312462494945,1.816073103191664,1.3823681048491834,88,1.1734513468292143,2.892275183563578,1.7859539638494164,1.1549434992157626,0.0,0.22727272727272727,0.13955382691796112,10,29,20,1.3589151043367154,0.10084955863292588,point_alpha_1_2_uncertain
bonds,SU26207RMFS9,504,2021-10-28,2023-10-25,504,196,lower,raw,28,0.14285714285714285,1.4571957830862905,0.021442874502558995,3,0.42857142857142855,12,28,9.923448474418891e-05,0.0080857005706324,0.0,0.12106685582293,1.5726054982155189,1.4357529085837315,1.4571957830862905,0.6862495840346411,0.0035237704070670314,0.11908693100899626,2.581263207858063,1.8277937708762384,1.352153229774461,92,1.1387001084585686,4.400439573517957,2.029211279916076,1.3060939639307285,0.010869565217391304,0.32608695652173914,0.0950052080603206,10,29,20,1.3470702659493026,0.1112404264708462,point_alpha_1_2_uncertain
bonds,SU26207RMFS9,504,2021-11-29,2023-11-23,504,193,lower,raw,26,0.13471502590673576,1.4241475344940888,0.0028261624761127813,3,0.38461538461538464,10,26,0.00019677992219295653,0.008076836252276235,0.0,0.12106685582293,1.4241475344940888,1.421321372017976,1.5255125627079311,0.6555173811383789,0.004050177579922843,0.11993719387533408,2.969951662796742,1.6483694055406453,1.3055140230891968,94,1.0515124992281075,3.524583833358476,1.664921264692038,0.862877081794987,0.031914893617021274,0.13829787234042554,0.057606970026668675,10,28,19,1.3304743371477805,0.12058186455371178,point_alpha_1_2_uncertain
bonds,SU26207RMFS9,504,2021-12-28,2023-12-22,504,196,lower,raw,27,0.1377551020408163,1.4323301696009598,0.012910997965684956,3,0.37037037037037035,10,27,0.00017386824294503907,0.008078670482873702,0.001984126984126984,0.12106685582293,1.4323301696009598,1.4194191716352749,1.5120695182944635,0.6613452542366891,0.0039017379310661874,0.114431336081812,3.9843376536849364,1.652012985173019,1.3100327211750078,94,1.1124024570402817,4.746947556255811,1.9229645885749997,1.878114712669682,0.010638297872340425,0.1276595744680851,0.06450545931544355,10,29,20,1.3475190612829686,0.1280722703147117,point_alpha_1_2_uncertain
bonds,SU26207RMFS9,504,2022-01-27,2024-01-24,504,194,lower,raw,21,0.10824742268041238,1.322247501402309,0.004825310032408936,3,0.42857142857142855,9,21,0.00028505850634111366,0.008012616619080771,0.001984126984126984,0.12106685582293,1.322247501402309,1.3174221913699,1.3630938597420756,0.7336251959855646,0.004261213003807341,0.14724244654014446,1.8215582615147166,1.5634750839513922,1.1987887903696903,98,1.0227840877315628,5.337954929967202,1.8583973245048897,1.6448982286594316,0.04081632653061224,0.19387755102040816,0.07628939518590877,10,29,20,1.3012928449159622,0.06495193241276764,point_alpha_1_2_uncertain
bonds,SU26207RMFS9,504,2022-02-25,2024-02-22,504,201,lower,raw,18,0.08955223880597014,1.8809209710690595,0.046120914244291766,3,0.5555555555555556,10,18,0.0005829712951555314,0.005616991278203097,0.001984126984126984,0.0651514770427028,1.8809209710690595,1.7494058356633724,1.9270418853133513,0.5189300801510044,0.002793359092687381,0.16631820108655176,2.04158626926843,1.8809209710690595,1.564816383421111,83,1.2161850908287213,7.101688915407103,3.096437844279755,5.101372121446682,0.0,0.27710843373493976,0.11739163119777535,10,30,21,1.8396361840148607,0.16870971535161328,point_alpha_1_2_uncertain
bonds,SU26207RMFS9,504,2022-03-30,2024-03-26,504,211,lower,raw,20,0.0947867298578199,14.892334012965138,12.310406228177518,2,0.45,9,20,0.0004491014195560828,0.003895804000977339,0.001984126984126984,0.0147995615896097,2.5819277847876205,27.202740241142656,inf,-0.1400209118263743,0.003101343752664751,0.1466317043497154,2.3059066103152817,2.852533705852004,2.9933359442446292,31,2.6244214464684634,37.259838148499874,9.266918629624021,12.255689334945187,0.0,1.0,1.0963544371368157,10,31,22,2.362150464010821,0.7904425611125308,strict_alpha_gt_2
bonds,SU26207RMFS9,504,2022-04-28,2024-04-24,504,213,lower,raw,31,0.14553990610328638,4.010244034250848,2.1607890642862047,2,0.4838709677419355,15,31,0.00023037214903113176,0.002945006398765169,0.001984126984126984,0.0147995615896097,1.8494549699646428,6.171033098537052,inf,-0.05819752726342439,0.0030105468809530907,0.12577309734683784,,1.9677690038815403,2.215180524102723,66,2.3424937961506345,13.123335127746186,5.026756885778499,4.318848201812763,0.0,1.0,1.1071357782087965,10,31,22,2.419538877517631,0.900664785757187,strict_alpha_gt_2
bonds,SU26207RMFS9,504,2022-06-02,2024-05-24,504,217,lower,raw,29,0.1336405529953917,15.880708631255278,13.863578077943437,2,0.4482758620689655,13,29,9.325927667635448e-05,0.00266583803436359,0.003968253968253968,0.0147995615896097,2.0171305533118415,29.744286709198715,inf,-0.09466406607646197,0.0030494090612181363,0.09257547918394327,2.3437608494394557,2.156643791369555,2.551014145892935,45,2.2477737721467883,25.38019141719666,8.18370624632962,15.097781442311485,0.0,1.0,1.1297801992507641,10,32,23,2.4903879019922655,0.7345673595930249,strict_alpha_gt_2
bonds,SU26207RMFS9,504,2022-07-04,2024-06-25,504,221,lower,raw,26,0.11764705882352941,6.502477159511001,4.133707924957871,2,0.5,13,26,3.585633820795396e-05,0.0026814340644974294,0.003968253968253968,0.0147995615896097,2.3687692345531293,10.636185084468872,inf,-0.033530701860949974,0.0026801538764217835,0.11180857455865578,3.6160791988211436,2.572571148039658,2.786131688814762,61,2.9052492310621516,30.009703327860848,8.7426297693329,10.248464084725192,0.0,1.0,1.1144229202884937,10,33,24,2.777724474000082,4.626261292759452,strict_alpha_gt_2
bonds,SU26207RMFS9,504,2022-08-02,2024-07-24,504,228,lower,raw,26,0.11403508771929824,5.12146692982955,2.670106685283966,2,0.5384615384615384,14,26,-3.2059474088095956e-05,0.00266317646406525,0.003968253968253968,0.0147995615896097,2.4513602445455844,7.791573615113516,inf,-0.0010985472887485195,0.002535263668917797,0.11685511874596666,5.185899566902291,2.6699621426285103,2.7992383755608543,58,2.615047049071433,24.52115365935208,8.179131094348504,9.566208088162638,0.0,1.0,1.1001614639903008,10,34,25,2.8093340415140067,3.873070309501288,strict_alpha_gt_2
bonds,SU26207RMFS9,504,2022-08-31,2024-08-22,504,228,lower,raw,29,0.12719298245614036,51.07883557420667,48.921164425793336,2,0.4482758620689655,13,29,-1.1204287927307425e-05,0.0027088370819990863,0.003968253968253968,0.0147995615896097,2.1576711484133364,201.39111369908346,inf,-0.0724112362414453,0.0028621720831372233,0.10479312112971545,5.495703839475534,2.314331418650663,2.753048873814328,72,2.4799723701054397,15.323426244234513,6.983119018980052,8.621394985521404,0.0,1.0,1.3218645286146071,10,34,25,5.12146692982955,4.428833424855029,strict_alpha_gt_2
bonds,SU26207RMFS9,504,2022-09-29,2024-09-20,504,229,lower,raw,24,0.10480349344978165,6.532746477003254,3.6154989848869374,2,0.5833333333333334,14,24,2.380028312553778e-05,0.002507380458954653,0.003968253968253968,0.0113703786009707,2.9172474921163163,10.148245461890191,inf,-5.885420423031894e-06,0.001968564732554994,0.08378228041949248,2.997393631498681,3.1824836307020887,3.258462704924702,44,3.140784788014537,49.852724964347,12.451160198401935,13.274759548687113,0.0,1.0,0.988463425828284,10,34,25,2.999598394642583,5.310463836360427,strict_alpha_gt_2
bonds,SU26207RMFS9,504,2022-10-28,2024-10-21,504,232,lower,raw,34,0.14655172413793102,17.363016029542496,14.959644911635618,2,0.5,17,34,-3.019416412206281e-05,0.0022535761321438724,0.003968253968253968,0.0113703786009707,2.403371117906879,32.322660941178114,inf,-0.06763432411936372,0.00205100634921285,0.10991845559087714,,2.5615841264124724,2.9619340843943402,51,3.3513570605383722,33.35469592812748,9.908391971248209,10.65831332081459,0.0,1.0,1.1212292192065183,10,34,25,3.1484474006751286,5.290730003123513,strict_alpha_gt_2
bonds,SU26207RMFS9,504,2022-11-29,2024-11-19,504,234,lower,raw,22,0.09401709401709402,15.328083097857753,12.438686587444192,2,0.5909090909090909,13,22,-7.43378430981498e-05,0.0022876522157923257,0.005952380952380952,0.0113703786009707,2.8893965104135604,27.766769685301945,inf,-0.13403926470478505,0.002282636590919592,0.12293201949748811,3.9889815155307082,3.1651746014994373,3.3235443603357306,44,3.358516943422347,49.454863163509565,9.859833319824743,12.727456925272996,0.0,1.0,1.3564361136543899,10,35,26,2.8137598153404095,1.1626032504130532,strict_alpha_gt_2
bonds,SU26207RMFS9,504,2022-12-28,2024-12-18,504,231,lower,raw,18,0.07792207792207792,9.20595730435323,5.927226842443833,2,0.5555555555555556,10,18,-6.629071935979981e-05,0.0023149378727140564,0.005952380952380952,0.0113703786009707,3.2787304619093978,15.133184146797063,inf,-0.1232007536784647,0.002164216388671575,0.16911485917984032,1.7004868676711162,3.2787304619093978,3.551520217522961,37,3.186464377493206,35.6490211334371,9.143470809186162,11.132081323728253,0.0,1.0,0.8863712615786085,10,34,25,2.8724274914859342,1.3210777039006074,strict_alpha_gt_2
bonds,SU26207RMFS9,504,2023-01-27,2025-01-21,504,232,lower,raw,25,0.10775862068965517,5.951247204782673,2.90358895837935,2,0.56,14,25,5.282779492847453e-05,0.0030283069203155513,0.005952380952380952,0.0113703786009707,3.0476582464033224,8.854836163162023,inf,-0.01469047344405879,0.0018909454255366604,0.12090006001028569,4.057049855553031,3.331877335536856,3.3379427553843146,35,3.282460166237413,13.162193136663573,6.9678922103605405,4.0058801063321425,0.0,1.0,1.011744326751466,10,34,25,2.889527843695022,3.4127389332765303,strict_alpha_gt_2
bonds,SU26207RMFS9,504,2023-02-28,2025-02-19,504,232,lower,raw,25,0.10775862068965517,7.130273752689648,4.139201316352878,3,0.56,14,25,8.842904809806927e-05,0.0031069249693814623,0.005952380952380952,0.0113703786009707,2.9910724363367702,7.130273752689648,65.62642997638007,0.015237763205463332,0.0018896057899649371,0.12237937279615885,4.011441821985801,3.2616083120727377,3.2078102646801767,52,2.697650934020291,51.14483864641143,11.339255678796302,13.55160468167934,0.0,1.0,0.9360456724223952,10,34,25,2.8618832381653054,4.005107412483473,strict_alpha_gt_2
bonds,SU26207RMFS9,504,2023-03-30,2025-03-20,504,228,lower,raw,19,0.08333333333333333,10.982772394843808,7.8133648431127956,2,0.5789473684210527,11,19,0.00015766206797874032,0.0031799155145029283,0.005952380952380952,0.0113703786009707,3.169407551731012,18.796137237956604,inf,-0.1701079315728407,0.002354598997612768,0.16264131458547545,1.1044194333882666,3.169407551731012,3.4695708692955654,34,3.2693348263674085,37.53390556237812,11.069903667029259,11.633166069550281,0.0,1.0,0.9640724631441622,10,34,25,2.7275610808142967,0.7959115659786384,strict_alpha_gt_2
bonds,SU26207RMFS9,504,2023-04-28,2025-04-18,504,238,lower,raw,19,0.07983193277310924,10.982772394843808,7.8133648431127956,2,0.5789473684210527,11,19,0.00011492620010834919,0.0032119755221079057,0.005952380952380952,0.0113703786009707,3.169407551731012,18.796137237956604,inf,-0.1701079315728407,0.002354598997612768,0.16264131458547545,1.2425953211634126,3.169407551731012,3.4695708692955654,44,3.7003898944799904,30.804424362482145,9.637469932714977,7.88918459986512,0.0,1.0,0.9640724631441622,10,35,26,2.7250742435154818,0.7959061709245034,strict_alpha_gt_2
bonds,SU26207RMFS9,504,2023-05-31,2025-05-21,504,240,lower,raw,19,0.07916666666666666,10.982772394843808,7.8133648431127956,2,0.5789473684210527,11,19,0.0001257730823295222,0.003231012378348663,0.005952380952380952,0.0113703786009707,3.169407551731012,18.796137237956604,inf,-0.1701079315728407,0.002354598997612768,0.16264131458547545,1.2017428027850796,3.169407551731012,3.4695708692955654,39,3.3849591465760573,32.28425080489086,11.579939338795846,11.432752350708505,0.0,1.0,0.9640724631441622,10,36,27,2.7275610808142967,1.1449271063198183,strict_alpha_gt_2
bonds,SU26207RMFS9,504,2023-06-30,2025-06-20,504,237,lower,raw,19,0.08016877637130802,10.982772394843808,7.8133648431127956,2,0.5789473684210527,11,19,0.0001981828633497167,0.0032823356172342836,0.005952380952380952,0.0113703786009707,3.169407551731012,18.796137237956604,inf,-0.1701079315728407,0.002354598997612768,0.16264131458547545,1.5101045760419887,3.169407551731012,3.4695708692955654,38,3.4777204539257105,18.31083443181018,8.46972492393185,6.797570541977614,0.0,1.0,0.9640724631441622,10,35,26,2.7419929538495436,1.2083412000897038,strict_alpha_gt_2
bonds,SU26207RMFS9,504,2023-07-31,2025-07-21,504,227,lower,raw,19,0.08370044052863436,10.982772394843808,7.8133648431127956,2,0.5789473684210527,11,19,0.000295323517785865,0.0032977915759591385,0.005952380952380952,0.0113703786009707,3.169407551731012,18.796137237956604,inf,-0.1701079315728407,0.002354598997612768,0.16264131458547545,1.281405085757246,3.169407551731012,3.4695708692955654,39,3.1244832823243764,51.59900673339811,14.985159979256942,15.18958845506213,0.0,1.0,0.9640724631441622,10,34,25,2.7111570922769856,0.7038693573639256,strict_alpha_gt_2
bonds,SU26207RMFS9,504,2023-08-29,2025-08-19,504,222,lower,raw,17,0.07657657657657657,11.510014380587744,8.537651359848766,2,0.5882352941176471,10,17,0.0003726407820896863,0.0032476508363331936,0.005952380952380952,0.0113703786009707,2.9723630207389773,20.04766574043651,inf,-0.15323097082242335,0.0024215531005489085,0.17252883357139337,1.4661195251819203,2.9723630207389773,3.2823157683947084,45,3.212307855759799,32.06924737160384,9.534303668376115,10.063699049475126,0.0,1.0,1.7560466395103558,10,33,24,2.9506283156806647,9.732320238540531,strict_alpha_gt_2
bonds,SU26207RMFS9,504,2023-09-27,2025-09-17,504,219,lower,raw,22,0.1004566210045662,2.635851947781224,0.0,1,0.5909090909090909,13,22,0.0004233675886131536,0.003130658513202162,0.005952380952380952,0.00961499058168429,2.635851947781224,,inf,-0.15109909939303323,0.002126110003265405,0.14530522200608414,,2.857882223372114,3.3517136916294783,51,2.8607664583997945,14.7166051713838,6.412312151182873,3.3582899720213093,0.0,1.0,inf,10,32,23,5.669634602012862,7.30673357435428,strict_alpha_gt_2
bonds,SU26207RMFS9,504,2023-10-26,2025-10-16,504,223,lower,raw,22,0.09865470852017937,2.4452390167974074,0.0,1,0.5909090909090909,13,22,0.00041587201851197995,0.0031179681021518153,0.005952380952380952,0.00961499058168429,2.4452390167974074,,inf,-0.163112340362857,0.0022276868308946283,0.1583411613520278,,2.6436504485032857,3.261825260326877,50,2.795543011716111,24.70681732488874,9.705858702540432,15.433464298774238,0.0,1.0,inf,10,33,24,6.9379777258889135,4.895187217923318,strict_alpha_gt_2
bonds,SU26207RMFS9,504,2023-11-24,2025-11-14,504,222,lower,raw,10,0.04504504504504504,5.788679903695181,2.2257556321863134,2,0.7,7,10,0.00040888990951423444,0.0030586656975566616,0.005952380952380952,0.00961499058168429,3.562924271508867,8.014435535881494,inf,-0.1226718140600889,0.001985190049293262,0.2502540382932744,,3.562924271508867,3.3554392770159818,54,3.005949898814599,49.126763295187494,9.282178537756762,12.847984977053441,0.0,1.0,0.99108890996271,10,33,24,6.666298403855103,7.85705297387143,strict_alpha_gt_2
bonds,SU26207RMFS9,504,2023-12-25,2025-12-15,504,223,lower,raw,10,0.04484304932735426,5.788679903695181,2.2257556321863134,2,0.7,7,10,0.00040550790340468016,0.003041184266839736,0.003968253968253968,0.00961499058168429,3.562924271508867,8.014435535881494,inf,-0.1226718140600889,0.001985190049293262,0.2502540382932744,,3.562924271508867,3.3554392770159818,49,2.4622119208938935,14.437444645324794,7.207725119018972,9.916649731214898,0.0,1.0,0.99108890996271,10,33,24,6.209234278095668,6.496971730165118,strict_alpha_gt_2
bonds,SU26207RMFS9,504,2024-01-25,2026-01-19,504,219,lower,raw,30,0.136986301369863,6.45307675600277,4.073495512625173,2,0.6,18,30,0.0004195492681430352,0.003026515371146943,0.003968253968253968,0.00961499058168429,2.379581243377597,10.526572268627943,inf,-0.010377465961229067,0.0017810813367506527,0.08328344045383351,,2.5440953267549586,2.813986512062514,72,2.484769611142514,17.913046509399933,6.882005910860988,7.338222947315879,0.0,0.9861111111111112,1.1163724699250877,10,32,23,6.633238854679416,6.2034932645433765,strict_alpha_gt_2
bonds,SU26207RMFS9,504,2024-02-26,2026-02-17,504,213,lower,raw,29,0.13615023474178403,7.774136285366579,5.446413588366562,2,0.5862068965517241,17,29,0.00044885725079313397,0.003026392521129803,0.003968253968253968,0.00961499058168429,2.327722697000017,13.220549873733141,inf,-0.03623013774237252,0.0018734583396579768,0.08856401476113462,,2.488841902948492,2.7879079587880664,62,2.3691398773186063,51.43489013055098,11.084639935578442,16.892175771657083,0.0,1.0,1.3812448475478962,10,31,22,6.6864702413066714,6.0903696639856,strict_alpha_gt_2
bonds,SU26207RMFS9,504,2024-03-27,2026-03-19,504,205,lower,raw,19,0.09268292682926829,2.6616585003007502,0.0,1,0.5789473684210527,11,19,0.0004982148846392663,0.003014303334886637,0.003968253968253968,0.00961499058168429,2.6616585003007502,,inf,-0.12802933495989574,0.002105596183112056,0.15599781936198276,2.074636195574578,2.6616585003007502,3.270388123579525,49,3.008760749837509,21.458060133000465,8.018197422323226,8.63248738153379,0.0,1.0,inf,10,30,21,6.739701627933927,6.375368150832406,strict_alpha_gt_2
bonds,SU26207RMFS9,504,2024-04-25,2026-04-17,504,203,lower,raw,19,0.09359605911330049,2.6616585003007502,0.0,1,0.5789473684210527,11,19,0.0005234300010442469,0.0030168604767517415,0.003968253968253968,0.00961499058168429,2.6616585003007502,,inf,-0.12802933495989574,0.002105596183112056,0.15599781936198276,2.083080594122798,2.6616585003007502,3.270388123579525,56,2.899795030016225,31.441167765762525,9.711126213384587,11.201774460834722,0.0,1.0,inf,10,30,21,6.739701627933927,6.375368150832406,strict_alpha_gt_2
bonds,SU26207RMFS9,504,2024-05-23,2026-05-15,504,196,lower,raw,28,0.14285714285714285,6.4184234685504595,4.077860085233565,3,0.6071428571428571,17,28,0.0005717240646595292,0.002986120404803583,0.001984126984126984,0.00961499058168429,2.3405633833168946,6.4184234685504595,36.914410373154524,0.02708969180033919,0.0017435368565243737,0.1106176389963076,,2.5145984969366184,2.6546276977010295,73,2.342700997098997,26.15420101289107,6.1742988944194765,7.5629548288334405,0.0,1.0,1.0170639589211925,10,29,20,5.645881339738592,5.255208675150493,strict_alpha_gt_2
bonds,SU26219RMFS4,504,2018-01-03,2019-12-26,504,204,lower,raw,19,0.09313725490196079,3.626819208587964,0.29305325539381455,3,0.5263157894736842,10,19,0.0004100920800264327,0.0032604598399262165,0.001984126984126984,0.0210609386034683,2.7145246315312828,3.626819208587964,3.9198724639817786,0.2551103407543538,0.0023020449423870465,0.0782464049953524,2.4558747847212046,2.7145246315312828,2.7115959423115936,69,2.4060235260288363,30.322946335713308,8.565264748731314,10.29062167727191,0.0,1.0,0.38766853757958597,10,30,21,6.679244600145186,4.470607871112845,strict_alpha_gt_2
bonds,SU26219RMFS4,504,2018-02-02,2020-01-30,504,206,lower,raw,19,0.09223300970873786,3.626819208587964,0.29305325539381455,3,0.5263157894736842,10,19,0.0003848961836835909,0.003257946202543323,0.001984126984126984,0.0210609386034683,2.7145246315312828,3.626819208587964,3.9198724639817786,0.2551103407543538,0.0023020449423870465,0.0782464049953524,2.2818828336297057,2.7145246315312828,2.7115959423115936,63,2.30139991086801,14.91397887456234,6.1822901526751055,4.990904005107959,0.0,1.0,0.38766853757958597,10,30,21,6.679244600145186,4.470607871112845,strict_alpha_gt_2
bonds,SU26219RMFS4,504,2018-03-06,2020-03-02,504,205,lower,raw,19,0.09268292682926829,6.388354725696928,3.831445961341896,3,0.5789473684210527,11,19,0.00036056760848974867,0.0033369205959846286,0.001984126984126984,0.0210609386034683,2.556908764355032,6.388354725696928,11.573165743567674,0.08640678118308265,0.003012495988052195,0.08329555732082305,2.1016433796002874,2.556908764355032,2.818114405024445,52,3.016454102223356,38.35393724396229,10.069634118885293,11.448057979898529,0.0,1.0,1.247655432644392,10,30,21,11.3042819082237,13.886571238441748,strict_alpha_gt_2
bonds,SU26219RMFS4,504,2018-04-05,2020-04-01,504,206,lower,raw,28,0.13592233009708737,1.8536753389593985,0.007924309601012203,3,0.39285714285714285,11,28,0.0002999779484412595,0.004620468723759027,0.001984126984126984,0.039310129570232,1.8536753389593985,2.0734835141897805,1.8457510293583863,0.5417848800266505,0.0030116611538486644,0.07633739901195799,2.0027361440654996,2.0523475567009672,1.8255252995360183,92,1.8419449850982121,26.274770674937137,5.700776250279624,8.074544842959934,0.0,0.8586956521739131,0.0989111982616379,10,30,21,2.986456499564773,1.3930083292224222,point_alpha_1_2_uncertain
bonds,SU26219RMFS4,504,2018-05-04,2020-04-30,504,204,lower,raw,25,0.12254901960784313,2.2420964727830763,0.06379429568467465,3,0.44,11,25,0.0004373407316282272,0.004584983970446335,0.001984126984126984,0.039310129570232,1.8869090501162316,2.2420964727830763,2.305890768467751,0.4336718866629113,0.0032616761996728436,0.06229129289442992,2.458489596362066,2.123761833681122,1.8988492118874447,85,1.729790389435561,8.823087967296544,3.398024203872332,2.647897750134255,0.0,0.8117647058823529,0.10653255242022613,10,30,21,2.4460149256317254,0.3645252734269948,point_alpha_gt_2_uncertain
bonds,SU26219RMFS4,504,2018-06-05,2020-06-02,504,203,lower,raw,25,0.12315270935960591,2.2420964727830763,0.06379429568467465,3,0.44,11,25,0.0005006680608032083,0.00462564556066108,0.0,0.039310129570232,1.8869090501162316,2.2420964727830763,2.305890768467751,0.4336718866629113,0.0032616761996728436,0.06229129289442992,2.310431899827394,2.123761833681122,1.8988492118874447,83,1.7731484889970854,16.148964295250394,4.9877253001919115,8.24531001550293,0.0,0.8554216867469879,0.10653255242022613,10,30,21,2.4460149256317254,0.3645252734269948,point_alpha_gt_2_uncertain
bonds,SU26219RMFS4,504,2018-07-04,2020-07-06,504,204,lower,raw,25,0.12254901960784313,2.0448439543193415,0.024937879167040933,3,0.44,11,25,0.0004990541777046773,0.004611442751300474,0.0,0.039310129570232,2.0448439543193415,2.0697818334863824,1.8726867884284275,0.5339921262750016,0.0027147281451311055,0.07312663333924146,1.9921428564969983,2.326968330013002,1.9134884290872776,88,1.828839296152361,6.453561173931342,3.105730551786621,2.568937289914941,0.0,0.8068181818181818,0.06377004956434237,10,30,21,2.1754490213574122,0.3651376296273887,point_alpha_gt_2_uncertain
bonds,SU26219RMFS4,504,2018-08-02,2020-08-04,504,202,lower,raw,25,0.12376237623762376,2.0448439543193415,0.024937879167040933,3,0.44,11,25,0.0005237536461737388,0.004625104152725451,0.0,0.039310129570232,2.0448439543193415,2.0697818334863824,1.8726867884284275,0.5339921262750016,0.0027147281451311055,0.07312663333924146,1.948921805736808,2.326968330013002,1.9134884290872776,90,1.722781237436711,11.403561013407815,4.087246976412479,6.07285306458503,0.0,0.7444444444444445,0.06377004956434237,10,30,21,2.1754490213574122,0.3651376296273887,point_alpha_gt_2_uncertain
bonds,SU26219RMFS4,504,2018-08-31,2020-09-02,504,196,lower,raw,23,0.11734693877551021,1.9693143334498997,0.0006633529768613755,3,0.4782608695652174,11,23,0.000601240598672938,0.004571326074979496,0.0,0.039310129570232,1.9693143334498997,2.077279869575974,1.9686509804730383,0.5079620562095342,0.00294097425990802,0.09855120554267405,1.8725619841894032,2.253090056085363,1.8671058011954027,82,1.6980557129895286,13.096687800199057,4.453544775538015,7.422864665750638,0.0,0.6951219512195121,0.06217516706367487,10,29,20,2.0099571002571497,0.36627590414730893,point_alpha_1_2_uncertain
bonds,SU26219RMFS4,504,2018-10-01,2020-10-01,504,199,lower,raw,21,0.10552763819095477,1.9105773225627767,0.054796951833002705,3,0.47619047619047616,10,21,0.0005672015285210591,0.004462628397137838,0.0,0.039310129570232,1.9105773225627767,2.006349849521308,1.855780370729774,0.5388568689336639,0.0029853979480261622,0.11664242245364487,1.444589672998088,2.2034638895729084,1.7961629476489793,82,1.6243814814395467,7.4722109077682015,3.206478992888885,2.162104560566905,0.0,0.6951219512195121,0.09689070953775313,10,29,20,1.9536896895336655,0.5288678536186979,point_alpha_1_2_uncertain
bonds,SU26219RMFS4,504,2018-10-30,2020-10-30,504,197,lower,raw,20,0.10152284263959391,1.8450948584393623,0.021053099058376157,3,0.5,10,20,0.0005750239210421468,0.004393630870750256,0.0,0.039310129570232,1.8240417593809861,1.9821275885255831,1.8450948584393623,0.5419775549349428,0.0031306850390659027,0.10814616652719261,0.7357869063364447,2.10428493421343,1.7413713667135613,82,1.6185729659218646,14.75156397408208,4.634084059872175,7.096537270721968,0.0,0.7317073170731707,0.07711602976984412,10,29,20,2.1505375828752418,0.46531099594617786,point_alpha_1_2_uncertain
bonds,SU26219RMFS4,504,2018-11-29,2020-12-01,504,195,lower,raw,19,0.09743589743589744,3.6844684644750623,1.1630474238869817,3,0.47368421052631576,9,19,0.0006144525102777981,0.004315292045458311,0.0,0.039310129570232,1.2879164476459797,3.6844684644750623,4.847515888362044,0.20629122689433743,0.0057839414400325615,0.16698904735562414,0.6248546954737562,1.2879164476459797,1.664101736475984,77,1.7287948523008168,12.53184818113034,4.420380243776519,6.54030580075658,0.0,0.7402597402597403,0.5569543511548941,10,29,20,2.109676719621573,0.5048371092781647,point_alpha_gt_2_uncertain
bonds,SU26219RMFS4,504,2018-12-28,2020-12-30,504,197,lower,raw,19,0.09644670050761421,3.6844684644750623,1.1630474238869817,3,0.47368421052631576,9,19,0.0005800873424868322,0.00428722347547156,0.0,0.039310129570232,1.2879164476459797,3.6844684644750623,4.847515888362044,0.20629122689433743,0.0057839414400325615,0.16698904735562414,0.6236147337580025,1.2879164476459797,1.664101736475984,92,1.6802403737693394,18.70688796765443,5.24234165945698,9.211935394329377,0.0,0.7717391304347826,0.5569543511548941,10,29,20,2.109676719621573,0.5048371092781647,point_alpha_gt_2_uncertain
bonds,SU26219RMFS4,504,2019-01-31,2021-02-02,504,204,lower,raw,19,0.09313725490196079,1.759782393411642,0.04004760268923868,3,0.5263157894736842,10,19,0.0005006419060962723,0.004272423517078568,0.0,0.039310129570232,1.759782393411642,1.9234378325805788,1.7197347907224034,0.5814850088483313,0.00314098874463842,0.11564243374083688,0.6242742087817272,1.759782393411642,1.6798856751079783,83,1.517692103067265,14.851447617477515,5.09608844426913,8.417635119183634,0.0,0.6867469879518072,0.11866161242065985,10,30,21,2.1258061251850404,0.29469737170927823,point_alpha_1_2_uncertain
bonds,SU26219RMFS4,504,2019-03-01,2021-03-03,504,207,lower,raw,28,0.13526570048309178,1.8850110349906544,0.029732690943195195,3,0.4642857142857143,13,28,0.00046017913096670613,0.00426121074816978,0.0,0.039310129570232,1.6198123573450054,1.8850110349906544,1.9147437259338496,0.5222631031274354,0.002814774599946413,0.10720157691976223,0.9768866150309818,1.795398210675846,1.6410254644107272,84,1.5358482792945582,9.990878348860269,2.8326992082855846,2.804547491239448,0.0,0.4642857142857143,0.09685456482283912,10,31,22,1.9954258609365532,0.25653940438865086,point_alpha_1_2_uncertain
bonds,SU26219RMFS4,504,2019-04-02,2021-04-02,504,209,lower,raw,24,0.11483253588516747,1.970740763532137,0.027566406654043973,3,0.5416666666666666,13,24,0.0004154452920295614,0.004266859905781594,0.0,0.039310129570232,1.6671774424035442,1.970740763532137,1.998307170186181,0.5004235659660025,0.0031440731351492553,0.0946737712776195,0.8061643266345794,1.87244090004407,1.682491040196285,84,1.419566526027856,10.556866698227902,3.555987887042096,5.629738785904854,0.0,0.5833333333333334,0.09504594561905154,10,31,22,2.03592776106587,0.19446297936968215,point_alpha_1_2_uncertain
bonds,SU26219RMFS4,504,2019-05-02,2021-05-04,504,210,lower,raw,22,0.10476190476190476,2.0544520564587265,0.07261954353281252,3,0.5454545454545454,12,22,0.00040840063961100615,0.004296453553228527,0.0,0.039310129570232,1.6935241707717354,2.0544520564587265,2.127071599991539,0.4701299194648538,0.003392893544563515,0.11887419966535814,0.6522232555756763,1.9177294601254404,1.7156581693194488,86,1.5368291297893149,6.007964857239241,2.76133377677356,1.733456468772577,0.0,0.5697674418604651,0.11785603281226856,10,31,22,2.04765101584996,0.09535266657392771,point_alpha_gt_2_uncertain
bonds,SU26219RMFS4,504,2019-06-03,2021-06-02,504,217,lower,raw,22,0.10138248847926268,2.0544520564587265,0.07261954353281252,3,0.5454545454545454,12,22,0.0003706734767664771,0.0042812481810154445,0.0,0.039310129570232,1.6935241707717354,2.0544520564587265,2.127071599991539,0.4701299194648538,0.003392893544563515,0.11887419966535814,0.6479287816489814,1.9177294601254404,1.7156581693194488,72,1.6058737412330273,5.215813778456862,2.5531086279916693,1.383670018979772,0.0,0.625,0.11785603281226856,10,32,23,2.075780982238553,0.14353127601591886,point_alpha_gt_2_uncertain
bonds,SU26219RMFS4,504,2019-07-03,2021-07-01,504,218,lower,raw,22,0.10091743119266056,2.0544520564587265,0.07261954353281252,3,0.5454545454545454,12,22,0.00030317846396618766,0.0042673032959160894,0.0,0.039310129570232,1.6935241707717354,2.0544520564587265,2.127071599991539,0.4701299194648538,0.003392893544563515,0.11887419966535814,0.6378491799374063,1.9177294601254404,1.7156581693194488,78,1.6304391724700658,7.3874328159925655,3.0474441731032367,2.0540514771654514,0.0,0.6794871794871795,0.11785603281226856,10,32,23,2.075780982238553,0.14353127601591886,point_alpha_gt_2_uncertain
bonds,SU26219RMFS4,504,2019-08-01,2021-07-30,504,217,lower,raw,22,0.10138248847926268,2.0544520564587265,0.07261954353281252,3,0.5454545454545454,12,22,0.0003036207985683855,0.00424966042464083,0.0,0.039310129570232,1.6935241707717354,2.0544520564587265,2.127071599991539,0.4701299194648538,0.003392893544563515,0.11887419966535814,0.6132168221176963,1.9177294601254404,1.7156581693194488,76,1.6161119243864597,7.145619691804767,3.556312769551282,5.7848307698637855,0.0,0.6710526315789473,0.11785603281226856,10,32,23,2.075780982238553,0.14353127601591886,point_alpha_gt_2_uncertain
bonds,SU26219RMFS4,504,2019-08-30,2021-08-30,504,218,lower,raw,23,0.10550458715596331,1.956724783324118,0.00494471462039292,3,0.5217391304347826,12,23,0.0002840858065436856,0.00421949122040871,0.0,0.039310129570232,1.670723823278485,1.956724783324118,1.9616694979445108,0.5097698674765685,0.003167423914312584,0.12036684852107132,0.8118001750078643,1.8845272711343677,1.6736336198062238,84,1.540794312300034,5.108194447147778,2.695543375289058,1.81282355721648,0.0,0.4880952380952381,0.09042743010334842,10,32,23,2.024934329544112,0.148358158403882,point_alpha_1_2_uncertain
bonds,SU26219RMFS4,504,2019-09-30,2021-09-28,504,223,lower,raw,23,0.1031390134529148,1.956724783324118,0.00494471462039292,3,0.5217391304347826,12,23,0.00023657692647144585,0.0042209081423064815,0.0,0.039310129570232,1.670723823278485,1.956724783324118,1.9616694979445108,0.5097698674765685,0.003167423914312584,0.12036684852107132,0.8672954251953863,1.8845272711343677,1.6736336198062238,85,1.4942095040317158,6.212085113217717,3.5194896079684153,5.7280736677338675,0.0,0.6470588235294118,0.09042743010334842,10,33,24,1.9924712906721962,0.1546178752764773,point_alpha_1_2_uncertain
bonds,SU26219RMFS4,504,2019-10-29,2021-10-27,504,230,lower,raw,33,0.14347826086956522,1.998063540461837,0.10540080335737723,3,0.45454545454545453,15,33,9.61453923407104e-05,0.004245271906198456,0.0,0.039310129570232,1.637702099010982,1.998063540461837,2.103464343819214,0.47540620450181814,0.002845711419534204,0.07544695192450657,1.150709228195338,1.789091727108219,1.705321620928859,92,1.5589969633077037,29.181635833288148,5.869745124002296,12.549048765660181,0.0,0.5978260869565217,0.12954163012398034,10,34,25,2.2140771423508507,0.36055285102210677,point_alpha_1_2_uncertain
bonds,SU26219RMFS4,504,2019-11-28,2021-11-26,504,231,lower,raw,23,0.09956709956709957,2.1861583991634124,0.04433677663569524,3,0.5217391304347826,12,23,6.65488942902521e-05,0.004288876009324658,0.0,0.039310129570232,1.8259450117309384,2.1861583991634124,2.2304951757991076,0.44833094052388406,0.003381249509143886,0.09806178712268993,1.1200287739565906,2.0661665102702296,1.832718824420287,84,1.701224446855293,9.311733234204706,3.864234458448816,3.8439034535077385,0.0,0.75,0.1520774791486347,10,34,25,2.3477406234078537,0.2807553951283568,point_alpha_gt_2_uncertain
bonds,SU26219RMFS4,504,2019-12-27,2021-12-27,504,231,lower,raw,23,0.09956709956709957,2.1861583991634124,0.04433677663569524,3,0.5217391304347826,12,23,8.486893057417462e-05,0.004306976567532114,0.001984126984126984,0.039310129570232,1.8259450117309384,2.1861583991634124,2.2304951757991076,0.44833094052388406,0.003381249509143886,0.09806178712268993,1.0516347722107844,2.0661665102702296,1.832718824420287,83,1.7053272855195623,9.707093609789185,3.4323113573583703,4.019081068574006,0.0,0.6746987951807228,0.1520774791486347,10,34,25,2.3477406234078537,0.2807553951283568,point_alpha_gt_2_uncertain
bonds,SU26219RMFS4,504,2020-01-31,2022-01-26,504,238,lower,raw,28,0.11764705882352941,2.321482097518863,0.08424759591430808,3,0.5,14,28,-3.6085754407072955e-05,0.004406509045681953,0.001984126984126984,0.039310129570232,1.9091441419232176,2.321482097518863,2.405729693433171,0.4156742973783223,0.003261072626303843,0.08642805442540802,1.4139005673154217,2.123012259434662,1.9468309595326014,85,1.824535081320899,17.94166465391084,5.4508134519921665,7.870240744121423,0.0,0.8941176470588236,0.12938784267938416,10,35,26,2.639088441147309,0.4983326035993887,point_alpha_gt_2_uncertain
bonds,SU26219RMFS4,504,2020-03-03,2022-02-24,504,242,lower,raw,32,0.1322314049586777,1.5662701372536687,0.013652772348506703,3,0.46875,15,32,-0.00028561331013685813,0.006203993985829849,0.001984126984126984,0.0926196644832815,1.5799229096021754,1.5662701372536687,1.4037558133994716,0.7123746099247152,0.003242535399889143,0.0865864823116083,0.9471185609091455,1.7775280538143698,1.4857863299821439,93,1.2474911888721465,7.777487257229977,3.5380210322962014,7.409847909640204,0.0,0.3978494623655914,0.07150338627909136,10,36,27,1.6532998166103827,0.09568937197463567,point_alpha_1_2_uncertain
bonds,SU26219RMFS4,504,2020-04-02,2022-03-29,504,234,lower,raw,29,0.12393162393162394,1.485948807569878,0.012995042661912537,3,0.5517241379310345,16,29,-0.0001602195237832741,0.006829372973921702,0.001984126984126984,0.0926196644832815,1.4989438502317904,1.4222090448326925,1.485948807569878,0.6729706938123938,0.0032544091399189195,0.10101238382786976,1.065470958686393,1.7063722081377355,1.32015760167757,92,1.0935974925232197,2.835921058555984,1.8046553387898618,2.009461643723377,0.010869565217391304,0.11956521739130435,0.07892015044380303,10,35,26,1.3657327281291862,0.10480400527836298,point_alpha_1_2_uncertain
bonds,SU26219RMFS4,504,2020-05-04,2022-04-27,504,234,lower,raw,29,0.12393162393162394,1.4245895646122324,0.003948441991812768,3,0.5517241379310345,16,29,-5.5835971307398915e-05,0.0073702774302166355,0.001984126984126984,0.0926196644832815,1.4295055646529244,1.4206411226204196,1.4245895646122324,0.7019565668882293,0.0035662604561959715,0.07766454808127302,1.002627092110604,1.6101667663153565,1.3222064728001268,95,1.1418512165049046,4.468715380654182,1.9923972252243036,1.6011728032798473,0.0,0.17894736842105263,0.0549844436418242,10,35,26,1.4002097157055553,0.056371420426450936,point_alpha_1_2_uncertain
bonds,SU26219RMFS4,504,2020-06-03,2022-06-01,504,236,lower,raw,29,0.1228813559322034,1.4245895646122324,0.003948441991812768,3,0.5517241379310345,16,29,-5.1805868597053464e-05,0.007443621592886135,0.001984126984126984,0.0926196644832815,1.4295055646529244,1.4206411226204196,1.4245895646122324,0.7019565668882293,0.0035662604561959715,0.07766454808127302,1.2726590992910956,1.6101667663153565,1.3222064728001268,94,1.118058737314189,3.6821338739597658,1.816496413459727,1.0651458457684326,0.031914893617021274,0.18085106382978725,0.0549844436418242,10,35,26,1.4002097157055553,0.056371420426450936,point_alpha_1_2_uncertain
bonds,SU26219RMFS4,504,2020-07-07,2022-07-01,504,233,lower,raw,27,0.11587982832618025,1.3748560212827727,0.007702957647195863,3,0.5555555555555556,15,27,3.306328850501595e-05,0.007428901397028433,0.001984126984126984,0.0926196644832815,1.3196889775124352,1.3748560212827727,1.3825589789299686,0.723296449004982,0.0038033088132707455,0.096119445878319,2.019816834953097,1.484876494132553,1.260830971028149,100,1.0731151538004773,3.545465470739487,1.9118180396545656,1.8045807877676616,0.02,0.2,0.06662016149864149,10,34,25,1.379514780587591,0.05960648969167481,point_alpha_1_2_uncertain
bonds,SU26219RMFS4,504,2020-08-05,2022-08-01,504,232,lower,raw,27,0.11637931034482758,1.3748560212827727,0.007702957647195863,3,0.5555555555555556,15,27,6.618507272324221e-05,0.00744024138938448,0.001984126984126984,0.0926196644832815,1.3196889775124352,1.3748560212827727,1.3825589789299686,0.723296449004982,0.0038033088132707455,0.096119445878319,2.2448858928471283,1.484876494132553,1.260830971028149,98,1.0390656980521602,4.014163953203789,1.761168805061755,1.0825310671521298,0.02040816326530612,0.17346938775510204,0.06662016149864149,10,34,25,1.379514780587591,0.05960648969167481,point_alpha_1_2_uncertain
bonds,SU26219RMFS4,504,2020-09-03,2022-08-30,504,235,lower,raw,34,0.14468085106382977,1.3304560606400755,0.0014235929357306887,3,0.5,17,34,8.175788022077905e-05,0.0074217574273398885,0.001984126984126984,0.0926196644832815,1.2892572913899472,1.3318796535758062,1.3304560606400755,0.7516219660188591,0.0030658166160133548,0.06491898054541345,38.75165146833026,1.4227955705031963,1.2435387562451927,99,1.0683649822886825,3.051560647840489,1.6867845764401777,1.1300407049468302,0.020202020202020204,0.13131313131313133,0.042909695243346625,10,35,26,1.3432406223739886,0.044157999065118414,point_alpha_1_2_uncertain
bonds,SU26219RMFS4,504,2020-10-02,2022-09-28,504,235,lower,raw,32,0.13617021276595745,1.4312458262034926,0.0029285706480468576,3,0.46875,15,32,2.4738450531018277e-05,0.007546232702217335,0.001984126984126984,0.0926196644832815,1.3616065094356553,1.4312458262034926,1.4341743968515395,0.6972652713612181,0.0036239661324045614,0.0946403252556618,2.250696454447384,1.5098034067484314,1.3176332481607471,96,1.1235349957644742,3.818943295743868,1.8870010894018119,0.935712125144111,0.010416666666666666,0.2708333333333333,0.06610275491840517,10,35,26,1.4632351881465584,0.0758742454163257,point_alpha_1_2_uncertain
bonds,SU26219RMFS4,504,2020-11-02,2022-10-27,504,234,lower,raw,33,0.14102564102564102,1.4658611731609292,0.030265726968287554,3,0.48484848484848486,16,33,5.950762778007866e-05,0.007612854322860618,0.001984126984126984,0.0926196644832815,1.3850188620534405,1.4658611731609292,1.4961269001292168,0.6683925006051509,0.0036858412024035536,0.10185013108194046,4.102785942682146,1.5329280489157742,1.3455669030581974,94,1.1267759004212081,3.2296640462649853,2.2296902036237602,5.105114206144021,0.02127659574468085,0.20212765957446807,0.08570216994167225,10,35,26,1.4929140692916667,0.10342544700102763,point_alpha_1_2_uncertain
bonds,SU26219RMFS4,504,2020-12-02,2022-11-28,504,230,lower,raw,33,0.14347826086956522,1.46510476466783,0.013347875925831199,3,0.42424242424242425,14,33,5.110013412721988e-05,0.007607906993063956,0.001984126984126984,0.0926196644832815,1.4050741448428037,1.46510476466783,1.478452640593661,0.6763828428068266,0.0036167335666989,0.10151630810518159,8.54506465783876,1.5572965408034678,1.3513596435955912,97,1.1429678488869446,2.277938166860641,2.0940813149842685,5.047062774983771,0.010309278350515464,0.13402061855670103,0.06559707840656309,10,34,25,1.4723231198470965,0.11372204487137294,point_alpha_1_2_uncertain
bonds,SU26219RMFS4,504,2021-01-04,2022-12-27,504,226,lower,raw,31,0.13716814159292035,1.4727471296928618,0.03030514613254076,3,0.4838709677419355,15,31,5.5280570997677525e-05,0.007611746117925882,0.001984126984126984,0.0926196644832815,1.397850607978575,1.4727471296928618,1.5030522758254026,0.6653128544387115,0.0038415183559435077,0.10636638603153409,3.2283126654091765,1.5560429552303527,1.3483759747719049,96,1.1317588242799341,3.4779437761013043,1.7913665509768917,0.9425751719699709,0.010416666666666666,0.21875,0.08390403699888396,10,33,24,1.4725351247699792,0.11194741023670729,point_alpha_1_2_uncertain
bonds,SU26219RMFS4,504,2021-02-03,2023-01-26,504,224,lower,raw,32,0.14285714285714285,1.4587179899719018,0.03472102850772418,3,0.40625,13,32,9.949901841211629e-05,0.007610147111564912,0.001984126984126984,0.0926196644832815,1.3616540206677066,1.4587179899719018,1.493439018479626,0.6695954689988183,0.0037974177421209094,0.10983347284866862,7.852334820140645,1.5084176113744934,1.3313767029106276,96,1.150299541045159,3.7454065539858927,2.333850599317177,5.082310907965944,0.0,0.1875,0.0883562582956343,10,33,24,1.4901888438828863,0.12492032230235472,point_alpha_1_2_uncertain
bonds,SU26219RMFS4,504,2021-03-04,2023-02-27,504,220,lower,raw,32,0.14545454545454545,1.458938253753281,0.03543955301137891,3,0.375,12,32,0.0001286956808330179,0.0076000891387236836,0.001984126984126984,0.0926196644832815,1.3616002341869675,1.458938253753281,1.4943778067646598,0.6691748200978762,0.003799005734489875,0.10976756085887018,9.14145823949361,1.5083494766357854,1.3314572766214479,98,1.1206921661488998,3.464508145832923,1.7855887639174162,0.8999258181156157,0.01020408163265306,0.1836734693877551,0.08884409011407814,10,33,24,1.4894993153068048,0.12492032230235472,point_alpha_1_2_uncertain
bonds,SU26219RMFS4,504,2021-04-05,2023-03-29,504,216,lower,raw,27,0.125,1.4506018298144667,0.03514929348773155,3,0.4074074074074074,11,27,0.0001762114421344022,0.007577128546894272,0.001984126984126984,0.0926196644832815,1.3398541752820678,1.4506018298144667,1.4857511233021983,0.6730602348645187,0.004276173730483335,0.10969986549708545,3.494495430450009,1.5032087262114822,1.306247697096075,92,1.133480023668273,3.2407632721549406,1.7977459232564372,0.7387031966038733,0.010869565217391304,0.21739130434782608,0.0995141618852549,10,32,23,1.4835200831038091,0.10060176717496883,point_alpha_1_2_uncertain
bonds,SU26219RMFS4,504,2021-05-05,2023-04-27,504,214,lower,raw,26,0.12149532710280374,1.4574581858187032,0.07926369037992864,3,0.38461538461538464,10,26,0.000182982307211388,0.007556924529793967,0.001984126984126984,0.0926196644832815,1.3022963893436041,1.4574581858187032,1.5367218761986319,0.6507358393788774,0.004589745123322581,0.12161749260016252,3.810900515211668,1.4611662574017623,1.293546921208703,93,1.0871811795582145,3.8709613355078174,1.8215403982572873,1.0117479252453525,0.021505376344086023,0.26881720430107525,0.14209199622833404,10,32,23,1.4690850918961116,0.12159224340720032,point_alpha_1_2_uncertain
bonds,SU26219RMFS4,504,2021-06-03,2023-05-30,504,212,lower,raw,26,0.12264150943396226,1.4574581858187032,0.07926369037992864,3,0.38461538461538464,10,26,0.00019483968695044085,0.007556206304004253,0.001984126984126984,0.0926196644832815,1.3022963893436041,1.4574581858187032,1.5367218761986319,0.6507358393788774,0.004589745123322581,0.12161749260016252,3.810900515211668,1.4611662574017623,1.293546921208703,98,1.0795686002462164,3.992722877458487,1.9300871910005863,1.0764771276782945,0.02040816326530612,0.25510204081632654,0.14209199622833404,10,31,22,1.48354476570857,0.13285295322483037,point_alpha_1_2_uncertain
bonds,SU26219RMFS4,504,2021-07-02,2023-06-29,504,213,lower,raw,26,0.12206572769953052,1.4574581858187032,0.07926369037992864,3,0.38461538461538464,10,26,0.0001977835148989124,0.0075472625444035135,0.001984126984126984,0.0926196644832815,1.3022963893436041,1.4574581858187032,1.5367218761986319,0.6507358393788774,0.004589745123322581,0.12161749260016252,4.524752778212442,1.4611662574017623,1.293546921208703,91,1.0932777952643595,4.175224015675383,2.419277855024747,5.248536690251982,0.0,0.25274725274725274,0.14209199622833404,10,31,22,1.48354476570857,0.13285295322483037,point_alpha_1_2_uncertain
bonds,SU26219RMFS4,504,2021-08-02,2023-07-28,504,219,lower,raw,29,0.1324200913242009,1.4395340778923804,0.06883459213810417,3,0.3448275862068966,10,29,0.00014442718981253456,0.007551786969352638,0.001984126984126984,0.0926196644832815,1.2936460921508275,1.4395340778923804,1.5083686700304846,0.6629678936382242,0.004195109237144585,0.11106256509316806,,1.4379363567413963,1.2910166049338587,100,1.0532344708281816,2.314190551357806,1.4755044975358507,0.42096711981810603,0.03,0.11,0.13298972588542884,10,32,23,1.462992532750837,0.12527194261124652,point_alpha_1_2_uncertain
bonds,SU26219RMFS4,504,2021-08-31,2023-08-28,504,222,lower,raw,32,0.14414414414414414,1.4263289069900413,0.012222636738448367,3,0.34375,11,32,0.00010545841832468002,0.007573186427989911,0.001984126984126984,0.0926196644832815,1.3865047278443805,1.4385515437284897,1.4263289069900413,0.70110056320059,0.0035852625230217853,0.09354217804063816,5.394862353422477,1.5396299010662096,1.3282744869590841,98,1.0521638409405416,3.433991929893259,1.7822652746309615,1.3798399264979806,0.0,0.12244897959183673,0.07134912604555589,10,33,24,1.450359743391088,0.11543462335334143,point_alpha_1_2_uncertain
bonds,SU26219RMFS4,504,2021-09-29,2023-09-26,504,224,lower,raw,29,0.12946428571428573,1.4619320937485352,0.015344757455884261,3,0.3793103448275862,11,29,7.889120295273455e-05,0.007607236593422071,0.001984126984126984,0.0926196644832815,1.4772768512044194,1.4619320937485352,1.3644633070621497,0.7328888910564535,0.003614019822907606,0.12672827471699555,2.753256404422389,1.6633246020669732,1.3582614140463154,95,1.1498444010755395,3.50926405779953,1.8698085227756682,0.8389954639935056,0.0,0.2736842105263158,0.09113825755268719,10,33,24,1.4729130097137424,0.11248362333764783,point_alpha_1_2_uncertain
bonds,SU26219RMFS4,504,2021-10-28,2023-10-25,504,220,lower,raw,32,0.14545454545454545,1.4193225813830974,0.008934253301792427,3,0.375,12,32,0.00014871665718930527,0.0075715108594454255,0.001984126984126984,0.0926196644832815,1.4193225813830974,1.4282568346848898,1.3852363667421337,0.7218984600814724,0.0034148573805755757,0.09513108710871188,3.3400111398459096,1.5805670272512145,1.3317872373318993,97,1.1425434723791763,3.3567397179736314,1.7946678970159964,0.9190247247321435,0.0,0.20618556701030927,0.07190554901095907,10,33,24,1.4453836663492514,0.10355395265268874,point_alpha_1_2_uncertain
bonds,SU26219RMFS4,504,2021-11-29,2023-11-23,504,217,lower,raw,29,0.1336405529953917,1.3737902168492289,0.02223279554313984,3,0.3793103448275862,11,29,0.00023136911096406515,0.00755951511354604,0.003968253968253968,0.0926196644832815,1.351557421306089,1.400782991741772,1.3737902168492289,0.7279131760695514,0.003706590885938818,0.1129053319766723,1.5148747315034756,1.5112522930013275,1.2874239191242347,97,1.0788688809473377,4.174851716360483,1.8751424331833964,1.2440865609463798,0.020618556701030927,0.18556701030927836,0.09206523629444464,10,32,23,1.3935997807596763,0.1312652914653074,point_alpha_1_2_uncertain
bonds,SU26219RMFS4,504,2021-12-28,2023-12-22,504,222,lower,raw,27,0.12162162162162163,1.3719098286964957,0.036596394478697336,3,0.37037037037037035,10,27,0.00020177295905793975,0.007560846119180663,0.001984126984126984,0.0926196644832815,1.408506223175193,1.3719098286964957,1.1764550837074699,0.8500112021689847,0.0032962069801365022,0.14131966682311042,1.810497712782818,1.5932102361129943,1.277467080674005,99,1.0477514686562446,3.3812159899737653,1.753812636832319,1.7755562079298308,0.020202020202020204,0.13131313131313133,0.09789748621607827,10,33,24,1.3914489771621383,0.13187675697640167,point_alpha_1_2_uncertain
bonds,SU26219RMFS4,504,2022-01-27,2024-01-24,504,216,lower,raw,27,0.125,1.320869028244955,0.005714947510706336,3,0.37037037037037035,10,27,0.0003071220228323598,0.007497462600178137,0.001984126984126984,0.0926196644832815,1.2410492209330464,1.320869028244955,1.3265839757556612,0.7538158294354269,0.0037532655741877243,0.11082354994555937,2.0456425099091287,1.3893020579522253,1.2056402753001643,100,1.0532040990748572,2.690870974170451,1.5795991468746449,0.7563809833213444,0.04,0.15,0.07747948774169672,10,32,23,1.320869028244955,0.11676774734854511,point_alpha_1_2_uncertain
bonds,SU26219RMFS4,504,2022-02-25,2024-02-22,504,216,lower,raw,28,0.12962962962962962,1.5574353245315056,0.0008155751951899326,3,0.42857142857142855,12,28,0.000545232128678911,0.0060192401338420385,0.001984126984126984,0.0750881824539895,1.5566197493363156,1.5574353245315056,1.5790118694492046,0.6333074623111116,0.002458888264066466,0.11097868981195014,54.75485848726438,1.7997314402667084,1.4476239112865006,94,1.1364798765671442,4.329181678383339,2.379533437415126,5.206155933027176,0.010638297872340425,0.19148936170212766,0.05904487952047763,10,32,23,1.528747946325984,0.09749544433267632,point_alpha_1_2_uncertain
bonds,SU26219RMFS4,504,2022-03-30,2024-03-26,504,224,lower,raw,32,0.14285714285714285,2.427422159487876,0.12092133189343457,3,0.4375,14,32,0.000454656413940113,0.004244911336148888,0.001984126984126984,0.0227478823512465,1.9052274358416723,2.427422159487876,2.5483434913813108,0.39241177784002634,0.002139337629615127,0.10070061541783812,2.260933004729877,2.073919727314408,1.9630280378335192,96,1.765121125524353,9.502106160923695,4.133875512038215,5.350538299364515,0.0,0.8125,0.12090836396474068,10,33,24,2.5118008953425157,0.6780586083659879,point_alpha_gt_2_uncertain
bonds,SU26219RMFS4,504,2022-04-28,2024-04-24,504,227,lower,raw,14,0.06167400881057269,3.3285829380414085,0.22212396213775287,3,0.35714285714285715,5,14,0.00025020460567365133,0.002994765568163624,0.001984126984126984,0.0143464108055498,2.746856716705236,3.5507069001791614,3.3285829380414085,0.300428145734718,0.0020671679492763,0.2010015542392766,8.77079975491323,2.746856716705236,2.5005755346563303,68,2.29256534784382,18.570358279554323,6.195775989619563,8.021675439468076,0.0,0.9852941176470589,0.2626548128897923,10,34,25,4.751289481896673,1.811987048312746,strict_alpha_gt_2
bonds,SU26219RMFS4,504,2022-06-02,2024-05-24,504,232,lower,raw,15,0.06465517241379311,2.9361065870499266,0.16205729189238172,3,0.4,6,15,0.00012549558189191566,0.0027422877879771045,0.001984126984126984,0.0143464108055498,2.774049295157545,3.4161451042033644,2.9361065870499266,0.3405870905404551,0.001919884080254556,0.19074697038765645,12.307492282203809,2.774049295157545,2.5204105055394943,66,2.504171481725029,15.4747638272738,5.38648611788591,7.0207988683965805,0.0,1.0,0.2588158190703995,10,34,25,4.5236562053434,2.242660605613584,strict_alpha_gt_2
bonds,SU26219RMFS4,504,2022-07-04,2024-06-25,504,235,lower,raw,16,0.06808510638297872,3.0295504150931416,0.017214554833084872,3,0.375,6,16,5.649297716296239e-05,0.002736975745673609,0.001984126984126984,0.0143464108055498,3.0295504150931416,3.0467649699262265,1.915324759702694,0.5221046691607667,0.0014446674363241593,0.17506382925851138,44.457297777869705,3.0295504150931416,2.6144895656179292,74,2.414518425371158,13.91809864706317,5.935664436978866,7.37039829518068,0.0,1.0,0.1538793082031013,10,35,26,4.342697426955765,3.43342774119861,strict_alpha_gt_2
bonds,SU26219RMFS4,504,2022-08-02,2024-07-24,504,240,lower,raw,16,0.06666666666666667,3.0295504150931416,0.017214554833084872,3,0.375,6,16,-1.8492361665589476e-06,0.0026839055051952774,0.001984126984126984,0.0143464108055498,3.0295504150931416,3.0467649699262265,1.915324759702694,0.5221046691607667,0.0014446674363241593,0.17506382925851138,20.343668712105035,3.0295504150931416,2.6144895656179292,85,2.350016067310776,44.34554399113999,7.478895768402716,11.490441078412017,0.0,0.9882352941176471,0.1538793082031013,10,36,27,4.475863081221126,3.5884167391000634,strict_alpha_gt_2
bonds,SU26219RMFS4,504,2022-08-31,2024-08-22,504,235,lower,raw,16,0.06808510638297872,3.0295504150931416,0.017214554833084872,3,0.375,6,16,2.6620973757728906e-05,0.0026860219205380163,0.001984126984126984,0.0143464108055498,3.0295504150931416,3.0467649699262265,1.915324759702694,0.5221046691607667,0.0014446674363241593,0.17506382925851138,44.457297777869705,3.0295504150931416,2.6144895656179292,72,2.3995913620570968,8.25081957943468,4.817004509995003,6.217369874042488,0.0,1.0,0.1538793082031013,10,35,26,4.550166487818325,3.2315875751339753,strict_alpha_gt_2
bonds,SU26219RMFS4,504,2022-09-29,2024-09-20,504,236,lower,raw,14,0.059322033898305086,5.164916362499344,0.05378257450350077,3,0.5,7,14,6.382371134967627e-05,0.0022980387970154737,0.001984126984126984,0.0107940186694329,4.119078489464729,5.164916362499344,5.218698937002845,0.19161864136472123,0.001259225049848268,0.1370336111659594,,4.119078489464729,3.749545302174515,79,2.714714951014573,18.734594910783056,6.90541774488226,7.220272023686587,0.0,1.0,0.5255000345358487,10,35,26,3.0208406635906266,4.355044729296283,strict_alpha_gt_2
bonds,SU26219RMFS4,504,2022-10-28,2024-10-21,504,240,lower,raw,14,0.058333333333333334,13.397868040485905,0.9813280123857098,3,0.5,7,14,1.479747760263622e-05,0.002071701760198037,0.001984126984126984,0.0107940186694329,4.372086559618321,14.379196052871615,13.397868040485905,0.0746387408039983,0.0012416216232830138,0.1291024503672022,3.2104018902118536,4.372086559618321,4.420559532555117,53,2.8044918680594737,30.559629062654086,9.202601695099268,10.323517098797806,0.0,1.0,0.6610199821824753,10,36,27,3.067631104093112,1.5049893202048041,strict_alpha_gt_2
bonds,SU26219RMFS4,504,2022-11-29,2024-11-19,504,239,lower,raw,35,0.14644351464435146,24.106650207476736,21.870004929382237,2,0.4857142857142857,17,35,-2.1424929671426197e-05,0.0020924696522546444,0.001984126984126984,0.0107940186694329,2.2366452780945005,45.97665513685897,inf,-0.08055149957295027,0.0020357595330178654,0.0973583837119451,19.15046508072928,2.373957971797921,2.8158042735158046,52,3.293384882554364,39.32133931095727,9.845630358451228,11.557693780015306,0.0,1.0,1.1741214795285442,10,35,26,2.6800455869334314,1.4948785455411207,strict_alpha_gt_2
bonds,SU26219RMFS4,504,2022-12-28,2024-12-18,504,237,lower,raw,10,0.04219409282700422,52.034017687550886,47.965982312449114,2,0.5,5,10,3.7207639445133224e-06,0.002098676049036317,0.001984126984126984,0.0107940186694329,4.068035375101767,1106.2861587615891,inf,-0.07971184708210785,0.00177916015072372,0.1557349292575444,1.8944655689289545,4.068035375101767,4.29707828913152,45,3.565305716021028,19.706905094138097,10.479848242897996,10.198814459134041,0.0,1.0,1.220410490571129,10,35,26,2.616069325976344,1.064277345065424,strict_alpha_gt_2
bonds,SU26219RMFS4,504,2023-01-27,2025-01-21,504,233,lower,raw,10,0.04291845493562232,14.417683672031664,10.212804659486682,2,0.5,5,10,8.363679089477445e-05,0.0025370643811756057,0.001984126984126984,0.0107940186694329,4.204879012544981,24.630488331518347,inf,-0.0379510006060742,0.001664201773463307,0.14427524920530208,,4.204879012544981,4.29707828913152,41,3.6223577984796815,40.59623949312206,9.624386866613495,11.056605393202346,0.0,1.0,1.622096267964473,10,34,25,2.7358959348599226,1.397955725235065,strict_alpha_gt_2
bonds,SU26219RMFS4,504,2023-02-28,2025-02-19,504,228,lower,raw,11,0.04824561403508772,52.09667177144786,47.90332822855214,2,0.5454545454545454,6,11,0.00012632316183013235,0.0025734690152510393,0.001984126984126984,0.0107940186694329,4.193343542895725,191.22218566383708,inf,-0.0656452689321303,0.0016932443266609205,0.10496932113635482,1.79596074006079,4.193343542895725,4.438538244633227,42,4.2820470242683095,35.88790938071898,11.285179425374034,10.305201725949512,0.0,1.0,1.2007293612641359,10,34,25,2.5625020788788433,1.0365325136050698,strict_alpha_gt_2
bonds,SU26219RMFS4,504,2023-03-30,2025-03-20,504,224,lower,raw,11,0.049107142857142856,52.09667177144786,47.90332822855214,2,0.5454545454545454,6,11,0.00017604355235646796,0.002604557779853531,0.001984126984126984,0.0107940186694329,4.193343542895725,191.22218566383708,inf,-0.0656452689321303,0.0016932443266609205,0.10496932113635482,2.3501583144682283,4.193343542895725,4.438538244633227,37,4.011938728079476,26.162223444199228,10.093694401134606,10.89267644003808,0.0,1.0,1.2007293612641359,10,33,24,2.504402717967114,1.0995843991224903,strict_alpha_gt_2
bonds,SU26219RMFS4,504,2023-04-28,2025-04-18,504,231,lower,raw,11,0.047619047619047616,52.09667177144786,47.90332822855214,2,0.5454545454545454,6,11,0.00013315615482614488,0.0026220077543482683,0.001984126984126984,0.0107940186694329,4.193343542895725,191.22218566383708,inf,-0.0656452689321303,0.0016932443266609205,0.10496932113635482,3.6877197593076314,4.193343542895725,4.438538244633227,39,3.9126624035426363,22.31646743668279,10.315699556881397,12.123937273671764,0.0,1.0,1.2007293612641359,10,34,25,2.608107688780723,1.0485133288917408,strict_alpha_gt_2
bonds,SU26219RMFS4,504,2023-05-31,2025-05-21,504,227,lower,raw,11,0.048458149779735685,52.09667177144786,47.90332822855214,2,0.5454545454545454,6,11,0.00014650738258683102,0.002633031784813675,0.001984126984126984,0.0107940186694329,4.193343542895725,191.22218566383708,inf,-0.0656452689321303,0.0016932443266609205,0.10496932113635482,3.685342807311988,4.193343542895725,4.438538244633227,34,4.003153134524235,52.40318839858331,14.633609447759428,16.104295476202633,0.0,1.0,1.2007293612641359,10,34,25,2.7479219587258763,0.9926846876552311,strict_alpha_gt_2
bonds,SU26219RMFS4,504,2023-06-30,2025-06-20,504,221,lower,raw,10,0.04524886877828054,32.905015021244,28.297976479340466,2,0.6,6,10,0.0002094058977008637,0.002698251832406833,0.001984126984126984,0.0107940186694329,4.607038541903535,61.20299150058447,inf,-0.03713555631179484,0.0015577137452721062,0.13435839316593504,,4.607038541903535,4.711194582484596,46,3.0562542737361515,47.03873453774991,11.398668957985521,12.485513730029812,0.0,1.0,1.1420447476013387,10,33,24,2.862586227405404,1.1238891745620614,strict_alpha_gt_2
bonds,SU26219RMFS4,504,2023-07-31,2025-07-21,504,210,lower,raw,10,0.047619047619047616,32.905015021244,28.297976479340466,2,0.6,6,10,0.0003138671164654042,0.0027059530250526363,0.001984126984126984,0.0107940186694329,4.607038541903535,61.20299150058447,inf,-0.03713555631179484,0.0015577137452721062,0.13435839316593504,,4.607038541903535,4.711194582484596,38,4.0944171679837185,39.73602929197647,11.712948598151431,12.165074324668668,0.0,1.0,1.1420447476013387,10,31,22,2.803467759540162,1.088971048652482,strict_alpha_gt_2
bonds,SU26219RMFS4,504,2023-08-29,2025-08-19,504,205,lower,raw,15,0.07317073170731707,17.07932582475287,13.686013827639526,2,0.5333333333333333,8,15,0.0003812186456223414,0.002644596511558858,0.001984126984126984,0.0107940186694329,3.3933119971133436,30.765339652392395,inf,-0.06709164727643951,0.0018571988385889878,0.10654817643091799,1.709054545088851,3.3933119971133436,3.753014654604312,32,3.557194963713252,52.691368250243464,16.678411715803943,16.79773620774262,0.0,1.0,1.0526588514201545,10,30,21,2.758478710738391,0.9912734297561792,strict_alpha_gt_2
bonds,SU26219RMFS4,504,2023-09-27,2025-09-17,504,200,lower,raw,29,0.145,15.868911732037011,13.348213394616824,2,0.6206896551724138,18,29,0.00042914911795205696,0.0025300949684650322,0.003968253968253968,0.00880988841589952,2.520698337420187,29.217125126653837,inf,-0.1477685333402728,0.0018469307959640636,0.09758035430317427,6.930070987038765,2.6971045971040644,3.0077991944346554,37,3.1672327537101626,22.526830295394483,8.21969270975267,9.078827106444116,0.0,1.0,1.2790897080396157,10,30,21,2.782386552930578,1.231291892154776,strict_alpha_gt_2
bonds,SU26219RMFS4,504,2023-10-26,2025-10-16,504,200,lower,raw,30,0.15,51.26045117233352,48.73954882766648,2,0.6333333333333333,19,30,0.00042609600598308414,0.002534146815293399,0.003968253968253968,0.00880988841589952,2.520902344667041,217.48088564755278,inf,-0.15646323022017639,0.001852378769858586,0.09309220831098429,3.0130752833695915,2.690852040707463,3.0669654611087283,41,2.7738017372573203,32.99122800626594,8.809503849351675,10.199136450722952,0.0,1.0,1.2267351984246808,10,30,21,2.8607864019622626,1.2005715423667995,strict_alpha_gt_2
bonds,SU26219RMFS4,504,2023-11-24,2025-11-14,504,194,lower,raw,19,0.0979381443298969,2.8607864019622626,0.0,1,0.7368421052631579,14,19,0.000422738582850238,0.002479918004214125,0.001984126984126984,0.00880988841589952,2.8607864019622626,,inf,-0.2896126338659408,0.0021193387436154766,0.10781737012020443,13.554953556389465,2.8607864019622626,3.9918662033792365,19,4.257682833533169,23.96114606854917,10.665945125737556,10.784191593620605,0.0,1.0,inf,10,29,20,2.7949018180345044,1.082426828874529,strict_alpha_gt_2
bonds,SU26219RMFS4,504,2023-12-25,2025-12-15,504,191,lower,raw,19,0.09947643979057591,2.746569418006062,0.0,1,0.7368421052631579,14,19,0.0004190156972534597,0.002450374264897407,0.001984126984126984,0.00880988841589952,2.746569418006062,,inf,-0.28381800850266686,0.002157948778984773,0.12353749480610454,,2.746569418006062,3.765970586743089,24,3.074038352116439,19.004723354738484,10.82370637354854,9.807712491602642,0.0,1.0,inf,10,28,19,2.746569418006062,0.9750245522219085,strict_alpha_gt_2
bonds,SU26219RMFS4,504,2024-01-25,2026-01-19,504,191,lower,raw,28,0.14659685863874344,11.534534910362064,9.00373186402308,2,0.6428571428571429,18,28,0.00042649986811860825,0.0024367475093981647,0.001984126984126984,0.00880988841589952,2.5308030463389835,20.538266774385143,inf,-0.1328001515602093,0.0018171928991487785,0.10187045333740274,3.3694276359861712,2.716178422449526,2.989350050467885,56,2.7508509050884378,14.785355163142532,7.209291598659748,7.020459490130713,0.0,1.0,1.0214041542435457,10,28,19,2.615000113275923,1.1180141726266113,strict_alpha_gt_2
bonds,SU26219RMFS4,504,2024-02-26,2026-02-17,504,187,lower,raw,28,0.1497326203208556,11.534534910362064,9.00373186402308,2,0.6428571428571429,18,28,0.00045739741413968946,0.0024321856766386413,0.001984126984126984,0.00880988841589952,2.5308030463389835,20.538266774385143,inf,-0.1328001515602093,0.0018171928991487785,0.10187045333740274,3.4922312592300906,2.716178422449526,2.989350050467885,47,2.900571685246224,30.790900005273834,8.595578156877638,9.556440215295396,0.0,1.0,1.0214041542435457,10,28,19,2.615000113275923,1.1180141726266113,strict_alpha_gt_2
bonds,SU26219RMFS4,504,2024-03-27,2026-03-19,504,182,lower,raw,26,0.14285714285714285,51.222213348181455,48.777786651818545,2,0.6153846153846154,16,26,0.0004987333996442818,0.002423210345655547,0.001984126984126984,0.00880988841589952,2.4444266963629055,121.37228885304643,inf,-0.18091485761784704,0.0019804076498723885,0.09694669465238662,3.6571459966153523,2.626816713267045,2.9554269586872586,45,2.759085704387501,45.933679891611575,9.167361707429487,12.194638923030713,0.0,1.0,2.271219616027406,10,27,18,2.7083522243670126,1.3258124994402882,strict_alpha_gt_2
bonds,SU26219RMFS4,504,2024-04-25,2026-04-17,504,177,lower,raw,26,0.14689265536723164,51.222213348181455,48.777786651818545,2,0.6153846153846154,16,26,0.0005162054290737057,0.0024222843231297897,0.001984126984126984,0.00880988841589952,2.4444266963629055,121.37228885304643,inf,-0.18091485761784704,0.0019804076498723885,0.09694669465238662,3.9180425166599866,2.626816713267045,2.9554269586872586,45,2.7074042336416535,25.77270175428326,9.055917840758575,9.61028862232344,0.0,1.0,1.2306917862723004,10,26,17,2.517031326840372,1.2499938300108817,strict_alpha_gt_2
bonds,SU26219RMFS4,504,2024-05-23,2026-05-15,504,168,lower,raw,16,0.09523809523809523,2.899673121893653,0.0,1,0.6875,11,16,0.0005612401646383022,0.0023967842151692603,0.001984126984126984,0.00880988841589952,2.899673121893653,,inf,-0.3243008092161688,0.002228408339733652,0.1385580748997362,,2.899673121893653,4.005170175229309,23,3.353141639562782,51.6957985850517,16.979442916295945,17.305517486429757,0.0,1.0,inf,10,25,16,2.4828885615177825,1.1627854637607546,strict_alpha_gt_2
bonds,SU26218RMFS6,504,2018-01-03,2019-12-26,504,213,lower,raw,12,0.056338028169014086,17.379544443511513,13.893059089234988,2,0.5833333333333334,7,12,0.00047869273338807907,0.003895749003951036,0.0,0.019366875041366,3.4864853542765237,31.2726035327465,inf,-0.19327274121566346,0.004166210767368626,0.13815961485965522,0.7759502436330578,3.4864853542765237,3.6801740623213215,30,4.108162548228169,39.19265491607838,11.607259910354681,12.252012433988863,0.0,1.0,1.7033766431448818,10,31,22,2.127410681203951,1.6766394079033282,strict_alpha_gt_2
bonds,SU26218RMFS6,504,2018-02-02,2020-01-30,504,217,lower,raw,30,0.1382488479262673,12.91372192516883,11.189550318244727,2,0.4666666666666667,14,30,0.00044845044386357136,0.00392157554512473,0.0,0.019366875041366,1.7241716069241015,24.103272243413556,inf,-0.2024530384174466,0.005285286537096401,0.12823747806395014,32.5886002865883,1.815780288813621,2.2071674131161156,48,2.1962452150291387,14.438659011328927,5.584433640768135,7.622480602463965,0.0,0.9583333333333334,1.4250141363885966,10,32,23,2.138086348157382,1.7503822907227597,strict_alpha_gt_2
bonds,SU26218RMFS6,504,2018-03-06,2020-03-02,504,214,lower,raw,15,0.07009345794392523,31.054879586501546,27.77451984386348,2,0.6,9,15,0.00040117403334907054,0.004064828985938016,0.0,0.019366875041366,3.2803597426380637,58.82939943036503,inf,-0.40740815210381964,0.0054336595553592555,0.1667864584425029,0.8149344734545413,3.2803597426380637,3.523328104522083,19,3.639919524351325,45.78560489118953,12.966257114018427,13.955044879569725,0.0,1.0,1.1855158864606965,10,32,23,1.9869113061370778,1.3329137775915945,strict_alpha_gt_2
bonds,SU26218RMFS6,504,2018-04-05,2020-04-01,504,217,lower,raw,21,0.0967741935483871,2.6290375139306663,0.20315949747639062,3,0.38095238095238093,8,21,0.0003372984737877179,0.005943510781393755,0.0,0.0505289932470375,2.010905307295386,2.6290375139306663,2.832197011407057,0.353082782014233,0.005326849790784436,0.09269488093072298,0.7693105314935439,2.285089504966683,2.045298605601138,81,1.9044612801812508,15.500759794357412,5.143425307802988,6.577310839438243,0.0,0.9135802469135802,0.170694151919973,10,32,23,3.0413750390891097,1.175950476476285,point_alpha_gt_2_uncertain
bonds,SU26218RMFS6,504,2018-05-04,2020-04-30,504,214,lower,raw,18,0.08411214953271028,2.180794154460545,0.009568636965600064,3,0.3333333333333333,6,18,0.00047802254883491126,0.005944798866806736,0.0,0.0505289932470375,2.180794154460545,2.190362791426145,1.9719242802309227,0.5071188635513402,0.004282949171054269,0.12137505531947645,0.8814922656394216,2.180794154460545,1.96956066690373,83,1.7901777555569978,4.559437018490659,2.663308894935647,1.0467089213957972,0.0,0.7349397590361446,0.07890985426100061,10,32,23,2.180794154460545,0.8362783389313191,point_alpha_gt_2_uncertain
bonds,SU26218RMFS6,504,2018-06-05,2020-06-02,504,208,lower,raw,18,0.08653846153846154,2.180794154460545,0.009568636965600064,3,0.3333333333333333,6,18,0.0005638864316094877,0.006028711144471578,0.0,0.0505289932470375,2.180794154460545,2.190362791426145,1.9719242802309227,0.5071188635513402,0.004282949171054269,0.12137505531947645,0.9031164567463371,2.180794154460545,1.96956066690373,80,1.84003412885038,6.259773913044079,2.7989778745470644,1.7299531189447375,0.0,0.825,0.07890985426100061,10,31,22,2.1709548412312945,0.6807510899417633,point_alpha_gt_2_uncertain
bonds,SU26218RMFS6,504,2018-07-04,2020-07-06,504,209,lower,raw,12,0.05741626794258373,2.2153783809060403,0.015770374753950378,3,0.4166666666666667,5,12,0.0005429049214733327,0.006087271098845067,0.0,0.0505289932470375,2.2311487556599907,2.2153783809060403,1.689589774252163,0.5918596426417262,0.004684149097889096,0.13334340367746123,,2.2311487556599907,1.9242108329330556,72,1.8203203202679819,10.574563992038927,4.085327564337687,6.528617211570435,0.0,0.7916666666666666,0.08164136989737623,10,31,22,2.3893893782829063,0.8798519849722712,point_alpha_gt_2_uncertain
bonds,SU26218RMFS6,504,2018-08-02,2020-08-04,504,207,lower,raw,12,0.057971014492753624,2.2153783809060403,0.015770374753950378,3,0.4166666666666667,5,12,0.0005635999004207029,0.006098128049320066,0.0,0.0505289932470375,2.2311487556599907,2.2153783809060403,1.689589774252163,0.5918596426417262,0.004684149097889096,0.13334340367746123,,2.2311487556599907,1.9242108329330556,85,1.8879971427382596,16.217418382394083,5.318428808352024,9.45258584417147,0.0,0.8705882352941177,0.08164136989737623,10,31,22,2.3893893782829063,0.8798519849722712,point_alpha_gt_2_uncertain
bonds,SU26218RMFS6,504,2018-08-31,2020-09-02,504,202,lower,raw,14,0.06930693069306931,2.3926797756552642,0.09529392621307986,3,0.5,7,14,0.000643386629021274,0.0060717964283406554,0.0,0.0505289932470375,2.1333303512122703,2.487973701868344,2.3926797756552642,0.4179414270871822,0.005563474938729527,0.12264629712244524,1.1171791592013376,2.1333303512122703,2.001749437347808,73,1.9113147223399438,8.53630075425117,3.8617941058102847,3.8571615198008278,0.0,0.9178082191780822,0.12398735354209944,10,30,21,3.123350686056299,2.4139208611785543,point_alpha_gt_2_uncertain
bonds,SU26218RMFS6,504,2018-10-01,2020-10-01,504,203,lower,raw,13,0.06403940886699508,2.093821758281251,0.004749725533797822,3,0.46153846153846156,6,13,0.0006239310580694542,0.005933405455734802,0.0,0.0505289932470375,2.093821758281251,2.3346313871446225,2.089072032747453,0.4786814357400809,0.005384702540183528,0.12096657484526452,0.8387447545591386,2.093821758281251,1.9204098540274723,79,1.8756004099295378,8.649288257647992,3.7446447168266377,2.5334475907005722,0.0,0.8607594936708861,0.09825160275356473,10,30,21,3.6652943493556185,1.9610450442744831,point_alpha_gt_2_uncertain
bonds,SU26218RMFS6,504,2018-10-30,2020-10-30,504,203,lower,raw,13,0.06403940886699508,2.210447807289447,0.15330970427363555,3,0.46153846153846156,6,13,0.0006186243437795942,0.005852132332728137,0.0,0.0505289932470375,2.0177278220260133,2.3637575115630827,2.210447807289447,0.4523970196004067,0.005688074992200585,0.11986015336558653,0.8287219627739701,2.0177278220260133,1.8909959691678826,81,1.8669777038934008,16.02605456549981,4.734440859579657,7.102178509637511,0.0,0.8518518518518519,0.2190031569195069,10,30,21,3.2631122772487875,1.0185971693289297,point_alpha_gt_2_uncertain
bonds,SU26218RMFS6,504,2018-11-29,2020-12-01,504,198,lower,raw,13,0.06565656565656566,2.210447807289447,0.15330970427363555,3,0.46153846153846156,6,13,0.0006944166398052742,0.00581394631972715,0.0,0.0505289932470375,2.0177278220260133,2.3637575115630827,2.210447807289447,0.4523970196004067,0.005688074992200585,0.11986015336558653,0.5599753796313551,2.0177278220260133,1.8909959691678826,84,1.9044242985042605,10.39688283896467,4.72847184401461,6.764198220402236,0.0,0.8809523809523809,0.2190031569195069,10,29,20,3.3291196564635577,1.7329314978245587,point_alpha_gt_2_uncertain
bonds,SU26218RMFS6,504,2018-12-28,2020-12-30,504,195,lower,raw,13,0.06666666666666667,2.210447807289447,0.15330970427363555,3,0.46153846153846156,6,13,0.0006636871120967097,0.005775625295757066,0.0,0.0505289932470375,2.0177278220260133,2.3637575115630827,2.210447807289447,0.4523970196004067,0.005688074992200585,0.11986015336558653,0.5599753796313551,2.0177278220260133,1.8909959691678826,78,1.8384644999763273,7.317334280672537,3.8614096104692033,5.654603921986939,0.0,0.8846153846153846,0.2190031569195069,10,29,20,3.3291196564635577,1.7329314978245587,point_alpha_gt_2_uncertain
bonds,SU26218RMFS6,504,2019-01-31,2021-02-02,504,200,lower,raw,13,0.065,2.210447807289447,0.15330970427363555,3,0.46153846153846156,6,13,0.0005584424245257266,0.005772719620996447,0.0,0.0505289932470375,2.0177278220260133,2.3637575115630827,2.210447807289447,0.4523970196004067,0.005688074992200585,0.11986015336558653,0.5488176339382067,2.0177278220260133,1.8909959691678826,79,1.8137001411670495,10.634828727283747,4.38790791789527,6.5061994191131225,0.0,0.8227848101265823,0.2190031569195069,10,30,21,3.386332158560152,1.2642143341497247,point_alpha_gt_2_uncertain
bonds,SU26218RMFS6,504,2019-03-01,2021-03-03,504,202,lower,raw,13,0.06435643564356436,2.210447807289447,0.15330970427363555,3,0.46153846153846156,6,13,0.0005232153207381288,0.0057755822454956945,0.0,0.0505289932470375,2.0177278220260133,2.3637575115630827,2.210447807289447,0.4523970196004067,0.005688074992200585,0.11986015336558653,0.7341890882915977,2.0177278220260133,1.8909959691678826,80,2.0092333861179146,14.877983133343312,5.310394314436762,7.330172298361235,0.0,0.95,0.2190031569195069,10,30,21,2.7425903354489884,1.3795230927809272,strict_alpha_gt_2
bonds,SU26218RMFS6,504,2019-04-02,2021-04-02,504,209,lower,raw,13,0.06220095693779904,2.210447807289447,0.15330970427363555,3,0.46153846153846156,6,13,0.0004609287916191787,0.005812624996975903,0.0,0.0505289932470375,2.0177278220260133,2.3637575115630827,2.210447807289447,0.4523970196004067,0.005688074992200585,0.11986015336558653,0.7359100664368388,2.0177278220260133,1.8909959691678826,76,1.7584261673784276,5.708527056572269,3.0366568534429725,1.5586594606585653,0.0,0.8552631578947368,0.2190031569195069,10,31,22,2.556124490674287,0.7416268562678603,point_alpha_gt_2_uncertain
bonds,SU26218RMFS6,504,2019-05-02,2021-05-04,504,210,lower,raw,13,0.06190476190476191,2.210447807289447,0.15330970427363555,3,0.46153846153846156,6,13,0.0004434165273319037,0.005855270485445305,0.0,0.0505289932470375,2.0177278220260133,2.3637575115630827,2.210447807289447,0.4523970196004067,0.005688074992200585,0.11986015336558653,0.72715917591485,2.0177278220260133,1.8909959691678826,80,1.823475305025514,11.238664498259439,4.471881037038279,6.3346250405325835,0.0,0.875,0.2190031569195069,10,31,22,2.6038713938854197,0.7530092467280673,point_alpha_gt_2_uncertain
bonds,SU26218RMFS6,504,2019-06-03,2021-06-02,504,214,lower,raw,13,0.06074766355140187,2.210447807289447,0.15330970427363555,3,0.46153846153846156,6,13,0.00038357568316264325,0.005836418796418563,0.0,0.0505289932470375,2.0177278220260133,2.3637575115630827,2.210447807289447,0.4523970196004067,0.005688074992200585,0.11986015336558653,0.72715917591485,2.0177278220260133,1.8909959691678826,76,1.7971732211306253,20.821089392023353,6.059865342262427,9.400688089143461,0.0,0.881578947368421,0.2190031569195069,10,32,23,2.500220191946502,0.736214615670649,point_alpha_gt_2_uncertain
bonds,SU26218RMFS6,504,2019-07-03,2021-07-01,504,221,lower,raw,13,0.058823529411764705,2.210447807289447,0.15330970427363555,3,0.46153846153846156,6,13,0.00031279833676858024,0.005815935826293092,0.0,0.0505289932470375,2.0177278220260133,2.3637575115630827,2.210447807289447,0.4523970196004067,0.005688074992200585,0.11986015336558653,0.7661024173308969,2.0177278220260133,1.8909959691678826,80,1.8490694599472373,9.99249159733949,4.239869504725697,5.1317376985286485,0.0,0.875,0.2190031569195069,10,33,24,2.473020184515873,0.7215674307968638,point_alpha_gt_2_uncertain
bonds,SU26218RMFS6,504,2019-08-01,2021-07-30,504,219,lower,raw,13,0.0593607305936073,2.210447807289447,0.15330970427363555,3,0.46153846153846156,6,13,0.0003340504778750328,0.005814403497059741,0.0,0.0505289932470375,2.0177278220260133,2.3637575115630827,2.210447807289447,0.4523970196004067,0.005688074992200585,0.11986015336558653,0.7848247984599367,2.0177278220260133,1.8909959691678826,76,1.8007213240609663,9.31032440153729,4.218960814152076,4.169915936224437,0.0,0.881578947368421,0.2190031569195069,10,32,23,2.500220191946502,0.736214615670649,point_alpha_gt_2_uncertain
bonds,SU26218RMFS6,504,2019-08-30,2021-08-30,504,221,lower,raw,32,0.14479638009049775,1.9087120843579257,0.15629752907794958,3,0.375,12,32,0.00029843753802716706,0.005782125112241752,0.0,0.0505289932470375,1.497600044152791,1.9087120843579257,2.0650096134358753,0.48425924678197774,0.0040864761765159584,0.09990171899250816,,1.6248535211417137,1.5887386130360672,98,1.5893963571550973,5.341609282507713,2.6589971823232132,1.2758532680974581,0.0,0.6428571428571429,0.18790557861323778,10,33,24,2.387969151346649,0.8178233582137886,point_alpha_1_2_uncertain
bonds,SU26218RMFS6,504,2019-09-30,2021-09-28,504,223,lower,raw,32,0.14349775784753363,1.9087120843579257,0.15629752907794958,3,0.375,12,32,0.0002484019285907528,0.005791942701511729,0.0,0.0505289932470375,1.497600044152791,1.9087120843579257,2.0650096134358753,0.48425924678197774,0.0040864761765159584,0.09990171899250816,,1.6248535211417137,1.5887386130360672,97,1.5659471729172656,7.465299943990878,3.470113173887884,5.196280052347058,0.0,0.6597938144329897,0.18790557861323778,10,33,24,2.387969151346649,0.8178233582137886,point_alpha_1_2_uncertain
bonds,SU26218RMFS6,504,2019-10-29,2021-10-27,504,229,lower,raw,14,0.0611353711790393,2.3400241557728294,0.0976382313656714,3,0.42857142857142855,6,14,7.280630721308357e-05,0.00584256341663571,0.0,0.0505289932470375,2.080336624504227,2.437662387138501,2.3400241557728294,0.42734601586612014,0.005571858012181701,0.1137887149101684,0.7016319140745922,2.080336624504227,1.9594097588768082,81,1.9567453045404477,29.532659684264928,7.676153730588773,10.741491401724188,0.0,0.9259259259259259,0.17276667021323747,10,34,25,2.729611639680961,0.7560212088969869,point_alpha_gt_2_uncertain
bonds,SU26218RMFS6,504,2019-11-28,2021-11-26,504,233,lower,raw,12,0.05150214592274678,2.378815433564827,0.12304452846854019,3,0.4166666666666667,5,12,1.055812972029837e-05,0.005937649422553429,0.0,0.0505289932470375,2.103811813652552,2.5018599620333672,2.378815433564827,0.4203772961492131,0.005985551802408976,0.1352425128872694,1.9736244067817679,2.103811813652552,1.953859911435296,81,1.8577997349928095,8.712784200584956,3.668332639297842,3.6763785395058357,0.0,0.9135802469135802,0.16283000260298341,10,34,25,2.874311803576303,0.739126485420817,point_alpha_gt_2_uncertain
bonds,SU26218RMFS6,504,2019-12-27,2021-12-27,504,238,lower,raw,12,0.05042016806722689,2.378815433564827,0.12304452846854019,3,0.4166666666666667,5,12,5.348913653980138e-06,0.005963346743537577,0.0,0.0505289932470375,2.103811813652552,2.5018599620333672,2.378815433564827,0.4203772961492131,0.005985551802408976,0.1352425128872694,1.9686608990478918,2.103811813652552,1.953859911435296,78,1.8888344405635455,6.897672287308738,3.3549586854687665,2.8615494392992056,0.0,0.8589743589743589,0.16283000260298341,10,35,26,2.8674085490863477,0.7261275055796736,point_alpha_gt_2_uncertain
bonds,SU26218RMFS6,504,2020-01-31,2022-01-26,504,240,lower,raw,17,0.07083333333333333,2.765658255998144,0.06259899057608465,3,0.47058823529411764,8,17,-0.00017382833454556262,0.00610998430072092,0.0,0.0505289932470375,2.281846034806702,2.765658255998144,2.828257246574229,0.3535746266402272,0.005394243728245848,0.14155006665289172,1.3562354708064972,2.281846034806702,2.194270252925861,86,2.039549121536133,8.038323568643118,4.658979912545302,7.414187319709022,0.0,0.9651162790697675,0.10148314660752725,10,36,27,3.099119594627724,1.7849603912623486,strict_alpha_gt_2
bonds,SU26218RMFS6,504,2020-03-03,2022-02-24,504,243,lower,raw,19,0.07818930041152264,1.7257682514922346,0.024340090391833824,3,0.42105263157894735,8,19,-0.0004616784738217208,0.008006317402497094,0.0,0.101601914491052,1.7257682514922346,1.7501083418840684,1.589315307833017,0.6292017669945364,0.006389969665868145,0.14069821256110815,1.2727264657866975,1.7257682514922346,1.5754361751046368,93,1.464782199436852,5.368033388770012,2.4853008502265,1.4206293548916369,0.0,0.46236559139784944,0.08118076520030636,10,36,27,1.8312791636276287,0.3019156172279609,point_alpha_1_2_uncertain
bonds,SU26218RMFS6,504,2020-04-02,2022-03-29,504,236,lower,raw,30,0.1271186440677966,1.4590409644236304,0.0013885087395910656,3,0.43333333333333335,13,30,-0.0004015433759509301,0.008723481861544447,0.0,0.107367359783985,1.5128946944208916,1.4590409644236304,1.4576524556840393,0.6860345867086166,0.004458703405375905,0.10952392375503361,3.5428352982998303,1.6971620136031182,1.3468116845660378,96,1.118790565578339,4.295614081140897,1.913892237876045,1.557854900028914,0.0,0.19791666666666666,0.056578639390259665,10,35,26,1.4608458611205866,0.13263503363687756,point_alpha_1_2_uncertain
bonds,SU26218RMFS6,504,2020-05-04,2022-04-27,504,236,lower,raw,31,0.13135593220338984,1.4968412645048217,0.012983532886711613,3,0.41935483870967744,13,31,-0.00020666548578423267,0.009418531955266882,0.0,0.107367359783985,1.48385773161811,1.4968412645048217,1.5466466880014462,0.6465600759098932,0.004790427322268065,0.09598419861918706,3.7258882233093398,1.6529559674692953,1.3723027137833752,98,1.2218690341820118,6.45483054865822,2.304442980954995,2.357937061211584,0.0,0.23469387755102042,0.06161168075996015,10,35,26,1.461505757818377,0.11088934870538703,point_alpha_1_2_uncertain
bonds,SU26218RMFS6,504,2020-06-03,2022-06-01,504,237,lower,raw,31,0.1308016877637131,1.4968412645048217,0.012983532886711613,3,0.41935483870967744,13,31,-0.00019091969139608777,0.00948494332641932,0.0,0.107367359783985,1.48385773161811,1.4968412645048217,1.5466466880014462,0.6465600759098932,0.004790427322268065,0.09598419861918706,3.5428352982998303,1.6529559674692953,1.3723027137833752,96,1.1434342702786224,2.322294526927662,1.5750255933719097,0.42389046252484425,0.010416666666666666,0.13541666666666666,0.06161168075996015,10,35,26,1.461505757818377,0.11088934870538703,point_alpha_1_2_uncertain
bonds,SU26218RMFS6,504,2020-07-07,2022-07-01,504,230,lower,raw,29,0.12608695652173912,1.4313564656394218,0.023836638267777266,3,0.4482758620689655,13,29,-4.6419488395435365e-05,0.00944482360807617,0.0,0.107367359783985,1.457616211467841,1.4313564656394218,1.4075198273716445,0.7104695653683022,0.004571482501029652,0.09102639611977448,2.902976095984645,1.6335652267348229,1.322264734521208,96,1.080613529590884,4.205783341674116,2.4818726483171223,5.413974258818544,0.0,0.1875,0.07767060438577428,10,34,25,1.4238607113327602,0.04842220341002057,point_alpha_1_2_uncertain
bonds,SU26218RMFS6,504,2020-08-05,2022-08-01,504,230,lower,raw,33,0.14347826086956522,1.4478274474072617,0.002107438171652376,3,0.3939393939393939,13,33,-3.933115390717898e-05,0.009474571440585718,0.0,0.107367359783985,1.4457200092356093,1.4478274474072617,1.4710651364714995,0.6797795523851531,0.004363004021926374,0.0818422183985884,6.1429399847896695,1.6016285571389763,1.3412439362776318,98,1.1291220119571619,2.8704562826052027,1.6746476765343055,0.7025177908770591,0.0,0.16326530612244897,0.05895392508732612,10,34,25,1.4238607113327602,0.04842220341002057,point_alpha_1_2_uncertain
bonds,SU26218RMFS6,504,2020-09-03,2022-08-30,504,231,lower,raw,23,0.09956709956709957,1.3993455474073275,0.02912698661787405,3,0.391304347826087,9,23,-1.4041187057740591e-05,0.009410996442985656,0.0,0.107367359783985,1.3630577167793543,1.3993455474073275,1.4284725340252016,0.7000484616824685,0.0055273807989912275,0.1071118245544046,2.4023209474776794,1.5510703921384354,1.2563518348242355,97,1.0791083492965785,3.1266871740935773,1.7010992056047438,1.4461212586925956,0.030927835051546393,0.15463917525773196,0.09228418283256357,10,34,25,1.3658007379603974,0.040644552902758146,point_alpha_1_2_uncertain
bonds,SU26218RMFS6,504,2020-10-02,2022-09-28,504,233,lower,raw,26,0.11158798283261803,1.4657853444422744,0.03011864028371658,3,0.34615384615384615,9,26,-0.00014001549502429844,0.009584528247621113,0.0,0.107367359783985,1.5106477410536152,1.4657853444422744,1.4356667041585578,0.6965404972500903,0.005176109506440693,0.08662392374110717,1.083375103075413,1.7092406440104504,1.3561092946786721,96,1.1428927447782622,4.1102794173718475,1.978345640684558,1.2867871311310062,0.0,0.21875,0.06892713589354003,10,34,25,1.4366503739774905,0.10173392828819683,point_alpha_1_2_uncertain
bonds,SU26218RMFS6,504,2020-11-02,2022-10-27,504,233,lower,raw,30,0.12875536480686695,1.5351809330759105,0.029948582952636915,3,0.36666666666666664,11,30,-0.00010639095423182367,0.009671728456560771,0.0,0.107367359783985,1.5052323501232736,1.5351809330759105,1.6268552337880346,0.6146828428437114,0.005244291011557835,0.13223715615993384,1.4300953609954679,1.6790765127456933,1.405840662237881,97,1.1235043318490197,3.5452411858366037,1.8691094684419394,1.4726532935826553,0.0,0.18556701030927836,0.08899364161036621,10,34,25,1.4262307215858367,0.048981825116755084,point_alpha_1_2_uncertain
bonds,SU26218RMFS6,504,2020-12-02,2022-11-28,504,234,lower,raw,30,0.1282051282051282,1.4937053328717471,0.05289994924280239,3,0.36666666666666664,11,30,-0.00015526506901036177,0.009648914859349622,0.0,0.107367359783985,1.656977269564729,1.4937053328717471,1.4408053836289447,0.6940562628113647,0.00445318544251188,0.09893735084984788,1.2142945729600507,1.868499448668802,1.4208397234029562,98,1.1689469111458801,3.9527232175514175,1.9147398362483161,2.056276896133933,0.0,0.16326530612244897,0.09892574653892838,10,35,26,1.4377228850040453,0.06940620396918029,point_alpha_1_2_uncertain
bonds,SU26218RMFS6,504,2021-01-04,2022-12-27,504,237,lower,raw,30,0.12658227848101267,1.4937053328717471,0.05289994924280239,3,0.36666666666666664,11,30,-0.0001602118227624402,0.009655701381772413,0.0,0.107367359783985,1.656977269564729,1.4937053328717471,1.4408053836289447,0.6940562628113647,0.00445318544251188,0.09893735084984788,1.1523500883699507,1.868499448668802,1.4208397234029562,95,1.1855298107997843,4.019610707950677,2.4252640500942455,4.017378735069083,0.0,0.25263157894736843,0.09892574653892838,10,35,26,1.4377228850040453,0.06940620396918029,point_alpha_1_2_uncertain
bonds,SU26218RMFS6,504,2021-02-03,2023-01-26,504,234,lower,raw,29,0.12393162393162394,1.5046584944566455,0.005430921653407195,3,0.3448275862068966,10,29,-0.0001109698716019092,0.00964425020034401,0.0,0.107367359783985,1.6062761873918971,1.5046584944566455,1.4992275728032383,0.6670101445174275,0.004818648858043902,0.12172049943468344,1.172595631925116,1.8100251290084912,1.4121420214933569,96,1.1974116194616857,3.29811710117919,2.2050161309311336,5.28926745945042,0.0,0.15625,0.06348727695522244,10,35,26,1.4377228850040453,0.1039483392911511,point_alpha_1_2_uncertain
bonds,SU26218RMFS6,504,2021-03-04,2023-02-27,504,234,lower,raw,29,0.12393162393162394,1.5046584944566455,0.005430921653407195,3,0.3448275862068966,10,29,-9.545990204090597e-05,0.009624594162475892,0.0,0.107367359783985,1.6062761873918971,1.5046584944566455,1.4992275728032383,0.6670101445174275,0.004818648858043902,0.12172049943468344,0.9128183100494836,1.8100251290084912,1.4121420214933569,97,1.2347913536295452,3.193143531546509,1.9304958546146485,1.290474543175286,0.010309278350515464,0.26804123711340205,0.06348727695522244,10,35,26,1.4377228850040453,0.1039483392911511,point_alpha_1_2_uncertain
bonds,SU26218RMFS6,504,2021-04-05,2023-03-29,504,226,lower,raw,13,0.05752212389380531,1.3900843984181104,0.06122638190320395,3,0.5384615384615384,7,13,-3.803222518793137e-05,0.009596091890467536,0.001984126984126984,0.107367359783985,1.4513107803213143,1.3900843984181104,1.1352832136670192,0.8808374755845743,0.006925316840894416,0.1281209152757487,,1.4513107803213143,1.2110083439099921,94,1.106870951123504,3.978111985706293,1.8027864048161688,1.1524369270206651,0.010638297872340425,0.1595744680851064,0.15508064424928417,10,33,24,1.4340910741102735,0.06378788669786006,point_alpha_1_2_uncertain
bonds,SU26218RMFS6,504,2021-05-05,2023-04-27,504,224,lower,raw,13,0.05803571428571429,1.3900843984181104,0.06122638190320395,3,0.5384615384615384,7,13,-4.951683572433795e-05,0.009567547172856293,0.001984126984126984,0.107367359783985,1.4513107803213143,1.3900843984181104,1.1352832136670192,0.8808374755845743,0.006925316840894416,0.1281209152757487,,1.4513107803213143,1.2110083439099921,94,1.1751916887609373,3.401914283639363,1.7758459984440107,1.3121868402132282,0.010638297872340425,0.1702127659574468,0.15508064424928417,10,33,24,1.4340910741102735,0.06378788669786006,point_alpha_1_2_uncertain
bonds,SU26218RMFS6,504,2021-06-03,2023-05-30,504,220,lower,raw,13,0.05909090909090909,1.3900843984181104,0.06122638190320395,3,0.5384615384615384,7,13,-1.1044099203666486e-05,0.009568436963953323,0.001984126984126984,0.107367359783985,1.4513107803213143,1.3900843984181104,1.1352832136670192,0.8808374755845743,0.006925316840894416,0.1281209152757487,,1.4513107803213143,1.2110083439099921,95,1.1209457065627715,2.2380448655142455,1.4870964633265182,0.43422382349531363,0.010526315789473684,0.06315789473684211,0.15508064424928417,10,33,24,1.4340910741102735,0.06378788669786006,point_alpha_1_2_uncertain
bonds,SU26218RMFS6,504,2021-07-02,2023-06-29,504,217,lower,raw,13,0.059907834101382486,1.3900843984181104,0.06122638190320395,3,0.5384615384615384,7,13,-2.5786287504027228e-05,0.00955683993123413,0.001984126984126984,0.107367359783985,1.4513107803213143,1.3900843984181104,1.1352832136670192,0.8808374755845743,0.006925316840894416,0.1281209152757487,,1.4513107803213143,1.2110083439099921,98,1.1211529015831394,3.076450624561339,1.7866115701931808,1.4879010803877848,0.0,0.15306122448979592,0.15508064424928417,10,32,23,1.4325545735708736,0.06464656191436147,point_alpha_1_2_uncertain
bonds,SU26218RMFS6,504,2021-08-02,2023-07-28,504,223,lower,raw,13,0.05829596412556054,1.3900843984181104,0.06122638190320395,3,0.5384615384615384,7,13,-8.599723744708326e-05,0.009546574400507693,0.001984126984126984,0.107367359783985,1.4513107803213143,1.3900843984181104,1.1352832136670192,0.8808374755845743,0.006925316840894416,0.1281209152757487,,1.4513107803213143,1.2110083439099921,96,1.14583882551991,3.0736347355361273,1.7453519967231905,1.220705578652922,0.0,0.125,0.15508064424928417,10,33,24,1.4340910741102735,0.06378788669786006,point_alpha_1_2_uncertain
bonds,SU26218RMFS6,504,2021-08-31,2023-08-28,504,226,lower,raw,13,0.05752212389380531,1.3900843984181104,0.06122638190320395,3,0.5384615384615384,7,13,-0.0001132445355079975,0.009560927155803757,0.001984126984126984,0.107367359783985,1.4513107803213143,1.3900843984181104,1.1352832136670192,0.8808374755845743,0.006925316840894416,0.1281209152757487,,1.4513107803213143,1.2110083439099921,97,1.1531677634199762,2.8399827142984466,1.6721873773923777,0.8415889230177611,0.0,0.16494845360824742,0.15508064424928417,10,33,24,1.4310888284755994,0.05881724584803538,point_alpha_1_2_uncertain
bonds,SU26218RMFS6,504,2021-09-29,2023-09-26,504,228,lower,raw,13,0.05701754385964912,1.3900843984181104,0.06122638190320395,3,0.5384615384615384,7,13,-0.00013650139867706323,0.009581497573986865,0.001984126984126984,0.107367359783985,1.4513107803213143,1.3900843984181104,1.1352832136670192,0.8808374755845743,0.006925316840894416,0.1281209152757487,,1.4513107803213143,1.2110083439099921,96,1.1341522812087903,2.9502420774005604,2.328497273657568,5.133689973534333,0.020833333333333332,0.10416666666666667,0.15508064424928417,10,34,25,1.4311918949392521,0.05773155758962023,point_alpha_1_2_uncertain
bonds,SU26218RMFS6,504,2021-10-28,2023-10-25,504,230,lower,raw,27,0.11739130434782609,1.4652923394705066,0.017419168722864198,3,0.37037037037037035,10,27,-9.32995986384103e-05,0.009535901605448918,0.001984126984126984,0.107367359783985,1.5469661197686473,1.4652923394705066,1.4478731707476424,0.6906682299276442,0.004942599567888962,0.1350154245586296,0.7463827253086849,1.7501093215601846,1.3658488037325294,96,1.127074012424461,2.5985294218861577,1.668875648238729,0.8585736914954345,0.010416666666666666,0.14583333333333334,0.09789572934076288,10,34,25,1.397115034471333,0.1238538982000088,point_alpha_1_2_uncertain
bonds,SU26218RMFS6,504,2021-11-29,2023-11-23,504,225,lower,raw,27,0.12,1.4437510690796012,0.006845835365458797,3,0.37037037037037035,10,27,3.452188454572983e-05,0.009557194197175859,0.001984126984126984,0.107367359783985,1.4716156774808749,1.4437510690796012,1.4369052337141424,0.6959401194574115,0.005033554496326731,0.1537187169612245,1.1216251201793357,1.6571204946309082,1.3345983186605377,98,1.136690313296694,3.167828270946708,1.6735962711476104,0.9068088981671016,0.01020408163265306,0.12244897959183673,0.09459330640926131,10,33,24,1.3666944303022541,0.08103065600290504,point_alpha_1_2_uncertain
bonds,SU26218RMFS6,504,2021-12-28,2023-12-22,504,228,lower,raw,28,0.12280701754385964,1.4528010075163087,0.007070219085600904,3,0.39285714285714285,11,28,2.5259929455423095e-05,0.009579109303614565,0.001984126984126984,0.107367359783985,1.5054414344254339,1.4528010075163087,1.4457307884307078,0.6916917091358803,0.004865485482193557,0.16274042509438336,0.9664602294155128,1.6936520691141406,1.3505396199761883,99,1.1450112438498081,2.6890979000115416,1.9358958688582246,2.120911815703522,0.0,0.13131313131313133,0.09841833266007631,10,34,25,1.365039278406894,0.09385417082603253,point_alpha_1_2_uncertain
bonds,SU26218RMFS6,504,2022-01-27,2024-01-24,504,225,lower,raw,27,0.12,1.3901711693837029,0.03281582474279432,3,0.48148148148148145,13,27,0.00017568015851124677,0.009472272881894854,0.001984126984126984,0.107367359783985,1.3573553446409086,1.3901711693837029,1.4481115650777805,0.6905545291645319,0.00501066262746939,0.15934244869491576,1.237639065302943,1.5216314252513086,1.2637470172855012,99,1.0938794362704933,3.8675121982919176,1.6459282119766316,0.9569191401120676,0.010101010101010102,0.1111111111111111,0.10674620679170642,10,33,24,1.3120936661242286,0.1251884354208539,point_alpha_1_2_uncertain
bonds,SU26218RMFS6,504,2022-02-25,2024-02-22,504,227,lower,raw,27,0.11894273127753303,1.7857461266610497,0.00023264199256156637,3,0.5185185185185185,14,27,0.000468522538318811,0.007836436058033726,0.001984126984126984,0.107367359783985,1.7857461266610497,1.6455515801230645,1.7859787686536113,0.5599170704329627,0.0032558273220866206,0.16732981396882307,1.7669091090500095,2.130494806812484,1.5281347353974963,95,1.214595069921764,15.458437030638649,5.8039361296142085,12.482546523903677,0.0,0.43157894736842106,0.08787243367666088,10,34,25,1.7090086812965182,0.32760767432680393,point_alpha_1_2_uncertain
bonds,SU26218RMFS6,504,2022-03-30,2024-03-26,504,240,lower,raw,34,0.14166666666666666,8.425888899999617,0.4735459465389802,3,0.5,17,34,0.0003782789873064499,0.0055630229981270245,0.001984126984126984,0.0303848620561635,1.8180810736737567,8.425888899999617,8.899434846538597,0.11236668589005362,0.003746005861427969,0.10221814934024931,32.836829905943155,1.9615743787999673,2.311825697779541,83,2.4599225558825997,50.75551247811909,10.242150445496703,13.107923659384651,0.0,1.0,0.2222949201891825,10,36,27,5.7664277695687165,4.538466174212332,strict_alpha_gt_2
bonds,SU26218RMFS6,504,2022-04-28,2024-04-24,504,243,lower,raw,30,0.12345679012345678,7.66657543471978,0.2901323881944933,3,0.5,15,30,8.28368503721991e-05,0.004077704550774309,0.001984126984126984,0.0303848620561635,1.9384676619578043,7.66657543471978,7.956707822914273,0.12568012075548776,0.0033794702741797066,0.10909734738745336,5.134787302633861,2.1326153251526088,2.367710379104856,69,2.337651199757732,35.11601181158378,8.149574135030338,10.932070483545676,0.0,1.0,0.1859553543630434,10,36,27,6.156460559670519,2.9563555606948198,strict_alpha_gt_2
bonds,SU26218RMFS6,504,2022-06-02,2024-05-24,504,251,lower,raw,31,0.12350597609561753,7.430841629935335,0.02345810028988371,3,0.45161290322580644,14,31,-0.00011886874623027735,0.003832830006787921,0.001984126984126984,0.0303848620561635,2.129017355081476,7.454299730225219,7.430841629935335,0.13457425817978336,0.00315700743445541,0.09990820013843371,5.120349655581364,2.35214125805357,2.532470361602699,76,2.403520994854999,22.7115961147593,7.721191106556131,8.46121058657861,0.0,1.0,0.11442788692986065,10,37,28,5.8982177863554135,3.003035557309328,strict_alpha_gt_2
bonds,SU26218RMFS6,504,2022-07-04,2024-06-25,504,257,lower,raw,34,0.13229571984435798,7.566672023634501,0.057503413000445924,3,0.4411764705882353,15,34,-0.00025375494670418165,0.003908652535809733,0.001984126984126984,0.0303848620561635,2.3227442942637295,7.566672023634501,7.624175436634947,0.13116172474139265,0.0030044851709022514,0.10410734585893677,4.0998957206863995,2.5584142211547296,2.6995596132933173,68,2.6877120431331414,15.155976348764973,7.972641019824278,8.147298528583093,0.0,1.0,0.10415033029316276,10,38,29,6.349066051769475,2.8270232005024836,strict_alpha_gt_2
bonds,SU26218RMFS6,504,2022-08-02,2024-07-24,504,260,lower,raw,20,0.07692307692307693,5.706092428254067,0.06479417775621688,3,0.6,12,20,-0.0003124317114281546,0.003986114735335529,0.001984126984126984,0.0303848620561635,2.902125334583508,5.706092428254067,5.770886606010284,0.1732835989115635,0.0030124339687247034,0.17626890127622719,2.3966857846234255,3.462641766648787,2.9968840051904646,63,2.0775214915849207,14.578678213896001,5.358937241883739,6.8862167676215345,0.0,0.9682539682539683,0.22236620482500302,10,39,30,6.61866745400844,4.140440402953128,strict_alpha_gt_2
bonds,SU26218RMFS6,504,2022-08-31,2024-08-22,504,257,lower,raw,16,0.0622568093385214,3.443777398481506,0.04817349206012622,3,0.625,10,16,-0.0002693169854766533,0.004173750692991511,0.001984126984126984,0.0303848620561635,3.443777398481506,3.3576368102201535,3.491950890541632,0.2863728704514774,0.0025547910519134447,0.18546682540700346,2.095513266098581,3.443777398481506,3.0220954962184265,68,1.9932574525389464,10.458058127432343,4.8346495797440685,6.454492663284666,0.0,0.9411764705882353,0.18341608487825134,10,38,29,6.115662133172593,4.6767008060654245,point_alpha_gt_2_uncertain
bonds,SU26218RMFS6,504,2022-09-29,2024-09-20,504,261,lower,raw,10,0.038314176245210725,8.239277520723078,2.204782305994442,3,0.9,9,10,-0.0002002657834779178,0.003842831424529937,0.001984126984126984,0.0154587555648155,5.349942760855173,8.239277520723078,10.44405982671752,0.0957482067884986,0.0018725796535520053,0.17599617215122992,,5.349942760855173,4.743828701691023,49,3.31065994105057,41.81212169260631,11.10079704890145,11.771389619751025,0.0,1.0,0.45256826428696834,10,39,30,3.345448832206654,1.124523825379308,strict_alpha_gt_2
bonds,SU26218RMFS6,504,2022-10-28,2024-10-21,504,264,lower,raw,12,0.045454545454545456,8.174499682437686,3.825726258432199,2,0.8333333333333334,10,12,-0.00026616118112500416,0.0036928378205268926,0.001984126984126984,0.0154587555648155,4.348773424005487,12.000225940869885,inf,-0.021179011988905816,0.002403915230376921,0.13316022302503888,,4.348773424005487,4.2571311223248385,58,3.117340613444332,35.994437918926835,10.589729426625912,11.846865037904745,0.0,1.0,1.1384382935105544,10,39,30,3.6750216644541,8.7023764172552,strict_alpha_gt_2
bonds,SU26218RMFS6,504,2022-11-29,2024-11-19,504,265,lower,raw,17,0.06415094339622641,4.355739375011947,0.406555844548925,3,0.7647058823529411,13,17,-0.00029004265253622667,0.004047536744486534,0.001984126984126984,0.0202910850969223,3.1861452519411295,4.355739375011947,4.762295219560872,0.20998278222915576,0.002779996565948669,0.1621050598223739,,3.1861452519411295,3.008421973249398,85,2.710707443199076,12.974661875856215,6.926115778261199,8.31531541418209,0.0,1.0,0.2803411635288561,10,39,30,4.80362034555524,2.1235517514721582,strict_alpha_gt_2
bonds,SU26218RMFS6,504,2022-12-28,2024-12-18,504,265,lower,raw,27,0.1018867924528302,3.9276978960088136,0.0066232168570707906,3,0.6666666666666666,18,27,-0.000288762706246383,0.0041022501474689685,0.001984126984126984,0.0202910850969223,3.108823038731816,3.9276978960088136,3.9343211128658844,0.25417345745618825,0.0023524213669671714,0.10219306905890602,,3.4219647734936762,3.0318665493899983,81,2.84002996479011,19.86965282455391,6.460088481115463,5.1277702182380365,0.0,1.0,0.18762049344223247,10,39,30,4.80362034555524,1.1335003808377655,strict_alpha_gt_2
bonds,SU26218RMFS6,504,2023-01-27,2025-01-21,504,267,lower,raw,23,0.08614232209737828,4.522128377822699,0.46724005375980493,3,0.7391304347826086,17,23,-0.0001393795655669872,0.005123929526615003,0.001984126984126984,0.0202910850969223,3.2255247161453693,4.522128377822699,4.989368431582504,0.20042616890547504,0.002574297015231458,0.1178444178876249,1.9167798497568576,3.5888926681317708,3.16744662510103,84,3.0723465397687733,15.344616826871803,7.040851827325467,7.626918226982473,0.0,1.0,0.25766386944792463,10,40,31,5.193466889443671,2.0403987843753892,strict_alpha_gt_2
bonds,SU26218RMFS6,504,2023-02-28,2025-02-19,504,266,lower,raw,21,0.07894736842105263,3.9073237752895182,0.17853908984131417,3,0.8095238095238095,17,21,-6.583636418405185e-05,0.00554560746726003,0.001984126984126984,0.0202910850969223,3.1953783987421844,4.085862865130832,3.9073237752895182,0.25592964840132904,0.0026480094045875087,0.15338439406630755,1.8584554753046414,3.5456192192433877,3.00417207133815,87,2.8815495280307415,13.955143157528434,7.175905375849248,8.924251835673774,0.0,1.0,0.259598590168776,10,39,30,4.961495887369354,2.804195649439582,strict_alpha_gt_2
bonds,SU26218RMFS6,504,2023-03-30,2025-03-20,504,263,lower,raw,32,0.12167300380228137,4.1441318421017455,0.334967878824334,3,0.71875,23,32,5.488120437975485e-05,0.005651755515275358,0.0,0.0202910850969223,3.0146710237569754,4.1441318421017455,4.479099720926079,0.22325915079051742,0.0025233521613138203,0.10000657912163913,2.934889268380947,3.253646196569475,3.011040550541107,85,3.210580268790779,13.151545807483346,6.440566726101922,6.3208176602060115,0.0,1.0,0.25969324574434227,10,39,30,4.762006915310284,1.3678982820300805,strict_alpha_gt_2
bonds,SU26218RMFS6,504,2023-04-28,2025-04-18,504,269,lower,raw,25,0.09293680297397769,4.52821998078551,0.3229399101941013,3,0.8,20,25,-1.335909236020734e-05,0.005804729628474481,0.0,0.0202910850969223,3.325367948746371,4.52821998078551,4.851159890979611,0.20613626894867543,0.002608516731184814,0.12491425949705148,4.975504360126729,3.6500302555567266,3.227883724630148,90,2.913782478242362,15.257943209680981,6.840024764522957,7.813061113369571,0.0,1.0,0.2583591884120431,10,40,31,5.356947459647089,1.619295105609904,strict_alpha_gt_2
bonds,SU26218RMFS6,504,2023-05-31,2025-05-21,504,271,lower,raw,38,0.14022140221402213,4.363462383306979,0.34848863294600996,3,0.6842105263157895,26,38,-2.3011618542465542e-05,0.005883009681223292,0.0,0.0202910850969223,3.173323366493933,4.363462383306979,4.711951016252989,0.21222631486420127,0.0023830343076097745,0.08186390513141917,26.670900348100314,3.3984427193308586,3.201569841902817,86,3.256313294847853,17.22089701894331,6.991784726853685,7.7625482285282885,0.0,1.0,0.23713552001705815,10,40,31,5.057795757239357,1.1306781581970888,strict_alpha_gt_2
bonds,SU26218RMFS6,504,2023-06-30,2025-06-20,504,267,lower,raw,26,0.09737827715355805,4.855083341987065,0.7489684109725365,3,0.8076923076923077,21,26,8.732132208860302e-05,0.006011326311322019,0.0,0.0202910850969223,3.352127052388296,4.855083341987065,5.6040517529596015,0.1784423206784059,0.0026510695730155766,0.11892173299813347,,3.6691365381977787,3.3015642279310673,86,3.0884832579812214,15.045003010754737,6.6352387029789055,6.162258547178639,0.0,1.0,0.3589120602653809,10,40,31,5.462746910456979,1.2072521349390293,strict_alpha_gt_2
bonds,SU26218RMFS6,504,2023-07-31,2025-07-21,504,262,lower,raw,26,0.09923664122137404,4.855083341987065,0.7489684109725365,3,0.8076923076923077,21,26,0.000192378033032121,0.0060584781636350785,0.0,0.0202910850969223,3.352127052388296,4.855083341987065,5.6040517529596015,0.1784423206784059,0.0026510695730155766,0.11892173299813347,,3.6691365381977787,3.3015642279310673,88,3.0697637889618785,49.50966374201764,10.454320086046751,13.003758382904461,0.0,1.0,0.3589120602653809,10,39,30,5.503957474745668,1.2337675659048406,strict_alpha_gt_2
bonds,SU26218RMFS6,504,2023-08-29,2025-08-19,504,253,lower,raw,26,0.10276679841897234,4.81847425969806,0.8982268534447098,3,0.7307692307692307,19,26,0.000307601591144084,0.0060590078873150885,0.0,0.0202910850969223,3.271605993958411,4.81847425969806,5.716701113142769,0.17492605966419814,0.0027037879287179073,0.12500818951036163,4.706232238105154,3.5767872915121726,3.238004403324537,90,3.010738515291132,15.654482963667453,7.395261988186821,11.683056743583082,0.0,1.0,0.31180444626080916,10,37,28,5.084609963273554,1.2597024706155224,strict_alpha_gt_2
bonds,SU26218RMFS6,504,2023-09-27,2025-09-17,504,251,lower,raw,33,0.13147410358565736,5.00009961143512,1.0224830207637474,3,0.696969696969697,23,33,0.00032052068791230516,0.006083001988006346,0.0,0.0202910850969223,3.2170486832433562,5.00009961143512,6.022582632198867,0.1660417234715294,0.0025967403728361007,0.09347018445758415,9.651485139204379,3.4668219699255873,3.2821180187283394,84,3.2317993666760367,17.657187783832793,7.44930226091396,8.047979336128273,0.0,1.0,0.3713693374365586,10,37,28,5.530874754225147,1.4096258117255527,strict_alpha_gt_2
bonds,SU26218RMFS6,504,2023-10-26,2025-10-16,504,249,lower,raw,17,0.06827309236947791,3.9440572768089655,0.12918965126057103,3,0.8235294117647058,14,17,0.00029320552207319153,0.006183744028844368,0.0,0.0202910850969223,3.9440572768089655,4.9033637929741705,3.8148676255483944,0.26213229347800715,0.002435444418251308,0.19305541323743025,,3.9440572768089655,3.5817468941682797,59,2.694610440297329,17.577349382518076,7.644017689008168,7.769558098775558,0.0,1.0,0.5537105933761606,10,37,28,7.1505874446085835,3.880540960808446,strict_alpha_gt_2
bonds,SU26218RMFS6,504,2023-11-24,2025-11-14,504,249,lower,raw,36,0.14457831325301204,6.424788611930979,3.3507216818729852,3,0.6111111111111112,22,36,0.0002614773285434773,0.006093815044081539,0.0,0.0202910850969223,3.074066930057994,6.424788611930979,11.978164751850292,0.08348524341723784,0.002925654426275728,0.0928991763116569,,3.2807969666288357,3.3039461712388465,82,3.704293652501598,39.9050449007406,10.47736039769816,11.312851788907539,0.0,1.0,0.7756255253271427,10,37,28,6.900650363285509,3.157237010793498,strict_alpha_gt_2
bonds,SU26218RMFS6,504,2023-12-25,2025-12-15,504,247,lower,raw,35,0.1417004048582996,5.805044518614918,2.736851399040026,3,0.6,21,35,0.00031293007203569273,0.00606266086683542,0.0,0.0202910850969223,3.0681931195748917,5.805044518614918,9.699615729891747,0.10309686773654904,0.0028832220693842427,0.09299505165251903,,3.2803858511751645,3.251475070257573,85,3.386164172591261,22.275091130789626,9.279505072630627,10.545459140823501,0.0,1.0,0.7326160623442015,10,37,28,6.6693522947509525,2.4877696619142498,strict_alpha_gt_2
bonds,SU26218RMFS6,504,2024-01-25,2026-01-19,504,249,lower,raw,36,0.14457831325301204,6.200337926121773,3.1125499596827155,3,0.6111111111111112,22,36,0.0003042992256076304,0.006101056575546667,0.0,0.0202910850969223,3.0877879664390577,6.200337926121773,10.719854653323797,0.09328484688828688,0.0028835034104550106,0.09009835788116494,,3.2968790739390683,3.303177245226507,80,3.49366789195575,23.470605899215748,9.94805023008488,13.52293349557339,0.0,1.0,0.7463662532593843,10,37,28,7.0782312617316165,3.4156630588923305,strict_alpha_gt_2
bonds,SU26218RMFS6,504,2024-02-26,2026-02-17,504,246,lower,raw,34,0.13821138211382114,7.2684599294428445,4.211899446099934,3,0.6470588235294118,22,34,0.00033894798609262274,0.00614465226285684,0.0,0.0202910850969223,3.0565604833429108,7.2684599294428445,17.445417967939356,0.05732164181091957,0.0030627077514988506,0.10173729508287443,22.095254157384975,3.2685820838688477,3.323285517203937,82,3.4314011054929083,34.47244097951338,8.916747248347606,10.56349734549397,0.0,1.0,0.8167813248803104,10,36,27,7.1798017850379,3.4583593100177605,strict_alpha_gt_2
bonds,SU26218RMFS6,504,2024-03-27,2026-03-19,504,240,lower,raw,34,0.14166666666666666,7.2684599294428445,4.211899446099934,3,0.6470588235294118,22,34,0.0004646642088548538,0.006145712024738768,0.0,0.0202910850969223,3.0565604833429108,7.2684599294428445,17.445417967939356,0.05732164181091957,0.0030627077514988506,0.10173729508287443,,3.2685820838688477,3.323285517203937,72,3.4099088858021362,42.3846082116022,10.249334090105394,11.438423345005145,0.0,1.0,0.8167813248803104,10,36,27,7.1798017850379,3.4583593100177605,strict_alpha_gt_2
bonds,SU26218RMFS6,504,2024-04-25,2026-04-17,504,239,lower,raw,33,0.13807531380753138,7.562682142796501,4.501220020802037,3,0.6363636363636364,21,33,0.000483101704499362,0.00612695196986158,0.0,0.0202910850969223,3.061462121994464,7.562682142796501,20.813131233804125,0.04804659081646624,0.0031133622041677193,0.1064159861040277,,3.278083702523656,3.3334084487404843,80,3.5229272655933075,29.27159157334359,9.57730004377538,10.645811312054242,0.0,1.0,0.8358788782715673,10,35,26,7.224130857240372,3.5982675357335054,strict_alpha_gt_2
bonds,SU26218RMFS6,504,2024-05-23,2026-05-15,504,236,lower,raw,16,0.06779661016949153,5.636908188650689,1.9050326910991686,2,0.875,14,16,0.0005597255916008917,0.00612275596932524,0.0,0.0202910850969223,3.73187549755152,7.541940879749857,inf,-0.11019373535589094,0.003756569927757726,0.271521905873075,,3.73187549755152,3.612505389032255,64,2.7486749902995253,24.024366261054475,8.907631510728448,9.635894451385447,0.0,1.0,0.7238775000403588,10,35,26,8.443284415245156,3.596095095211915,strict_alpha_gt_2
bonds,SU26225RMFS1,504,2018-03-01,2020-02-26,504,218,lower,raw,21,0.0963302752293578,2.1015257759829074,0.0,1,0.5714285714285714,12,21,0.00047703382980951925,0.004159231487402518,0.001984126984126984,0.019944628603902,2.1015257759829074,,inf,-0.23997670166397927,0.005302429857469685,0.14203513583952598,,2.272395179377846,2.6930822001540276,47,2.3344000258989155,17.421746090787238,6.4866108831277565,6.826363625547388,0.0,1.0,inf,10,32,23,4.065341322322904,3.842703632134875,strict_alpha_gt_2
bonds,SU26225RMFS1,504,2018-04-02,2020-03-27,504,218,lower,raw,21,0.0963302752293578,1.9174132607323726,0.027750768598916453,3,0.3333333333333333,7,21,0.00033375005394185994,0.006583002282807103,0.001984126984126984,0.0593942052028998,1.9174132607323726,2.0676501530014844,1.8896624921334562,0.5291950304157149,0.004866061063426016,0.12165787467149927,1.1552273327236255,2.1956248237635383,1.8229874368940633,90,1.719138005073477,10.712642230538961,4.35847979949645,6.218277012055639,0.0,0.7888888888888889,0.10873133108399578,10,32,23,2.487012748223062,0.9757135306847986,point_alpha_1_2_uncertain
bonds,SU26225RMFS1,504,2018-04-30,2020-04-27,504,216,lower,raw,22,0.10185185185185185,1.903967509885693,0.033096946014073314,3,0.36363636363636365,8,22,0.0005077420163665491,0.0067527496286283505,0.001984126984126984,0.0593942052028998,1.8708705638716197,2.020112016138627,1.903967509885693,0.525219046442676,0.004757261301150442,0.11501853549798624,1.4823464408704874,2.1315860509694273,1.787117287871053,83,1.6461849677361076,8.081937002686898,3.6539187381851823,5.870467679491243,0.0,0.7349397590361446,0.09573173646484286,10,32,23,2.3328764171788525,0.961589633322856,point_alpha_1_2_uncertain
bonds,SU26225RMFS1,504,2018-05-31,2020-05-28,504,213,lower,raw,22,0.10328638497652583,1.903967509885693,0.033096946014073314,3,0.36363636363636365,8,22,0.0005852893710209761,0.00678886170909194,0.001984126984126984,0.0593942052028998,1.8708705638716197,2.020112016138627,1.903967509885693,0.525219046442676,0.004757261301150442,0.11501853549798624,1.4112580285448832,2.1315860509694273,1.787117287871053,93,1.6328330485091147,5.552603710166514,3.902601768075741,7.235255295763205,0.0,0.6236559139784946,0.09573173646484286,10,31,22,2.307170542037775,1.0189790680239545,point_alpha_1_2_uncertain
bonds,SU26225RMFS1,504,2018-06-29,2020-06-30,504,212,lower,raw,23,0.10849056603773585,2.0695899262515343,0.03295778957020268,3,0.391304347826087,9,23,0.0005800903802171151,0.006825235901718338,0.001984126984126984,0.0593942052028998,1.8873974682751982,2.102547715821737,2.0695899262515343,0.4831875084602928,0.004892684490206647,0.09277468274900708,1.0443587944249213,2.1403526552611405,1.8337102801822365,89,1.7162897012727099,5.948709574294449,3.24935043133582,3.425134334175126,0.0,0.7415730337078652,0.0853604605962667,10,31,22,2.2215267374344205,0.7395759306623708,point_alpha_gt_2_uncertain
bonds,SU26225RMFS1,504,2018-07-30,2020-07-30,504,214,lower,raw,23,0.10747663551401869,1.9895264394149499,0.07706268692122942,3,0.34782608695652173,8,23,0.0005835028765682106,0.006888685772511814,0.0,0.0593942052028998,1.9895264394149499,2.0665891263361793,1.8591323646032534,0.5378853163117324,0.0045142708183622355,0.06980774434553183,1.4643419817418524,2.266413561553728,1.870492259176052,90,1.6820364257458524,10.965457054140964,4.010102621142396,3.714091880391048,0.0,0.7666666666666667,0.11560524639026928,10,32,23,2.431598167474879,0.8454510141963478,point_alpha_1_2_uncertain
bonds,SU26225RMFS1,504,2018-08-28,2020-08-28,504,213,lower,raw,22,0.10328638497652583,2.544804967203943,0.5913544171426515,3,0.4090909090909091,9,22,0.0006705484160022515,0.0069094889536701065,0.0,0.0593942052028998,1.6604574940704326,2.544804967203943,3.1361593843465942,0.31886134518266707,0.006856974825396574,0.09593374545084532,2.0952317595660803,1.8534101540778358,1.8123918707049345,84,1.8959478831819137,16.467674030861446,5.12137850227676,8.099801261271482,0.0,0.8571428571428571,0.40095173504234194,10,31,22,3.0616021205691615,1.1025733531942952,point_alpha_gt_2_uncertain
bonds,SU26225RMFS1,504,2018-09-26,2020-09-28,504,213,lower,raw,21,0.09859154929577464,2.4263184063309504,0.42439012050062797,3,0.42857142857142855,9,21,0.0006407076329140728,0.006772622188979285,0.0,0.0593942052028998,1.6721338219456539,2.4263184063309504,2.8507085268315784,0.3507899845206029,0.006589855116783455,0.08559686697615165,2.0405688157919717,1.8797154118054515,1.7935689561601629,96,1.8053028163556146,10.288093988054998,4.433327249128204,6.818342574245785,0.0,0.8333333333333334,0.3164627744989881,10,31,22,2.7479493020213637,0.4580836244048876,point_alpha_gt_2_uncertain
bonds,SU26225RMFS1,504,2018-10-25,2020-10-27,504,210,lower,raw,20,0.09523809523809523,2.2289641684433406,0.22324705556160085,3,0.4,8,20,0.0006675692823870812,0.006690800349015291,0.0,0.0593942052028998,1.6830790226114227,2.2289641684433406,2.4522112240049414,0.4077952136467282,0.006196733922543248,0.07453842897440954,1.8941439106967375,1.9068477931844672,1.7465396956639498,92,1.6804457403357553,11.383885808628259,4.562374239526773,7.08879249253606,0.0,0.8152173913043478,0.20824730031257352,10,31,22,2.4899113352829607,0.4126195596732618,point_alpha_gt_2_uncertain
bonds,SU26225RMFS1,504,2018-11-26,2020-11-26,504,208,lower,raw,18,0.08653846153846154,2.3155079779982874,0.284420077391097,3,0.3888888888888889,7,18,0.0007145780288191678,0.006691306894072308,0.0,0.0593942052028998,1.6916714861858442,2.3155079779982874,2.5999280553893844,0.38462602760376485,0.006704617157237658,0.0859868304668997,1.3371758179447473,1.6916714861858442,1.7590013579810353,86,1.698146478615923,7.4501149624829335,3.7508861071720134,5.923255373114885,0.0,0.7558139534883721,0.2786374812314626,10,31,22,2.5232284651127364,0.5704027377461292,point_alpha_gt_2_uncertain
bonds,SU26225RMFS1,504,2018-12-25,2020-12-25,504,205,lower,raw,18,0.08780487804878048,2.3155079779982874,0.284420077391097,3,0.3888888888888889,7,18,0.0006711428868349643,0.006653311245916275,0.0,0.0593942052028998,1.6916714861858442,2.3155079779982874,2.5999280553893844,0.38462602760376485,0.006704617157237658,0.0859868304668997,1.390628264151512,1.6916714861858442,1.7590013579810353,87,1.697338564055756,6.82395999702162,3.1315796899226904,1.7205738081924327,0.0,0.8160919540229885,0.30824358829917814,10,30,21,2.5653541656735896,0.5306203157154763,point_alpha_gt_2_uncertain
bonds,SU26225RMFS1,504,2019-01-28,2021-01-28,504,207,lower,raw,21,0.10144927536231885,2.1331250340653716,0.09326290886544131,3,0.42857142857142855,9,21,0.0005617300004402103,0.006654767019285161,0.0,0.0593942052028998,1.7197934755147866,2.1331250340653716,2.226387942930813,0.44915801991076265,0.0056791579120371374,0.0802579606828494,2.3775305019150563,1.9461283550177988,1.745234020349157,89,1.7547729369524667,11.996111949835962,4.85372313530384,8.949345235046474,0.0,0.7865168539325843,0.16475365483477056,10,31,22,2.4533672760378655,0.4057912142945086,point_alpha_gt_2_uncertain
bonds,SU26225RMFS1,504,2019-02-26,2021-02-26,504,210,lower,raw,21,0.1,2.0884164858758774,0.00043053235347567664,3,0.47619047619047616,10,21,0.0005045258001503444,0.006668692679598533,0.0,0.0593942052028998,1.7598220041288493,2.0884164858758774,2.088847018229353,0.4787330002020287,0.005409176025870625,0.08947027209754671,1.868846179833531,1.9971779714937454,1.751836935806082,80,1.8133935665206418,10.243198234276504,3.4602960466253507,3.280299645183832,0.0,0.8125,0.07198370780011587,10,31,22,2.4179826025277236,0.3862178014927151,point_alpha_gt_2_uncertain
bonds,SU26225RMFS1,504,2019-03-28,2021-03-30,504,215,lower,raw,21,0.09767441860465116,2.0208021417611852,0.04968908564244945,3,0.47619047619047616,10,21,0.0004692725772736298,0.006718581972662927,0.0,0.0593942052028998,1.7916813409539583,2.0704912274036347,2.0208021417611852,0.4948529988831426,0.005247132794374722,0.10050509545399688,1.7345956490852696,2.0376974433058512,1.7618791561108311,90,1.6249394275116251,11.804483424780328,4.258717441445888,6.211745887911151,0.0,0.6777777777777778,0.0907448352056714,10,32,23,2.227932453775602,0.33989480929286,point_alpha_gt_2_uncertain
bonds,SU26225RMFS1,504,2019-04-26,2021-04-28,504,213,lower,raw,21,0.09859154929577464,2.0208021417611852,0.04968908564244945,3,0.47619047619047616,10,21,0.0004896931368248759,0.006773740895649076,0.0,0.0593942052028998,1.7916813409539583,2.0704912274036347,2.0208021417611852,0.4948529988831426,0.005247132794374722,0.10050509545399688,1.7137494665286896,2.0376974433058512,1.7618791561108311,93,1.6166145792543012,8.236454346114115,4.440128702503104,7.651949674303672,0.0,0.7096774193548387,0.0907448352056714,10,31,22,2.1421925945349365,0.39460629518302026,point_alpha_gt_2_uncertain
bonds,SU26225RMFS1,504,2019-05-29,2021-05-28,504,214,lower,raw,22,0.102803738317757,1.8538799500569145,0.02179324046175335,3,0.5,11,22,0.000417621655363921,0.0067382160585393236,0.0,0.0593942052028998,1.8320867095951612,2.0072353334533366,1.8538799500569145,0.5394092535330024,0.004788808566458537,0.10212301884644648,2.3792036590747236,2.0814191019697326,1.7639939974815824,92,1.6970760727126664,11.290639118323629,4.070851847559458,5.339241468908901,0.0,0.717391304347826,0.0766436305688833,10,32,23,2.1329136767176142,0.3499852472590774,point_alpha_1_2_uncertain
bonds,SU26225RMFS1,504,2019-06-28,2021-06-28,504,217,lower,raw,22,0.10138248847926268,1.8538799500569145,0.02179324046175335,3,0.5,11,22,0.00032427277838227364,0.006698585195367057,0.0,0.0593942052028998,1.8320867095951612,2.0072353334533366,1.8538799500569145,0.5394092535330024,0.004788808566458537,0.10212301884644648,2.3792036590747236,2.0814191019697326,1.7639939974815824,94,1.6542329375041236,7.970104810439443,4.086641741052439,7.291760850781615,0.0,0.6914893617021277,0.0766436305688833,10,32,23,2.1329136767176142,0.3499852472590774,point_alpha_1_2_uncertain
bonds,SU26225RMFS1,504,2019-07-29,2021-07-27,504,219,lower,raw,22,0.1004566210045662,1.8538799500569145,0.02179324046175335,3,0.5,11,22,0.0003283437078485825,0.00670028969601723,0.0,0.0593942052028998,1.8320867095951612,2.0072353334533366,1.8538799500569145,0.5394092535330024,0.004788808566458537,0.10212301884644648,2.468375279611926,2.0814191019697326,1.7639939974815824,91,1.6238599243624896,8.914012122769673,3.7204196178187376,5.701831809352268,0.0,0.6373626373626373,0.0766436305688833,10,32,23,2.1329136767176142,0.3499852472590774,point_alpha_1_2_uncertain
bonds,SU26225RMFS1,504,2019-08-27,2021-08-25,504,222,lower,raw,29,0.13063063063063063,2.0436884613222865,0.09540645659162861,3,0.5172413793103449,15,29,0.0002833848855096712,0.006686533144771532,0.0,0.0593942052028998,1.6878614558048548,2.0436884613222865,2.139094917913915,0.46748743668430504,0.004726055763448993,0.06576307123586428,3.6597476691797826,1.8602047728283675,1.7355012897676712,94,1.687325181679087,8.691715501871942,4.207751170592513,7.399056987084613,0.0,0.7021276595744681,0.09576621861482199,10,33,24,2.1561329606895887,0.3155280129740814,point_alpha_gt_2_uncertain
bonds,SU26225RMFS1,504,2019-09-25,2021-09-23,504,223,lower,raw,31,0.13901345291479822,2.020572222591617,0.08697176982488575,3,0.4838709677419355,15,31,0.00024712105642640423,0.006694580473630905,0.0,0.0593942052028998,1.6840533663922816,2.020572222591617,2.107543992416503,0.4744859436378376,0.004524473054467151,0.06133300173644868,2.384538642282424,1.8475023958984695,1.7317935694418294,98,1.5126545291295037,6.848355606072672,2.894054658936568,2.269922178983239,0.0,0.5816326530612245,0.08967836815336286,10,33,24,2.1561329606895887,0.31912908817906827,point_alpha_gt_2_uncertain
bonds,SU26225RMFS1,504,2019-10-24,2021-10-22,504,233,lower,raw,29,0.12446351931330472,2.0680483257669655,0.04655891861595629,3,0.4827586206896552,14,29,7.606334209038714e-05,0.006724564864751945,0.0,0.0593942052028998,1.787209316502973,2.0680483257669655,2.114607244382922,0.4729010565230599,0.004541410653162327,0.09511457186577466,5.3224789495918525,1.9786226547748667,1.7958517342061635,96,1.6791828902138888,6.592728735199156,2.896638921192391,2.1966054920507174,0.0,0.65625,0.07526016092884448,10,34,25,2.0711974637185744,0.24506631997437722,point_alpha_gt_2_uncertain
bonds,SU26225RMFS1,504,2019-11-25,2021-11-23,504,236,lower,raw,31,0.13135593220338984,2.2279072830174047,0.0899832859403058,3,0.45161290322580644,14,31,-5.1539971220548675e-05,0.006840874839860689,0.0,0.0593942052028998,1.9720213797372157,2.2279072830174047,2.3178905689577105,0.43142675214804105,0.004414982520349964,0.10510898289090335,2.971194059807348,2.1856827279153785,1.9526048971609484,86,1.6306539687486186,8.370623791925887,3.540302886301113,4.892492498899936,0.0,0.6976744186046512,0.09721443041956812,10,35,26,2.0320159313892026,0.16875248914778807,point_alpha_gt_2_uncertain
bonds,SU26225RMFS1,504,2019-12-24,2021-12-22,504,235,lower,raw,31,0.13191489361702127,2.2279072830174047,0.0899832859403058,3,0.45161290322580644,14,31,-1.5821820244198175e-05,0.006888184633296145,0.0,0.0593942052028998,1.9720213797372157,2.2279072830174047,2.3178905689577105,0.43142675214804105,0.004414982520349964,0.10510898289090335,2.471799458458833,2.1856827279153785,1.9526048971609484,92,1.6972590092045448,7.168182704362791,3.8635345662855833,7.027767784824089,0.0,0.6956521739130435,0.09721443041956812,10,35,26,2.0320159313892026,0.16875248914778807,point_alpha_gt_2_uncertain
bonds,SU26225RMFS1,504,2020-01-28,2022-01-21,504,242,lower,raw,33,0.13636363636363635,2.0778643081195325,0.026982115644019977,3,0.42424242424242425,14,33,-0.00018513667041981588,0.007056620918573282,0.0,0.0593942052028998,2.1048464237635525,2.0778643081195325,1.7972537601015475,0.5564044556198333,0.0037558509794152865,0.11040589609862111,3.3415791686748246,2.3282633976543208,1.9722210979927748,92,1.7252161896866423,7.088262666231406,3.616404193089135,5.904749455470853,0.0,0.7065217391304348,0.07549334789999665,10,36,27,2.236997331877925,0.7070852122027373,point_alpha_gt_2_uncertain
bonds,SU26225RMFS1,504,2020-02-27,2022-02-21,504,247,lower,raw,36,0.145748987854251,2.0630942351320867,0.05716862745550255,3,0.4166666666666667,15,36,-0.0003690590132528426,0.007680190358461525,0.0,0.0593942052028998,1.8023858077883734,2.1202628625875892,2.0630942351320867,0.4847088334459799,0.005105948634105947,0.11320079846821043,4.357880791710084,1.9401790618184376,1.8227554299525783,100,1.8018679466742553,5.226319815411131,3.894985377092748,9.951517597725978,0.0,0.81,0.10080045003958951,10,37,28,2.8749342929739017,1.2979254813922365,point_alpha_gt_2_uncertain
bonds,SU26225RMFS1,504,2020-03-30,2022-03-24,504,241,lower,raw,21,0.08713692946058091,1.386411405218014,0.007301338579624783,3,0.5714285714285714,12,21,-0.0005898283011546547,0.012049188367467626,0.0,0.202020231842739,1.3937127437976389,1.386411405218014,1.350307005156603,0.7405723262792554,0.006915470581653703,0.12320304282372363,,1.6600401951053758,1.2665349600351943,98,1.1302837097238847,4.493451268602064,2.715203369103364,6.929634971798396,0.01020408163265306,0.2857142857142857,0.0947737931858757,10,36,27,1.3831139281875704,0.03774950468282534,point_alpha_1_2_uncertain
bonds,SU26225RMFS1,504,2020-04-28,2022-04-22,504,242,lower,raw,25,0.10330578512396695,1.417931616326439,0.006323086122758781,3,0.56,14,25,-0.00030309624715730703,0.013021522491788663,0.0,0.202020231842739,1.4242547024491978,1.417931616326439,1.3374019804867647,0.7477183484026524,0.00630167693209247,0.12048709244715437,4.843382612664719,1.6568733598347463,1.3140736284127763,99,1.113319076167502,3.748347143102961,1.8569706300820847,1.1814864594183705,0.0,0.21212121212121213,0.07246490424407168,10,36,27,1.4144261368467652,0.08335047266079187,point_alpha_1_2_uncertain
bonds,SU26225RMFS1,504,2020-05-29,2022-05-27,504,243,lower,raw,23,0.09465020576131687,1.4131136568362874,0.01336900634952598,3,0.5652173913043478,13,23,-0.00028695214222777083,0.013094408812383608,0.0,0.202020231842739,1.3997446504867614,1.4337182401224424,1.4131136568362874,0.7076571620140052,0.007092067345066465,0.11867580811792816,17.66005023929726,1.6403463010381583,1.309898800690763,96,1.1047252071108766,4.920226529710242,2.3596771560501923,2.8562972833509277,0.0,0.3020833333333333,0.09262150008135678,10,36,27,1.4141783766699019,0.08028555036462537,point_alpha_1_2_uncertain
bonds,SU26225RMFS1,504,2020-07-02,2022-06-28,504,235,lower,raw,24,0.10212765957446808,1.3927356832402502,0.006538687660301523,3,0.5833333333333334,14,24,-0.00010734355865477494,0.013095233272402286,0.0,0.202020231842739,1.3992743709005517,1.3927356832402502,1.2637292785756402,0.7913087216963971,0.006214474623196419,0.1380781053241849,158.5406989463255,1.6330795295296987,1.2867835652272546,98,1.0726004703291447,3.014429807063135,1.6523071985368212,0.9040016856845386,0.02040816326530612,0.1326530612244898,0.08006762878347706,10,35,26,1.389586989769089,0.09409892762792316,point_alpha_1_2_uncertain
bonds,SU26225RMFS1,504,2020-07-31,2022-07-27,504,236,lower,raw,22,0.09322033898305085,1.3456996070563265,0.027359466624901074,3,0.5454545454545454,12,22,-0.00013021627041949894,0.013086060702059258,0.0,0.202020231842739,1.3456996070563265,1.3730590736812276,1.2760022582251158,0.7836976725973609,0.006762316183265175,0.12534005610114085,,1.5802349388566994,1.2538756223844842,98,1.0567500876834521,3.139578952827509,1.774851760807293,0.8911657521138941,0.02040816326530612,0.23469387755102042,0.10646689047247564,10,35,26,1.3591450656645407,0.09478701014266577,point_alpha_1_2_uncertain
bonds,SU26225RMFS1,504,2020-08-31,2022-08-25,504,237,lower,raw,20,0.08438818565400844,1.327582634012816,0.01825612497385376,3,0.55,11,20,-0.00010509085564385453,0.013030580942942674,0.0,0.202020231842739,1.3458387589866698,1.327582634012816,1.1145947220054635,0.8971870943375042,0.006225247734664275,0.1357545190498214,,1.605365265275376,1.2184256563431162,97,1.0658592484600857,3.2179575452383724,1.6579062881924818,0.8452963687183023,0.020618556701030927,0.17525773195876287,0.112546202082943,10,35,26,1.3368385050702676,0.08253123873706603,point_alpha_1_2_uncertain
bonds,SU26225RMFS1,504,2020-09-29,2022-09-23,504,237,lower,raw,24,0.10126582278481013,1.33733989510329,0.006331617052797167,3,0.5,12,24,-0.00023029680015930967,0.013155034855201376,0.0,0.202020231842739,1.33733989510329,1.4059102502319263,1.3310082780504928,0.7513101281869445,0.0070017592966472655,0.14139250641595463,,1.5458913720507592,1.2848190274433169,96,1.1123515355984503,3.4690990339343335,1.8071587240618872,1.2264753761977525,0.020833333333333332,0.1875,0.08178887197859713,10,35,26,1.4345284682189838,0.16344691799637578,point_alpha_1_2_uncertain
bonds,SU26225RMFS1,504,2020-10-28,2022-10-24,504,237,lower,raw,27,0.11392405063291139,1.4319269501878262,0.006518825728621502,3,0.4444444444444444,12,27,-0.00022828743576697042,0.01325334554828639,0.0,0.202020231842739,1.4384457759164477,1.4319269501878262,1.322917419600021,0.7559050815903128,0.006144078346645843,0.10380536298190682,,1.655804873984397,1.3407851809001756,99,1.075198794206139,3.8613801699955386,1.9176098123902472,1.3429668744723584,0.0,0.23232323232323232,0.06435129851971204,10,35,26,1.4679422730216927,0.1186258264625295,point_alpha_1_2_uncertain
bonds,SU26225RMFS1,504,2020-11-27,2022-11-23,504,235,lower,raw,27,0.1148936170212766,1.4265406247913492,0.0032960252420761726,3,0.4444444444444444,12,27,-0.0002579555988700588,0.013228260534002535,0.0,0.202020231842739,1.423244599549273,1.4565364488878267,1.4265406247913492,0.700996510454277,0.00661365233091399,0.08108677594559655,,1.6349309951540922,1.3519099719217513,100,1.104707751541142,4.321815260008074,1.970852899043197,1.2033884870624836,0.01,0.29,0.0617212931587741,10,35,26,1.469877360141072,0.0964376653088248,point_alpha_1_2_uncertain
bonds,SU26225RMFS1,504,2020-12-28,2022-12-22,504,238,lower,raw,27,0.1134453781512605,1.4265406247913492,0.0032960252420761726,3,0.4444444444444444,12,27,-0.00025576657179070814,0.013224774219540388,0.0,0.202020231842739,1.423244599549273,1.4565364488878267,1.4265406247913492,0.700996510454277,0.00661365233091399,0.08108677594559655,,1.6349309951540922,1.3519099719217513,99,1.1471044298072015,4.82455306815548,2.0285078389072213,1.4304606216370708,0.0,0.25252525252525254,0.0617212931587741,10,35,26,1.469877360141072,0.0964376653088248,point_alpha_1_2_uncertain
bonds,SU26225RMFS1,504,2021-01-29,2023-01-23,504,238,lower,raw,27,0.1134453781512605,1.4265406247913492,0.0032960252420761726,3,0.4444444444444444,12,27,-0.00020749258363776497,0.013217521686224573,0.0,0.202020231842739,1.423244599549273,1.4565364488878267,1.4265406247913492,0.700996510454277,0.00661365233091399,0.08108677594559655,5.710539159403959,1.6349309951540922,1.3519099719217513,100,1.135420621986583,4.174600951249084,2.0658005203026253,1.4016390967307442,0.0,0.3,0.0617212931587741,10,35,26,1.469877360141072,0.09269563375137735,point_alpha_1_2_uncertain
bonds,SU26225RMFS1,504,2021-03-01,2023-02-21,504,237,lower,raw,28,0.11814345991561181,1.43047747973825,0.006716063456254195,3,0.4642857142857143,13,28,-0.0001872249851059293,0.013194228975880452,0.0,0.202020231842739,1.4237614162819958,1.456468165549665,1.43047747973825,0.6990672793974924,0.006459805513699668,0.07793973674855492,2.862640674070497,1.6291114313617132,1.3547278264230314,100,1.102370163956407,4.734181300524938,1.8948526527448033,1.1615431769177762,0.01,0.22,0.05757530699195367,10,35,26,1.469877360141072,0.08702654192426418,point_alpha_1_2_uncertain
bonds,SU26225RMFS1,504,2021-03-31,2023-03-24,504,231,lower,raw,33,0.14285714285714285,1.446256158074062,0.011691175642707385,3,0.36363636363636365,12,33,-0.00014534642477423185,0.013153947284322816,0.0,0.202020231842739,1.4579473337167694,1.446256158074062,1.383601499836289,0.722751457062111,0.005507958807760161,0.07323806886815881,2.0574282115593885,1.6455379553287084,1.369382251293103,100,1.1630208813981873,4.028345145527868,2.0171206698252724,1.2739433279951398,0.02,0.33,0.054770086068714835,10,34,25,1.477444073825924,0.07750721171586195,point_alpha_1_2_uncertain
bonds,SU26225RMFS1,504,2021-04-29,2023-04-24,504,228,lower,raw,33,0.14473684210526316,1.446256158074062,0.011691175642707385,3,0.36363636363636365,12,33,-0.00015185824838209942,0.01312035992368299,0.0,0.202020231842739,1.4579473337167694,1.446256158074062,1.383601499836289,0.722751457062111,0.005507958807760161,0.07323806886815881,1.598790587636681,1.6455379553287084,1.369382251293103,99,1.1560121023975316,3.6584207137945803,2.4472916716320072,5.035393891376673,0.0,0.31313131313131315,0.054770086068714835,10,34,25,1.477444073825924,0.07750721171586195,point_alpha_1_2_uncertain
bonds,SU26225RMFS1,504,2021-05-31,2023-05-25,504,224,lower,raw,28,0.125,1.4262699793303093,0.004975265102327153,3,0.42857142857142855,12,28,-0.00013438212251983767,0.013116012748392504,0.0,0.202020231842739,1.4212947142279821,1.4548838348202637,1.4262699793303093,0.7011295298170266,0.006452441406515356,0.07819403637158095,2.237569393676239,1.6259695317403287,1.35306537985092,98,1.1297964742147169,5.786902325154681,2.5353679849544264,4.7816907371678115,0.01020408163265306,0.25510204081632654,0.05728616435642605,10,33,24,1.4778081567891745,0.08101686400880115,point_alpha_1_2_uncertain
bonds,SU26225RMFS1,504,2021-06-29,2023-06-26,504,224,lower,raw,28,0.125,1.4262699793303093,0.004975265102327153,3,0.42857142857142855,12,28,-0.0001632330324948258,0.013104102772291027,0.0,0.202020231842739,1.4212947142279821,1.4548838348202637,1.4262699793303093,0.7011295298170266,0.006452441406515356,0.07819403637158095,1.9844303803909955,1.6259695317403287,1.35306537985092,100,1.1030203404974792,4.2901851046672395,2.000901700641997,1.1950047270699373,0.01,0.35,0.05728616435642605,10,33,24,1.4778081567891745,0.08101686400880115,point_alpha_1_2_uncertain
bonds,SU26225RMFS1,504,2021-07-28,2023-07-25,504,227,lower,raw,33,0.14537444933920704,1.446256158074062,0.011691175642707385,3,0.36363636363636365,12,33,-0.00020642151414637002,0.013096504156061632,0.0,0.202020231842739,1.4579473337167694,1.446256158074062,1.383601499836289,0.722751457062111,0.005507958807760161,0.07323806886815881,1.631196398921245,1.6455379553287084,1.369382251293103,99,1.1824221550943042,4.364035437655021,2.074746412002844,2.2849991491332617,0.0,0.2727272727272727,0.054770086068714835,10,34,25,1.477444073825924,0.07750721171586195,point_alpha_1_2_uncertain
bonds,SU26225RMFS1,504,2021-08-26,2023-08-23,504,227,lower,raw,33,0.14537444933920704,1.446256158074062,0.011691175642707385,3,0.36363636363636365,12,33,-0.00019259378130490382,0.013096316610237434,0.0,0.202020231842739,1.4579473337167694,1.446256158074062,1.383601499836289,0.722751457062111,0.005507958807760161,0.07323806886815881,1.2887854432982568,1.6455379553287084,1.369382251293103,100,1.1500743821175088,5.7747235741455425,2.0733379896801463,1.7432112694333934,0.0,0.23,0.054770086068714835,10,34,25,1.477444073825924,0.07750721171586195,point_alpha_1_2_uncertain
bonds,SU26225RMFS1,504,2021-09-24,2023-09-21,504,230,lower,raw,26,0.11304347826086956,1.446922606702809,0.00728899482374068,3,0.46153846153846156,12,26,-0.0002356896185828113,0.013123674543975674,0.0,0.202020231842739,1.4542116015265496,1.446922606702809,1.3573110487244306,0.7367507992657812,0.006417784614283318,0.09031178925657246,2.371187599325366,1.6830715388801434,1.351988265990247,99,1.114180586896088,6.121123231603598,2.479428104878972,3.7891545894802867,0.010101010101010102,0.24242424242424243,0.06491667270278481,10,34,25,1.4680806020122183,0.08080768085018342,point_alpha_1_2_uncertain
bonds,SU26225RMFS1,504,2021-10-25,2023-10-20,504,230,lower,raw,33,0.14347826086956522,1.442392882905529,0.009115525473712527,3,0.36363636363636365,12,33,-0.000220211954804064,0.013100654602830584,0.0,0.202020231842739,1.4515084083792416,1.442392882905529,1.3718836665335905,0.7289247801358782,0.0054853438998826096,0.06923254676210822,1.6388708897087105,1.6375322746225802,1.365329164045698,99,1.0867347569542254,3.5738557450029003,1.7984181034556046,1.1242584233732607,0.0,0.20202020202020202,0.04877912735032319,10,34,25,1.4781722397524253,0.07393279150221965,point_alpha_1_2_uncertain
bonds,SU26225RMFS1,504,2021-11-24,2023-11-20,504,229,lower,raw,30,0.13100436681222707,1.3422165658885017,0.02208487580750451,3,0.4,12,30,-3.923821155910892e-05,0.013105714656244945,0.0,0.202020231842739,1.3422165658885017,1.3925105903967392,1.3201316900809972,0.7575001854085062,0.005895696863927248,0.09615145974878975,1.7449525760052762,1.5164391438666436,1.294897845971949,100,1.1219231430673455,4.08127445712611,1.8513632547240926,1.1990154338000691,0.0,0.2,0.06709831761456751,10,34,25,1.4680806020122183,0.1935265052556252,point_alpha_1_2_uncertain
bonds,SU26225RMFS1,504,2021-12-23,2023-12-19,504,233,lower,raw,29,0.12446351931330472,1.3693385296357647,0.011652044891991453,3,0.41379310344827586,12,29,-9.595198384670147e-05,0.013116131124480344,0.0,0.202020231842739,1.3693385296357647,1.3809905745277562,1.2220570142829246,0.8182924268772988,0.005566742636887603,0.10263124979605762,3.1365288864384873,1.5564138215990655,1.2924963659980078,97,1.1028068159152662,3.760314274748437,2.0310307359986455,2.443252001755797,0.020618556701030927,0.21649484536082475,0.06638232677196072,10,34,25,1.4680806020122183,0.18464023233392046,point_alpha_1_2_uncertain
bonds,SU26225RMFS1,504,2022-01-24,2024-01-19,504,229,lower,raw,27,0.11790393013100436,1.3267968994872688,0.005335913669884063,3,0.5185185185185185,14,27,5.969425508637306e-05,0.013041593561357572,0.0,0.202020231842739,1.3321328131571528,1.3267968994872688,1.179376358388676,0.8479057536529313,0.005448978355932794,0.08425883752106478,2.5077537537433807,1.5257401398250217,1.2455296754505192,100,1.1158498566701687,2.880801876045132,1.698851412344286,0.6305693914974904,0.0,0.23,0.059067843245776644,10,34,25,1.3643662522653446,0.1509720072012828,point_alpha_1_2_uncertain
bonds,SU26225RMFS1,504,2022-02-22,2024-02-19,504,228,lower,raw,14,0.06140350877192982,1.2303201287281735,0.022711082650094694,3,0.42857142857142855,6,14,0.0001923324471099406,0.012670623299755211,0.0,0.202020231842739,1.2303201287281735,1.2530312113782682,1.1863935717796816,0.8428906088052408,0.007929939850913937,0.07427502649842918,,1.2303201287281735,1.1174210951557657,98,0.9794446964109333,3.546633210943195,2.2054522916152286,5.104767337814321,0.08163265306122448,0.24489795918367346,0.0826110461855255,10,34,25,1.2665668128624172,0.03911597427269875,point_alpha_1_2_uncertain
bonds,SU26225RMFS1,504,2022-03-25,2024-03-21,504,241,lower,raw,19,0.07883817427385892,2.4963718437115556,0.008499509150786011,3,0.5789473684210527,11,19,0.00044950263683196613,0.006973555463580315,0.0,0.0353105263688773,2.4963718437115556,2.5048713528623416,2.2106462005593275,0.4523564194700105,0.0031141917376380393,0.09398404499608404,,2.4963718437115556,2.275288433007043,87,1.8934745472805907,4.421487945480994,2.716403199399274,0.8549333732074551,0.0,0.8735632183908046,0.08306192928363695,10,36,27,2.4963718437115556,0.7168637336318175,point_alpha_gt_2_uncertain
bonds,SU26225RMFS1,504,2022-04-25,2024-04-19,504,247,lower,raw,15,0.06072874493927125,2.6984272672199445,0.10158352834522288,3,0.5333333333333333,8,15,1.6674652460707834e-05,0.00463923167901411,0.0,0.0353105263688773,2.8320859620635273,2.6984272672199445,2.5968437388747216,0.38508285463234126,0.0028340343240070235,0.11332927077905493,,2.8320859620635273,2.4828345167148504,80,1.8731886735042766,12.498787978681436,5.01043031890384,6.281513108398149,0.0,0.8625,0.13224686328459007,10,37,28,2.684047973692555,3.2123339958679926,point_alpha_gt_2_uncertain
bonds,SU26225RMFS1,504,2022-05-30,2024-05-21,504,255,lower,raw,15,0.058823529411764705,2.829602451080631,0.011304778547312822,3,0.5333333333333333,8,15,-0.00015623351217623998,0.004401962658732255,0.0,0.0353105263688773,2.816866626497993,2.829602451080631,2.840907229627944,0.35200023062033037,0.0029702147867707515,0.15973507046165253,,2.816866626497993,2.5133658301540187,75,2.000859797570433,9.550427299728526,4.51442968567296,6.106156469195139,0.0,0.9466666666666667,0.13024782142804336,10,38,29,2.742378619898559,3.4196202259512014,strict_alpha_gt_2
bonds,SU26225RMFS1,504,2022-06-29,2024-06-20,504,264,lower,raw,24,0.09090909090909091,3.209976511127006,0.046910549826864045,3,0.5,12,24,-0.00042075205604189935,0.0044937415690085745,0.0,0.0353105263688773,3.163065961300142,3.209976511127006,3.3095154221944334,0.3021590391432387,0.0026043669520342937,0.0986131178223908,2.6151642467332206,3.759290205334268,2.9114708246760723,73,2.0016326815883922,13.80423001037378,4.942936017092918,6.431933043011298,0.0,0.9452054794520548,0.09429573401700625,10,39,30,3.4855879870979223,0.5854272347380882,strict_alpha_gt_2
bonds,SU26225RMFS1,504,2022-07-28,2024-07-19,504,263,lower,raw,18,0.06844106463878327,2.9735150129681847,0.02153887225500606,3,0.5,9,18,-0.00039554964113875957,0.004541018890501446,0.0,0.0353105263688773,3.322055289712528,2.9735150129681847,2.9519761407131786,0.33875612550120626,0.002622740528883165,0.12852044046435795,28.058837201849514,3.322055289712528,2.860619803963213,76,2.139200892727975,7.402009727212834,4.0873888897571256,5.8723305817685745,0.0,1.0,0.09589017918067523,10,39,30,3.597189168917926,0.9838880181147447,strict_alpha_gt_2
bonds,SU26225RMFS1,504,2022-08-26,2024-08-19,504,260,lower,raw,26,0.1,3.077746118367455,0.01742072117755411,3,0.5,13,26,-0.0003370494690470151,0.00486541147832359,0.0,0.0353105263688773,3.052815974688324,3.095166839545009,3.077746118367455,0.32491308949499553,0.0027226068525507594,0.08142084304450392,3.955014700246548,3.537297035020725,2.859581237397717,86,2.429992254920453,12.005691580056668,4.409676208677875,3.150817461790359,0.0,1.0,0.060226373693586646,10,39,30,3.1688009236432553,0.6485825637126199,strict_alpha_gt_2
bonds,SU26225RMFS1,504,2022-09-26,2024-09-17,504,262,lower,raw,10,0.03816793893129771,5.110151027551869,0.294602809123651,3,0.7,7,10,-0.0002297323223886276,0.004815568886916533,0.0,0.0226213779215673,4.584800327434689,5.40475383667552,5.110151027551869,0.19568893259874395,0.0025074267584764753,0.16318139312969746,,4.584800327434689,4.037000192550831,72,3.1856713992640575,15.65085255694844,7.576394238624325,7.900940274238376,0.0,1.0,0.24828434732773444,10,39,30,6.524954166395713,9.461988847205745,strict_alpha_gt_2
bonds,SU26225RMFS1,504,2022-10-25,2024-10-16,504,268,lower,raw,27,0.10074626865671642,5.396399579950659,0.6612644388255724,3,0.5555555555555556,15,27,-0.0003237777568495562,0.00466449069535186,0.0,0.0226213779215673,3.663259020920921,5.396399579950659,6.057664018776231,0.16508013598978372,0.002483680412328708,0.05541792709554953,3.516604039313563,4.091386364524857,3.7238489360456435,67,3.093608282536182,18.72287203628219,8.19370945641409,5.917539005400798,0.0,1.0,0.38632818065968133,10,40,31,7.37038131615419,4.210665248505498,strict_alpha_gt_2
bonds,SU26225RMFS1,504,2022-11-24,2024-11-14,504,270,lower,raw,29,0.10740740740740741,5.432885362337941,0.7252646089467278,3,0.5172413793103449,15,29,-0.00027186918111582454,0.005047965736173671,0.0,0.0226213779215673,3.688577846434436,5.432885362337941,6.158149971284669,0.1623864317470312,0.002468812808940852,0.054910134019060086,4.136318321123186,4.0897186814997335,3.7586171720374524,68,3.0972072159713435,18.62905032611658,8.185863205339357,6.120753422455292,0.0,1.0,0.36141818142822224,10,40,31,8.495139935885788,5.383279104320879,strict_alpha_gt_2
bonds,SU26225RMFS1,504,2022-12-23,2024-12-13,504,270,lower,raw,31,0.11481481481481481,3.964266037266068,0.1683748440842079,3,0.5483870967741935,17,31,-0.0003314357408863908,0.005215777568640545,0.0,0.0226213779215673,3.484423154989656,4.132640881350276,3.964266037266068,0.2522535043308153,0.00243359819434703,0.060279676144862404,7.084455310498739,3.8065916429646376,3.401572604216831,86,2.918940576215423,25.05460661092623,8.622390090405359,13.21989113093548,0.0,1.0,0.1674137667500078,10,40,31,5.8457852933199375,2.0338597029467556,strict_alpha_gt_2
bonds,SU26225RMFS1,504,2023-01-24,2025-01-16,504,271,lower,raw,33,0.12177121771217712,4.097291031400318,0.08556568802543296,3,0.5151515151515151,17,33,-0.0002076197693674726,0.00609995764656774,0.0,0.0226213779215673,3.377888613078514,4.182856719425751,4.097291031400318,0.2440636977789281,0.0025533753309456633,0.07272234687327267,40.67737225584656,3.6555785815042823,3.33279021334873,83,2.946441022290918,22.1517571905847,6.722727013031097,6.9217844319353095,0.0,1.0,0.13515726225441138,10,40,31,4.9981174669058515,2.0893851151520764,strict_alpha_gt_2
bonds,SU26225RMFS1,504,2023-02-22,2025-02-14,504,274,lower,raw,29,0.10583941605839416,3.742778794868354,0.025981494116362747,3,0.5517241379310345,16,29,-0.00016219363277088133,0.006595281138491654,0.0,0.0279712436608938,2.9587856079182044,3.742778794868354,3.768760288984717,0.2653392424354467,0.0030883373304627553,0.08373337432196093,78.49082016907577,3.2516482482710947,2.949224946803522,93,2.3478364207868303,9.782153051435243,4.5376613920327555,3.461670384436891,0.0,1.0,0.08090737532172736,10,41,32,3.787571109677744,1.9709808997835778,strict_alpha_gt_2
bonds,SU26225RMFS1,504,2023-03-27,2025-03-17,504,272,lower,raw,34,0.125,3.18085893761545,0.09601911796712548,3,0.5588235294117647,19,34,-1.3648384584507778e-05,0.006784869068638318,0.0,0.0279712436608938,3.0848398196483244,3.4591390431869034,3.18085893761545,0.3143804926947361,0.002701831964679354,0.06246714367836692,35.56483092567745,3.3669592627913585,3.0059555321381097,91,2.7006099703531845,11.20745111558168,5.368460402757199,4.966958363595411,0.0,1.0,0.08271238012500637,10,40,31,4.164490467842666,1.947647720250652,strict_alpha_gt_2
bonds,SU26225RMFS1,504,2023-04-25,2025-04-15,504,279,lower,raw,39,0.13978494623655913,3.8224453535703202,0.35552009953166985,3,0.5384615384615384,21,39,-0.00010470034578601877,0.007092392616142753,0.0,0.0279712436608938,2.7951027773953885,3.8224453535703202,4.17796545310199,0.23935094993605938,0.003290108553726072,0.06827258852912099,14.738494786028575,2.986242455189154,2.8718691670726875,93,2.643036111093908,12.997692897700809,6.029470239753988,7.3957319310151455,0.0,1.0,0.21131987794185508,10,41,32,4.729201005138309,2.948076555671098,strict_alpha_gt_2
bonds,SU26225RMFS1,504,2023-05-26,2025-05-16,504,283,lower,raw,40,0.1413427561837456,3.5868351291764196,0.0019173443388855738,3,0.55,22,40,-8.976148607496989e-05,0.007177701008871802,0.0,0.0279712436608938,2.858551635015971,3.588752473515305,3.5868351291764196,0.2787973140626656,0.0030739210961573254,0.06730746132215099,21.065537534100862,3.2647622185349743,2.879089174930748,96,2.5064448208733507,11.045794442162293,5.172976507257785,5.232768537838703,0.0,1.0,0.07483708114353887,10,42,33,4.570704786263952,3.1391248384303134,strict_alpha_gt_2
bonds,SU26225RMFS1,504,2023-06-27,2025-06-17,504,279,lower,raw,40,0.14336917562724014,3.6569086276043103,0.04386462286033721,3,0.575,23,40,9.360429869319902e-06,0.007292637563085803,0.0,0.0279712436608938,2.883705766273455,3.6569086276043103,3.7007732504646476,0.2702137992038409,0.0030863718539466526,0.05641928204936536,,3.295104586167434,2.9116396946132173,97,2.5051525398453514,11.41580457826093,5.576609456493474,5.620197201018783,0.0,1.0,0.06700755667073023,10,41,32,4.763661836973244,2.458944348491043,strict_alpha_gt_2
bonds,SU26225RMFS1,504,2023-07-26,2025-07-16,504,272,lower,raw,39,0.14338235294117646,3.8331488485851253,0.2789520413700952,3,0.5641025641025641,22,39,0.00013999080172694044,0.007367298425405716,0.0,0.0279712436608938,2.84719827518697,3.8331488485851253,4.1121008899552205,0.24318469482174832,0.0032357522606981455,0.06043926859092258,,3.0445066692519602,2.913215741800554,96,2.414040751628814,10.89758124939024,6.054947858249157,7.7709489219912085,0.0,1.0,0.1481781265316482,10,40,31,5.005583447179809,2.3959301561926987,strict_alpha_gt_2
bonds,SU26225RMFS1,504,2023-08-24,2025-08-14,504,267,lower,raw,39,0.14606741573033707,3.8331488485851253,0.2789520413700952,3,0.5641025641025641,22,39,0.000232464919019659,0.007383467900857412,0.0,0.0279712436608938,2.84719827518697,3.8331488485851253,4.1121008899552205,0.24318469482174832,0.0032357522606981455,0.06043926859092258,,3.0445066692519602,2.913215741800554,96,2.550198226651978,16.184577117991847,6.452984131256852,7.948554205382155,0.0,1.0,0.1481781265316482,10,40,31,5.005583447179809,2.3959301561926987,strict_alpha_gt_2
bonds,SU26225RMFS1,504,2023-09-22,2025-09-12,504,264,lower,raw,38,0.14393939393939395,3.999328309319238,0.5133965018490052,3,0.5526315789473685,21,38,0.0002584754528462505,0.0073752962162845865,0.0,0.0279712436608938,2.821521421609066,3.999328309319238,4.512724811168243,0.22159560838391174,0.003363546985003689,0.058590920881886055,,3.018459590605754,2.9170980904306725,96,2.536887310449792,9.690718343138828,4.655174564266528,2.284685561306598,0.0,1.0,0.2165822681781788,10,39,30,5.066990718792667,2.463962009264677,strict_alpha_gt_2
bonds,SU26225RMFS1,504,2023-10-23,2025-10-13,504,265,lower,raw,38,0.14339622641509434,3.607015095398019,0.04996430599203938,3,0.6052631578947368,23,38,0.00020476805190428374,0.007400982133544125,0.001984126984126984,0.0279712436608938,2.949903791125065,3.6569794013900583,3.607015095398019,0.27723754227583963,0.0030651409702708303,0.05705094380839948,,3.164699038789911,2.951698667879895,99,2.575807065062308,23.151354028891078,7.190435526983542,9.378878063383162,0.0,1.0,0.08549623784890864,10,39,30,4.749520159256788,2.3872488547258532,strict_alpha_gt_2
bonds,SU26225RMFS1,504,2023-11-21,2025-11-11,504,263,lower,raw,38,0.1444866920152091,3.71972602616406,0.07549880750891491,3,0.6052631578947368,23,38,0.00021047733748150936,0.007377355406774715,0.001984126984126984,0.0279712436608938,2.90117002810382,3.71972602616406,3.795224833672975,0.2634890010013482,0.003149649843591871,0.06510947384021723,,3.1093698489470873,2.928198689196295,94,2.472389007272427,12.467404881727566,6.003460739075298,7.784546202532493,0.0,1.0,0.09441841973748927,10,39,30,5.191071144801065,2.5615404607732746,strict_alpha_gt_2
bonds,SU26225RMFS1,504,2023-12-20,2025-12-10,504,259,lower,raw,37,0.14285714285714285,3.772012580817278,0.13786438527308897,3,0.6216216216216216,23,37,0.0002672087654699828,0.007338924583870818,0.001984126984126984,0.0279712436608938,2.894914851226143,3.772012580817278,3.909876966090367,0.2557625236478829,0.0032092878573176725,0.0652536396601549,,3.1059300015095737,2.9288539493026047,99,2.5197837497389926,9.858841610921102,5.282172235058211,6.205642486250525,0.0,1.0,0.129762294823441,10,38,29,5.306153662579248,2.64790925919414,strict_alpha_gt_2
bonds,SU26225RMFS1,504,2024-01-22,2026-01-14,504,262,lower,raw,38,0.1450381679389313,4.144593417947165,0.8523184187284407,3,0.631578947368421,24,38,0.00022731465319525957,0.007429136360834548,0.001984126984126984,0.0279712436608938,2.800323553090201,4.144593417947165,4.996911836675606,0.20012360287414832,0.003546328243870312,0.0673822865423776,,2.9882009682121673,2.911710630461061,92,2.6465436472057364,24.450598650232706,6.890776023804919,8.391024004323366,0.0,1.0,0.33851100091932035,10,39,30,5.288628980527447,3.1337030039628,strict_alpha_gt_2
bonds,SU26225RMFS1,504,2024-02-20,2026-02-12,504,264,lower,raw,38,0.14393939393939395,4.144593417947165,0.8523184187284407,3,0.631578947368421,24,38,0.0002441420500278945,0.007441502441193818,0.001984126984126984,0.0279712436608938,2.800323553090201,4.144593417947165,4.996911836675606,0.20012360287414832,0.003546328243870312,0.0673822865423776,,2.9882009682121673,2.911710630461061,94,2.634631546025674,16.212253107714304,6.398085739050205,8.493651325308708,0.0,1.0,0.33851100091932035,10,39,30,5.288628980527447,3.1337030039628,strict_alpha_gt_2
bonds,SU26225RMFS1,504,2024-03-22,2026-03-16,504,255,lower,raw,37,0.1450980392156863,4.313654543815308,1.3729670983095952,3,0.6216216216216216,23,37,0.0004137364568511668,0.007453767052425315,0.001984126984126984,0.0279712436608938,2.7494277744811586,4.313654543815308,5.686621642124903,0.17585133369737133,0.0037178927111669677,0.06376365346312843,,2.934100787821591,2.889728004909236,85,2.7895760681877118,14.529192205609473,6.009342911503846,4.5583567338892665,0.0,1.0,0.49491884702360983,10,38,29,5.141372964838515,3.5620742729705803,strict_alpha_gt_2
bonds,SU26225RMFS1,504,2024-04-22,2026-04-14,504,249,lower,raw,36,0.14457831325301204,4.619382206904058,1.9018799360328131,3,0.6111111111111112,22,36,0.0004081855430716654,0.007421627071970535,0.001984126984126984,0.0279712436608938,2.717502270871245,4.619382206904058,6.848158411137419,0.14602465947248858,0.003903675761702168,0.06704548295505375,28.52025384764489,2.9008802866874452,2.8953914040348705,89,2.680803150679629,11.18441520596365,6.658436051736214,8.334581980027568,0.0,1.0,0.6081945562526376,10,37,28,5.227937128113133,3.640516979339664,strict_alpha_gt_2
bonds,SU26225RMFS1,504,2024-05-22,2026-05-14,504,245,lower,raw,35,0.14285714285714285,4.657094229257786,2.00064371100401,3,0.6,21,35,0.0005088416484141432,0.0074047030863624245,0.001984126984126984,0.0279712436608938,2.656450518253776,4.657094229257786,7.600707784227147,0.1315666946274638,0.004056489783797516,0.08102786122690159,1288.3830507707814,2.8362529088451023,2.843408228798736,91,2.7638193008536636,9.3845602593901,4.93667466682251,2.309794056196072,0.0,1.0,0.6722597588057898,10,36,27,5.119208017046848,3.490708529341701,strict_alpha_gt_2
bonds,SU26225RMFS1,504,2024-05-23,2026-05-15,504,244,lower,raw,35,0.14344262295081966,4.657094229257786,2.00064371100401,3,0.6,21,35,0.0005167955564698647,0.007403516398126061,0.001984126984126984,0.0279712436608938,2.656450518253776,4.657094229257786,7.600707784227147,0.1315666946274638,0.004056489783797516,0.08102786122690159,,2.8362529088451023,2.843408228798736,86,2.688426000925298,26.049571829855093,7.637517371912192,9.326736615291525,0.0,1.0,0.6722597588057898,10,36,27,5.119208017046848,3.490708529341701,strict_alpha_gt_2
bonds,SU26224RMFS4,504,2018-03-09,2020-03-04,504,203,lower,raw,20,0.09852216748768473,29.26756745208943,26.528046489956026,2,0.6,12,20,0.0004349570976313768,0.003978199879636905,0.0,0.0203298684211629,2.7395209621334065,55.795613942045456,inf,-0.13173408402183406,0.004213503497120352,0.0831955753497739,1.0680117410705465,3.021064344516793,3.2131873448152173,29,3.157849726128894,22.009680435708244,8.48332771574864,9.618230523761111,0.0,1.0,1.1725241086836533,10,30,21,2.6129539424594057,0.6384916836055221,strict_alpha_gt_2
bonds,SU26224RMFS4,504,2018-04-09,2020-04-03,504,202,lower,raw,26,0.12871287128712872,2.590342884984343,0.6183509461584467,3,0.46153846153846156,12,26,0.0003298270397158881,0.005699922488876562,0.0,0.0483412018409542,1.7366078547784565,2.590342884984343,3.2086938311427895,0.3116532934037667,0.0054746252157206274,0.07338553221006883,1.1452744139252897,1.9092494146473789,1.8936356659367104,80,1.7649610454098834,12.600486671648342,4.516799428277461,3.934092175924296,0.0,0.9,0.39011713307513385,10,30,21,3.372505840461697,1.0821066138850908,point_alpha_gt_2_uncertain
bonds,SU26224RMFS4,504,2018-05-08,2020-05-05,504,199,lower,raw,19,0.09547738693467336,2.562785830387757,0.26223793519518024,3,0.42105263157894735,8,19,0.00045413499648286093,0.005713222141512777,0.0,0.0483412018409542,1.8872923180174739,2.562785830387757,2.8250237655829373,0.35397932300001456,0.005479212541078356,0.11662184286116484,1.5538015272606656,1.8872923180174739,1.9492858614989412,82,1.8817666184054769,8.847316492230574,4.020774668038657,5.852080576080013,0.0,0.8902439024390244,0.22177198795388423,10,29,20,2.5664426983040673,0.181426318094561,point_alpha_gt_2_uncertain
bonds,SU26224RMFS4,504,2018-06-07,2020-06-04,504,197,lower,raw,19,0.09644670050761421,2.562785830387757,0.26223793519518024,3,0.42105263157894735,8,19,0.000522991296337127,0.005773446484731474,0.0,0.0483412018409542,1.8872923180174739,2.562785830387757,2.8250237655829373,0.35397932300001456,0.005479212541078356,0.11662184286116484,1.9707458994105487,1.8872923180174739,1.9492858614989412,82,1.9146087617718315,9.911723915247824,3.553595192381883,2.875769447205586,0.0,0.8780487804878049,0.22177198795388423,10,29,20,2.5664426983040673,0.181426318094561,point_alpha_gt_2_uncertain
bonds,SU26224RMFS4,504,2018-07-06,2020-07-08,504,193,lower,raw,18,0.09326424870466321,2.6700872542438363,0.2330197149512392,3,0.3888888888888889,7,18,0.0005584960381058171,0.005841994179928579,0.0,0.0483412018409542,1.993780395787172,2.6700872542438363,2.9031069691950755,0.3444585441084395,0.005534738475748121,0.11752421814470981,1.812872290227937,1.993780395787172,2.031124131818771,73,1.8744322269927212,10.054983915427053,4.147860176941164,3.4979654294514466,0.0,0.8904109589041096,0.2090055789516302,10,28,19,2.7980486603670514,0.3464849570908135,point_alpha_gt_2_uncertain
bonds,SU26224RMFS4,504,2018-08-06,2020-08-06,504,196,lower,raw,16,0.08163265306122448,2.8364837159739134,0.38771048238114547,3,0.3125,5,16,0.000553149063027191,0.00582813166731299,0.0,0.0483412018409542,1.98536553238242,2.8364837159739134,3.224194198355059,0.31015501501435205,0.006082129407540691,0.13574451599008797,2.010622765000583,1.98536553238242,2.040541769355991,75,1.8852559607095565,9.191654975679631,3.9224341927055404,3.204876315532438,0.0,0.88,0.2738554469341155,10,29,20,2.8858224173188605,0.2816387528949318,point_alpha_gt_2_uncertain
bonds,SU26224RMFS4,504,2018-09-04,2020-09-04,504,194,lower,raw,21,0.10824742268041238,2.6692388744362003,0.5407305051954285,3,0.47619047619047616,10,21,0.0006305138711703315,0.0057695941605458885,0.0,0.0483412018409542,1.7358650752944034,2.6692388744362003,3.209969379631629,0.31152945144752703,0.005752856687966654,0.10086834367435801,1.8906324302503044,1.9471865195643967,1.8914566128505532,79,1.9094852095237347,7.089027962060618,3.6119604653926602,2.1692630292227277,0.0,0.9240506329113924,0.3721089655623665,10,29,20,2.612276921074174,0.2864190319002611,point_alpha_gt_2_uncertain
bonds,SU26224RMFS4,504,2018-10-03,2020-10-05,504,199,lower,raw,19,0.09547738693467336,2.378964494703247,0.2847760877974146,3,0.47368421052631576,9,19,0.0005939072863391207,0.005626131568098199,0.0,0.0483412018409542,1.726139538791272,2.378964494703247,2.6637405825006617,0.37541193259188244,0.005480984157153154,0.10169611397562517,1.5446795940862994,1.726139538791272,1.8063434568734245,78,1.7760659625847466,13.063629837513947,3.9202521070558407,4.598405453891213,0.0,0.7564102564102564,0.2388004446304513,10,29,20,2.3905721455138265,0.22989596444285,point_alpha_gt_2_uncertain
bonds,SU26224RMFS4,504,2018-11-01,2020-11-03,504,203,lower,raw,16,0.07881773399014778,2.289294832114381,0.06766626135049814,3,0.4375,7,16,0.000608376935783368,0.00558576610486865,0.0,0.0483412018409542,1.8003368489052871,2.289294832114381,2.356961093464879,0.424275140889126,0.005512496615782119,0.10258875140307594,1.550826970434062,1.8003368489052871,1.7986999756105984,81,1.8385458418264065,13.934418871982249,4.7947642175220055,6.737137095844091,0.0,0.7901234567901234,0.22744696310144083,10,30,21,2.478559188876745,0.3787094071221002,point_alpha_gt_2_uncertain
bonds,SU26224RMFS4,504,2018-12-03,2020-12-03,504,201,lower,raw,16,0.07960199004975124,2.289294832114381,0.06766626135049814,3,0.4375,7,16,0.0006596383131309346,0.005537150377078791,0.0,0.0483412018409542,1.8003368489052871,2.289294832114381,2.356961093464879,0.424275140889126,0.005512496615782119,0.10258875140307594,0.8496211190212168,1.8003368489052871,1.7986999756105984,72,1.7287713192555945,8.776122911679664,4.2665100565138925,6.395955857658617,0.0,0.8333333333333334,0.22853968258700422,10,30,21,2.5971328879506625,0.35529520769907696,point_alpha_gt_2_uncertain
bonds,SU26224RMFS4,504,2019-01-03,2021-01-05,504,198,lower,raw,15,0.07575757575757576,2.6263322077070286,0.6716090164185466,3,0.4,6,15,0.0006417076703011687,0.005530542113398358,0.0,0.0483412018409542,1.7009711142067738,2.6263322077070286,3.297941224125575,0.3032194730108153,0.006749927390225985,0.11911274819213175,0.6869305268528242,1.7009711142067738,1.8058544840883433,69,1.7670901431951722,22.579958211433983,4.962342074858715,6.587168915018199,0.0,0.8115942028985508,0.4966254228512412,10,29,20,2.7037945486436126,0.23468206061532104,point_alpha_gt_2_uncertain
bonds,SU26224RMFS4,504,2019-02-04,2021-02-04,504,204,lower,raw,16,0.0784313725490196,2.289294832114381,0.06766626135049814,3,0.4375,7,16,0.00052311190520958,0.005502184081782815,0.0,0.0483412018409542,1.8003368489052871,2.289294832114381,2.356961093464879,0.424275140889126,0.005512496615782119,0.10258875140307594,0.7802085604857218,1.8003368489052871,1.7986999756105984,72,1.850453423378442,36.94782900830712,6.626885901519945,11.318853442846052,0.0,0.875,0.22853968258700422,10,30,21,2.543286961211083,0.4897354496330819,point_alpha_gt_2_uncertain
bonds,SU26224RMFS4,504,2019-03-05,2021-03-05,504,205,lower,raw,26,0.12682926829268293,1.8864946169054484,0.07243683246091148,3,0.46153846153846156,12,26,0.0004951332964767756,0.0055304078570458165,0.0,0.0483412018409542,1.6913891626412139,1.9589314493663599,1.8864946169054484,0.5300836753196632,0.00390604787460838,0.10216475795604896,1.4192960224643665,1.8767004832886711,1.6957016309255322,80,1.5858192100620552,15.78543757981543,4.106469570158926,4.417839955536711,0.0,0.6875,0.11176122612621912,10,30,21,2.3503707942698413,0.7065213140636506,point_alpha_1_2_uncertain
bonds,SU26224RMFS4,504,2019-04-04,2021-04-06,504,209,lower,raw,28,0.1339712918660287,1.9604961865472579,0.005731948946308352,3,0.42857142857142855,12,28,0.0004289430022979409,0.005544509640804067,0.0,0.0483412018409542,1.6503769769511862,1.9604961865472579,1.9662281354935662,0.5085879822124395,0.003891194123775206,0.12132631351289558,2.1986298162048334,1.817970860477602,1.6821930031865897,87,1.562327877054944,9.15497692877883,3.3554769148568657,3.4766067433012164,0.0,0.6436781609195402,0.05832710710600592,10,31,22,2.199031963734264,0.8289864389030759,point_alpha_1_2_uncertain
bonds,SU26224RMFS4,504,2019-05-06,2021-05-06,504,211,lower,raw,28,0.13270142180094788,1.9604961865472579,0.005731948946308352,3,0.42857142857142855,12,28,0.0004197185332776943,0.005553260374248767,0.0,0.0483412018409542,1.6503769769511862,1.9604961865472579,1.9662281354935662,0.5085879822124395,0.003891194123775206,0.12132631351289558,3.0944269339412096,1.817970860477602,1.6821930031865897,85,1.5374468489848716,7.566875590693295,3.3131915171855106,4.941216385749535,0.0,0.6,0.05832710710600592,10,31,22,2.199031963734264,0.8289864389030759,point_alpha_1_2_uncertain
bonds,SU26224RMFS4,504,2019-06-05,2021-06-04,504,217,lower,raw,28,0.12903225806451613,1.9604961865472579,0.005731948946308352,3,0.42857142857142855,12,28,0.0003648195084214685,0.005541367542957962,0.0,0.0483412018409542,1.6503769769511862,1.9604961865472579,1.9662281354935662,0.5085879822124395,0.003891194123775206,0.12132631351289558,3.2710954101340732,1.817970860477602,1.6821930031865897,87,1.4948345086915296,9.667714091147246,3.3975093411619413,3.115630909506661,0.0,0.6091954022988506,0.05832710710600592,10,32,23,2.1519660189637713,0.8417421476748541,point_alpha_1_2_uncertain
bonds,SU26224RMFS4,504,2019-07-05,2021-07-05,504,221,lower,raw,29,0.13122171945701358,1.9205572883940645,0.00539710623896017,3,0.41379310344827586,12,29,0.0002999226156620085,0.0055130628428048944,0.0,0.0483412018409542,1.627561185250751,1.9259543946330246,1.9205572883940645,0.5206822030475238,0.0037894906103550993,0.1040308607185742,3.690178064468067,1.7871976318205103,1.660697388151435,83,1.4791831771670347,11.158283126223541,4.17332210328715,7.570111703858618,0.0,0.5662650602409639,0.056760643324308024,10,33,24,2.194539695870831,0.856917180095824,point_alpha_1_2_uncertain
bonds,SU26224RMFS4,504,2019-08-05,2021-08-03,504,219,lower,raw,30,0.136986301369863,1.6717612253521692,0.023775794713241316,3,0.36666666666666664,11,30,0.0003362203949741597,0.005483990753522106,0.0,0.0483412018409542,1.6479854306389279,1.8179182888090555,1.6717612253521692,0.5981715479669307,0.0033320347559226394,0.10287942017804724,3.5206197566748654,1.8102030694839482,1.628289043101139,89,1.4875808338216634,11.556988779596395,4.224201064169801,7.710827724708175,0.0,0.5393258426966292,0.07286417919422608,10,32,23,2.0300474406500792,1.0767509060673355,point_alpha_1_2_uncertain
bonds,SU26224RMFS4,504,2019-09-03,2021-09-01,504,223,lower,raw,26,0.11659192825112108,1.6609315814019459,0.036829229644973704,3,0.38461538461538464,10,26,0.00027002485185069404,0.005461014884116363,0.0,0.0483412018409542,1.6609315814019459,1.8368679812224573,1.6241023517569722,0.6157247410658502,0.003543178239031788,0.11835403466107719,6.644124711034664,1.8434333929644087,1.6281997628784939,87,1.5061324952719404,8.193821637341953,3.638456475528061,5.448104016844963,0.0,0.5632183908045977,0.08667093244913116,10,33,24,2.0249719537489876,1.129159651710123,point_alpha_1_2_uncertain
bonds,SU26224RMFS4,504,2019-10-02,2021-09-30,504,227,lower,raw,26,0.1145374449339207,1.6609315814019459,0.036829229644973704,3,0.38461538461538464,10,26,0.00022699037581244369,0.005473474761701679,0.001984126984126984,0.0483412018409542,1.6609315814019459,1.8368679812224573,1.6241023517569722,0.6157247410658502,0.003543178239031788,0.11835403466107719,9.692928422970564,1.8434333929644087,1.6281997628784939,90,1.5193822917461648,8.078561944806749,3.104232860216395,2.6735383939576876,0.0,0.5444444444444444,0.08667093244913116,10,34,25,2.019896466847896,1.084631208305972,point_alpha_1_2_uncertain
bonds,SU26224RMFS4,504,2019-10-31,2021-10-29,504,235,lower,raw,32,0.13617021276595745,1.9665802061973907,0.02031952965068462,3,0.4375,14,32,5.242422552701362e-05,0.005525066068748381,0.001984126984126984,0.0483412018409542,1.6952371126542103,1.9868997358480753,1.9665802061973907,0.5084969312965959,0.0036606971853835116,0.10477204783565042,7.481852148731165,1.8514746948384309,1.7252907871046548,87,1.622166834218881,11.465512283282916,3.7278276108528927,5.860625795860074,0.0,0.6781609195402298,0.05765532435862837,10,35,26,2.2029416042463943,0.9294864208927147,point_alpha_1_2_uncertain
bonds,SU26224RMFS4,504,2019-12-02,2021-11-30,504,233,lower,raw,32,0.13733905579399142,2.103854253679718,0.0815757117788416,3,0.40625,13,32,2.7234356027863373e-05,0.005596295557096114,0.001984126984126984,0.0483412018409542,1.7094205324493883,2.103854253679718,2.1854299654585594,0.4575758618694396,0.003952438412957454,0.09741585212801193,,1.8643724445638288,1.7725874681607323,84,1.626798957877394,6.578257659072293,3.9477685850241264,6.226614097034764,0.0,0.7380952380952381,0.09226271981999176,10,34,25,2.6216221646836817,1.1319786865325772,point_alpha_gt_2_uncertain
bonds,SU26224RMFS4,504,2020-01-03,2021-12-29,504,237,lower,raw,34,0.14345991561181434,2.0383030063469594,0.009718168318796128,3,0.4411764705882353,15,34,4.152975631359038e-06,0.005609145866457627,0.001984126984126984,0.0483412018409542,1.74170463327361,2.0480211746657555,2.0383030063469594,0.490604192255104,0.0036384969781383257,0.0998750969184038,5.550405604392597,1.8957881809561652,1.7762967586981668,86,1.5650706208617011,6.236232280074295,3.8669348245539648,7.305652431252945,0.0,0.6395348837209303,0.06875165523154025,10,35,26,2.4962374400709937,1.1699245119023312,point_alpha_gt_2_uncertain
bonds,SU26224RMFS4,504,2020-02-04,2022-01-28,504,238,lower,raw,14,0.058823529411764705,3.0137710572672876,0.3280207148472498,3,0.42857142857142855,6,14,-0.00011574059507276515,0.005820952332396274,0.001984126984126984,0.0483412018409542,2.1936740379471207,3.0137710572672876,3.3417917721145374,0.29924066734033655,0.006257739029130443,0.15604949409945063,0.9077985163315708,2.1936740379471207,2.1846290605169116,75,2.155540494659308,14.378199141905398,5.71678707845219,6.675644806019423,0.0,0.96,0.32133776876795483,10,35,26,3.407655074642971,1.6894454313078304,strict_alpha_gt_2
bonds,SU26224RMFS4,504,2020-03-05,2022-02-28,504,242,lower,raw,34,0.14049586776859505,1.462299622979061,0.055812433279297524,3,0.4117647058823529,14,34,-0.0004902295613184726,0.011208949221102648,0.001984126984126984,0.195021923369161,1.3468292986252812,1.462299622979061,1.5181120562583585,0.6587129032257787,0.005306106115251074,0.10587774600000333,,1.509921952364494,1.337729482494547,97,1.1984160648139714,5.975350015362046,2.6370171143574836,3.5697380232410123,0.0,0.29896907216494845,0.10317687399215228,10,36,27,1.5204280274650088,0.18260005394373868,point_alpha_1_2_uncertain
bonds,SU26224RMFS4,504,2020-04-06,2022-03-31,504,236,lower,raw,24,0.1016949152542373,1.346634168745626,0.02179452884195965,3,0.4583333333333333,11,24,-0.0002451474527156948,0.011456654527401503,0.001984126984126984,0.195021923369161,1.346634168745626,1.3134344171798749,1.3684286975875857,0.7307651482045855,0.005234306932998747,0.12529801361526594,,1.5872830015265242,1.2049533378609496,93,0.988501535589689,4.084839370519616,1.7323901230568366,1.5919592907810616,0.07526881720430108,0.16129032258064516,0.10648869119734439,10,35,26,1.3071618004408931,0.02616682407989246,point_alpha_1_2_uncertain
bonds,SU26224RMFS4,504,2020-05-06,2022-04-29,504,240,lower,raw,25,0.10416666666666667,1.3349443730978447,0.008130828852011662,3,0.52,13,25,-0.00016965813775020121,0.011783137958564139,0.001984126984126984,0.195021923369161,1.3430752019498564,1.3181460724494813,1.3349443730978447,0.7490948837661455,0.005163585227185195,0.10399457441452975,,1.57047958499357,1.2191704612136498,99,1.0193172229753702,4.038608267972577,2.0085550627707898,2.5989800922401227,0.030303030303030304,0.1717171717171717,0.07910681007178802,10,36,27,1.31275837577464,0.03060755859745079,point_alpha_1_2_uncertain
bonds,SU26224RMFS4,504,2020-06-05,2022-06-03,504,238,lower,raw,22,0.09243697478991597,1.3249801813945246,0.0020161020053113266,3,0.5454545454545454,12,22,-0.00012950212335105786,0.01188681108217509,0.001984126984126984,0.195021923369161,1.3249801813945246,1.3229640793892132,1.377932167907442,0.7257251287765651,0.005897730803829387,0.11455486298035134,,1.5720899890301094,1.207061605718228,94,1.0512001853013748,5.042488374320885,2.1276964257242406,2.4285500327858673,0.010638297872340425,0.20212765957446807,0.07745131714226201,10,35,26,1.312448950548633,0.031306901344110516,point_alpha_1_2_uncertain
bonds,SU26224RMFS4,504,2020-07-09,2022-07-05,504,239,lower,raw,19,0.0794979079497908,1.2618549365469816,0.03182363735493654,3,0.5789473684210527,11,19,-7.856360082781719e-05,0.011867647271878942,0.001984126984126984,0.195021923369161,1.293678573901918,1.2618549365469816,1.2245018369777632,0.816658636027967,0.005878099846241946,0.11917369085758028,,1.293678573901918,1.1506634357251462,96,1.0011863347558507,3.5844634444733257,1.837540093921455,2.2891432809504644,0.052083333333333336,0.15625,0.1090801245340653,10,35,26,1.2709625662575381,0.02016738860720979,point_alpha_1_2_uncertain
bonds,SU26224RMFS4,504,2020-08-07,2022-08-03,504,240,lower,raw,19,0.07916666666666666,1.2618549365469816,0.03182363735493654,3,0.5789473684210527,11,19,-2.9303542079436288e-05,0.011885284425999737,0.001984126984126984,0.195021923369161,1.293678573901918,1.2618549365469816,1.2245018369777632,0.816658636027967,0.005878099846241946,0.11917369085758028,,1.293678573901918,1.1506634357251462,97,0.9583629414829251,3.7086249633633552,1.7594791878090992,1.5111161333456944,0.10309278350515463,0.17525773195876287,0.1090801245340653,10,36,27,1.2714141674071364,0.021566225660931027,point_alpha_1_2_uncertain
bonds,SU26224RMFS4,504,2020-09-07,2022-09-01,504,234,lower,raw,19,0.0811965811965812,1.235493895977962,0.03804262639101785,3,0.5263157894736842,10,19,6.344850337165434e-06,0.011858978949104388,0.001984126984126984,0.195021923369161,1.2735365223689799,1.235493895977962,1.1346509344348776,0.8813283183854762,0.005478718633425989,0.14355567318328816,,1.2735365223689799,1.1281143911483027,98,1.010699440797541,3.1714825651429317,1.6106166248834777,0.7815855562200117,0.05102040816326531,0.17346938775510204,0.14387943018216123,10,35,26,1.2487759622410772,0.0318372142073462,point_alpha_1_2_uncertain
bonds,SU26224RMFS4,504,2020-10-06,2022-09-30,504,233,lower,raw,29,0.12446351931330472,1.375088094189313,0.00829490265942412,3,0.4482758620689655,13,29,-0.00015393950604104982,0.012020225732336767,0.001984126984126984,0.195021923369161,1.3833829968487372,1.3637103294168442,1.375088094189313,0.7272261349841391,0.005013539278552382,0.10051237088268344,,1.5881064243095293,1.27826244362584,97,1.0948953494054254,3.429016891585914,1.6752430334243613,0.8208998598349092,0.010309278350515464,0.16494845360824742,0.06952934601346304,10,34,25,1.3550674058856533,0.07600067581952952,point_alpha_1_2_uncertain
bonds,SU26224RMFS4,504,2020-11-05,2022-10-31,504,228,lower,raw,30,0.13157894736842105,1.3811129604652645,0.008127845960305802,3,0.4666666666666667,14,30,-8.46824480455584e-05,0.012060873764405072,0.001984126984126984,0.195021923369161,1.4128042045670823,1.3729851145049587,1.3811129604652645,0.7240537368233251,0.004850901875135401,0.09032377123207402,,1.6199015707495283,1.2936228957360725,98,1.137473984942267,4.215092067736039,2.238747868211403,2.984266841623368,0.0,0.24489795918367346,0.0692376567111043,10,34,25,1.3609253454418886,0.08126570163262281,point_alpha_1_2_uncertain
bonds,SU26224RMFS4,504,2020-12-04,2022-11-30,504,228,lower,raw,31,0.13596491228070176,1.4281498387576954,0.0014735831241032837,3,0.4838709677419355,15,31,-0.00011850182760265102,0.012060557869622858,0.001984126984126984,0.195021923369161,1.4296234218817987,1.3935294485178173,1.4281498387576954,0.70020663999085,0.004869094407359978,0.07624718088704285,,1.6347001612857965,1.3130174253018343,99,1.0349404067692467,4.242261225178017,2.356677893358381,4.573137493516305,0.020202020202020204,0.20202020202020202,0.06028196547050044,10,34,25,1.3770034398404696,0.1010048252606921,point_alpha_1_2_uncertain
bonds,SU26224RMFS4,504,2021-01-06,2022-12-29,504,231,lower,raw,31,0.1341991341991342,1.4281498387576954,0.0014735831241032837,3,0.4838709677419355,15,31,-0.0001131649261046003,0.012060265481863064,0.001984126984126984,0.195021923369161,1.4296234218817987,1.3935294485178173,1.4281498387576954,0.70020663999085,0.004869094407359978,0.07624718088704285,,1.6347001612857965,1.3130174253018343,99,1.0101564601818478,5.583422598320057,2.0849178309457947,1.703890613022879,0.050505050505050504,0.24242424242424243,0.06028196547050044,10,34,25,1.3770034398404696,0.1010048252606921,point_alpha_1_2_uncertain
bonds,SU26224RMFS4,504,2021-02-05,2023-01-30,504,230,lower,raw,29,0.12608695652173912,1.4267486172699078,0.006538086645205388,3,0.5172413793103449,15,29,-6.731809532000323e-05,0.012053637553669543,0.001984126984126984,0.195021923369161,1.4267486172699078,1.3921406730674422,1.4332867039151131,0.6976971161934572,0.005124319618302339,0.08188550846900722,81.51543409226925,1.6432805169128943,1.3063313796041918,97,1.0293143267840175,3.354825927929807,1.6871387993789198,0.8714837154732163,0.030927835051546393,0.1958762886597938,0.05656643955876969,10,34,25,1.3801641061727716,0.1010048252606921,point_alpha_1_2_uncertain
bonds,SU26224RMFS4,504,2021-03-09,2023-03-01,504,227,lower,raw,31,0.13656387665198239,1.3968223581462689,0.003617487109158102,3,0.4838709677419355,15,31,-2.8498887104773717e-05,0.012032126292640425,0.001984126984126984,0.195021923369161,1.3932048710371108,1.3968223581462689,1.4637237319394962,0.6831890323148327,0.005058334806077636,0.07869665765051492,4.92428594778382,1.5876288309078204,1.3064008932162179,98,1.0936743949423526,3.2077230044253415,1.731102312984314,0.8929543944847016,0.01020408163265306,0.16326530612244897,0.05858486351104655,10,34,25,1.3824052680152021,0.1010048252606921,point_alpha_1_2_uncertain
bonds,SU26224RMFS4,504,2021-04-07,2023-03-31,504,223,lower,raw,31,0.13901345291479822,1.3968223581462689,0.003617487109158102,3,0.4838709677419355,15,31,3.425860478721609e-05,0.012007454755856064,0.001984126984126984,0.195021923369161,1.3932048710371108,1.3968223581462689,1.4637237319394962,0.6831890323148327,0.005058334806077636,0.07869665765051492,1.2939897017734912,1.5876288309078204,1.3064008932162179,98,1.1308171576840946,4.261205886527335,2.392418757948655,4.798899929679974,0.0,0.24489795918367346,0.05858486351104655,10,33,24,1.386443717848041,0.10238172371067877,point_alpha_1_2_uncertain
bonds,SU26224RMFS4,504,2021-05-07,2023-05-02,504,223,lower,raw,31,0.13901345291479822,1.3968223581462689,0.003617487109158102,3,0.4838709677419355,15,31,2.0587049273083394e-05,0.011994571563754858,0.001984126984126984,0.195021923369161,1.3932048710371108,1.3968223581462689,1.4637237319394962,0.6831890323148327,0.005058334806077636,0.07869665765051492,0.992486715344467,1.5876288309078204,1.3064008932162179,98,1.065506822595331,4.35975930160861,2.1348825988873705,2.479827201944605,0.02040816326530612,0.2857142857142857,0.05858486351104655,10,33,24,1.386443717848041,0.10238172371067877,point_alpha_1_2_uncertain
bonds,SU26224RMFS4,504,2021-06-07,2023-06-01,504,219,lower,raw,31,0.1415525114155251,1.3968223581462689,0.003617487109158102,3,0.4838709677419355,15,31,5.1161241956728206e-05,0.011997163318873101,0.003968253968253968,0.195021923369161,1.3932048710371108,1.3968223581462689,1.4637237319394962,0.6831890323148327,0.005058334806077636,0.07869665765051492,1.0142782092737328,1.5876288309078204,1.3064008932162179,99,1.0907551490814327,5.713654355269826,2.7045380218911177,5.501136734045341,0.020202020202020204,0.2727272727272727,0.05901160190518294,10,32,23,1.39048216768088,0.10375862216066545,point_alpha_1_2_uncertain
bonds,SU26224RMFS4,504,2021-07-06,2023-07-03,504,222,lower,raw,31,0.13963963963963963,1.3968223581462689,0.003617487109158102,3,0.4838709677419355,15,31,2.9448634369431818e-05,0.011991038564325868,0.003968253968253968,0.195021923369161,1.3932048710371108,1.3968223581462689,1.4637237319394962,0.6831890323148327,0.005058334806077636,0.07869665765051492,0.9889839700560992,1.5876288309078204,1.3064008932162179,98,1.0436698141692695,4.49043831065415,2.7059275376936416,7.6557665508689166,0.030612244897959183,0.25510204081632654,0.05858486351104655,10,33,24,1.386443717848041,0.10238172371067877,point_alpha_1_2_uncertain
bonds,SU26224RMFS4,504,2021-08-04,2023-08-01,504,227,lower,raw,31,0.13656387665198239,1.3968223581462689,0.003617487109158102,3,0.4838709677419355,15,31,-2.7857840342778888e-05,0.011990349199462983,0.003968253968253968,0.195021923369161,1.3932048710371108,1.3968223581462689,1.4637237319394962,0.6831890323148327,0.005058334806077636,0.07869665765051492,1.2953982683184506,1.5876288309078204,1.3064008932162179,97,1.0796188066999317,3.4952791603914655,1.9951107007756814,2.856297473340089,0.010309278350515464,0.1958762886597938,0.05858486351104655,10,34,25,1.39048216768088,0.10188247304051723,point_alpha_1_2_uncertain
bonds,SU26224RMFS4,504,2021-09-02,2023-08-30,504,231,lower,raw,31,0.1341991341991342,1.3968223581462689,0.003617487109158102,3,0.4838709677419355,15,31,-6.051702793680673e-05,0.01199920765052965,0.003968253968253968,0.195021923369161,1.3932048710371108,1.3968223581462689,1.4637237319394962,0.6831890323148327,0.005058334806077636,0.07869665765051492,1.7898747072916865,1.5876288309078204,1.3064008932162179,100,1.1295267678483227,3.340421740980428,2.13528492099504,3.7706616152192085,0.0,0.17,0.05858486351104655,10,34,25,1.3824052680152021,0.1010048252606921,point_alpha_1_2_uncertain
bonds,SU26224RMFS4,504,2021-10-01,2023-09-28,504,234,lower,raw,33,0.14102564102564102,1.4194265052249726,0.01616786198943121,3,0.48484848484848486,16,33,-0.0001008604969805135,0.012026436072626103,0.001984126984126984,0.195021923369161,1.4846397381152268,1.4032586432355414,1.4194265052249726,0.7045098822087337,0.0045238080172057375,0.07121932072054793,1.5034569102745672,1.6940015194966784,1.3363485668265984,97,1.0724441631633492,4.244419562226646,1.8145583734428508,1.0537485782363454,0.020618556701030927,0.2268041237113402,0.06560350313384362,10,35,26,1.3747620703492736,0.09293295766734211,point_alpha_1_2_uncertain
bonds,SU26224RMFS4,504,2021-11-01,2023-10-27,504,232,lower,raw,31,0.1336206896551724,1.3554590382151264,0.02428997637658248,3,0.5483870967741935,17,31,-1.8932234735420694e-05,0.011986009003269084,0.001984126984126984,0.195021923369161,1.4360294823767863,1.3554590382151264,1.3311690618385439,0.7512193820211313,0.004459656009670581,0.06175289237125445,0.8634905067483055,1.6459353660880065,1.2898766885592565,98,1.0279600229743135,2.8871413199819456,2.0415595226623324,4.107561206064518,0.01020408163265306,0.17346938775510204,0.06987170621860384,10,34,25,1.3346655272917227,0.04054885614998138,point_alpha_1_2_uncertain
bonds,SU26224RMFS4,504,2021-12-01,2023-11-27,504,230,lower,raw,23,0.1,1.3111147689232496,0.05033149475419152,3,0.4782608695652174,11,23,8.434086690056626e-05,0.011990056647110711,0.001984126984126984,0.195021923369161,1.374609747902642,1.3111147689232496,1.260783274169058,0.7931577301888526,0.005355827214283075,0.06838967710515709,,1.626989252851928,1.2252877629657646,96,1.0697994053603026,3.003106922045074,1.6324626358724823,0.9109134612896582,0.041666666666666664,0.14583333333333334,0.09828036899330256,10,34,25,1.30860716133818,0.028627634384647438,point_alpha_1_2_uncertain
bonds,SU26224RMFS4,504,2021-12-30,2023-12-26,504,229,lower,raw,29,0.12663755458515283,1.3608958414741914,0.006311042636695907,3,0.5517241379310345,16,29,6.925747002535584e-05,0.012011507299523676,0.001984126984126984,0.195021923369161,1.4127544027401102,1.3545847988374955,1.3608958414741914,0.7348100931198006,0.004809822190580999,0.07972959066637143,1.2015516323237265,1.6281441849340978,1.2795527618658296,99,1.0450976374779366,5.009568935546683,2.117023867731251,1.8864979915364142,0.020202020202020204,0.26262626262626265,0.06292549073113977,10,34,25,1.3299286646533608,0.05115995421360853,point_alpha_1_2_uncertain
bonds,SU26224RMFS4,504,2022-01-31,2024-01-26,504,227,lower,raw,15,0.06607929515418502,1.2265343695079896,0.02508529488131228,3,0.4666666666666667,7,15,0.00019109347291113507,0.01190439583991969,0.001984126984126984,0.195021923369161,1.2516196643893018,1.2265343695079896,1.1553660293762922,0.8655265730288397,0.006916846355749538,0.11179068667944696,105.46257583579238,1.2516196643893018,1.1060868393504535,99,1.0031607839936152,3.978753245789626,1.8585337877837307,1.7209120937342455,0.050505050505050504,0.18181818181818182,0.12058080399906329,10,34,25,1.2371841594649302,0.04531027978372015,point_alpha_1_2_uncertain
bonds,SU26224RMFS4,504,2022-03-01,2024-02-27,504,231,lower,raw,27,0.11688311688311688,1.7355929234753307,0.0017671113861412735,3,0.5925925925925926,16,27,0.0004961441728678516,0.006919208908928455,0.001984126984126984,0.0775462039192068,1.9950487940992925,1.7355929234753307,1.7338258120891894,0.5767592067365988,0.002810525032466211,0.09948861517665519,0.7625210434713151,2.367071969206873,1.6915880184021093,96,1.28531972273884,9.766202564863345,4.211695869305439,8.36394610299391,0.0,0.40625,0.05382176689125026,10,34,25,1.6612569251041986,0.1312534161312322,point_alpha_1_2_uncertain
bonds,SU26224RMFS4,504,2022-04-01,2024-03-28,504,241,lower,raw,16,0.06639004149377593,2.7052217644549685,0.10041224832729245,3,0.625,10,16,0.00031990380096945235,0.00511696812623489,0.001984126984126984,0.0302143712137301,2.7052217644549685,2.805634012782261,2.603463499637898,0.3841037142019025,0.002803004205595306,0.10863659395708491,,2.7052217644549685,2.4554302663179364,83,2.424079268826943,14.26180549238118,6.006741051205823,7.845069394642046,0.0,1.0,0.18305986191626603,10,36,27,3.4318034767312833,0.3976186601803029,strict_alpha_gt_2
bonds,SU26224RMFS4,504,2022-05-04,2024-04-26,504,246,lower,raw,13,0.052845528455284556,3.1014831372821736,0.09663648233138256,3,0.5384615384615384,7,13,0.0001157644543164754,0.004093054055832951,0.001984126984126984,0.0302143712137301,2.8661643512257653,3.1014831372821736,3.198119619613556,0.31268373886553835,0.002797318162554261,0.14309942886995353,,2.8661643512257653,2.5239843264258224,77,2.104655226863866,10.866833068927898,4.650662996558711,4.2968683779455645,0.0,0.987012987012987,0.17319430869743108,10,36,27,3.7763252018362694,0.8992092926636328,strict_alpha_gt_2
bonds,SU26224RMFS4,504,2022-06-06,2024-05-28,504,253,lower,raw,30,0.11857707509881422,6.251413819367968,0.025875597303257614,3,0.5666666666666667,17,30,-5.109011003008038e-05,0.003722193005524288,0.001984126984126984,0.0302143712137301,2.241359909936357,6.251413819367968,6.277289416671225,0.15930442801381756,0.0029899890719475956,0.13229467410519902,1.165716455816738,2.495488365626543,2.613773207648989,78,2.494417806346126,13.460503045056592,5.4989256613757345,3.5599773597837716,0.0,1.0,0.15875536734074924,10,37,28,3.7120042094397387,1.0661876423401164,strict_alpha_gt_2
bonds,SU26224RMFS4,504,2022-07-06,2024-06-27,504,257,lower,raw,28,0.10894941634241245,3.165815184425594,0.15831259165555434,3,0.5357142857142857,15,28,-0.00012582437189826698,0.003725482374548512,0.003968253968253968,0.0302143712137301,2.747573109691445,3.165815184425594,3.3241277760811485,0.30083079453068173,0.002266707481748671,0.06951859838984276,1.1107380426020097,3.158041746017412,2.6605284144074073,70,2.3755399387976865,12.909596848615715,5.170399008419621,4.2535430590965495,0.0,0.9857142857142858,0.18137670315083088,10,38,29,3.835489241958435,0.504975979400883,strict_alpha_gt_2
bonds,SU26224RMFS4,504,2022-08-04,2024-07-26,504,255,lower,raw,31,0.12156862745098039,3.4640319512331255,0.3031663271546181,3,0.4838709677419355,15,31,-0.0002171454046946176,0.0037992925290452656,0.003968253968253968,0.0302143712137301,2.7294855035078367,3.4640319512331255,3.7671982783877436,0.2654492612552298,0.0023902259102974235,0.0713827810342294,1.5870453823531772,3.0843119407308124,2.727657694035357,75,2.3764996747332847,16.564866015132406,6.014246098834476,7.5292460676504245,0.0,1.0,0.19083188125911044,10,38,29,3.9061457049519834,0.6965211595137051,strict_alpha_gt_2
bonds,SU26224RMFS4,504,2022-09-02,2024-08-26,504,258,lower,raw,31,0.12015503875968993,3.5598153888719315,0.44308806326382744,3,0.4838709677419355,15,31,-0.00021101984060500743,0.0039189382291565334,0.003968253968253968,0.0302143712137301,2.5980869364681696,3.5598153888719315,4.002903452135759,0.24981866586526025,0.002593868970218639,0.07573202457769594,1.7685111367343629,2.912325277088275,2.6467629889536117,80,2.4300827510533214,31.73544068435381,8.618288655707573,9.588618182977486,0.0,0.9875,0.24642479842241427,10,38,29,5.0428383229469995,1.3703959545580933,strict_alpha_gt_2
bonds,SU26224RMFS4,504,2022-10-03,2024-09-24,504,258,lower,raw,26,0.10077519379844961,20.079167057575297,17.001012734305526,2,0.6153846153846154,16,26,-8.76715714809909e-05,0.003512458842344216,0.003968253968253968,0.0136647156306762,3.07815432326977,37.08017979188082,inf,-0.21138107723718036,0.003136872559379317,0.09017368263281378,1.824330471708758,3.285231760296854,3.484062525422466,34,4.155746023484812,51.40830116612022,13.285719385299032,13.764820456046253,0.0,1.0,1.452386894525363,10,38,29,3.3147082016633314,0.9268875833907719,strict_alpha_gt_2
bonds,SU26224RMFS4,504,2022-11-01,2024-10-23,504,265,lower,raw,34,0.12830188679245283,9.127529999506976,6.31717562309629,2,0.5294117647058824,18,34,-0.00022039052818258385,0.003344053402534811,0.003968253968253968,0.0136647156306762,2.810354376410685,15.444705622603266,inf,-0.07729912535169425,0.0027260234263980125,0.07710938275921486,1.8369332371538856,2.9666553957150144,3.239242712060947,55,3.930654645871802,51.183386757760516,12.439838974339041,13.357824225425908,0.0,1.0,2.3435416908509055,10,39,30,3.4625996800192875,8.4793714969427,strict_alpha_gt_2
bonds,SU26224RMFS4,504,2022-12-01,2024-11-21,504,266,lower,raw,38,0.14285714285714285,18.012528862357698,15.241246224879191,2,0.47368421052631576,18,38,-0.00022050745882746332,0.0035132589673505326,0.003968253968253968,0.0136647156306762,2.7712826374785076,33.25377508723689,inf,-0.15203370474068445,0.002953845198146416,0.07720355043321978,1.4841097562008998,2.9049133334773596,3.276478566601205,30,4.4915859489338565,25.75613990421015,10.596549935510188,9.001227324492152,0.0,1.0,1.092227027409112,10,39,30,3.084020578729498,0.7092722406575551,strict_alpha_gt_2
bonds,SU26224RMFS4,504,2022-12-30,2024-12-20,504,263,lower,raw,38,0.1444866920152091,18.012528862357698,15.241246224879191,2,0.47368421052631576,18,38,-0.00010138164284514316,0.0040431638537976496,0.003968253968253968,0.0136647156306762,2.7712826374785076,33.25377508723689,inf,-0.15203370474068445,0.002953845198146416,0.07720355043321978,1.45249742484045,2.9049133334773596,3.276478566601205,37,3.4741992585552035,51.535966354837484,16.533551060382386,16.841753633671857,0.0,1.0,1.092227027409112,10,39,30,3.084020578729498,0.7092722406575551,strict_alpha_gt_2
bonds,SU26224RMFS4,504,2023-01-31,2025-01-23,504,262,lower,raw,39,0.14885496183206107,14.591082904104004,11.779773327421983,2,0.48717948717948717,19,39,-2.72041643222402e-05,0.004429426019447787,0.003968253968253968,0.0136647156306762,2.8113095766820213,26.370856231525988,inf,-0.13012080158278555,0.0028461528039024856,0.08194626594515814,1.4841097562008998,2.9463035257872505,3.3088636397085645,37,3.7079236359241152,51.36042858994252,12.772166106867987,13.398524176036846,0.0,1.0,1.044995083427415,10,39,30,3.1401069769020324,1.0025139102276635,strict_alpha_gt_2
bonds,SU26224RMFS4,504,2023-03-02,2025-02-21,504,262,lower,raw,13,0.04961832061068702,8.651292676329689,4.9375508361898595,3,0.7692307692307693,10,13,1.3858068747580208e-05,0.004809136710768543,0.003968253968253968,0.020181034207617,3.7137418401398294,8.651292676329689,16.96006757795939,0.05896202921381982,0.002778206508916839,0.12159726789833492,27.094527389721055,3.7137418401398294,3.7410529023510124,56,2.8275771828572993,36.81830644468447,9.79776335327044,11.71608324141214,0.0,0.9821428571428571,1.021646602991125,10,39,30,8.959519471860494,10.170635008405517,strict_alpha_gt_2
bonds,SU26224RMFS4,504,2023-04-03,2025-03-24,504,261,lower,raw,14,0.05363984674329502,6.420231356911006,2.1070824134832558,3,0.7857142857142857,11,14,7.671742438682493e-05,0.004907767854267989,0.003968253968253968,0.020181034207617,3.830029116669777,6.420231356911006,8.527313770394262,0.11727022447231525,0.0025080995600017136,0.11928377361870257,12.183774213895447,3.830029116669777,3.742313134521627,51,2.3452486612725436,22.807525377177505,7.791766914428122,9.710435823947698,0.0,1.0,0.8068957060424603,10,39,30,8.291123746363262,13.188952104021753,strict_alpha_gt_2
bonds,SU26224RMFS4,504,2023-05-03,2025-04-22,504,263,lower,raw,15,0.057034220532319393,5.9894915407402465,1.2804569581845744,3,0.7333333333333333,11,15,3.1071660367552824e-05,0.004970605243905799,0.003968253968253968,0.020181034207617,3.854764156356043,5.9894915407402465,7.269948498924821,0.13755255627297686,0.0024030123897537596,0.11348598297611051,,3.854764156356043,3.751881420716663,63,2.4392691223848884,13.938930102552453,6.718014759971134,6.901095118983385,0.0,1.0,0.6866815810625464,10,39,30,10.188786683790486,8.581297659802015,strict_alpha_gt_2
bonds,SU26224RMFS4,504,2023-06-02,2025-05-23,504,263,lower,raw,18,0.06844106463878327,5.630423610817117,0.76828807114497,3,0.7777777777777778,14,18,6.668138414267136e-05,0.005068003767607599,0.001984126984126984,0.020181034207617,3.825812532972029,5.630423610817117,6.398711681962087,0.15628145940986704,0.0022683238252467148,0.09418150264939795,,3.825812532972029,3.7569461233247283,62,2.7190432217430525,16.418041746521165,7.844218126020432,8.935900121069997,0.0,1.0,0.4715923439478927,10,39,30,8.953984433980098,7.928899235716157,strict_alpha_gt_2
bonds,SU26224RMFS4,504,2023-07-04,2025-06-24,504,260,lower,raw,19,0.07307692307692308,7.362337390026512,2.6988652945326015,3,0.7894736842105263,15,19,0.0001491788761778313,0.005204313540413526,0.001984126984126984,0.020181034207617,3.782632084175752,7.362337390026512,10.061202684559113,0.09939169613735105,0.002424637220898528,0.08421050200980457,,3.782632084175752,3.8719393135024944,56,2.7953080648410293,24.457973129303575,8.242050398396596,9.49307799453389,0.0,1.0,0.9411778349735718,10,39,30,11.125554451157821,7.974345476652969,strict_alpha_gt_2
bonds,SU26224RMFS4,504,2023-08-02,2025-07-23,504,252,lower,raw,19,0.07539682539682539,7.362337390026512,2.6988652945326015,3,0.7894736842105263,15,19,0.0002426289109693728,0.005222920189784805,0.001984126984126984,0.020181034207617,3.782632084175752,7.362337390026512,10.061202684559113,0.09939169613735105,0.002424637220898528,0.08421050200980457,,3.782632084175752,3.8719393135024944,61,2.74307946883171,42.13680696491393,8.959167066173325,11.397690187067875,0.0,1.0,0.9411778349735718,10,37,28,11.38032501577176,8.522101258656582,strict_alpha_gt_2
bonds,SU26224RMFS4,504,2023-08-31,2025-08-21,504,244,lower,raw,19,0.0778688524590164,7.362337390026512,2.6988652945326015,3,0.7894736842105263,15,19,0.0003410999050919976,0.005230253729003751,0.001984126984126984,0.020181034207617,3.782632084175752,7.362337390026512,10.061202684559113,0.09939169613735105,0.002424637220898528,0.08421050200980457,,3.782632084175752,3.8719393135024944,50,3.347102594915722,37.39928497663651,10.678297524697948,11.279667442202372,0.0,1.0,0.9411778349735718,10,36,27,12.282609148346337,17.422989756838277,strict_alpha_gt_2
bonds,SU26224RMFS4,504,2023-09-29,2025-09-19,504,241,lower,raw,35,0.14522821576763487,5.823885674461052,2.838734455853815,3,0.6,21,35,0.00037772412681188257,0.00518543153336942,0.001984126984126984,0.020181034207617,2.9851512186072373,5.823885674461052,9.18171118885063,0.10891216020977681,0.0024428183855737225,0.07463872072951631,9.749879701577726,3.2404583142453567,3.231465360285272,60,2.691385458811481,34.06321197869436,10.149054066713116,10.23349743253073,0.0,1.0,0.8340186438074552,10,36,27,5.823885674461052,8.076332546155989,strict_alpha_gt_2
bonds,SU26224RMFS4,504,2023-10-30,2025-10-20,504,241,lower,raw,27,0.11203319502074689,51.46184646206025,48.53815353793975,2,0.7037037037037037,19,27,0.0003657048835048428,0.0052758828078568135,0.001984126984126984,0.020181034207617,2.9236929241205027,157.79630509208855,inf,-0.03885808396406672,0.003158814179053701,0.05849527629889151,,3.204547786362465,3.492848711682809,48,3.2843874545734018,33.38785529312603,10.213601303882987,10.735483202457802,0.0,1.0,1.2075228658222417,10,36,27,3.5332464609538246,7.455429056702949,strict_alpha_gt_2
bonds,SU26224RMFS4,504,2023-11-28,2025-11-18,504,240,lower,raw,36,0.15,6.121122003539865,3.185576455340068,3,0.5833333333333334,21,36,0.0003217526370754511,0.005226853501553002,0.001984126984126984,0.020181034207617,2.935545548199797,6.121122003539865,12.013673248616344,0.08323848828793254,0.0025699373435438475,0.08745382306187288,,3.171368850888033,3.195120251367708,61,2.962213278073483,31.22573090767255,8.970097301768494,9.86217061393114,0.0,1.0,0.967362445934145,10,36,27,3.468097797770542,4.2762571353407335,strict_alpha_gt_2
bonds,SU26224RMFS4,504,2023-12-27,2025-12-17,504,236,lower,raw,34,0.1440677966101695,6.799909724261472,3.837437737926493,3,0.5588235294117647,19,34,0.0003585151843325877,0.005160295090168771,0.001984126984126984,0.020181034207617,2.962471986334979,6.799909724261472,12.49385426338863,0.08003935206210547,0.002542578640552785,0.06974598591917733,,3.219616782033314,3.2658978343568026,61,2.9354792494435635,36.89733193128095,9.502673352163566,11.017180309854771,0.0,1.0,1.0414775860686034,10,35,26,4.891225870356669,9.091789948635622,strict_alpha_gt_2
bonds,SU26224RMFS4,504,2024-01-29,2026-01-21,504,237,lower,raw,30,0.12658227848101267,11.787657040588584,8.804118909477118,3,0.5333333333333333,16,30,0.00034592824477997316,0.005208916864622976,0.001984126984126984,0.020181034207617,2.9835381311114655,11.787657040588584,32.85793608385804,0.030434047879570415,0.0027605716560442244,0.04936510853628556,,3.2659182158191733,3.4145987730499416,55,3.918647303581459,51.364782391389696,12.781817292518292,16.782700956634095,0.0,1.0,2.580372781110823,10,35,26,10.99923417532873,16.261752017190748,strict_alpha_gt_2
bonds,SU26224RMFS4,504,2024-02-28,2026-02-19,504,231,lower,raw,21,0.09090909090909091,19.844304161916664,16.612909558284606,2,0.7142857142857143,15,21,0.0004138653565395612,0.0052344191418745405,0.001984126984126984,0.020181034207617,3.2313946036320567,36.457213720201274,inf,-0.0023895719048815513,0.0029449745917812303,0.06219987001061433,,3.659766727027783,3.710861512847401,55,3.3351854453829684,33.94216440394152,11.793664281456689,10.173417278481713,0.0,1.0,2.397694348845402,10,34,25,11.787657040588584,16.428798724292196,strict_alpha_gt_2
bonds,SU26224RMFS4,504,2024-03-29,2026-03-23,504,226,lower,raw,21,0.09292035398230089,19.844304161916664,16.612909558284606,2,0.7142857142857143,15,21,0.0004919965700484904,0.0052305162292288175,0.001984126984126984,0.020181034207617,3.2313946036320567,36.457213720201274,inf,-0.0023895719048815513,0.0029449745917812303,0.06219987001061433,,3.659766727027783,3.710861512847401,39,3.05493106248658,39.252732887807575,10.40748931580375,11.631985022068873,0.0,1.0,2.397694348845402,10,33,24,12.012799497661941,16.988370233721824,strict_alpha_gt_2
bonds,SU26224RMFS4,504,2024-04-27,2026-04-21,504,221,lower,raw,21,0.09502262443438914,19.844304161916664,16.612909558284606,2,0.7142857142857143,15,21,0.0005533668846447738,0.005224355930030078,0.003968253968253968,0.020181034207617,3.2313946036320567,36.457213720201274,inf,-0.0023895719048815513,0.0029449745917812303,0.06219987001061433,,3.659766727027783,3.710861512847401,52,2.9559277951169363,30.83580200091762,9.30157821964251,9.726672016842246,0.0,1.0,2.397694348845402,10,33,24,12.012799497661941,16.988370233721824,strict_alpha_gt_2
bonds,SU26224RMFS4,504,2024-05-23,2026-05-15,504,216,lower,raw,21,0.09722222222222222,19.844304161916664,16.612909558284606,2,0.7142857142857143,15,21,0.0006076090073732877,0.005209459765479704,0.003968253968253968,0.020181034207617,3.2313946036320567,36.457213720201274,inf,-0.0023895719048815513,0.0029449745917812303,0.06219987001061433,,3.659766727027783,3.710861512847401,52,3.0677861622112808,52.03206338608868,11.77087928200945,18.61254578684189,0.0,1.0,2.397694348845402,10,32,23,12.237941954735296,17.54794174315145,strict_alpha_gt_2
bonds,SU29007RMFS0,504,2018-01-03,2019-12-26,504,216,lower,raw,30,0.1388888888888889,1.7796790067714319,0.2725054849675985,3,0.7,21,30,0.0002530885252723112,0.0030635806346193625,0.003968253968253968,0.0275457284992856,2.6939414410706934,1.7796790067714319,1.5071735218038333,0.6634936094174266,0.0009635364427075309,0.1403374644855762,22.310098017297783,3.187278118748493,1.9077323074146575,98,1.4242861121953792,3.566087996752483,2.0443214195279245,0.8719082426913536,0.0,0.29591836734693877,0.2615743722279134,10,32,23,1.6689481713374748,0.09112830993260213,point_alpha_1_2_uncertain
bonds,SU29007RMFS0,504,2018-02-02,2020-01-30,504,212,lower,raw,30,0.14150943396226415,1.7832020341641401,0.24920335030400076,3,0.7666666666666667,23,30,0.0002824670861134099,0.0030812460288506447,0.003968253968253968,0.0275457284992856,2.717275139053779,1.7832020341641401,1.5339986838601394,0.6518910417078128,0.0009704894044338993,0.15664688586053063,7.8483735219980115,3.2186490020865315,1.9131894889068166,94,1.5074122949293938,3.90616244544111,2.2172603119600613,1.0002803337068207,0.0,0.40425531914893614,0.2443067038016666,10,31,22,1.6597350277056346,0.07216752052663233,point_alpha_1_2_uncertain
bonds,SU29007RMFS0,504,2018-03-06,2020-03-02,504,213,lower,raw,18,0.08450704225352113,1.7845281415156315,0.30200697176340197,3,0.8888888888888888,16,18,0.00027787537460869364,0.0031490107584685478,0.003968253968253968,0.0275457284992856,2.140523239160381,1.7845281415156315,1.4825211697522296,0.6745266242418162,0.001556257087925339,0.14065911710352974,,2.140523239160381,1.722162151989054,97,1.4374695114593132,2.651344463144015,1.842873888694886,0.5433035358370608,0.0,0.21649484536082475,0.301914699912596,10,31,22,1.718392227987153,0.05467595892853416,point_alpha_1_2_uncertain
bonds,SU29007RMFS0,504,2018-04-05,2020-04-01,504,209,lower,raw,21,0.10047846889952153,1.676196223835138,0.022958109405912808,3,0.7142857142857143,15,21,0.00021281949829764845,0.0036687858213965948,0.003968253968253968,0.02979062791528,1.676196223835138,1.6991543332410508,1.3268139509034467,0.753685171398059,0.0022291443869787266,0.14035354367919728,,1.8843588104486197,1.5075430088904105,99,1.4454129876313448,2.3932188632041287,1.8185938208657377,0.36618985029314133,0.0,0.2222222222222222,0.08191844844010236,10,31,22,1.6491957358048817,0.07431855602442372,point_alpha_1_2_uncertain
bonds,SU29007RMFS0,504,2018-05-04,2020-04-30,504,206,lower,raw,19,0.09223300970873786,1.8603534509744755,0.007463683864107118,3,0.6842105263157895,13,19,0.0002630422896742523,0.0034005137858649686,0.003968253968253968,0.02979062791528,1.8678171348385826,1.8603534509744755,1.4704236140660907,0.6800761293779476,0.002079498836672435,0.13904161276819138,,1.8678171348385826,1.6650945357517164,96,1.6083200678487235,2.8334503323294675,2.0424663660179365,0.45512426125177025,0.0,0.3541666666666667,0.06806908647450449,10,30,21,1.8309600757445554,0.12389866646267023,point_alpha_1_2_uncertain
bonds,SU29007RMFS0,504,2018-06-05,2020-06-02,504,210,lower,raw,18,0.08571428571428572,1.778663688846853,0.02724632188617848,3,0.6666666666666666,12,18,0.0002501645756136634,0.003352937625904107,0.003968253968253968,0.02979062791528,1.778663688846853,1.8059100107330315,1.3775027733100471,0.7259513515149352,0.0020866326522098284,0.14676683483206054,,1.778663688846853,1.5940474874848063,95,1.5101585026346496,3.1918014079108796,2.247227172019293,1.7839913244587988,0.0,0.35789473684210527,0.09361088362565105,10,31,22,1.7037842650644266,0.10070198094869687,point_alpha_1_2_uncertain
bonds,SU29007RMFS0,504,2018-07-04,2020-07-06,504,212,lower,raw,18,0.08490566037735849,1.778663688846853,0.02724632188617848,3,0.6666666666666666,12,18,0.0002586998889413922,0.0033394920488647416,0.003968253968253968,0.02979062791528,1.778663688846853,1.8059100107330315,1.3775027733100471,0.7259513515149352,0.0020866326522098284,0.14676683483206054,,1.778663688846853,1.5940474874848063,96,1.5307304596049442,3.330182956774939,2.267243383274996,1.4753533083724308,0.0,0.4166666666666667,0.09361088362565105,10,31,22,1.7037842650644266,0.10070198094869687,point_alpha_1_2_uncertain
bonds,SU29007RMFS0,504,2018-08-02,2020-08-04,504,216,lower,raw,18,0.08333333333333333,1.7742277007918958,0.045005380901885994,3,0.6666666666666666,12,18,0.00023821283493154758,0.0033537802589583437,0.003968253968253968,0.02979062791528,1.8192330816937818,1.7742277007918958,1.2520369363597137,0.7986984816178756,0.0018866811689568245,0.14712291439091907,,1.8192330816937818,1.5940474874848063,100,1.4640145133063935,2.9938213153466657,2.109428823878491,1.055818846675865,0.0,0.41,0.11914884672768329,10,32,23,1.7143356858881518,0.10495428747633873,point_alpha_1_2_uncertain
bonds,SU29007RMFS0,504,2018-08-31,2020-09-02,504,216,lower,raw,15,0.06944444444444445,1.8177620041914784,0.008049291489063304,3,0.6,9,15,0.00024931791083714956,0.003213661029129078,0.003968253968253968,0.02979062791528,1.8258112956805417,1.8177620041914784,1.4045197156809661,0.711987157485476,0.0020844105617701955,0.13658203596722251,,1.8258112956805417,1.613051359718039,93,1.5379687487073477,4.315345077974971,2.62778776166465,3.4445003471362083,0.0,0.4838709677419355,0.09731942106127939,10,32,23,1.740869067317137,0.09190855998208391,point_alpha_1_2_uncertain
bonds,SU29007RMFS0,504,2018-10-01,2020-10-01,504,213,lower,raw,16,0.07511737089201878,1.7173301017586247,0.07390685587498291,3,0.625,10,16,0.0002346084811633476,0.003150047614112647,0.003968253968253968,0.02979062791528,1.7173301017586247,1.8554013322574119,1.6434232458836417,0.608485977367514,0.002353759045551587,0.12641033569599436,,1.7173301017586247,1.5966655863141652,95,1.4259404906580722,4.468294613919046,2.198345427674283,1.2066817721984362,0.0,0.29473684210526313,0.15127400284165388,10,31,22,1.6984595611166142,0.08771040068998714,point_alpha_1_2_uncertain
bonds,SU29007RMFS0,504,2018-10-30,2020-10-30,504,211,lower,raw,16,0.07582938388625593,1.7182262959410823,0.05422570835445928,3,0.625,10,16,0.00025615977744662357,0.0031125680593620023,0.003968253968253968,0.02979062791528,1.7182262959410823,1.7724520042955416,1.3892211194716817,0.719827812854082,0.002068363274579072,0.1254271695275262,,1.7182262959410823,1.5610878765941592,98,1.556338855604118,6.696346196610682,2.6614861089021535,1.7554115035476834,0.0,0.5816326530612245,0.14725758398872257,10,31,22,1.7082774168222068,0.10538855503783418,point_alpha_1_2_uncertain
bonds,SU29007RMFS0,504,2018-11-29,2020-12-01,504,208,lower,raw,16,0.07692307692307693,1.7182262959410823,0.05422570835445928,3,0.625,10,16,0.00026599228253129686,0.003100805394557052,0.003968253968253968,0.02979062791528,1.7182262959410823,1.7724520042955416,1.3892211194716817,0.719827812854082,0.002068363274579072,0.1254271695275262,,1.7182262959410823,1.5610878765941592,98,1.4998859446794792,5.191784660545854,2.64531428479152,2.0112871659309493,0.0,0.5612244897959183,0.14725758398872257,10,31,22,1.7125967436951939,0.1567974792082545,point_alpha_1_2_uncertain
bonds,SU29007RMFS0,504,2018-12-28,2020-12-30,504,210,lower,raw,29,0.1380952380952381,1.7970847271342085,0.04788334559219254,3,0.5862068965517241,17,29,0.00026914700470859426,0.003062007555509106,0.001984126984126984,0.02979062791528,1.844968072726401,1.7970847271342085,1.6860393997864558,0.5931059500309745,0.0016039582963245538,0.11112965869788333,,2.0800752818430217,1.6912543279760495,95,1.4108740297847413,4.211758977226738,2.5821253461770994,3.68147455651,0.0,0.4,0.09957085754179555,10,31,22,1.7186216018192035,0.2233720078114374,point_alpha_1_2_uncertain
bonds,SU29007RMFS0,504,2019-01-31,2021-02-02,504,208,lower,raw,28,0.1346153846153846,1.7992972929949038,0.007488571022381096,3,0.6071428571428571,17,28,0.00025440990781007357,0.003029022081684553,0.001984126984126984,0.02979062791528,1.7992972929949038,1.806785864017285,1.7194302293542354,0.5815880068454822,0.0016878299581764176,0.10656293752363571,,2.0294262626266844,1.675298761226856,99,1.4820967177418196,7.544650921432753,2.9525982233062695,4.633321615768875,0.0,0.45454545454545453,0.06741398067818348,10,31,22,1.7615110198343653,0.19890943806907102,point_alpha_1_2_uncertain
bonds,SU29007RMFS0,504,2019-03-01,2021-03-03,504,203,lower,raw,29,0.14285714285714285,1.690467685639365,0.07816155079616549,3,0.6206896551724138,18,29,0.0002650727109706161,0.0029681048758430843,0.001984126984126984,0.02979062791528,1.7686292364355305,1.690467685639365,1.5668670719235953,0.6382162328373716,0.0014910139451047022,0.1303193889222959,7.228878743216187,1.9933678375840702,1.5938175173181726,97,1.4257719264035993,3.541686005172677,2.0624240047341353,0.9569096092774144,0.0,0.30927835051546393,0.12642150780816297,10,30,21,1.5975477153393787,0.12024834990447242,point_alpha_1_2_uncertain
bonds,SU29007RMFS0,504,2019-04-02,2021-04-02,504,202,lower,raw,29,0.14356435643564355,1.619095169298331,0.008858130184664637,3,0.6206896551724138,18,29,0.000259563447119046,0.002920454157469647,0.001984126984126984,0.02979062791528,1.619095169298331,1.6673897086653846,1.6102370391136664,0.6210265791367193,0.001593330863633079,0.10501355140759328,12.751440348812805,1.810171492198478,1.5314215620958573,97,1.359183559286735,3.8881723888198256,2.33642295678649,3.8199504000822553,0.0,0.23711340206185566,0.07831681036129888,10,30,21,1.604772285501424,0.06263638464675503,point_alpha_1_2_uncertain
bonds,SU29007RMFS0,504,2019-05-02,2021-05-04,504,205,lower,raw,25,0.12195121951219512,1.5740657947342964,0.05657220138067065,3,0.56,14,25,0.00023051805453179895,0.0028622347807446664,0.001984126984126984,0.02979062791528,1.630637996114967,1.5740657947342964,1.4030261033103295,0.7127451140364237,0.0015044838081962552,0.10659147021880466,2.816107590724063,1.8552205582098908,1.4628518694616093,96,1.347514582479472,3.2281640593100525,2.0491967585638844,1.6322031210353611,0.0,0.3229166666666667,0.1166395214214922,10,30,21,1.5365653775750518,0.05816693686872543,point_alpha_1_2_uncertain
bonds,SU29007RMFS0,504,2019-06-03,2021-06-02,504,205,lower,raw,25,0.12195121951219512,1.5740657947342964,0.05657220138067065,3,0.56,14,25,0.0002228731977300108,0.002851097082133323,0.001984126984126984,0.02979062791528,1.630637996114967,1.5740657947342964,1.4030261033103295,0.7127451140364237,0.0015044838081962552,0.10659147021880466,3.3343661039979793,1.8552205582098908,1.4628518694616093,96,1.3051076849833423,3.4069633890801643,2.306004762901789,5.087076263172702,0.0,0.20833333333333334,0.1166395214214922,10,30,21,1.5365653775750518,0.05816693686872543,point_alpha_1_2_uncertain
bonds,SU29007RMFS0,504,2019-07-03,2021-07-01,504,211,lower,raw,25,0.11848341232227488,1.5740657947342964,0.05657220138067065,3,0.56,14,25,0.0001863471836026682,0.0028355932097615636,0.003968253968253968,0.02979062791528,1.630637996114967,1.5740657947342964,1.4030261033103295,0.7127451140364237,0.0015044838081962552,0.10659147021880466,3.286809068035751,1.8552205582098908,1.4628518694616093,95,1.2680114322930733,3.4963216630512943,2.216884987035839,3.295074952095005,0.0,0.21052631578947367,0.1166395214214922,10,31,22,1.5385664039797469,0.053769691427359545,point_alpha_1_2_uncertain
bonds,SU29007RMFS0,504,2019-08-01,2021-07-30,504,208,lower,raw,23,0.11057692307692307,1.5512115796510415,0.0009678230169698487,3,0.5652173913043478,13,23,0.00019430341188639316,0.0028128194441210262,0.003968253968253968,0.02979062791528,1.5512115796510415,1.5521794026680114,1.3679843371260225,0.7310025216377,0.0016036057289258703,0.10182346025221745,2.497987052219496,1.7696033343674449,1.4191498246561298,96,1.309853319137228,3.0164391772355224,2.0257082354981084,1.9387427335548255,0.0,0.21875,0.06864288645163952,10,31,22,1.5270463200071969,0.026504413407951954,point_alpha_1_2_uncertain
bonds,SU29007RMFS0,504,2019-08-30,2021-08-30,504,206,lower,raw,25,0.12135922330097088,1.5540103670367094,0.006145548137260537,3,0.6,15,25,0.00018750437845807934,0.002788461581809618,0.005952380952380952,0.02979062791528,1.56015591517397,1.5540103670367094,1.3943720603104388,0.7171687015712026,0.0015354903303210015,0.09655348212143433,2.6553736554008913,1.7671814273902338,1.4316196627783058,96,1.3463538345401278,4.11860237275418,2.431350375384692,4.40402194191566,0.0,0.2604166666666667,0.07157099927254046,10,30,21,1.5350354946450175,0.03730398332827578,point_alpha_1_2_uncertain
bonds,SU29007RMFS0,504,2019-09-30,2021-09-28,504,205,lower,raw,28,0.13658536585365855,1.6387541502586294,0.002615795459565362,3,0.5714285714285714,16,28,0.00016987750726761339,0.0025257961452562865,0.003968253968253968,0.02979062791528,1.636138354799064,1.6521368456610732,1.6387541502586294,0.6102196597593235,0.0014191268198228816,0.09415241325749757,8.531630172442787,1.854315398140671,1.5354843023631122,91,1.3089403640829118,6.354540785534171,2.806935373554013,3.910917166720983,0.0,0.3626373626373626,0.06342709760727756,10,30,21,1.5783139962054071,0.06610347162216157,point_alpha_1_2_uncertain
bonds,SU29007RMFS0,504,2019-10-29,2021-10-27,504,208,lower,raw,28,0.1346153846153846,1.6403330942474872,0.007383392861706195,3,0.5357142857142857,15,28,0.00013160668462082912,0.002468504778750865,0.003968253968253968,0.02979062791528,1.5861801279746213,1.6403330942474872,1.6477164871091934,0.606900524345928,0.0014438085493400817,0.08945821892208539,18.526227838085042,1.7924201857546538,1.512169304862574,95,1.2606339568694984,7.754683186499324,2.564880339305473,2.5876440823060167,0.0,0.3368421052631579,0.057200877098226154,10,31,22,1.570072665419568,0.05517393406342408,point_alpha_1_2_uncertain
bonds,SU29007RMFS0,504,2019-11-28,2021-11-26,504,210,lower,raw,28,0.13333333333333333,1.6403330942474872,0.007383392861706195,3,0.5357142857142857,15,28,0.00013513230518065353,0.0024654505214160003,0.003968253968253968,0.02979062791528,1.5861801279746213,1.6403330942474872,1.6477164871091934,0.606900524345928,0.0014438085493400817,0.08945821892208539,7.1994487441871255,1.7924201857546538,1.512169304862574,90,1.293840705737059,6.088919603631941,2.8313610777494853,3.937486214751032,0.0,0.28888888888888886,0.057200877098226154,10,31,22,1.570072665419568,0.05517393406342408,point_alpha_1_2_uncertain
bonds,SU29007RMFS0,504,2019-12-27,2021-12-27,504,208,lower,raw,23,0.11057692307692307,1.5947941671231423,0.015792497483747114,3,0.5652173913043478,13,23,0.00014563367501824764,0.002439102450573683,0.003968253968253968,0.02979062791528,1.5092180616847957,1.6105866646068894,1.5947941671231423,0.6270401664459968,0.0016410059098642582,0.0967173947832396,6.4470585553917115,1.7299512236950878,1.4531052594021536,88,1.2215178937769935,3.8835117085655972,1.9151238010962595,0.9757382575896933,0.0,0.22727272727272727,0.06521518229574605,10,31,22,1.5589655683183126,0.07746915358842532,point_alpha_1_2_uncertain
bonds,SU29007RMFS0,504,2020-01-31,2022-01-26,504,212,lower,raw,27,0.12735849056603774,1.6269722553398982,0.003911611531699499,3,0.5185185185185185,14,27,0.00010003217967665311,0.0024251273255338187,0.003968253968253968,0.02979062791528,1.5564951716113444,1.6269722553398982,1.6308838668715977,0.6131644443317874,0.0014796874400720902,0.08893663002866792,3.856932110024741,1.7618010770432808,1.4920151100746784,90,1.2556353481995421,6.643820444517678,2.6993650521308568,4.230015424842606,0.0,0.32222222222222224,0.05594043760238042,10,31,22,1.5780033705964551,0.05229250839660882,point_alpha_1_2_uncertain
bonds,SU29007RMFS0,504,2020-03-03,2022-02-24,504,217,lower,raw,11,0.05069124423963134,1.0238642252363996,0.06313169899340365,3,0.5454545454545454,6,11,-0.00012000879315760687,0.004690710948943038,0.003968253968253968,0.0912645573055249,1.0869959242298033,1.0238642252363996,0.7404855953143951,1.3504651627631195,0.002090052831493417,0.1628602472733695,1.9248403604483504,1.0869959242298033,0.8912422561145599,90,0.7661654192672681,3.3291786468029483,1.6041047030985403,1.3033504782082268,0.3,0.16666666666666666,0.1544101682730499,10,32,23,1.1166961302436407,0.0938423780533939,point_alpha_1_2_uncertain
bonds,SU29007RMFS0,504,2020-04-02,2022-03-29,504,208,lower,raw,27,0.12980769230769232,1.6496343878887758,0.1514751690436802,3,0.5555555555555556,15,27,9.10738585955529e-05,0.004565251337080063,0.003968253968253968,0.0912645573055249,1.801109556932456,1.343862208420315,1.6496343878887758,0.6061949286107047,0.0009556994363692498,0.16794846533442742,8.78350785083378,2.348206757399844,1.1358471103216172,84,0.9968093891367557,4.035600847090204,1.7666536197039222,1.1891933317499777,0.05952380952380952,0.11904761904761904,0.19321468063801644,10,31,22,1.3848660260268124,0.35210223151012277,point_alpha_1_2_uncertain
bonds,SU29007RMFS0,504,2020-05-04,2022-04-27,504,207,lower,raw,30,0.14492753623188406,1.3252841587356659,0.0032131769515932884,3,0.5666666666666667,17,30,0.00013650343367167423,0.00464607776669157,0.003968253968253968,0.0912645573055249,1.9262630466248372,1.3252841587356659,1.3220709817840726,0.7563890394527434,0.0006898640957582982,0.10688272719461867,3.077891792482647,2.499711619654389,1.1826326933353362,95,0.9726884542772818,4.861602545325545,1.9800730581660928,2.199722856977031,0.11578947368421053,0.21052631578947367,0.0602395407274069,10,31,22,1.2514078821206862,0.16087506226590698,point_alpha_1_2_uncertain
bonds,SU29007RMFS0,504,2020-06-03,2022-06-01,504,205,lower,raw,28,0.13658536585365855,1.3032129043843046,0.0043107685224623715,3,0.5714285714285714,16,28,0.00015098738506251808,0.004648771178248523,0.003968253968253968,0.0912645573055249,1.8333614939184106,1.2989021358618422,1.3032129043843046,0.7673343293607457,0.000731858351200592,0.10520950713289334,5.446929525912783,2.3912940596787613,1.1499489202744653,82,0.9330603321136457,6.997153453337989,2.7467006370894027,5.8655606510194405,0.10975609756097561,0.2926829268292683,0.06891634328566798,10,30,21,1.236583352911115,0.1653617321912395,point_alpha_1_2_uncertain
bonds,SU29007RMFS0,504,2020-07-07,2022-07-01,504,201,lower,raw,29,0.14427860696517414,1.3314422396173355,0.019235307795355316,3,0.5862068965517241,17,29,0.0001981361975673734,0.00466543068531453,0.003968253968253968,0.0912645573055249,1.8922224972080626,1.3122069318219802,1.3314422396173355,0.7510652510824698,0.0007076093763140748,0.12468693768920153,4.902877767149818,2.4681872182326496,1.164536534677922,90,0.9805784707258227,9.984788750595628,3.06012638122285,4.632488880609517,0.07777777777777778,0.3111111111111111,0.08322438580861781,10,30,21,1.2482335011230465,0.17292776649966224,point_alpha_1_2_uncertain
bonds,SU29007RMFS0,504,2020-08-05,2022-08-01,504,195,lower,raw,22,0.11282051282051282,1.234324873169202,0.05533824400476761,3,0.6363636363636364,14,22,0.0002497993634270827,0.004660597230142164,0.003968253968253968,0.0912645573055249,1.8457498417116847,1.234324873169202,1.1789866291644344,0.8481860398270292,0.0006971174156295207,0.14699602766363568,4.613263119856356,2.6247393354475492,1.0397860378489054,95,0.9384558199308809,6.072762376569326,2.472244070309707,3.1420748250151327,0.08421052631578947,0.30526315789473685,0.13949301836245304,10,29,20,1.2079669023153423,0.10024352752952925,point_alpha_1_2_uncertain
bonds,SU29007RMFS0,504,2020-09-03,2022-08-30,504,190,lower,raw,25,0.13157894736842105,1.2561157480528173,0.06757738998646268,3,0.68,17,25,0.0002658123386264897,0.004657531807377475,0.003968253968253968,0.0912645573055249,1.860271020650393,1.2561157480528173,1.1885383580663547,0.8413695638960363,0.0006482738696537762,0.14448729387735632,,2.539988284766482,1.0842890862844794,94,0.950041119151897,6.186168000817633,2.3476463022524228,2.9210630709593692,0.07446808510638298,0.2872340425531915,0.14316914720273816,10,28,19,1.2045667986317006,0.09359848057337627,point_alpha_1_2_uncertain
bonds,SU29007RMFS0,504,2020-10-02,2022-09-28,504,189,lower,raw,23,0.12169312169312169,1.2246260986432078,0.15535906729417515,3,0.6956521739130435,16,23,0.0002822908628412588,0.004655118317315636,0.003968253968253968,0.0912645573055249,1.8255867372228258,1.2246260986432078,1.0692670313490327,0.9352200813096776,0.0005981654777146416,0.13320651388336024,34.84708922629766,2.555569198160375,1.044935170737904,97,0.8682489399981392,8.264580728014112,2.2649447534346905,3.1832328283324416,0.1958762886597938,0.2268041237113402,0.23373432368256236,10,28,19,1.1810476618060528,0.09267422074615594,point_alpha_1_2_uncertain
bonds,SU29007RMFS0,504,2020-11-02,2022-10-27,504,185,lower,raw,14,0.07567567567567568,1.094519945593264,0.025633697518569143,3,0.7857142857142857,11,14,0.0002940159725822194,0.004648936646689538,0.003968253968253968,0.0912645573055249,1.4427833964275467,1.094519945593264,1.0688862480746948,0.9355532469439339,0.0010294695325151842,0.17152021595853972,,1.4427833964275467,0.8800254773944898,80,0.769539504223509,3.8456544953295415,1.5762633884151032,1.4417528418884678,0.2375,0.175,0.1071288471456317,10,27,18,1.1580281713532719,0.11000001902620049,point_alpha_1_2_uncertain
bonds,SU29007RMFS0,504,2020-12-02,2022-11-28,504,187,lower,raw,21,0.11229946524064172,1.2564092333418362,0.04947556469580361,3,0.5714285714285714,12,21,0.00026766869051680204,0.004660861183176756,0.003968253968253968,0.0912645573055249,1.5469063731128914,1.2069336686460326,1.2564092333418362,0.7959190154470364,0.0009688615410615214,0.12739160651089987,2.173701419003681,2.0783870900505197,1.0358624581430602,81,0.9012317173358994,4.748578803730989,1.6697109031775494,1.3973520833169302,0.24691358024691357,0.16049382716049382,0.11799417280615279,10,28,19,1.2243585018738135,0.09877855382163814,point_alpha_1_2_uncertain
bonds,SU29007RMFS0,504,2021-01-04,2022-12-27,504,183,lower,raw,21,0.11475409836065574,1.209070242313645,0.07728038577662999,3,0.6190476190476191,13,21,0.000276525690180205,0.00466152935053953,0.003968253968253968,0.0912645573055249,1.6331123532972218,1.209070242313645,1.131789856537015,0.883556248736618,0.0008295679170587611,0.11755215161499566,1.9359563585035182,2.23703586361234,1.0358771784200627,84,0.8823349140545489,4.500242250063151,2.1548367160003523,4.2866382398540495,0.19047619047619047,0.21428571428571427,0.16093352185666532,10,27,18,1.218624107181006,0.0969907402952459,point_alpha_1_2_uncertain
bonds,SU29007RMFS0,504,2021-02-03,2023-01-26,504,182,lower,raw,16,0.08791208791208792,1.2209716836017028,0.07572007418174276,3,0.6875,11,16,0.0003021998556712798,0.004664108510488938,0.003968253968253968,0.0912645573055249,1.477327187542168,1.14525160941996,1.2209716836017028,0.8190198130149374,0.0011261977453201752,0.16047556144071917,,1.477327187542168,0.9387334722790217,79,0.8225134892798616,2.9647323456295864,1.3640876578952177,1.0235892224880332,0.35443037974683544,0.11392405063291139,0.14927687479706186,10,27,18,1.2085537443102035,0.09130728876125671,point_alpha_1_2_uncertain
bonds,SU29007RMFS0,504,2021-03-04,2023-02-27,504,183,lower,raw,16,0.08743169398907104,1.1529109146120917,0.020868881868118416,3,0.5625,9,16,0.0003062161809257837,0.004660846551554414,0.003968253968253968,0.0912645573055249,1.470874500807825,1.1320420327439733,1.1529109146120917,0.8673697050881506,0.0010415625681939578,0.14824672149218546,,1.470874500807825,0.9318085282302433,88,0.8510434809325714,5.917389850740954,2.0959982432346234,2.4361600085151713,0.25,0.26136363636363635,0.09432447564334882,10,27,18,1.1642830630096062,0.08700412784849121,point_alpha_1_2_uncertain
bonds,SU29007RMFS0,504,2021-04-05,2023-03-29,504,180,lower,raw,19,0.10555555555555556,1.1763015191824409,0.03232586606787824,3,0.5789473684210527,11,19,0.00031238315790014387,0.004667893004858387,0.003968253968253968,0.0912645573055249,1.5443874190699136,1.1763015191824409,1.1439756531145626,0.8741444778806456,0.0009225634393935397,0.1256862629177652,,1.5443874190699136,0.9960604410751369,88,0.8731481274996411,6.666396177964611,3.2787961029739874,7.836600464447547,0.18181818181818182,0.32954545454545453,0.10714055593902148,10,27,18,1.2004379621377703,0.0968747748207488,point_alpha_1_2_uncertain
bonds,SU29007RMFS0,504,2021-05-05,2023-04-27,504,180,lower,raw,20,0.1111111111111111,1.2123159833762678,0.02768986466269241,3,0.6,12,20,0.00032501114183946985,0.004666665082267257,0.003968253968253968,0.0912645573055249,1.5157810582416815,1.1846261187135754,1.2123159833762678,0.8248674551126733,0.0009625391077761195,0.12521713465926332,,2.0580364669282254,1.012246001592937,80,0.8411098910242428,3.5138969999354464,1.7356359833571084,2.1580360327779724,0.2875,0.1625,0.10104500428100663,10,27,18,1.208112497998224,0.09643361689894259,point_alpha_1_2_uncertain
bonds,SU29007RMFS0,504,2021-06-03,2023-05-30,504,177,lower,raw,20,0.11299435028248588,1.2123159833762678,0.02768986466269241,3,0.6,12,20,0.0003283599903159074,0.0046644264581793896,0.003968253968253968,0.0912645573055249,1.5157810582416815,1.1846261187135754,1.2123159833762678,0.8248674551126733,0.0009625391077761195,0.12521713465926332,6.851465331707028,2.0580364669282254,1.012246001592937,91,0.9210270413149408,7.072828926185666,2.6243230840258187,5.829328040553875,0.2087912087912088,0.25274725274725274,0.10104500428100663,10,26,17,1.2039090126201804,0.09711774304644494,point_alpha_1_2_uncertain
bonds,SU29007RMFS0,504,2021-07-02,2023-06-29,504,170,lower,raw,20,0.11764705882352941,1.2123159833762678,0.02768986466269241,3,0.6,12,20,0.0003649044720327978,0.004685184106858147,0.001984126984126984,0.0912645573055249,1.5157810582416815,1.1846261187135754,1.2123159833762678,0.8248674551126733,0.0009625391077761195,0.12521713465926332,,2.0580364669282254,1.012246001592937,90,0.8824665130535156,6.78220616554033,2.774097111101005,5.139524291561578,0.15555555555555556,0.34444444444444444,0.10104500428100663,10,25,16,1.1997249817295677,0.09139083152514593,point_alpha_1_2_uncertain
bonds,SU29007RMFS0,504,2021-08-02,2023-07-28,504,171,lower,raw,24,0.14035087719298245,1.2624442877150637,0.02086441360542457,3,0.625,15,24,0.0003710394892181359,0.0046988675331047095,0.001984126984126984,0.0912645573055249,1.612978568804753,1.241579874109639,1.2624442877150637,0.7921141627643074,0.0008775720425261099,0.11623387927203166,,2.1112600602619778,1.0848339565917382,95,0.9057090044372471,7.721374433300721,2.7688914774623834,5.88652324679558,0.12631578947368421,0.24210526315789474,0.09894886716523602,10,25,16,1.232725931211304,0.17898736241303892,point_alpha_1_2_uncertain
bonds,SU29007RMFS0,504,2021-08-31,2023-08-28,504,175,lower,raw,24,0.13714285714285715,1.3406048781692108,0.08170109082752353,3,0.625,15,24,0.00035883309410110844,0.00470407133148344,0.0,0.0912645573055249,1.6378490555732055,1.2589037873416873,1.3406048781692108,0.7459319418303506,0.0009337840981649371,0.1239132386960391,,2.148345884349128,1.095589894116762,89,0.9532253017004919,16.712650216438877,4.298330850345166,9.725018746749777,0.1348314606741573,0.2808988764044944,0.1323762769812934,10,26,17,1.2692869651536105,0.1748065296060357,point_alpha_1_2_uncertain
bonds,SU29007RMFS0,504,2021-09-29,2023-09-26,504,175,lower,raw,20,0.11428571428571428,1.2572493540282403,0.027648943856491748,3,0.75,15,20,0.00033339349227012616,0.0047303692168120465,0.0,0.0912645573055249,1.5652412095115922,1.2296004101717486,1.2572493540282403,0.7953871654783431,0.001162469594754619,0.12946303771448708,,2.1048858297867357,1.0754642877399456,76,0.8786501540031721,6.633455622556429,2.9312431730142676,6.069398176365782,0.11842105263157894,0.2894736842105263,0.13823933089898363,10,26,17,1.2572493540282403,0.16380373603476772,point_alpha_1_2_uncertain
bonds,SU29007RMFS0,504,2021-10-28,2023-10-25,504,174,lower,raw,20,0.11494252873563218,1.3545676519259227,0.10744682500639646,3,0.75,15,20,0.0003314378289802431,0.004737729730602725,0.0,0.0912645573055249,1.5398561121738046,1.2471208269195262,1.3545676519259227,0.7382429357280171,0.0012976073486765981,0.14955540363471964,,2.0522485202155294,1.0846762331650952,79,0.964618920059402,10.502461958181394,2.5981211221925964,4.634338143586981,0.10126582278481013,0.17721518987341772,0.20955498044355064,10,26,17,1.3186583610192273,0.19353529161093364,point_alpha_1_2_uncertain
bonds,SU29007RMFS0,504,2021-11-29,2023-11-23,504,171,lower,raw,20,0.11695906432748537,1.3923927495506407,0.14039994123893185,3,0.75,15,20,0.0003415680932993388,0.004739300125591022,0.0,0.0912645573055249,1.5336196790583343,1.251992808311709,1.3923927495506407,0.7181881694821555,0.0013361133313417829,0.15360428169888207,24.29282988263365,2.0402806240826696,1.087168350144129,78,0.8771419764158015,6.53056518585229,2.0155883666338967,1.882030007035678,0.1282051282051282,0.21794871794871795,0.22160981231429924,10,25,16,1.2433970872664184,0.12762509622068774,point_alpha_1_2_uncertain
bonds,SU29007RMFS0,504,2021-12-28,2023-12-22,504,172,lower,raw,20,0.11627906976744186,1.3923927495506407,0.14039994123893185,3,0.75,15,20,0.00034300202376381467,0.004742110181165044,0.0,0.0912645573055249,1.5336196790583343,1.251992808311709,1.3923927495506407,0.7181881694821555,0.0013361133313417829,0.15360428169888207,6.092719733416286,2.0402806240826696,1.087168350144129,80,0.8677439092271929,5.761430046175781,2.7793462816177854,6.032323078682639,0.1875,0.225,0.22160981231429924,10,25,16,1.2433970872664184,0.12762509622068774,point_alpha_1_2_uncertain
bonds,SU29007RMFS0,504,2022-01-27,2024-01-24,504,166,lower,raw,23,0.13855421686746988,1.2562802928632395,0.02078150645757093,3,0.6086956521739131,14,23,0.0003883271656937916,0.004732673262181284,0.0,0.0912645573055249,1.5171639484810147,1.2354987864056686,1.2562802928632395,0.7960007059577917,0.001069728023703046,0.109582494421538,,1.9516729393098031,1.10334413287258,87,0.9526453401855112,6.358133783815146,2.197732662786154,3.2260559747313238,0.09195402298850575,0.20689655172413793,0.08817815326463252,10,24,15,1.20554027492022,0.09113242409818634,point_alpha_1_2_uncertain
bonds,SU29007RMFS0,504,2022-02-25,2024-02-22,504,157,lower,raw,23,0.1464968152866242,3.2537939535615186,1.346967306994814,3,0.6521739130434783,15,23,0.0006138404920032703,0.002358007538624573,0.0,0.00854484621409811,1.9068266465667045,3.2537939535615186,7.517144906293701,0.13302923017524299,0.0013169664520843172,0.16030854497438307,,2.102124261592304,2.0474326614756024,76,1.9166063239387217,10.419108892440303,4.574249532176961,7.993757096061801,0.0,0.8947368421052632,1.1390043843546684,10,23,14,2.0505269486833075,1.868646320824227,point_alpha_gt_2_uncertain
bonds,SU29007RMFS0,504,2022-03-30,2024-03-26,504,159,lower,raw,23,0.14465408805031446,3.2537939535615186,1.346967306994814,3,0.6521739130434783,15,23,0.000538111874857222,0.0018068894878008443,0.0,0.00854484621409811,1.9068266465667045,3.2537939535615186,7.517144906293701,0.13302923017524299,0.0013169664520843172,0.16030854497438307,,2.102124261592304,2.0474326614756024,67,1.9049417301381977,13.497002145880279,6.251127883861786,10.144183736498517,0.0,0.8805970149253731,1.1390043843546684,10,23,14,2.0505269486833075,1.868646320824227,point_alpha_gt_2_uncertain
bonds,SU29007RMFS0,504,2022-04-28,2024-04-24,504,160,lower,raw,24,0.15,3.132853497318397,1.1875942371937498,3,0.5833333333333334,14,24,0.00045321175699424384,0.00146504035266347,0.0,0.00854484621409811,1.9452592601246472,3.132853497318397,4.986987249077342,0.200521868225152,0.0011136201098764192,0.16504014104754344,,2.15634527522805,2.0629561497732283,85,1.791283144189205,12.539864243499892,4.914032111922937,6.209872921495279,0.0,0.8705882352941177,0.5404358551812336,10,24,15,3.117480738588409,1.7261160418715742,point_alpha_gt_2_uncertain
bonds,SU29007RMFS0,504,2022-06-02,2024-05-24,504,160,lower,raw,24,0.15,3.3060637846793943,1.1928580510178284,3,0.5833333333333334,14,24,0.00044286816527284165,0.0014568211221538357,0.0,0.00854484621409811,2.113205733661566,3.3060637846793943,4.79740451774802,0.2084460454190376,0.0010561327521973435,0.12543720589553506,,2.3563566124072706,2.219131120605339,72,1.9662426387096745,12.495814759437419,4.432308775991795,4.248950493322886,0.0,0.9305555555555556,0.904091754611286,10,24,15,3.3060637846793943,5.3624168045048135,point_alpha_gt_2_uncertain
bonds,SU29007RMFS0,504,2022-07-04,2024-06-25,504,161,lower,raw,24,0.14906832298136646,3.3227747863466335,1.2697549397223984,3,0.5833333333333334,14,24,0.0004042191974956359,0.0014404015386405135,0.0,0.00854484621409811,2.053019846624235,3.3227747863466335,5.778570487470528,0.17305318022307853,0.001140472368058269,0.13839416779471725,,2.278316502941694,2.1519692870064757,78,1.9375394391223708,8.10054249657869,4.520870302338462,6.46624701505773,0.0,0.9230769230769231,0.9473707299507962,10,24,15,2.1171392366530224,2.5045972582616107,point_alpha_gt_2_uncertain
bonds,SU29007RMFS0,504,2022-08-02,2024-07-24,504,165,lower,raw,24,0.14545454545454545,2.8955609242542595,0.4532431747991206,3,0.5,12,24,0.00038139394015363783,0.0014004365567738069,0.0,0.00854484621409811,2.1254749472930476,2.8955609242542595,3.34880409905338,0.29861406353470304,0.0009440359874861253,0.14197232218374894,,2.377336813919796,2.1526949745855113,88,1.7950009517883645,10.566022356055853,3.9363024217680347,2.821831705222729,0.0,0.8863636363636364,0.39767952319406213,10,24,15,2.8955609242542595,3.1576482497365017,point_alpha_gt_2_uncertain
bonds,SU29007RMFS0,504,2022-08-31,2024-08-22,504,166,lower,raw,24,0.14457831325301204,2.8474154105251337,0.15408734339825525,3,0.5416666666666666,13,24,0.0004120585865608139,0.0014665010181321768,0.0,0.00854484621409811,2.190700907989887,2.8474154105251337,3.001502753923389,0.3331664442729091,0.000892407319440897,0.13578639869467002,70.53187054218608,2.4575073464837636,2.1870205499980315,84,1.9391202957855123,9.7201313407373,4.96884813639674,6.502775738242418,0.0,0.9285714285714286,0.33664899693722455,10,24,15,3.200207251771721,4.51660478018068,point_alpha_gt_2_uncertain
bonds,SU29007RMFS0,504,2022-09-29,2024-09-20,504,168,lower,raw,24,0.14285714285714285,3.430987558964961,1.7708655772830253,3,0.5416666666666666,13,24,0.0004015831313227516,0.0017362222658104185,0.0,0.0111373745823403,1.6601219816819357,3.430987558964961,6.807274352661401,0.1469016743256478,0.001755993184469352,0.12326176777372394,5.6823984903954115,1.8113465063536167,1.9091796522323192,74,1.8579156337656704,17.22002684362558,5.224848182900349,6.334759245533779,0.0,0.8648648648648649,0.86563617783816,10,25,16,4.031836824887132,3.7831141005161975,point_alpha_gt_2_uncertain
bonds,SU29007RMFS0,504,2022-10-28,2024-10-21,504,173,lower,raw,13,0.07514450867052024,3.487903757077341,0.25254281342242635,3,0.6923076923076923,9,13,0.0003965152352152013,0.0017806431302239162,0.0,0.0111373745823403,2.556940288944688,3.487903757077341,3.7404465704997674,0.26734775678573275,0.0014850092187326499,0.18206006458139767,1.0202914917030308,2.556940288944688,2.4323815940287035,82,2.225194468153511,26.765987463361284,6.691914588422924,9.258461245549581,0.0,0.975609756097561,0.49821922817506487,10,25,16,3.2791626080471206,3.0816632764175482,strict_alpha_gt_2
bonds,SU29007RMFS0,504,2022-11-29,2024-11-19,504,176,lower,raw,14,0.07954545454545454,2.622542021741227,0.2861461937483054,3,0.5714285714285714,8,14,0.000385697452440134,0.0018630364302730652,0.0,0.0111373745823403,2.622542021741227,3.0343966308668717,2.336395827992922,0.42800966686327674,0.0013353708026046288,0.16076150965854008,0.8131542466496882,2.622542021741227,2.3681496945450604,68,2.2288482072057643,15.29394437587183,6.12271603504554,9.98253611735347,0.0,1.0,0.38168510418609436,10,26,17,3.5169580433083065,2.8385651613311387,strict_alpha_gt_2
bonds,SU29007RMFS0,504,2022-12-28,2024-12-18,504,175,lower,raw,14,0.08,2.622542021741227,0.2861461937483054,3,0.5714285714285714,8,14,0.00041299657196327053,0.0018823030078513093,0.0,0.0111373745823403,2.622542021741227,3.0343966308668717,2.336395827992922,0.42800966686327674,0.0013353708026046288,0.16076150965854008,0.8131542466496882,2.622542021741227,2.3681496945450604,81,2.137959268391248,6.813147053017237,3.6919503898338606,1.8356490994296775,0.0,0.9753086419753086,0.38168510418609436,10,26,17,3.5169580433083065,2.8385651613311387,strict_alpha_gt_2
bonds,SU29007RMFS0,504,2023-01-27,2025-01-21,504,174,lower,raw,14,0.08045977011494253,2.622542021741227,0.2861461937483054,3,0.5714285714285714,8,14,0.00041985472690529165,0.0018809600292135212,0.0,0.0111373745823403,2.622542021741227,3.0343966308668717,2.336395827992922,0.42800966686327674,0.0013353708026046288,0.16076150965854008,0.8383173862353146,2.622542021741227,2.3681496945450604,81,2.268165048616872,24.24951035758087,6.146488734747409,8.260646659262632,0.0,0.9876543209876543,0.38168510418609436,10,26,17,3.5169580433083065,2.8385651613311387,strict_alpha_gt_2
bonds,SU29007RMFS0,504,2023-02-28,2025-02-19,504,171,lower,raw,14,0.08187134502923976,2.622542021741227,0.2861461937483054,3,0.5714285714285714,8,14,0.0004468552916421569,0.0018892515888333289,0.0,0.0111373745823403,2.622542021741227,3.0343966308668717,2.336395827992922,0.42800966686327674,0.0013353708026046288,0.16076150965854008,0.8475361257690943,2.622542021741227,2.3681496945450604,83,2.136170104904019,47.751750097278496,7.107663832151353,11.58116675855944,0.0,0.9759036144578314,0.38168510418609436,10,25,16,3.114010248138197,3.4192184714015195,strict_alpha_gt_2
bonds,SU29007RMFS0,504,2023-03-30,2025-03-20,504,167,lower,raw,12,0.0718562874251497,2.510918117726635,0.34689795644464816,3,0.5,6,12,0.0005007667217157826,0.0018946784508788877,0.0,0.0111373745823403,2.510918117726635,3.0685427713538984,2.1640201612819867,0.46210290361046835,0.001409475672841924,0.1875431527337047,1.0499290137136503,2.510918117726635,2.250099034091115,67,2.321953717859151,15.227073598784786,5.941643301571265,6.80901584047372,0.0,1.0,0.4150336439475038,10,25,16,3.4177613572465537,3.0583008576531974,strict_alpha_gt_2
bonds,SU29007RMFS0,504,2023-04-28,2025-04-18,504,161,lower,raw,15,0.09316770186335403,2.6912920907072695,0.09224606140863534,3,0.5333333333333333,8,15,0.0005174644120463043,0.001914291202874419,0.0,0.0111373745823403,2.783538152115905,2.6912920907072695,1.5729959660908297,0.6357295387636467,0.0009860296871460968,0.14900585238902386,1.0082444808254336,2.783538152115905,2.384028434070474,71,2.3194557286266484,9.73614595070318,4.016713679893658,2.7410305447538166,0.0,0.9859154929577465,0.26988695933148654,10,24,15,2.6912920907072695,2.5304734014454247,strict_alpha_gt_2
bonds,SU29007RMFS0,504,2023-05-31,2025-05-21,504,159,lower,raw,15,0.09433962264150944,2.6912920907072695,0.09224606140863534,3,0.5333333333333333,8,15,0.0005265048590084347,0.0019158322962083475,0.0,0.0111373745823403,2.783538152115905,2.6912920907072695,1.5729959660908297,0.6357295387636467,0.0009860296871460968,0.14900585238902386,0.902655459713916,2.783538152115905,2.384028434070474,79,2.17794101745846,17.650967377128215,6.0131769305590845,8.439161593420657,0.0,1.0,0.26988695933148654,10,23,14,2.662171640218384,2.3090118692206576,strict_alpha_gt_2
bonds,SU29007RMFS0,504,2023-06-30,2025-06-20,504,158,lower,raw,15,0.0949367088607595,2.6912920907072695,0.09224606140863534,3,0.5333333333333333,8,15,0.0005408492345192793,0.00188152501222432,0.0,0.0111373745823403,2.783538152115905,2.6912920907072695,1.5729959660908297,0.6357295387636467,0.0009860296871460968,0.14900585238902386,0.902655459713916,2.783538152115905,2.384028434070474,80,2.2074638678340097,13.14471475264035,5.711264723063638,6.892955387520333,0.0,1.0,0.26988695933148654,10,23,14,2.662171640218384,2.3090118692206576,strict_alpha_gt_2
bonds,SU29007RMFS0,504,2023-07-31,2025-07-21,504,151,lower,raw,12,0.07947019867549669,3.455382509754063,0.8426742381625392,3,0.5833333333333334,7,12,0.0005828400704320521,0.001856876392192845,0.0,0.0111373745823403,2.504174043640169,3.455382509754063,4.298056747916602,0.232663284514503,0.0017962278687489969,0.1859822934712968,0.9504534800735022,2.504174043640169,2.3225714216241102,68,2.1034514335059873,13.879985417260336,4.61091606730434,4.734138487991699,0.0,0.9558823529411765,0.6385220923161395,10,22,13,2.633051189729499,2.891058264049262,strict_alpha_gt_2
bonds,SU29007RMFS0,504,2023-08-29,2025-08-19,504,143,lower,raw,12,0.08391608391608392,3.455382509754063,0.8426742381625392,3,0.5833333333333334,7,12,0.0006252881166092427,0.0018455031972425175,0.0,0.0111373745823403,2.504174043640169,3.455382509754063,4.298056747916602,0.232663284514503,0.0017962278687489969,0.1859822934712968,0.9298227616592054,2.504174043640169,2.3225714216241102,67,2.175830061518363,23.54253244405474,6.7630464841093385,9.442722713331893,0.0,0.9552238805970149,0.6385220923161395,10,21,12,2.631216612147673,2.428821909082039,strict_alpha_gt_2
bonds,SU29007RMFS0,504,2023-09-27,2025-09-17,504,138,lower,raw,10,0.07246376811594203,2.649057548866461,0.17014385721851433,3,0.6,6,10,0.0006718320848223575,0.0017732424313216715,0.001984126984126984,0.0111373745823403,2.649057548866461,2.8192014060849755,1.624173231546951,0.6156978705082743,0.0011289927086833044,0.16054507995555423,1.0860662227444933,2.649057548866461,2.2722915155948047,73,2.1231879266705875,14.485403185715743,4.843969254730578,6.559312089064565,0.0,0.958904109589041,0.19796039116381436,10,20,11,2.5722347919924218,2.6518839333108257,strict_alpha_gt_2
bonds,SU29007RMFS0,504,2023-10-26,2025-10-16,504,136,lower,raw,10,0.07352941176470588,2.621958050594236,0.10806102199902856,3,0.5,5,10,0.000684390436738852,0.001761713461563252,0.001984126984126984,0.0111373745823403,2.621958050594236,2.7300190725932647,1.3823146897187237,0.7234242733855936,0.001012531106008441,0.1597336332724496,1.1219258231521558,2.621958050594236,2.23194042478363,69,2.036733285712924,16.48150306827342,5.683867951736231,8.494761505263465,0.0,0.9565217391304348,0.3394649190426336,10,20,11,2.665414177131341,3.039278391107442,strict_alpha_gt_2
bonds,SU29007RMFS0,504,2023-11-24,2025-11-14,504,133,lower,raw,10,0.07518796992481203,2.621958050594236,0.10806102199902856,3,0.5,5,10,0.0006994128991423071,0.0017655358337563343,0.001984126984126984,0.0111373745823403,2.621958050594236,2.7300190725932647,1.3823146897187237,0.7234242733855936,0.001012531106008441,0.1597336332724496,1.1219258231521558,2.621958050594236,2.23194042478363,78,2.119072053403947,14.294737337357484,4.658229175740291,5.375807413508167,0.0,0.9615384615384616,0.3394649190426336,10,19,10,2.6436861138627883,2.5890675927577345,strict_alpha_gt_2
bonds,SU29007RMFS0,504,2023-12-25,2025-12-15,504,126,lower,raw,10,0.07936507936507936,2.621958050594236,0.10806102199902856,3,0.5,5,10,0.0007140092964723155,0.0017560822730884665,0.001984126984126984,0.0111373745823403,2.621958050594236,2.7300190725932647,1.3823146897187237,0.7234242733855936,0.001012531106008441,0.1597336332724496,1.1245456070003048,2.621958050594236,2.23194042478363,78,2.1147826259807827,16.105999942664745,5.431427119115248,8.293666107755401,0.0,0.9743589743589743,0.3394649190426336,10,18,9,2.621958050594236,2.2257742298746503,strict_alpha_gt_2
bonds,SU29007RMFS0,504,2024-01-25,2026-01-19,504,129,lower,raw,10,0.07751937984496124,2.621958050594236,0.10806102199902856,3,0.5,5,10,0.0006983560033508904,0.001793839377419674,0.001984126984126984,0.0111373745823403,2.621958050594236,2.7300190725932647,1.3823146897187237,0.7234242733855936,0.001012531106008441,0.1597336332724496,1.3083626108314927,2.621958050594236,2.23194042478363,75,2.147616271103175,19.760002140075386,5.693330370686733,6.216802531814727,0.0,0.9733333333333334,0.3394649190426336,10,19,10,3.220996966720473,3.278166557866223,strict_alpha_gt_2
bonds,SU29007RMFS0,504,2024-02-26,2026-02-17,504,133,lower,raw,10,0.07518796992481203,2.621958050594236,0.10806102199902856,3,0.5,5,10,0.0006922238015944119,0.0018038373216644737,0.001984126984126984,0.0111373745823403,2.621958050594236,2.7300190725932647,1.3823146897187237,0.7234242733855936,0.001012531106008441,0.1597336332724496,1.2528236793738734,2.621958050594236,2.23194042478363,71,2.2413659812922964,11.314469253952026,4.0784789591446,3.186058179522375,0.0,0.971830985915493,0.3394649190426336,10,19,10,3.220996966720473,3.278166557866223,strict_alpha_gt_2
bonds,SU29007RMFS0,504,2024-03-27,2026-03-19,504,136,lower,raw,10,0.07352941176470588,2.621958050594236,0.10806102199902856,3,0.5,5,10,0.0006542174387897676,0.0017819911896862768,0.001984126984126984,0.0111373745823403,2.621958050594236,2.7300190725932647,1.3823146897187237,0.7234242733855936,0.001012531106008441,0.1597336332724496,1.2528236793738734,2.621958050594236,2.23194042478363,77,2.0151941686209907,9.858955996523482,4.697465221444007,6.323010584278634,0.0,0.948051948051948,0.3394649190426336,10,20,11,3.7765797563096055,2.9487449721925425,strict_alpha_gt_2
bonds,SU29007RMFS0,504,2024-04-25,2026-04-17,504,134,lower,raw,10,0.07462686567164178,2.621958050594236,0.10806102199902856,3,0.5,5,10,0.0006550555025584129,0.0017762606774761375,0.001984126984126984,0.0111373745823403,2.621958050594236,2.7300190725932647,1.3823146897187237,0.7234242733855936,0.001012531106008441,0.1597336332724496,1.2528236793738734,2.621958050594236,2.23194042478363,78,2.0892757392638015,10.840724122084266,4.5648971104175615,6.251404918560227,0.0,0.9487179487179487,0.3394649190426336,10,20,11,3.7765797563096055,2.9487449721925425,strict_alpha_gt_2
bonds,SU29007RMFS0,504,2024-05-23,2026-05-15,504,131,lower,raw,10,0.07633587786259542,2.621958050594236,0.10806102199902856,3,0.5,5,10,0.0006727570664628428,0.001755232595731079,0.001984126984126984,0.0111373745823403,2.621958050594236,2.7300190725932647,1.3823146897187237,0.7234242733855936,0.001012531106008441,0.1597336332724496,0.9246356033080979,2.621958050594236,2.23194042478363,72,1.9508316676013706,8.869762393424654,3.738534129448893,2.0901903860739584,0.0,0.9166666666666666,0.3394649190426336,10,19,10,2.1589596302419474,2.0111639959656635,point_alpha_gt_2_uncertain
bonds,SU26221RMFS0,504,2018-01-03,2019-12-26,504,214,lower,raw,29,0.13551401869158877,3.9540091873037095,1.546098698880174,2,0.4827586206896552,14,29,0.0005026887619954904,0.004059844761114065,0.003968253968253968,0.0161381790490302,2.4079104884235356,5.5001078861838835,inf,-0.22509208105533604,0.004287689696839547,0.20518491279276546,1.5237294674018007,2.5464316219569483,2.5478799298004735,61,2.5389200577037494,20.045489999007756,6.583833699177931,7.79141821388478,0.0,1.0,0.8303396514989682,10,32,23,2.7139516935983345,1.9110111730532227,strict_alpha_gt_2
bonds,SU26221RMFS0,504,2018-02-02,2020-01-30,504,220,lower,raw,30,0.13636363636363635,3.5023708640886775,1.0151478251490444,2,0.5,15,30,0.0004748613316014261,0.0041045491941480985,0.003968253968253968,0.0161381790490302,2.487223038939633,4.517518689237722,inf,-0.10830975324081782,0.003711847665804128,0.20828116379613965,1.4132673668902598,2.633063532471301,2.547591442005375,62,2.67550238305678,21.033748334251644,7.531131476832572,9.128235643947907,0.0,1.0,0.5964164418073553,10,33,24,2.751680725658564,1.830676961415321,strict_alpha_gt_2
bonds,SU26221RMFS0,504,2018-03-06,2020-03-02,504,217,lower,raw,32,0.14746543778801843,3.4169289841517942,1.1280138666685973,2,0.5,16,32,0.0004145737566745223,0.004233928408201786,0.003968253968253968,0.0187864207058727,2.288915117483197,4.544942850820392,inf,-0.10626378250756034,0.004133346056136718,0.20044226076974495,1.504725016147642,2.425547802091358,2.424896047733888,67,2.470340678407906,20.79776946065279,6.766675245015558,7.392759202871237,0.0,1.0,0.7290563722331751,10,32,23,2.508374920365938,1.843449105208414,strict_alpha_gt_2
bonds,SU26221RMFS0,504,2018-04-05,2020-04-01,504,218,lower,raw,19,0.0871559633027523,2.1891424807456046,0.052664903685942566,3,0.3684210526315789,7,19,0.0003618156258439421,0.006288320366710313,0.003968253968253968,0.0513460194997697,2.136477577059662,2.2680328654811293,2.1891424807456046,0.45679986971857944,0.004783346280519398,0.14683619603074166,1.257790983466718,2.136477577059662,1.9784001322725713,78,1.7725339276497538,11.12680906799347,4.472481371187772,6.812425781243124,0.0,0.6794871794871795,0.15971088150438073,10,32,23,2.9850337190134946,1.9659399507618511,point_alpha_gt_2_uncertain
bonds,SU26221RMFS0,504,2018-05-04,2020-04-30,504,215,lower,raw,19,0.08837209302325581,2.3386494654084435,0.055411415315370416,3,0.42105263157894735,8,19,0.0005131235376153947,0.006416238914836535,0.003968253968253968,0.0513460194997697,1.9961632450291098,2.3386494654084435,2.394060880723814,0.4177003216800663,0.005197213378455296,0.1539942883913072,1.6206895647009707,1.9961632450291098,1.926917746930684,84,1.7717641761264087,6.889297340617864,3.515844798636553,4.773194252325043,0.0,0.6309523809523809,0.15479745398611927,10,32,23,2.6082067467546874,1.478859720370758,point_alpha_gt_2_uncertain
bonds,SU26221RMFS0,504,2018-06-05,2020-06-02,504,216,lower,raw,19,0.08796296296296297,2.3386494654084435,0.055411415315370416,3,0.42105263157894735,8,19,0.0005745081418484646,0.006481240219789967,0.003968253968253968,0.0513460194997697,1.9961632450291098,2.3386494654084435,2.394060880723814,0.4177003216800663,0.005197213378455296,0.1539942883913072,1.6553767895011788,1.9961632450291098,1.926917746930684,82,1.6687339577516427,9.334180434977856,3.5730917719312547,4.902595823810111,0.0,0.6097560975609756,0.15479745398611927,10,32,23,2.536563743148438,1.478859720370758,point_alpha_gt_2_uncertain
bonds,SU26221RMFS0,504,2018-07-04,2020-07-06,504,216,lower,raw,21,0.09722222222222222,2.376072503552765,0.0693804723237541,3,0.42857142857142855,9,21,0.0005476055617302774,0.006540055568416835,0.003968253968253968,0.0513460194997697,2.082928844427458,2.376072503552765,2.445452975876519,0.40892219554603043,0.004891162457798957,0.1566855977899523,2.2374861887095987,2.382376387359525,1.9974183800265288,79,1.7627062171397376,7.021036854193088,3.2173252422391716,2.27023422465554,0.0,0.620253164556962,0.17739226927614948,10,32,23,2.660107150401412,1.6823309002321833,point_alpha_gt_2_uncertain
bonds,SU26221RMFS0,504,2018-08-02,2020-08-04,504,216,lower,raw,21,0.09722222222222222,2.376072503552765,0.0693804723237541,3,0.42857142857142855,9,21,0.0005743436645690494,0.0065628638299650485,0.003968253968253968,0.0513460194997697,2.082928844427458,2.376072503552765,2.445452975876519,0.40892219554603043,0.004891162457798957,0.1566855977899523,2.117005800434138,2.382376387359525,1.9974183800265288,85,1.704406448277746,8.394379833701175,3.4941627832442017,5.95934242039433,0.0,0.6235294117647059,0.17739226927614948,10,32,23,2.660107150401412,1.6823309002321833,point_alpha_gt_2_uncertain
bonds,SU26221RMFS0,504,2018-08-31,2020-09-02,504,213,lower,raw,17,0.07981220657276995,2.130192132940885,0.07443234032338841,3,0.47058823529411764,8,17,0.0006634785352971868,0.006527968034999255,0.003968253968253968,0.0513460194997697,2.2046244732642735,2.130192132940885,1.8684596536406846,0.5352002105325127,0.004460087349318951,0.1347014405215113,1.0581923358845091,2.2046244732642735,1.9351871729111116,78,1.7480497280952234,7.310782946288359,3.3842983893295195,4.204972566856975,0.0,0.6666666666666666,0.153647470506768,10,31,22,2.65574847263765,1.820498319771755,point_alpha_gt_2_uncertain
bonds,SU26221RMFS0,504,2018-10-01,2020-10-01,504,216,lower,raw,15,0.06944444444444445,2.2697174195797007,0.0468488169770751,3,0.4666666666666667,7,15,0.0006384649461597742,0.006398248880010261,0.003968253968253968,0.0513460194997697,1.992886425369445,2.316566236556776,2.2697174195797007,0.44058348029296834,0.005695947375934764,0.145586523538077,0.8895334013068555,1.992886425369445,1.880922104653903,83,1.726875301152136,7.486856873693708,3.564838830345546,4.157366919720627,0.0,0.7710843373493976,0.15869145713156393,10,32,23,2.5080982028741765,1.1375964566839358,point_alpha_gt_2_uncertain
bonds,SU26221RMFS0,504,2018-10-30,2020-10-30,504,217,lower,raw,30,0.1382488479262673,1.6142301085971682,0.05449752101264571,3,0.4666666666666667,14,30,0.000629474476721155,0.006320090565612474,0.001984126984126984,0.0513460194997697,1.6142301085971682,1.7933988667765226,1.5597325875845225,0.6411355433360846,0.0035569801963906233,0.13674903474667854,4.2539978282535005,1.7666140851081693,1.5896673963474286,98,1.5425328610872409,8.820477465028848,3.6829458227501233,5.565836657388123,0.0,0.673469387755102,0.1297381614750463,10,32,23,2.1132982073763618,0.9321363761979848,point_alpha_1_2_uncertain
bonds,SU26221RMFS0,504,2018-11-29,2020-12-01,504,212,lower,raw,30,0.14150943396226415,1.7485469917217444,0.057848419758411485,3,0.5,15,30,0.0007098778698066341,0.006277774681014293,0.003968253968253968,0.0513460194997697,1.5193137603705704,1.806395411480156,1.7485469917217444,0.5719034173713161,0.003996134682090181,0.1632672228996258,2.014641260932264,1.6547411523904347,1.5447963170231314,98,1.4781116373125351,6.715732955904356,3.616688806375416,6.484622621838568,0.0,0.5918367346938775,0.12412544975362089,10,31,22,2.153767156458097,1.2861855002380551,point_alpha_1_2_uncertain
bonds,SU26221RMFS0,504,2018-12-28,2020-12-30,504,211,lower,raw,29,0.13744075829383887,1.854671792262039,0.010222385494188524,3,0.5172413793103449,15,29,0.000663580147658223,0.006257276101430433,0.003968253968253968,0.0513460194997697,1.5278175039371917,1.854671792262039,1.8648941777562276,0.5362234554258534,0.004237372612863538,0.1482416953233815,2.8955179620693485,1.6672547082802267,1.5661135467369558,97,1.6121944031973379,6.658530191946066,2.996753090430809,2.0499092791825286,0.0,0.6907216494845361,0.08932700004073683,10,31,22,2.1909912629523003,1.3929411394778475,point_alpha_1_2_uncertain
bonds,SU26221RMFS0,504,2019-01-31,2021-02-02,504,214,lower,raw,30,0.14018691588785046,1.9177750046260003,0.06433428904266081,3,0.5,15,30,0.0005530639533772678,0.006265574941280801,0.003968253968253968,0.0513460194997697,1.5676136927071374,1.9177750046260003,1.982109293668661,0.5045130473855519,0.004257665526185542,0.12657951518188068,7.774696979786596,1.7092653113583605,1.617861688442106,94,1.5463274448598638,6.393937323339644,3.8084657197326317,6.859876628639119,0.0,0.6170212765957447,0.13895033382431127,10,32,23,2.2628724376120375,0.9278301934076589,point_alpha_1_2_uncertain
bonds,SU26221RMFS0,504,2019-03-01,2021-03-03,504,215,lower,raw,31,0.14418604651162792,1.926335568749203,0.07921581508119835,3,0.5161290322580645,16,31,0.0005283251399940492,0.006271318500471769,0.003968253968253968,0.0513460194997697,1.5768865141831572,1.926335568749203,2.0055513838304013,0.4986159956121895,0.00417142680555065,0.10644253671741288,8.07584673051616,1.7170582812632573,1.6322226864286462,93,1.5331337119722597,5.106332986597495,3.4929773110394455,7.134643943755802,0.0,0.5913978494623656,0.12242816828372567,10,32,23,2.238919754250749,0.5573568066030696,point_alpha_1_2_uncertain
bonds,SU26221RMFS0,504,2019-04-02,2021-04-02,504,218,lower,raw,26,0.11926605504587157,2.037761583430744,0.015131144024207899,3,0.5,13,26,0.00047577011525290366,0.006307178166952371,0.003968253968253968,0.0513460194997697,1.729103195812405,2.037761583430744,2.0528927274549518,0.48711751307129314,0.004426295273286684,0.10830018090558202,2.732010676857868,1.91664954926138,1.7355045812833354,92,1.6437436037568558,10.733632398621628,3.6108221869288477,3.7455216677208054,0.0,0.6630434782608695,0.1050279783453781,10,32,23,2.157777673616303,0.38870335981064574,point_alpha_gt_2_uncertain
bonds,SU26221RMFS0,504,2019-05-02,2021-05-04,504,218,lower,raw,26,0.11926605504587157,2.0643605713997597,0.04704989095563583,3,0.46153846153846156,12,26,0.0004610528431801337,0.006339624615990556,0.003968253968253968,0.0513460194997697,1.7322676632587377,2.0643605713997597,2.1114104623553955,0.4736170525954695,0.0044902901538546305,0.10381840033576017,2.2822768832421567,1.9200453958076227,1.7467255863966313,93,1.6415964648616446,7.191662241021488,3.722248214832285,6.024966713663719,0.0,0.6666666666666666,0.128007709365312,10,32,23,2.1136192532124762,0.3720184393684205,point_alpha_gt_2_uncertain
bonds,SU26221RMFS0,504,2019-06-03,2021-06-02,504,224,lower,raw,26,0.11607142857142858,2.0643605713997597,0.04704989095563583,3,0.46153846153846156,12,26,0.0003972501339277537,0.006310717860534248,0.003968253968253968,0.0513460194997697,1.7322676632587377,2.0643605713997597,2.1114104623553955,0.4736170525954695,0.0044902901538546305,0.10381840033576017,1.9044092560746078,1.9200453958076227,1.7467255863966313,91,1.7228494600205548,7.082916382740333,3.231413838797913,2.1300993060279,0.0,0.7692307692307693,0.128007709365312,10,33,24,2.128889525665019,0.30703025662775874,point_alpha_gt_2_uncertain
bonds,SU26221RMFS0,504,2019-07-03,2021-07-01,504,228,lower,raw,26,0.11403508771929824,2.0643605713997597,0.04704989095563583,3,0.46153846153846156,12,26,0.00031488146007775344,0.006281886722150327,0.003968253968253968,0.0513460194997697,1.7322676632587377,2.0643605713997597,2.1114104623553955,0.4736170525954695,0.0044902901538546305,0.10381840033576017,1.773765111555636,1.9200453958076227,1.7467255863966313,88,1.7482660205050853,8.331557656943058,4.58837575778775,9.658204264287372,0.0,0.7272727272727273,0.12857022306485782,10,34,25,2.1484356185984144,0.2795941152150747,point_alpha_gt_2_uncertain
bonds,SU26221RMFS0,504,2019-08-01,2021-07-30,504,226,lower,raw,25,0.11061946902654868,2.1136192532124762,0.11231271705187895,3,0.52,13,25,0.00035172731733982713,0.006280409388398187,0.003968253968253968,0.0513460194997697,1.71221137174027,2.1136192532124762,2.225931970264355,0.44925002801466496,0.004753720185241901,0.10398931362091351,1.7852285523175024,1.9005385278412337,1.747864247377811,91,1.6228186182576418,15.743877607694127,4.579912376129598,6.533697387395381,0.0,0.7252747252747253,0.1653703068233262,10,33,24,2.1732083988325117,0.31253161051634226,point_alpha_gt_2_uncertain
bonds,SU26221RMFS0,504,2019-08-30,2021-08-30,504,232,lower,raw,32,0.13793103448275862,1.9767994572334768,0.0963600022290525,3,0.375,12,32,0.00030280879034022936,0.006257048840212741,0.003968253968253968,0.0513460194997697,1.6350026697907671,1.9767994572334768,2.0731594594625293,0.4823555638403483,0.0040627070876141525,0.08120997615563624,3.051240758427938,1.7815253045608674,1.6889478990335296,96,1.5843263743852427,10.662202295447374,3.4157955035114114,3.259714937226369,0.0,0.59375,0.11871509714208572,10,34,25,2.08924432410733,0.3346581597070344,point_alpha_1_2_uncertain
bonds,SU26221RMFS0,504,2019-09-30,2021-09-28,504,235,lower,raw,34,0.14468085106382977,1.8500077253557452,0.04212839741406382,3,0.4117647058823529,14,34,0.0002513201505924891,0.0062666759797359054,0.003968253968253968,0.0513460194997697,1.684030678519191,1.892136122769809,1.8500077253557452,0.5405382833240364,0.00359845713197521,0.07170358045545899,6.375001821372392,1.8333340421493236,1.6859976018287792,96,1.5567579986601552,7.10263447110334,3.0190154431170817,2.982877645780869,0.0,0.5520833333333334,0.08260934927728517,10,35,26,2.0885903053844252,0.314783027055237,point_alpha_1_2_uncertain
bonds,SU26221RMFS0,504,2019-10-29,2021-10-27,504,242,lower,raw,15,0.06198347107438017,2.0525489144534097,0.07404720099874051,3,0.4,6,15,6.41210999111798e-05,0.006310710230764116,0.003968253968253968,0.0513460194997697,2.0525489144534097,2.12659611545215,1.8701277506057623,0.5347228282538907,0.004962825042297053,0.11629110562551909,1.0567515042871032,2.0525489144534097,1.8446741648205263,84,1.7686245011009225,7.429504448718573,3.208087907442839,2.262251720664777,0.0,0.7738095238095238,0.1512813834711866,10,36,27,2.2861567582813396,0.4000169325375449,point_alpha_gt_2_uncertain
bonds,SU26221RMFS0,504,2019-11-28,2021-11-26,504,243,lower,raw,17,0.06995884773662552,2.1517156589728863,0.07420946910268311,3,0.4117647058823529,7,17,2.2612469607947775e-06,0.006436497643936927,0.003968253968253968,0.0513460194997697,2.1517156589728863,2.2259251280755694,2.041504883465551,0.48983473323975235,0.004842762371726518,0.13175673923258338,1.8072371690224747,2.1517156589728863,1.9546032473706525,85,1.7281010880022913,11.730049476563496,4.5010007837761625,8.173224414890829,0.0,0.7294117647058823,0.1712777631497208,10,36,27,2.4421759206901377,0.3538797160614431,point_alpha_gt_2_uncertain
bonds,SU26221RMFS0,504,2019-12-27,2021-12-27,504,246,lower,raw,30,0.12195121951219512,2.028028107182126,0.03941606958002941,3,0.4666666666666667,14,30,-1.636524321661423e-06,0.00647129025840412,0.001984126984126984,0.0513460194997697,1.9886120376020964,2.138545048707692,2.028028107182126,0.4930898129363035,0.0038926341473366098,0.1058254858016573,2.691830021141675,2.1996170861640887,1.9221340446345623,91,1.754691926545995,6.695548037612541,3.9877280469656196,7.244006806616586,0.0,0.7802197802197802,0.1280845651940586,10,36,27,2.3627953945324296,0.4266997557763972,point_alpha_gt_2_uncertain
bonds,SU26221RMFS0,504,2020-01-31,2022-01-26,504,249,lower,raw,36,0.14457831325301204,2.3787242785844693,0.08981752983765778,3,0.4166666666666667,15,36,-0.0002033868935784108,0.006663828256653133,0.001984126984126984,0.0513460194997697,1.9666962201763574,2.3787242785844693,2.468541808422127,0.4050974533176703,0.004312911358656432,0.08620664157860387,1.8199342807416339,2.133752930642454,2.01330492185663,90,1.8808447462298556,6.661418786157093,3.585669618816568,1.9266797329837735,0.0,0.9222222222222223,0.1302312819211664,10,37,28,2.814974303418135,0.7110961394891486,point_alpha_gt_2_uncertain
bonds,SU26221RMFS0,504,2020-03-03,2022-02-24,504,252,lower,raw,29,0.11507936507936507,1.6230583643301921,0.05484581742491401,3,0.41379310344827586,12,29,-0.0006388657015605042,0.010216758138941405,0.001984126984126984,0.162212858600142,1.4956553830150427,1.6230583643301921,1.6779041817551061,0.5959815887424448,0.006544762638202867,0.0970344342728148,1.8807741759242667,1.69591138373677,1.4718407651853753,98,1.2991442498254877,5.631210675256794,2.6119024602430114,3.10325668588088,0.0,0.32653061224489793,0.09919886446948226,10,37,28,1.6522288608970297,0.07555139647341558,point_alpha_1_2_uncertain
bonds,SU26221RMFS0,504,2020-04-02,2022-03-29,504,245,lower,raw,29,0.11836734693877551,1.53746184599964,0.004542542379405212,3,0.4482758620689655,13,29,-0.0004972538310938804,0.01013907950384464,0.001984126984126984,0.162212858600142,1.5329193036202349,1.53746184599964,1.550827262162022,0.6448171401151996,0.005422912628488393,0.09978546773168162,2.17427865101556,1.7566428999985009,1.4313423566016492,99,1.2093032182391554,5.895241147682343,2.3365085989811343,2.3531300869329788,0.0,0.35353535353535354,0.06438543282212596,10,36,27,1.5353114096907998,0.05498273030447032,point_alpha_1_2_uncertain
bonds,SU26221RMFS0,504,2020-05-04,2022-04-27,504,245,lower,raw,32,0.1306122448979592,1.5511161785674963,0.004712239385270545,3,0.375,12,32,-0.00025398123746979694,0.010861411914333898,0.001984126984126984,0.162212858600142,1.6036896104925638,1.5464039391822257,1.5511161785674963,0.6446970341857506,0.0049096568481045,0.08779676548858295,1.90335906964897,1.8289266431935716,1.4657815248805444,97,1.1700364454783878,3.2650975215114073,1.932294026528818,0.8858717749922813,0.0,0.28865979381443296,0.06269039593271263,10,36,27,1.512942130332527,0.07806045368101744,point_alpha_1_2_uncertain
bonds,SU26221RMFS0,504,2020-06-03,2022-06-01,504,247,lower,raw,32,0.12955465587044535,1.5511161785674963,0.004712239385270545,3,0.375,12,32,-0.0002054000165353897,0.010985197333038479,0.001984126984126984,0.162212858600142,1.6036896104925638,1.5464039391822257,1.5511161785674963,0.6446970341857506,0.0049096568481045,0.08779676548858295,2.1999899036069936,1.8289266431935716,1.4657815248805444,97,1.1721692952965816,4.98247987525808,2.3822593048105993,2.9965164865746803,0.0,0.27835051546391754,0.06269039593271263,10,37,28,1.51292495270839,0.07762803896285697,point_alpha_1_2_uncertain
bonds,SU26221RMFS0,504,2020-07-07,2022-07-01,504,242,lower,raw,28,0.11570247933884298,1.510056119731563,0.016414146468200164,3,0.35714285714285715,10,28,-7.420045344737587e-05,0.01095407603519199,0.001984126984126984,0.162212858600142,1.5416799792889695,1.510056119731563,1.4936419732633628,0.6695044849437137,0.00528584396231347,0.09496338164659424,2.037808027016431,1.7772534948556855,1.4153630341677568,97,1.205260391523485,4.029961491264924,1.9812640574091271,1.0222627224531347,0.0,0.30927835051546393,0.07361145765876077,10,36,27,1.4886326131404974,0.04103709214512108,point_alpha_1_2_uncertain
bonds,SU26221RMFS0,504,2020-08-05,2022-08-01,504,244,lower,raw,29,0.11885245901639344,1.5375398671182372,0.006650771787153564,3,0.3793103448275862,11,29,-9.042682102274421e-05,0.010977088952933953,0.001984126984126984,0.162212858600142,1.5651709174964832,1.5308890953310836,1.5375398671182372,0.6503896395703018,0.0052558471542582304,0.09513282396348977,1.485433486497311,1.7996821563083518,1.4370162940089266,93,1.209282079083401,4.999088764922767,2.6136629883810336,4.590104223048424,0.0,0.3548387096774194,0.06381857685243504,10,36,27,1.5043019349974278,0.05598549598413616,point_alpha_1_2_uncertain
bonds,SU26221RMFS0,504,2020-09-03,2022-08-30,504,246,lower,raw,26,0.10569105691056911,1.4971152365424814,0.016685904899471415,3,0.34615384615384615,9,26,-6.044664683766524e-05,0.010927303910741766,0.001984126984126984,0.162212858600142,1.48042933164301,1.4971152365424814,1.5186772600431713,0.6584677510556608,0.005717421012253835,0.09956924886281426,1.5446114380589593,1.7132149671309238,1.38343495374323,95,1.1225520704938556,3.7564318849117044,1.9559439903734133,0.9205993726072245,0.021052631578947368,0.30526315789473685,0.07819213481672574,10,36,27,1.4690770814219216,0.0447852656482135,point_alpha_1_2_uncertain
bonds,SU26221RMFS0,504,2020-10-02,2022-09-28,504,245,lower,raw,32,0.1306122448979592,1.5523304939648634,0.0041546874457703,3,0.34375,11,32,-0.00023172036728359772,0.011097314752842735,0.001984126984126984,0.162212858600142,1.5450873854035743,1.5564851814106337,1.5523304939648634,0.6441927179088416,0.005355879288162739,0.07859077067298825,2.011847097418406,1.748237398364557,1.4624152605852465,97,1.242845631763383,3.938066894545377,1.939858897172074,0.9513388232293942,0.0,0.27835051546391754,0.062153654984096265,10,36,27,1.5425624552644401,0.04851957262515838,point_alpha_1_2_uncertain
bonds,SU26221RMFS0,504,2020-11-02,2022-10-27,504,242,lower,raw,30,0.12396694214876033,1.5702920486520706,0.01859344713176636,3,0.3333333333333333,10,30,-0.0001514412210581262,0.011183427480077857,0.001984126984126984,0.162212858600142,1.5893681134963704,1.5702920486520706,1.5516986015203043,0.6444550501110411,0.005510672328078,0.09159895459931833,2.549058080912546,1.8156942956499158,1.479179261084775,100,1.2468515184112499,4.003263369035396,2.121716100556338,1.5633037551886848,0.0,0.31,0.07666796744244725,10,36,27,1.563029423677811,0.07065269996150936,point_alpha_1_2_uncertain
bonds,SU26221RMFS0,504,2020-12-02,2022-11-28,504,244,lower,raw,30,0.12295081967213115,1.5878559639075964,0.008661196269946325,3,0.3333333333333333,10,30,-0.00020768642921793412,0.011161598543089119,0.0,0.162212858600142,1.57919476763765,1.5878559639075964,1.6090836363915324,0.6214717354546968,0.005698457353431729,0.09774444298343293,2.583394653505574,1.8019754216888526,1.4854358605833964,95,1.2221241671211118,5.4184061808415285,2.883403054414556,5.291372565853207,0.0,0.35789473684210527,0.07013478118075477,10,36,27,1.5624091616280567,0.07913937062468701,point_alpha_1_2_uncertain
bonds,SU26221RMFS0,504,2021-01-04,2022-12-27,504,244,lower,raw,30,0.12295081967213115,1.5878559639075964,0.008661196269946325,3,0.3333333333333333,10,30,-0.0002020060893929764,0.011163209897847281,0.0,0.162212858600142,1.57919476763765,1.5878559639075964,1.6090836363915324,0.6214717354546968,0.005698457353431729,0.09774444298343293,2.31983782008069,1.8019754216888526,1.4854358605833964,100,1.2443852371171886,4.863480601748669,2.6898886908156214,5.752356133394412,0.0,0.26,0.07013478118075477,10,36,27,1.5624091616280567,0.07913937062468701,point_alpha_1_2_uncertain
bonds,SU26221RMFS0,504,2021-02-03,2023-01-26,504,245,lower,raw,30,0.12244897959183673,1.5878559639075964,0.008661196269946325,3,0.3333333333333333,10,30,-0.0001570616306648013,0.011158076383305357,0.0,0.162212858600142,1.57919476763765,1.5878559639075964,1.6090836363915324,0.6214717354546968,0.005698457353431729,0.09774444298343293,2.6044133184124756,1.8019754216888526,1.4854358605833964,98,1.2645495896112702,5.689650961683228,2.2139953875184317,1.8506067419626133,0.0,0.2755102040816326,0.06397567823588347,10,36,27,1.5689507309714033,0.08139923216266731,point_alpha_1_2_uncertain
bonds,SU26221RMFS0,504,2021-03-04,2023-02-27,504,245,lower,raw,30,0.12244897959183673,1.5878559639075964,0.008661196269946325,3,0.3333333333333333,10,30,-0.00014163741597236475,0.011120687713555217,0.001984126984126984,0.162212858600142,1.57919476763765,1.5878559639075964,1.6090836363915324,0.6214717354546968,0.005698457353431729,0.09774444298343293,1.5824119552450053,1.8019754216888526,1.4854358605833964,99,1.200426796054981,4.885938755667987,2.51718046430724,5.217372812294186,0.0,0.24242424242424243,0.06397567823588347,10,36,27,1.5689507309714033,0.08139923216266731,point_alpha_1_2_uncertain
bonds,SU26221RMFS0,504,2021-04-05,2023-03-29,504,241,lower,raw,35,0.14522821576763487,1.5844296886351503,0.021915553032894275,3,0.34285714285714286,12,35,-8.364872846068771e-05,0.011077311168831476,0.001984126984126984,0.162212858600142,1.5589709277834165,1.5844296886351503,1.6063452416680446,0.6225311807576248,0.005208653759933391,0.089444026318652,0.7625695764282439,1.7492090963569729,1.4883418496661847,94,1.2439598542924937,4.138777386211248,2.0150405554820616,1.044972095460142,0.0,0.2765957446808511,0.0698971381562292,10,36,27,1.5624829296415677,0.0960567271461612,point_alpha_1_2_uncertain
bonds,SU26221RMFS0,504,2021-05-05,2023-04-27,504,238,lower,raw,30,0.12605042016806722,1.5998032067975267,0.0487269153921559,3,0.3,9,30,-0.00010099579327952923,0.011049346450154547,0.001984126984126984,0.162212858600142,1.5510762914053708,1.5998032067975267,1.656776759702577,0.603581619638073,0.0058959624747359374,0.10189830576672188,1.060112082166418,1.7656062320905406,1.482385210534605,99,1.233152558347227,4.688583561815089,2.150094070567827,1.488726759393021,0.0,0.32323232323232326,0.09098213089353487,10,35,26,1.5629168744716384,0.09945604097167293,point_alpha_1_2_uncertain
bonds,SU26221RMFS0,504,2021-06-03,2023-05-30,504,233,lower,raw,30,0.12875536480686695,1.5998032067975267,0.0487269153921559,3,0.3,9,30,-7.32689468257887e-05,0.011048720372154939,0.001984126984126984,0.162212858600142,1.5510762914053708,1.5998032067975267,1.656776759702577,0.603581619638073,0.0058959624747359374,0.10189830576672188,1.0730717114783408,1.7656062320905406,1.482385210534605,98,1.2149155028582441,4.9668578137438635,2.253206047282274,1.5094497530289497,0.01020408163265306,0.3469387755102041,0.09098213089353487,10,34,25,1.5568830179718736,0.10285535479718466,point_alpha_1_2_uncertain
bonds,SU26221RMFS0,504,2021-07-02,2023-06-29,504,235,lower,raw,30,0.1276595744680851,1.5998032067975267,0.0487269153921559,3,0.3,9,30,-9.564391543722402e-05,0.011038707255101447,0.003968253968253968,0.162212858600142,1.5510762914053708,1.5998032067975267,1.656776759702577,0.603581619638073,0.0058959624747359374,0.10189830576672188,1.1049432619144017,1.7656062320905406,1.482385210534605,92,1.258456991670073,5.047488528231945,2.345097681500694,1.7012035093628382,0.0,0.3695652173913043,0.09098213089353487,10,35,26,1.5629168744716384,0.09945604097167293,point_alpha_1_2_uncertain
bonds,SU26221RMFS0,504,2021-08-02,2023-07-28,504,239,lower,raw,30,0.12552301255230125,1.5998032067975267,0.0487269153921559,3,0.3,9,30,-0.00015857923409438442,0.011030198160565172,0.003968253968253968,0.162212858600142,1.5510762914053708,1.5998032067975267,1.656776759702577,0.603581619638073,0.0058959624747359374,0.10189830576672188,1.101729467417865,1.7656062320905406,1.482385210534605,96,1.2204594532352875,5.468500681177147,2.6157353264520533,2.6100694668719857,0.010416666666666666,0.375,0.09098213089353487,10,35,26,1.5629168744716384,0.09945604097167293,point_alpha_1_2_uncertain
bonds,SU26221RMFS0,504,2021-08-31,2023-08-28,504,240,lower,raw,35,0.14583333333333334,1.5844296886351503,0.021915553032894275,3,0.34285714285714286,12,35,-0.00016436694733392955,0.01102783817202194,0.003968253968253968,0.162212858600142,1.5589709277834165,1.5844296886351503,1.6063452416680446,0.6225311807576248,0.005208653759933391,0.089444026318652,0.8258364006499068,1.7492090963569729,1.4883418496661847,98,1.2035582308307557,3.9210123462692015,2.1672793040342864,1.6721435090180587,0.0,0.2755102040816326,0.0698971381562292,10,36,27,1.5624829296415677,0.0960567271461612,point_alpha_1_2_uncertain
bonds,SU26221RMFS0,504,2021-09-29,2023-09-26,504,243,lower,raw,35,0.1440329218106996,1.5730048487420416,0.007759996054384599,3,0.34285714285714286,12,35,-0.00018564964418601746,0.011050204072207328,0.003968253968253968,0.162212858600142,1.5807648447964262,1.5730048487420416,1.556726729010074,0.6423735016330723,0.0050382966711246535,0.09059781296605157,0.9089485778673945,1.7766604988385757,1.4891371183066766,99,1.1921149917335063,5.801411412614886,2.3661904959658244,1.5928631933653317,0.0,0.37373737373737376,0.057896420099355916,10,36,27,1.5625862081836475,0.09026343982553264,point_alpha_1_2_uncertain
bonds,SU26221RMFS0,504,2021-10-28,2023-10-25,504,245,lower,raw,33,0.1346938775510204,1.52579965132237,0.007828809444925922,3,0.36363636363636365,12,33,-0.0001401393531802752,0.01101598188702316,0.003968253968253968,0.162212858600142,1.5336284607672959,1.52579965132237,1.4476935442478476,0.6907539264600038,0.004997403561317235,0.09036572613107469,0.7839770289966118,1.7293327983475293,1.4423344675094574,98,1.185245485813645,3.6787896674620453,2.4512529540467867,5.028539531264071,0.0,0.32653061224489793,0.06385323326933691,10,36,27,1.5477974115404616,0.08235459012379187,point_alpha_1_2_uncertain
bonds,SU26221RMFS0,504,2021-11-29,2023-11-23,504,242,lower,raw,30,0.12396694214876033,1.4848469936886253,0.006730705473417586,3,0.3333333333333333,10,30,-4.695181101190981e-06,0.011036339597595115,0.003968253968253968,0.162212858600142,1.4915776991620429,1.4848469936886253,1.3881764541522292,0.7203695157116811,0.0051270969540181555,0.08135477360059806,1.0744178337966492,1.6950363317831847,1.3984374581794723,99,1.1260547680315378,4.267536636321945,2.1541588166010763,3.360913583511655,0.0,0.2222222222222222,0.0634569515645938,10,36,27,1.5293685894910027,0.09007254600753489,point_alpha_1_2_uncertain
bonds,SU26221RMFS0,504,2021-12-28,2023-12-22,504,244,lower,raw,30,0.12295081967213115,1.4848469936886253,0.006730705473417586,3,0.3333333333333333,10,30,-1.118725359813235e-05,0.011049418006172804,0.003968253968253968,0.162212858600142,1.4915776991620429,1.4848469936886253,1.3881764541522292,0.7203695157116811,0.0051270969540181555,0.08135477360059806,1.096533652438668,1.6950363317831847,1.3984374581794723,98,1.1589386315460712,4.553870291885795,2.499598953070132,5.065014843496611,0.0,0.29591836734693877,0.0634569515645938,10,36,27,1.5293685894910027,0.0894520442386979,point_alpha_1_2_uncertain
bonds,SU26221RMFS0,504,2022-01-27,2024-01-24,504,240,lower,raw,24,0.1,1.381637131081937,0.015194099871807643,3,0.375,9,24,0.00015191264367830538,0.010924966472469072,0.003968253968253968,0.162212858600142,1.3968312309537447,1.381637131081937,1.2427724689449686,0.8046525208664573,0.005261723640069382,0.09255007616589367,3.0901918098138315,1.6222782191032392,1.291036030058561,99,1.110433719827902,3.6972346435614263,2.4145486568743686,5.150543230623149,0.020202020202020204,0.23232323232323232,0.08546143514013788,10,36,27,1.3882949903357202,0.06237713761084129,point_alpha_1_2_uncertain
bonds,SU26221RMFS0,504,2022-02-25,2024-02-22,504,240,lower,raw,29,0.12083333333333333,2.0002228827666046,0.025069911911171694,3,0.5172413793103449,15,29,0.0005867619847553884,0.0075915522944154865,0.003968253968253968,0.0613191179021705,2.0563784789188553,2.0002228827666046,1.975152970855433,0.5062898999498266,0.0031650856709803115,0.09880254836781785,0.9835911341397894,2.3569846662907983,1.8933507061688069,91,1.5851133356071725,7.53249771450688,3.482705478157536,3.8822491219002577,0.0,0.6593406593406593,0.07337797705833099,10,36,27,2.0377980630123065,0.287882558748745,point_alpha_gt_2_uncertain
bonds,SU26221RMFS0,504,2022-03-30,2024-03-26,504,252,lower,raw,32,0.12698412698412698,6.399219488341945,0.11634265756137552,3,0.5625,18,32,0.0004039052290598724,0.006189211453475135,0.003968253968253968,0.0350582515749614,2.246161624174032,6.515562145903321,6.399219488341945,0.15626905778459282,0.0033415650206887982,0.10943289062938666,1.6530598423510123,2.49070305169459,2.6195014308886013,70,2.25449849624251,11.051619386670033,5.477632951845815,3.2501795082723164,0.0,0.9714285714285714,0.15354653058221684,10,37,28,3.7949902331344716,3.141315727662822,strict_alpha_gt_2
bonds,SU26221RMFS0,504,2022-04-28,2024-04-24,504,258,lower,raw,22,0.08527131782945736,2.860976285938182,0.13379237469905236,3,0.6363636363636364,14,22,4.5394601405999057e-05,0.004545276815120798,0.003968253968253968,0.0350582515749614,2.7137233063371857,2.860976285938182,2.9947686606372343,0.33391560862240943,0.0025693315847492727,0.11840079253856359,1.6081756741545916,3.2519139947775426,2.5109581861848254,69,2.054739405605766,17.575136125759702,5.1705483194334,7.962550228217805,0.0,0.9565217391304348,0.15455873041203572,10,38,29,3.081889740978166,1.110013810398958,strict_alpha_gt_2
bonds,SU26221RMFS0,504,2022-06-02,2024-05-24,504,263,lower,raw,21,0.07984790874524715,2.829901381746284,0.013849882190900331,3,0.5714285714285714,12,21,-0.00018987287157480219,0.004214776016963245,0.003968253968253968,0.0350582515749614,2.959921987669791,2.8160514995553836,2.829901381746284,0.35336920447132936,0.0024526070823131492,0.0944047559766672,4.975989439683762,3.612926060832269,2.6175926103640843,70,2.0111828358212227,7.80081018477419,3.826503367061158,2.1056784982873658,0.0,0.9571428571428572,0.09753308682012897,10,39,30,3.154790549456782,2.457409703836258,strict_alpha_gt_2
bonds,SU26221RMFS0,504,2022-07-04,2024-06-25,504,267,lower,raw,22,0.08239700374531835,3.1396172946920164,0.013467645987738752,3,0.5,11,22,-0.0003172566589946773,0.004349587470721088,0.003968253968253968,0.0350582515749614,3.153084940679755,3.088209622002352,3.1396172946920164,0.31851015781147807,0.002518473145920602,0.11514816750817458,34.446591980458756,3.8225510094415736,2.795484324680001,64,2.2002336623650707,7.999839394335073,4.267004398119612,3.886222041852652,0.0,1.0,0.1454762198129626,10,40,31,3.911076801735787,0.9977418974715739,strict_alpha_gt_2
bonds,SU26221RMFS0,504,2022-08-02,2024-07-24,504,268,lower,raw,23,0.08582089552238806,2.7641429908549373,0.20993088343829358,3,0.4782608695652174,11,23,-0.0003292600500562477,0.00437770641126869,0.003968253968253968,0.0350582515749614,3.353661816098508,2.7641429908549373,2.5542121074166437,0.3915101635828554,0.0021425586459130263,0.09108388745873708,,4.097471124670592,2.818385913680374,63,2.1950513216589553,13.994762075170545,6.0759762508299975,9.522419094119462,0.0,0.9841269841269841,0.16990548226993027,10,40,31,3.3214991859420446,0.9051220037873824,strict_alpha_gt_2
bonds,SU26221RMFS0,504,2022-08-31,2024-08-22,504,265,lower,raw,25,0.09433962264150944,2.916472275629638,0.03197453973964359,3,0.48,12,25,-0.000312590795456244,0.0046668606057971565,0.003968253968253968,0.0350582515749614,2.916472275629638,2.9484468153692815,2.6901775438881,0.3717226776619007,0.0026342214825772984,0.08963418192254269,,3.388399472945939,2.718910889288233,83,2.300040227371514,8.682346231956767,4.301189713441438,2.8010209760355758,0.0,0.9759036144578314,0.09461486710007222,10,39,30,3.8286249020297354,0.7418704467094055,strict_alpha_gt_2
bonds,SU26221RMFS0,504,2022-09-29,2024-09-20,504,267,lower,raw,33,0.12359550561797752,10.953325228266241,7.9043062738953545,3,0.6060606060606061,20,33,-0.00019110959549489297,0.004401723387485688,0.003968253968253968,0.0187491932039575,3.049018954370886,10.953325228266241,54.1502330792159,0.018467141194703794,0.0028981664234859856,0.0747738910739873,1.648856051957618,3.2702391075018222,3.447894694031468,61,3.658031968881332,50.262854831262935,13.511093895092925,12.873504454617848,0.0,1.0,1.2002288646606754,10,40,31,8.1600064658692,9.552226940399766,strict_alpha_gt_2
bonds,SU26221RMFS0,504,2022-10-28,2024-10-21,504,271,lower,raw,26,0.0959409594095941,6.14343494604239,1.8557288819299789,3,0.6153846153846154,16,26,-0.0002979081380508284,0.004213281597106128,0.003968253968253968,0.0187491932039575,3.577334620709224,6.14343494604239,7.999163827972369,0.12501306655366756,0.0023820381571510764,0.08002646875965169,243.7049817309395,3.949037587024134,3.6588905242351544,61,3.2428032846336166,51.53797333352615,12.442313197176976,14.173725228055678,0.0,1.0,0.6451055408003187,10,40,31,10.389254074131484,9.302845868110204,strict_alpha_gt_2
bonds,SU26221RMFS0,504,2022-11-29,2024-11-19,504,271,lower,raw,30,0.11070110701107011,5.836196457085459,2.499291154251247,3,0.5666666666666667,17,30,-0.00029168993297805785,0.004551868982454715,0.003968253968253968,0.0194595527952526,3.244211949679388,5.836196457085459,8.335487611336706,0.11996898641417772,0.0027107231758698672,0.07125931059841462,2.7472565517020664,3.505495037856978,3.3776231770540526,67,3.2920627743368005,22.618913199389883,9.2441618255919,12.666258907081316,0.0,1.0,0.7671145822437171,10,40,31,7.996104630765465,4.2057907806009,strict_alpha_gt_2
bonds,SU26221RMFS0,504,2022-12-28,2024-12-18,504,274,lower,raw,30,0.10948905109489052,8.91197120895387,5.81336675398051,3,0.5666666666666667,17,30,-0.0002881448712458719,0.004620198891985327,0.003968253968253968,0.0194595527952526,3.0986044549733607,8.91197120895387,34.31089728973125,0.029145259348821673,0.0031294806574095934,0.07501243046396483,2.410707397255155,3.328990918462157,3.395167771958671,65,3.299795787823533,51.331374749024874,10.715037503585979,12.716225260671052,0.0,1.0,1.0547952964788767,10,41,32,8.265601021137376,7.539688062886392,strict_alpha_gt_2
bonds,SU26221RMFS0,504,2023-01-27,2025-01-21,504,275,lower,raw,10,0.03636363636363636,10.199712317733438,5.674731642879891,2,0.9,9,10,-0.00016996825260648512,0.005591575508906915,0.003968253968253968,0.0194595527952526,4.5249806748535475,15.874443960613329,inf,-0.2859561146950945,0.004093459358922708,0.28014590328656436,16.022155716212858,4.5249806748535475,4.123913394453051,45,3.932000309424841,44.27495590577251,10.712816780865175,11.801502350465109,0.0,1.0,1.0577991830406315,10,41,32,8.45960714083393,14.018536377978565,strict_alpha_gt_2
bonds,SU26221RMFS0,504,2023-02-28,2025-02-19,504,275,lower,raw,33,0.12,6.474649293260224,3.6038922820722807,3,0.5757575757575758,19,33,-0.00012221711254917228,0.0060603281378631075,0.001984126984126984,0.0215017217475271,2.8707570111879437,6.474649293260224,15.466870191510878,0.06465432163184885,0.0033406437794022983,0.0834876545019968,2.137279952188937,3.0707464816712444,3.118396397760696,70,2.9183293077502923,45.54637336742625,10.849193966521767,12.335112960411896,0.0,1.0,0.9371662524221885,10,41,32,7.440579996991029,5.946416108235333,strict_alpha_gt_2
bonds,SU26221RMFS0,504,2023-03-30,2025-03-20,504,275,lower,raw,33,0.12,6.474649293260224,3.6038922820722807,3,0.5757575757575758,19,33,1.02508537220645e-05,0.006199162620325836,0.001984126984126984,0.0215017217475271,2.8707570111879437,6.474649293260224,15.466870191510878,0.06465432163184885,0.0033406437794022983,0.0834876545019968,3.2821279159449186,3.0707464816712444,3.118396397760696,73,3.3071725149389644,16.7554258894314,7.737280696927196,6.597564174188342,0.0,1.0,0.9371662524221885,10,41,32,7.440579996991029,5.946416108235333,strict_alpha_gt_2
bonds,SU26221RMFS0,504,2023-04-28,2025-04-18,504,282,lower,raw,19,0.0673758865248227,3.0838522799270454,0.0,1,0.7894736842105263,15,19,-6.804827490461105e-05,0.006399955107556798,0.001984126984126984,0.0215017217475271,3.0838522799270454,,inf,-0.3288391367778757,0.005470301582952844,0.18894173790698554,,3.0838522799270454,3.7430363725186715,47,3.4363160435647337,30.779373980984154,10.409673132592895,10.380623741541005,0.0,1.0,inf,10,42,33,3.926267323460384,10.816548613841478,strict_alpha_gt_2
bonds,SU26221RMFS0,504,2023-05-31,2025-05-21,504,282,lower,raw,26,0.09219858156028368,2.7445754715727846,0.0,1,0.6153846153846154,16,26,-5.9945589473477297e-05,0.00647076961679632,0.001984126984126984,0.0215017217475271,2.7445754715727846,,inf,-0.23789543625463666,0.00508979488535207,0.13456942046189957,,2.9332707470215555,3.5449684078821613,44,3.3621085998531886,19.766488366107357,9.189349868327838,8.008898758998171,0.0,1.0,inf,10,42,33,6.304601500286072,8.9494417638411,strict_alpha_gt_2
bonds,SU26221RMFS0,504,2023-06-30,2025-06-20,504,275,lower,raw,24,0.08727272727272728,6.324948137175883,2.910846217557185,2,0.7083333333333334,17,24,6.694645376482376e-05,0.006579696137160416,0.0,0.0215017217475271,3.4141019196186977,9.235794354733068,inf,-0.017439085909989945,0.0035941526638803437,0.14672124541068793,,3.7241498146557945,3.598922504551549,46,4.118819692784144,51.71371676704901,15.660851121045937,16.090390667357315,0.0,1.0,1.1732333975961444,10,41,32,7.11341176346185,9.639350002846735,strict_alpha_gt_2
bonds,SU26221RMFS0,504,2023-07-31,2025-07-21,504,270,lower,raw,24,0.08888888888888889,6.324948137175883,2.910846217557185,2,0.7083333333333334,17,24,0.00017810301554604417,0.006648861528485146,0.0,0.0215017217475271,3.4141019196186977,9.235794354733068,inf,-0.017439085909989945,0.0035941526638803437,0.14672124541068793,,3.7241498146557945,3.598922504551549,56,3.4554459732500993,18.816735676221313,9.053056256423384,8.735167224930517,0.0,1.0,1.1732333975961444,10,40,31,6.324948137175883,10.035959455343818,strict_alpha_gt_2
bonds,SU26221RMFS0,504,2023-08-29,2025-08-19,504,261,lower,raw,24,0.09195402298850575,6.324948137175883,2.910846217557185,2,0.7083333333333334,17,24,0.0002621105917938516,0.0066551268653254085,0.0,0.0215017217475271,3.4141019196186977,9.235794354733068,inf,-0.017439085909989945,0.0035941526638803437,0.14672124541068793,,3.7241498146557945,3.598922504551549,48,3.4221800836401037,44.486038499549245,10.731978198193667,12.31757611405239,0.0,1.0,1.1732333975961444,10,39,30,6.314774818730978,10.432568907840905,strict_alpha_gt_2
bonds,SU26221RMFS0,504,2023-09-27,2025-09-17,504,258,lower,raw,20,0.07751937984496124,3.12294094334318,0.0,1,0.8,16,20,0.00028037672677547816,0.006688627092829608,0.0,0.0215017217475271,3.12294094334318,,inf,-0.30621046517844697,0.005260679270795867,0.19250407781813506,,3.3991906412909816,3.849253606779025,42,3.626227795294926,51.62991676198852,14.011399929715546,16.26030909015599,0.0,1.0,inf,10,38,29,3.152278628239431,5.057107142273033,strict_alpha_gt_2
bonds,SU26221RMFS0,504,2023-10-26,2025-10-16,504,255,lower,raw,16,0.06274509803921569,6.412722600389374,1.2499663533599028,3,0.8125,13,16,0.0002591062870043504,0.0067660793545478645,0.0,0.0215017217475271,4.493573715133166,6.412722600389374,7.662688953749277,0.1305024914929778,0.002734283089165743,0.18441619548799576,2.8578870421733704,4.493573715133166,4.1391156093545955,71,2.911549604309496,21.044382017404804,8.127060517745464,7.960969886588865,0.0,1.0,0.729689721325987,10,38,29,3.4054008326287524,6.852559503408479,strict_alpha_gt_2
bonds,SU26221RMFS0,504,2023-11-24,2025-11-14,504,254,lower,raw,16,0.06299212598425197,6.412722600389374,1.2499663533599028,3,0.8125,13,16,0.00022957718060746333,0.006665951810808357,0.0,0.0215017217475271,4.493573715133166,6.412722600389374,7.662688953749277,0.1305024914929778,0.002734283089165743,0.18441619548799576,2.5797546428646503,4.493573715133166,4.1391156093545955,64,3.633976327182954,20.86528011285717,9.081131562936552,10.533991815208793,0.0,1.0,0.729689721325987,10,38,29,3.8232566528489955,8.067030462758696,strict_alpha_gt_2
bonds,SU26221RMFS0,504,2023-12-25,2025-12-15,504,249,lower,raw,16,0.0642570281124498,6.412722600389374,1.2499663533599028,3,0.8125,13,16,0.00026817205532426465,0.006648041776985504,0.0,0.0215017217475271,4.493573715133166,6.412722600389374,7.662688953749277,0.1305024914929778,0.002734283089165743,0.18441619548799576,2.9380941076951665,4.493573715133166,4.1391156093545955,62,3.5030970649839412,20.235205921749138,7.928643389838135,5.504029788717992,0.0,1.0,0.729689721325987,10,37,28,3.325518342042079,5.7406051756743395,strict_alpha_gt_2
bonds,SU26221RMFS0,504,2024-01-25,2026-01-19,504,249,lower,raw,16,0.0642570281124498,6.412722600389374,1.2499663533599028,3,0.8125,13,16,0.00026201170730991293,0.006665998546472516,0.0,0.0215017217475271,4.493573715133166,6.412722600389374,7.662688953749277,0.1305024914929778,0.002734283089165743,0.18441619548799576,2.7243485306799644,4.493573715133166,4.1391156093545955,60,3.468913649997569,15.298979346693978,7.833161660851631,7.42179779671642,0.0,1.0,0.729689721325987,10,37,28,3.359930159288142,5.685065642370455,strict_alpha_gt_2
bonds,SU26221RMFS0,504,2024-02-26,2026-02-17,504,249,lower,raw,16,0.0642570281124498,6.412722600389374,1.2499663533599028,3,0.8125,13,16,0.00031726853955700156,0.006710505387159601,0.0,0.0215017217475271,4.493573715133166,6.412722600389374,7.662688953749277,0.1305024914929778,0.002734283089165743,0.18441619548799576,2.7453810066210083,4.493573715133166,4.1391156093545955,60,3.355072000388206,29.95158477046374,9.100947515270947,8.92819899965456,0.0,1.0,0.729689721325987,10,37,28,3.359930159288142,5.685065642370455,strict_alpha_gt_2
bonds,SU26221RMFS0,504,2024-03-27,2026-03-19,504,243,lower,raw,15,0.06172839506172839,6.586343387731386,2.1006142095989055,3,0.8666666666666667,13,15,0.00042632167589893856,0.006706524480969216,0.0,0.0215017217475271,4.48572917813248,6.586343387731386,9.019564984633478,0.1108700920392156,0.0028315142471434717,0.19823423707593696,2.3412070163564236,4.48572917813248,4.111211101007331,64,3.1362251336811,31.29609306982925,9.245855556882407,11.181236269626595,0.0,1.0,0.6838144356573977,10,36,27,3.3232505291743126,3.7205619424760235,strict_alpha_gt_2
bonds,SU26221RMFS0,504,2024-04-25,2026-04-17,504,238,lower,raw,15,0.06302521008403361,6.586343387731386,2.1006142095989055,3,0.8666666666666667,13,15,0.0004647120192367714,0.00668850056757689,0.0,0.0215017217475271,4.48572917813248,6.586343387731386,9.019564984633478,0.1108700920392156,0.0028315142471434717,0.19823423707593696,2.3412070163564236,4.48572917813248,4.111211101007331,65,3.328253610185759,21.605454249257555,8.979863100882596,7.702359741399389,0.0,1.0,0.6838144356573977,10,35,26,3.342505122259264,3.7642916093768264,strict_alpha_gt_2
bonds,SU26221RMFS0,504,2024-05-23,2026-05-15,504,233,lower,raw,14,0.060085836909871244,7.032385535294667,2.7989735033150827,2,0.8571428571428571,12,14,0.0005498136113545542,0.006664491228330964,0.0,0.0215017217475271,4.233412031979584,9.83135903860975,inf,-0.1044014581406161,0.0037302273547456357,0.2351041728396766,2.9829939630878033,4.233412031979584,4.046939222916125,67,2.8084986500902325,32.623934911753054,9.513155433817827,10.838913424151885,0.0,1.0,0.7834825958064602,10,34,25,3.363461272191039,4.731269535134396,strict_alpha_gt_2
bonds,SU46012RMFS9,504,2018-03-06,2020-03-02,504,80,lower,raw,10,0.125,4.059770186587323,0.0,1,1.0,10,10,0.0005839050863254586,0.028129341051872668,0.0,0.13920242850884,4.059770186587323,,inf,-0.767517608310041,0.045044680051602226,0.18209159570039124,4.996164144797214,4.059770186587323,6.071340429566128,5,4.184344756536045,10.555984355120177,6.896401390323109,3.1261015811641126,0.0,1.0,inf,10,12,3,2.9645744704172934,,strict_alpha_gt_2
bonds,SU46012RMFS9,504,2018-04-05,2020-04-01,504,84,lower,raw,10,0.11904761904761904,3.859460039476543,0.0,1,0.9,9,10,0.0005577427142329596,0.03295344997565037,0.0,0.183942473674132,3.859460039476543,,inf,-0.2125850140854803,0.03537454206317671,0.2272792727695808,5.424858412691185,3.859460039476543,4.945639643389363,20,3.0208036125365783,24.002490025323784,10.570680854143063,11.624969067665093,0.0,1.0,inf,10,12,3,3.859460039476543,,strict_alpha_gt_2
bonds,SU46012RMFS9,504,2018-05-04,2020-04-30,504,83,lower,raw,10,0.12048192771084337,4.948195539470682,0.0,1,0.9,9,10,0.0006853249576323266,0.033638506508502454,0.0,0.183942473674132,4.948195539470682,,inf,-0.0617980434730697,0.025500576979538128,0.21306212717844913,2.5302869227419382,4.948195539470682,5.2550738883962875,20,3.9529441473084366,40.36935310384792,11.239255722332322,11.285819123495198,0.0,1.0,inf,10,12,3,4.081479677464102,,strict_alpha_gt_2
bonds,SU46012RMFS9,504,2018-06-05,2020-06-02,504,86,lower,raw,10,0.11627906976744186,8.624068296359813,3.131011301475266,3,1.0,10,10,0.0006905722070759771,0.03549275299356186,0.0,0.183942473674132,5.4930569948845465,8.624068296359813,12.348198397499276,0.0809834736865353,0.021190123782459103,0.1762556706476257,,5.4930569948845465,5.046653957143245,31,3.7089705761079594,33.23954032436012,11.978839925399344,10.932347058160378,0.0,1.0,0.6363128328091675,10,12,3,4.449073426230322,,strict_alpha_gt_2
bonds,SU46012RMFS9,504,2018-07-04,2020-07-06,504,85,lower,raw,10,0.11764705882352941,4.563701092027044,0.11845923521036195,3,1.0,10,10,0.0006634686001170925,0.03769824047319669,0.0,0.246898505204377,3.7762023748732396,4.682160327237406,4.563701092027044,0.2191203980793215,0.02926562830620309,0.13716995920973657,,3.7762023748732396,3.4372654948416903,54,2.528681000094672,16.274138739523245,7.101743368694423,5.316774839834926,0.0,1.0,0.5509767243406861,10,12,3,4.563701092027044,,strict_alpha_gt_2
bonds,SU46012RMFS9,504,2018-08-02,2020-08-04,504,87,lower,raw,11,0.12643678160919541,5.399703866074049,0.9282104177599013,3,0.9090909090909091,10,11,0.0005899187484975775,0.037469882712175606,0.0,0.246898505204377,3.489575581374489,5.399703866074049,6.32791428383395,0.15802995349584936,0.03223644603815811,0.16922869173084343,,3.489575581374489,3.3495355112982104,49,2.4169915275912808,15.407693598932678,5.347938769587419,4.018976875722213,0.0,1.0,1.1217646963706203,10,13,4,6.977355488414297,14.40025899701805,strict_alpha_gt_2
bonds,SU46012RMFS9,504,2018-08-31,2020-09-02,504,88,lower,raw,11,0.125,3.517152993530856,0.5348062973738896,3,1.0,11,11,0.0008177246329380699,0.03998287500517718,0.0,0.246898505204377,3.517152993530856,4.090588356572049,2.9823466961569665,0.33530642204965433,0.028469099608786186,0.18005856309789997,,3.517152993530856,3.1559858031643557,43,2.7532742068280833,35.81383368210622,7.656586393045299,11.222856565013196,0.0,1.0,0.6317525761771302,10,13,4,4.16800631978692,7.740382136227112,strict_alpha_gt_2
bonds,SU46012RMFS9,504,2018-10-01,2020-10-01,504,85,lower,raw,10,0.11764705882352941,5.907432820479896,2.6828525095893423,3,1.0,10,10,0.0005721487611786289,0.038102182175827976,0.0,0.246898505204377,3.2245803108905533,5.907432820479896,86.88870418896585,0.011508975871307697,0.04359423095763056,0.16603779872381672,,3.2245803108905533,3.11004904181559,33,2.6082216276641192,51.626534157859346,12.098393076073302,15.180588693820383,0.0,1.0,0.7205061454273497,10,12,3,2.5853690850751025,,strict_alpha_gt_2
bonds,SU46012RMFS9,504,2018-10-30,2020-10-30,504,85,lower,raw,10,0.11764705882352941,9.771109747843525,6.677228044020481,2,1.0,10,10,0.0008027542152864767,0.03845167782706862,0.0,0.246898505204377,3.0938817038230444,16.448337791864006,inf,-0.13940966123552387,0.0521840886260304,0.1918316626928746,,3.0938817038230444,3.2617929079121373,35,2.440827956919881,17.943605435806965,7.283959195699978,8.914487888249063,0.0,1.0,0.9767336472226517,10,12,3,2.514399916734919,,strict_alpha_gt_2
bonds,SU46012RMFS9,504,2018-11-29,2020-12-01,504,90,lower,raw,10,0.1111111111111111,11.972399989476072,8.57997380775447,2,1.0,10,10,0.0007461092490102963,0.040630478009075585,0.0,0.246898505204377,3.3924261817216026,20.55237379723054,inf,-0.1689630248223763,0.05106489729520915,0.1992063350684348,,3.3924261817216026,3.5307214955497264,45,3.56386263149931,41.38710130663242,10.60740102677899,11.611663525462944,0.0,1.0,0.9889023114362322,10,13,4,7.528053330543677,9.043861584280734,strict_alpha_gt_2
bonds,SU46012RMFS9,504,2018-12-28,2020-12-30,504,92,lower,raw,10,0.10869565217391304,3.0199667408238935,0.0,1,1.0,10,10,0.0008874936948797007,0.04265217496053097,0.0,0.246898505204377,3.0199667408238935,,inf,-0.4142397457403455,0.0698980503239636,0.1519887129750807,,3.0199667408238935,3.8029392053127706,33,3.197165680134013,41.35414470009381,11.515684844616484,13.167649971316383,0.0,1.0,inf,10,13,4,3.2349999333349646,0.08108961663744685,strict_alpha_gt_2
bonds,SU46012RMFS9,504,2019-01-31,2021-02-02,504,94,lower,raw,10,0.10638297872340426,2.7718839618941975,0.0,1,0.9,9,10,0.0008281818577144339,0.046738000383229276,0.0,0.269805885291494,2.7718839618941975,,inf,-0.6280467561745147,0.10008035364121243,0.19215009720646475,,2.7718839618941975,4.042514325023734,33,3.135097019992608,34.55271294778548,9.597500046815842,12.170419319526525,0.0,1.0,inf,10,14,5,2.8688473887555785,0.14908561197206893,strict_alpha_gt_2
bonds,SU46012RMFS9,504,2019-03-01,2021-03-03,504,95,lower,raw,13,0.1368421052631579,23.47209623661619,20.1873800511991,2,0.9230769230769231,12,13,0.0006195579707563738,0.04704093360525193,0.0,0.269805885291494,3.284716185417086,43.65947628781529,inf,-0.16137672065740094,0.05608483374340291,0.16610123136415167,8.673501420569892,3.284716185417086,3.572645478629781,35,3.4783901225208282,18.129198641504104,8.292483868626704,5.762048101654877,0.0,1.0,1.1476300125378,10,14,5,2.9111728876601646,0.21011722390745424,strict_alpha_gt_2
bonds,SU46012RMFS9,504,2019-04-02,2021-04-02,504,97,lower,raw,10,0.10309278350515463,3.9698901073280193,0.0,1,1.0,10,10,0.0012304401147535213,0.05075770516865259,0.0,0.269805885291494,3.9698901073280193,,inf,-0.38702997910627457,0.0653199135306811,0.18265498948843395,,3.9698901073280193,4.2161720687790805,33,3.465403149412159,48.45507078918915,13.287111695935607,14.111244671668342,0.0,1.0,inf,10,14,5,2.998483715670085,0.8962041024120913,strict_alpha_gt_2
bonds,SU46012RMFS9,504,2019-05-02,2021-05-04,504,103,lower,raw,10,0.0970873786407767,2.2740261771617845,0.10887919646910005,3,0.9,9,10,0.0002245555961987985,0.06045751831105114,0.0,0.669439502675066,2.4936067445940937,2.2740261771617845,2.1651469806926844,0.4618624088421356,0.05477468097325772,0.16925798149514173,,2.4936067445940937,2.0243231439398737,76,1.696973494472388,8.450743629721835,3.8342491924460744,5.780744934480782,0.0,0.6842105263157895,0.18923584303069657,10,15,6,2.420423143109282,0.5935380215346222,point_alpha_gt_2_uncertain
bonds,SU46012RMFS9,504,2019-06-03,2021-06-02,504,108,lower,raw,10,0.09259259259259259,2.2740261771617845,0.10887919646910005,3,0.9,9,10,3.8868979078126103e-05,0.06042479816577356,0.0,0.669439502675066,2.4936067445940937,2.2740261771617845,2.1651469806926844,0.4618624088421356,0.05477468097325772,0.16925798149514173,,2.4936067445940937,2.0243231439398737,79,1.7214935169607928,5.779750563005526,2.846961083740223,1.406428094388787,0.0,0.6835443037974683,0.18923584303069657,10,16,7,2.3717251897830494,0.49328999165474663,point_alpha_gt_2_uncertain
bonds,SU46012RMFS9,504,2019-07-03,2021-07-01,504,112,lower,raw,10,0.08928571428571429,2.2740261771617845,0.10887919646910005,3,0.9,9,10,0.0001111931710259113,0.06042531649092615,0.0,0.669439502675066,2.4936067445940937,2.2740261771617845,2.1651469806926844,0.4618624088421356,0.05477468097325772,0.16925798149514173,,2.4936067445940937,2.0243231439398737,79,1.7068928834905266,7.6811139719138115,3.952968351913796,5.753129291413629,0.0,0.6835443037974683,0.18923584303069657,10,16,7,2.3717251897830494,0.49328999165474663,point_alpha_gt_2_uncertain
bonds,SU46012RMFS9,504,2019-08-01,2021-07-30,504,113,lower,raw,10,0.08849557522123894,2.2740261771617845,0.10887919646910005,3,0.9,9,10,7.974743699063245e-05,0.06036313826879917,0.0,0.669439502675066,2.4936067445940937,2.2740261771617845,2.1651469806926844,0.4618624088421356,0.05477468097325772,0.16925798149514173,,2.4936067445940937,2.0243231439398737,74,1.7543995282868725,5.3458822735256835,2.9311148319710703,3.318733611867518,0.0,0.7837837837837838,0.18923584303069657,10,16,7,2.3717251897830494,0.49328999165474663,point_alpha_gt_2_uncertain
bonds,SU46012RMFS9,504,2019-08-30,2021-08-30,504,119,lower,raw,17,0.14285714285714285,2.487860769788485,0.09612342299247523,3,0.8823529411764706,15,17,1.5671498032098536e-05,0.05936805505975928,0.0,0.669439502675066,2.315455451325598,2.487860769788485,2.58398419278096,0.38699927143276,0.050970613878804666,0.13491437631027142,1.7546031019672435,2.315455451325598,2.137948638593868,76,1.7893414856397767,6.863943964345562,3.3807900152705805,2.3284312031913816,0.0,0.7631578947368421,0.2093693932258845,10,17,8,2.5697196668590436,0.48107115599226624,point_alpha_gt_2_uncertain
bonds,SU46012RMFS9,504,2019-09-30,2021-09-28,504,123,lower,raw,18,0.14634146341463414,2.7558764432438982,0.2988598940321796,3,0.8888888888888888,16,18,-2.8552969670497366e-06,0.05900225935316674,0.0,0.669439502675066,2.1705862682631487,2.7558764432438982,3.054736337276078,0.3273604951750777,0.05596461505968081,0.12423351245750386,1.1596305433800798,2.1705862682631487,2.1402208706271195,73,1.7323211681894615,10.611739388363608,3.933200177677488,3.4944298145967414,0.0,0.7945205479452054,0.19715136676474726,10,18,9,2.7558764432438982,0.4034619685374716,point_alpha_gt_2_uncertain
bonds,SU46012RMFS9,504,2019-10-29,2021-10-27,504,128,lower,raw,19,0.1484375,2.613794234761616,0.21634498479611652,3,0.8947368421052632,17,19,-4.289888311619755e-05,0.05890493749824101,0.0,0.669439502675066,2.219013696763823,2.613794234761616,2.8301392195577324,0.3533395082084586,0.052205318117069265,0.1194287867474742,1.039745589117585,2.219013696763823,2.1430818788810853,75,1.7304764913254786,13.259239940134826,4.381697779324056,3.909483086958662,0.0,0.8533333333333334,0.1639846569010764,10,19,10,2.7037275035867507,0.3467570188724216,point_alpha_gt_2_uncertain
bonds,SU46012RMFS9,504,2019-11-28,2021-11-26,504,136,lower,raw,19,0.13970588235294118,2.613794234761616,0.21634498479611652,3,0.8947368421052632,17,19,-9.860672883233475e-05,0.05894049705987338,0.0,0.669439502675066,2.219013696763823,2.613794234761616,2.8301392195577324,0.3533395082084586,0.052205318117069265,0.1194287867474742,0.9328821173318108,2.219013696763823,2.1430818788810853,76,1.697618651654594,8.83668505346094,3.631681106780459,2.2458518132564045,0.0,0.7894736842105263,0.18455288787682111,10,20,11,2.651578563929603,0.3762160631687914,point_alpha_gt_2_uncertain
bonds,SU46012RMFS9,504,2019-12-27,2021-12-27,504,138,lower,raw,19,0.13768115942028986,2.613794234761616,0.21634498479611652,3,0.8947368421052632,17,19,-6.785815262406341e-05,0.059004586985096835,0.0,0.669439502675066,2.219013696763823,2.613794234761616,2.8301392195577324,0.3533395082084586,0.052205318117069265,0.1194287867474742,0.92220439437416,2.219013696763823,2.1430818788810853,73,1.766571872989599,9.857937501325413,5.46142003698489,9.744748339634615,0.0,0.821917808219178,0.18455288787682111,10,20,11,2.651578563929603,0.3762160631687914,point_alpha_gt_2_uncertain
bonds,SU46012RMFS9,504,2020-01-31,2022-01-26,504,142,lower,raw,20,0.14084507042253522,2.441466246838776,0.05162590239126752,3,0.85,17,20,-0.00039082223579520105,0.05838860311603061,0.0,0.669439502675066,2.3055389813341587,2.441466246838776,2.4930921492300437,0.4011083185628882,0.04695272811315869,0.11944393067035897,0.5609494094199953,2.785749969877954,2.1480997987428854,73,1.6572313036854758,6.696030410582285,3.520574641080575,2.21722433399319,0.0,0.7808219178082192,0.13783495742663499,10,21,12,2.7037275035867507,0.45051402553396214,point_alpha_gt_2_uncertain
bonds,SU46012RMFS9,504,2020-03-03,2022-02-24,504,148,lower,raw,17,0.11486486486486487,2.790436404638887,0.3057866377292817,3,0.8823529411764706,15,17,-0.0005393744954644919,0.058049100011312006,0.0,0.669439502675066,2.1708139627403003,2.790436404638887,3.0962230423681687,0.32297414828201226,0.0576290115493481,0.13259873812954787,0.9553741551793541,2.1708139627403003,2.1369031328670554,65,1.6676807158136802,12.073665642469667,3.5647769842286863,3.3465591161544834,0.0,0.676923076923077,0.278269823909112,10,22,13,2.801648111086021,1.0297598381747308,point_alpha_gt_2_uncertain
bonds,SU46012RMFS9,504,2020-04-02,2022-03-29,504,147,lower,raw,18,0.12244897959183673,3.085189730364421,0.4197006424383183,3,0.8888888888888888,16,18,-0.0008193607487844178,0.05714770788998548,0.0,0.669439502675066,2.054362424910433,3.085189730364421,3.5048903728027394,0.28531562863129856,0.06160590548498103,0.11546464819712793,0.8549674799340422,2.054362424910433,2.132365686821608,68,1.7585706292313896,8.595153464475068,4.319290522471576,6.207722868652395,0.0,0.7794117647058824,0.33420856525400516,10,22,13,3.085189730364421,2.5581350206214757,point_alpha_gt_2_uncertain
bonds,SU46012RMFS9,504,2020-05-04,2022-04-27,504,155,lower,raw,13,0.08387096774193549,3.4173382522582854,0.3645660646890301,3,0.8461538461538461,11,13,-0.000823431023850356,0.05679877367018528,0.0,0.669439502675066,2.0482787289892683,3.4173382522582854,3.7819043169473154,0.2644170545296032,0.07261794389918676,0.1931308326391452,1.8878131634910245,2.0482787289892683,2.1047842808517148,68,1.6996519600126012,9.792771615326027,4.078851563001973,6.902758544999829,0.0,0.7352941176470589,0.34536294498747255,10,23,14,3.592529645977018,3.0417224862464964,point_alpha_gt_2_uncertain
bonds,SU46012RMFS9,504,2020-06-03,2022-06-01,504,156,lower,raw,14,0.08974358974358974,3.0854039845790595,0.4342761072203971,3,0.8571428571428571,12,14,-0.0005774736543706648,0.055923772937853895,0.0,0.669439502675066,1.98487903396846,3.0854039845790595,3.5196800917994566,0.2841167304749973,0.06982319533631592,0.13491085619784812,0.9758381348938525,1.98487903396846,2.041990957567227,64,1.6224215932658923,8.82856784760984,4.186972245916767,6.296587687444923,0.0,0.765625,0.3494053166957263,10,23,14,4.1138226592826985,2.6560732774270703,point_alpha_gt_2_uncertain
bonds,SU46012RMFS9,504,2020-07-07,2022-07-01,504,164,lower,raw,16,0.0975609756097561,4.517791291916419,0.08715296396788386,3,0.8125,13,16,-0.0007474716394307527,0.05439043551191536,0.0,0.669439502675066,1.6973720198786206,4.604944255884303,4.517791291916419,0.22134709980721715,0.07496950152558153,0.15328128059882257,0.6328000124315948,1.6973720198786206,2.0035733601731875,65,1.6915234665176306,8.650588133589478,4.230341462474673,5.322818415750614,0.0,0.7692307692307693,0.13761596016161598,10,24,15,4.070296398817507,2.661253107683354,point_alpha_gt_2_uncertain
bonds,SU46012RMFS9,504,2020-08-05,2022-08-01,504,165,lower,raw,16,0.09696969696969697,4.517791291916419,0.08715296396788386,3,0.8125,13,16,-0.00024462354289601007,0.054282092596507875,0.0,0.669439502675066,1.6973720198786206,4.604944255884303,4.517791291916419,0.22134709980721715,0.07496950152558153,0.15328128059882257,0.47980297243257247,1.6973720198786206,2.0035733601731875,76,1.6664512342504278,10.558548158999665,4.591462244408278,6.61661652843746,0.0,0.8026315789473685,0.13761596016161598,10,24,15,4.070296398817507,3.048769515744504,point_alpha_gt_2_uncertain
bonds,SU46012RMFS9,504,2020-09-03,2022-08-30,504,171,lower,raw,12,0.07017543859649122,2.2863767378109334,0.10267510422566462,3,0.8333333333333334,10,12,-0.0004908584377483569,0.052158305262547076,0.0,0.669439502675066,2.1006639362729014,2.2863767378109334,2.389051842036598,0.4185760988541499,0.05687029990899926,0.14579616290102626,0.7557779120979172,2.1006639362729014,1.895981518639967,68,1.5966681327261663,9.294962841638723,4.169569403089821,6.886061739352227,0.0,0.6617647058823529,0.17230057591163797,10,25,16,3.6330252935378837,2.560249681875157,point_alpha_gt_2_uncertain
bonds,SU46012RMFS9,504,2020-10-02,2022-09-28,504,175,lower,raw,11,0.06285714285714286,2.110936866816412,0.11230174210051658,3,0.8181818181818182,9,11,-0.00045975841363883477,0.052282919155679126,0.0,0.669439502675066,2.2393571282600275,2.110936866816412,1.9986351247158956,0.5003414518406151,0.05114394905029639,0.16043766356057887,0.9912891992627373,2.2393571282600275,1.874350008545812,79,1.5434615419934832,8.478727277236523,3.2089631625696233,2.4892710798901434,0.0,0.6075949367088608,0.21297267921645144,10,26,17,4.521739375042374,3.129133641827194,point_alpha_gt_2_uncertain
bonds,SU46012RMFS9,504,2020-11-02,2022-10-27,504,180,lower,raw,13,0.07222222222222222,2.2715561672400013,0.09190164686647773,3,0.8461538461538461,11,13,-0.00045757278705173775,0.05186394436658568,0.0,0.669439502675066,2.1253746480868365,2.2715561672400013,2.363457814106479,0.42310888480066083,0.05407163398988368,0.12899182385057462,0.5464581706783179,2.1253746480868365,1.9197684570236182,72,1.7068557355610696,6.0817355589119035,2.933561854043629,1.7930184686132395,0.0,0.75,0.14483863448292825,10,27,18,4.24285770503322,2.283342599826358,point_alpha_gt_2_uncertain
bonds,SU46012RMFS9,504,2020-12-02,2022-11-28,504,183,lower,raw,10,0.0546448087431694,2.0220047217237735,0.1368939245322256,3,0.8,8,10,-0.00033530087149934276,0.050380847108227246,0.0,0.669439502675066,2.158898646255999,2.0220047217237735,1.8001143204517405,0.5555202737063105,0.05098148207817613,0.14009589383300347,0.6474823436898917,2.158898646255999,1.7888494774271662,68,1.5914920300303508,11.502628685042913,3.9942476496128125,6.250502014647493,0.0,0.6470588235294118,0.23011463352605896,10,27,18,2.95423283358813,2.3466147889263813,point_alpha_gt_2_uncertain
bonds,SU46012RMFS9,504,2021-01-04,2022-12-27,504,190,lower,raw,20,0.10526315789473684,2.3084104218122907,1.2799723494417532,3,0.6,12,20,-0.00046081481105665736,0.04881278406354652,0.0,0.669439502675066,1.0284380723705375,2.3084104218122907,3.707338438639402,0.2697352876062217,0.07377932061913975,0.11390948520298994,0.8261014820013229,1.1410000211254134,1.33203437890811,90,1.3099159860883314,7.422307785225673,3.1490899604605462,5.539718386236818,0.0,0.3888888888888889,0.8263632768828111,10,28,19,2.3084104218122907,1.9474372525398376,point_alpha_gt_2_uncertain
bonds,SU46012RMFS9,504,2021-02-03,2023-01-26,504,192,lower,raw,21,0.109375,1.4856859623730831,0.022412197607441398,3,0.5714285714285714,12,21,-0.00030910764414659536,0.04487382888971751,0.0,0.669439502675066,1.26848915179709,1.4856859623730831,1.5080981599805245,0.6630868112808479,0.03359226464127277,0.10256338832998113,1.68590451204441,1.462224781636233,1.2878448413647297,99,1.1816382740155729,3.3652753659393024,2.0154137495036037,1.1386081052441739,0.0,0.3434343434343434,0.08924742718293577,10,28,19,1.5790126940607723,0.4473528373004716,point_alpha_1_2_uncertain
bonds,SU46012RMFS9,504,2021-03-04,2023-02-27,504,195,lower,raw,26,0.13333333333333333,1.3223391266528646,0.017802996893070633,3,0.6153846153846154,16,26,-0.0003009661296762056,0.043927782017651205,0.0,0.669439502675066,1.3223391266528646,1.3401421235459352,1.1159193574117063,0.8961221017972367,0.02004405403920477,0.09639752296308512,3.601299454733357,1.5082267197296497,1.2446274431686064,100,1.1148654442278163,2.4089750195427317,1.5883150311966587,0.5099601947106787,0.0,0.13,0.07138920908815546,10,29,20,1.4171585737597,0.39903731348605964,point_alpha_1_2_uncertain
bonds,SU46012RMFS9,504,2021-04-05,2023-03-29,504,202,lower,raw,19,0.09405940594059406,1.392337869440386,0.02561312332290222,3,0.631578947368421,12,19,-0.0008602149655640253,0.03952295117003807,0.0,0.669439502675066,1.2912911496684658,1.392337869440386,1.4179509927632883,0.7052429915445881,0.026436100528742318,0.12380639357362541,1.805711527502006,1.2912911496684658,1.2453632941637525,99,1.1168078044257184,2.46683183926581,1.8739345421758686,2.7655424356332525,0.010101010101010102,0.23232323232323232,0.10775141352609409,10,30,21,1.3525052677477674,0.0680982204975471,point_alpha_1_2_uncertain
bonds,SU46012RMFS9,504,2021-05-05,2023-04-27,504,204,lower,raw,29,0.14215686274509803,1.9663949436686168,0.0201184160947534,3,0.5862068965517241,17,29,0.00021383812762052376,0.021842026307683775,0.0,0.204316286535446,1.7333107672633252,1.9663949436686168,1.9865133597633702,0.5033945506005145,0.014624235028289575,0.13327484050990235,,1.9215219710708316,1.720052510231574,99,1.5664214413881035,3.7887047129123506,2.5578840236925915,3.148358465826075,0.0,0.3838383838383838,0.0733728911920418,10,30,21,1.8508995445117682,0.19680734606423544,point_alpha_1_2_uncertain
bonds,SU46012RMFS9,504,2021-06-03,2023-05-30,504,205,lower,raw,29,0.14146341463414633,1.9663949436686168,0.0201184160947534,3,0.5862068965517241,17,29,0.00023697882560975693,0.021748497656660423,0.0,0.204316286535446,1.7333107672633252,1.9663949436686168,1.9865133597633702,0.5033945506005145,0.014624235028289575,0.13327484050990235,7.275416194672441,1.9215219710708316,1.720052510231574,98,1.5694973956071103,3.798083862385159,2.269932186869321,1.5166239483664006,0.0,0.3673469387755102,0.0733728911920418,10,30,21,1.8508995445117682,0.19680734606423544,point_alpha_1_2_uncertain
bonds,SU46012RMFS9,504,2021-07-02,2023-06-29,504,204,lower,raw,26,0.12745098039215685,1.9701195488584196,0.011587415880875085,3,0.6153846153846154,16,26,0.0002441241210567984,0.02158469054490898,0.0,0.204316286535446,1.7077211849193386,1.9701195488584196,1.9817069647392946,0.5046154743325313,0.015654325816312074,0.14227697408832185,5.775077902986176,1.9066874720465898,1.6983603644819487,100,1.6189947562297533,4.226883684619503,2.3624407375744427,2.096921154700087,0.0,0.44,0.095016579718465,10,30,21,1.8202285746683722,0.17981895979461648,point_alpha_1_2_uncertain
bonds,SU46012RMFS9,504,2021-08-02,2023-07-28,504,208,lower,raw,28,0.1346153846153846,1.9601157622248655,0.04031599400371144,3,0.5357142857142857,15,28,0.0003052931442813048,0.021571339174345065,0.0,0.204316286535446,1.673113674347891,1.9601157622248655,2.000431756228577,0.4998920842395066,0.015302444045552708,0.13074423993405593,224.1374900068828,1.8540574978330906,1.6858911068363849,100,1.5680620015265514,4.080685245135403,2.346256223542887,1.0491055398481475,0.0,0.52,0.1003683784870349,10,31,22,1.8900979539395568,0.255828690388765,point_alpha_1_2_uncertain
bonds,SU46012RMFS9,504,2021-08-31,2023-08-28,504,207,lower,raw,27,0.13043478260869565,1.8832683651869218,0.015994954646410875,3,0.5185185185185185,14,27,0.0004695202476463786,0.021686613195208933,0.0,0.204316286535446,1.6615517379137124,1.8992633198333326,1.8832683651869218,0.5309917686111326,0.015015817614997942,0.11891803914494092,,1.8469502312894839,1.6534778597416728,100,1.462022583936185,3.0093191602864198,2.138034096990194,0.8593865046566523,0.0,0.44,0.08077055528693536,10,31,22,1.9245469808171958,0.3007847217686235,point_alpha_1_2_uncertain
bonds,SU46012RMFS9,504,2021-09-29,2023-09-26,504,204,lower,raw,23,0.11274509803921569,1.3472027411992602,0.015048681819218812,3,0.5652173913043478,13,23,0.0002594283700634435,0.034843465103927156,0.0,0.474518349548329,1.3472027411992602,1.362251423018479,0.9818177431264262,1.0185189736087632,0.01649951892632743,0.13374680179152826,1.9399362191009641,1.5387806444605192,1.2467019760978817,100,1.133913417963903,2.680255045067201,1.9170824618338855,2.7486753584668575,0.01,0.13,0.09265568915490457,10,30,21,1.3626028223000677,0.3449838928799298,point_alpha_1_2_uncertain
bonds,SU46012RMFS9,504,2021-10-28,2023-10-25,504,205,lower,raw,23,0.11219512195121951,1.3472027411992602,0.015048681819218812,3,0.5652173913043478,13,23,0.00021509194767641148,0.03485751464203637,0.0,0.474518349548329,1.3472027411992602,1.362251423018479,0.9818177431264262,1.0185189736087632,0.01649951892632743,0.13374680179152826,3.154020026922882,1.5387806444605192,1.2467019760978817,100,1.1945105767225523,2.676243833315132,2.2573613775578325,4.4274729804176,0.0,0.14,0.09265568915490457,10,30,21,1.3565190347998037,0.3363035733740689,point_alpha_1_2_uncertain
bonds,SU46012RMFS9,504,2021-11-29,2023-11-23,504,199,lower,raw,22,0.11055276381909548,1.3488649792861882,0.011474641755555792,3,0.5909090909090909,13,22,0.0002682670230358613,0.03486318101285941,0.0,0.474518349548329,1.3488649792861882,1.360339621041744,0.903392253331619,1.106938869922895,0.01551118265660699,0.12912477762933627,2.8672028577935706,1.5477845661154932,1.2418004374659102,99,1.1175420083253427,2.5564366916536594,1.8144757286050985,2.1979886812473186,0.0,0.08080808080808081,0.08813942788688346,10,29,20,1.3566346042328812,0.39315180551821904,point_alpha_1_2_uncertain
bonds,SU46012RMFS9,504,2021-12-28,2023-12-22,504,201,lower,raw,28,0.13930348258706468,1.359629302902645,0.019955413622592788,3,0.5,14,28,0.00025091093200695606,0.034746683357603086,0.0,0.474518349548329,1.3795847165252377,1.359629302902645,1.0968864970424423,0.9116713558753076,0.015620526902759092,0.12735985570094094,2.417951488887116,1.5520085169580577,1.2687166396201481,100,1.1632166533462251,2.140701213367444,1.5696288093014659,0.45570613191029624,0.0,0.13,0.08840506733337915,10,30,21,1.3655518586027424,0.34787205444289815,point_alpha_1_2_uncertain
bonds,SU46012RMFS9,504,2022-01-27,2024-01-24,504,202,lower,raw,28,0.13861386138613863,1.359629302902645,0.019955413622592788,3,0.5,14,28,0.00029013693518147867,0.03470541442166752,0.0,0.474518349548329,1.3795847165252377,1.359629302902645,1.0968864970424423,0.9116713558753076,0.015620526902759092,0.12735985570094094,2.812395342482508,1.5520085169580577,1.2687166396201481,100,1.1218929033172798,2.0020573064656997,1.5524488817648203,0.6421408371387317,0.0,0.05,0.08840506733337915,10,30,21,1.3655518586027424,0.34787205444289815,point_alpha_1_2_uncertain
bonds,SU46012RMFS9,504,2022-02-25,2024-02-22,504,200,lower,raw,28,0.14,1.3252194262116896,0.02592113201140278,3,0.5357142857142857,15,28,0.0004943121145858321,0.03444350188392938,0.0,0.474518349548329,1.3511405582230924,1.3252194262116896,1.0857881831847975,0.9209899458169029,0.0151625158904121,0.13116393768534618,6.040614968742731,1.5196389056684287,1.2352164026415362,99,1.136963893814575,2.096699981708467,1.5192496056229519,0.40068998581875825,0.0,0.08080808080808081,0.10168970822489189,10,30,21,1.3212017728440986,0.2279639686574888,point_alpha_1_2_uncertain
bonds,SU46012RMFS9,504,2022-03-30,2024-03-26,504,206,lower,raw,28,0.13592233009708737,1.3774032043946791,0.04516104578439495,3,0.4642857142857143,13,28,0.0008554944667118073,0.03157203764153812,0.0,0.474518349548329,1.4952003785727177,1.3774032043946791,1.3322421586102842,0.7506142885037812,0.013189565614125957,0.16727091512500192,3.249128839979237,1.7274863554544215,1.298290743767731,98,1.1148521185427676,3.434301045941959,1.7684233197179187,1.0163562918679752,0.0,0.19387755102040816,0.13014034764893329,10,30,21,1.2871835299435233,0.07899364443938173,point_alpha_1_2_uncertain
bonds,SU46012RMFS9,504,2022-04-28,2024-04-24,504,202,lower,raw,27,0.13366336633663367,1.3470304004533773,0.05920781735155489,3,0.48148148148148145,13,27,0.0007780256346526298,0.0312048990965872,0.0,0.474518349548329,1.4353175301465746,1.3470304004533773,1.2878225831018224,0.7765044759437445,0.013331668848188108,0.1564262454744645,19.198612943546117,1.6579645659570736,1.26486080149602,99,1.1019988685971476,3.119315686775221,1.6510678380863297,0.9878347415770959,0.0,0.13131313131313133,0.13496534789576733,10,30,21,1.2849493143544963,0.061787476013888565,point_alpha_1_2_uncertain
bonds,SU46012RMFS9,504,2022-06-02,2024-05-24,504,207,lower,raw,11,0.05314009661835749,1.2122594974018506,0.013486683167682756,3,0.5454545454545454,6,11,0.0005714696274163067,0.030605903061324578,0.0,0.474518349548329,1.2257461805695333,1.2122594974018506,0.8900705917749464,1.123506392909619,0.018607915754543555,0.23391294477969005,1.6259243826017022,1.2257461805695333,1.0486457987493096,92,1.0852985600812157,2.4326847415741266,1.5565028612269187,0.5694955713221267,0.010869565217391304,0.11956521739130435,0.12146130461040601,10,31,22,1.2679537230806792,0.08127191686325519,point_alpha_1_2_uncertain
bonds,SU46012RMFS9,504,2022-07-04,2024-06-25,504,207,lower,raw,28,0.13526570048309178,1.348206862544056,0.05497116378366407,3,0.5,14,28,0.0005326271990468684,0.03072008372536791,0.0,0.474518349548329,1.4971954861777546,1.348206862544056,1.293235698760392,0.7732542497539561,0.011905536855123765,0.13904217128529328,5.619867663626097,1.73877404830805,1.2770049140086244,98,1.0524027057943808,2.4665758107069435,1.5014765140169228,0.6854279347067731,0.01020408163265306,0.10204081632653061,0.13024197907521898,10,31,22,1.2858408425448757,0.09007262672221983,point_alpha_1_2_uncertain
bonds,SU46012RMFS9,504,2022-08-02,2024-07-24,504,211,lower,raw,29,0.13744075829383887,1.3778030831421904,0.017644281859313438,3,0.5172413793103449,15,29,0.0003916691790915521,0.03076147328852566,0.0,0.474518349548329,1.4909878618563002,1.3778030831421904,1.360158801282877,0.7352082705760667,0.012475681499157818,0.14894100007579203,15.104808033036438,1.720246055594211,1.302438215202262,98,1.1026709861502588,2.907750961878681,1.5828086927515395,0.6738459365465727,0.0,0.14285714285714285,0.09143324551993633,10,31,22,1.30566334570978,0.08407793547815512,point_alpha_1_2_uncertain
bonds,SU46012RMFS9,504,2022-08-31,2024-08-22,504,210,lower,raw,30,0.14285714285714285,1.439748691747692,0.004608126778311128,3,0.43333333333333335,13,30,0.0004443912093238565,0.03128388760184776,0.0,0.474518349548329,1.5019565530298509,1.439748691747692,1.435140564969381,0.6967958570813133,0.013835686563375978,0.12743793471349962,2.8669046251610992,1.7183143092997468,1.364100765633075,95,1.1510512371942219,3.9110485159647705,2.1739557054376464,3.104662585540267,0.0,0.22105263157894736,0.07761066062746244,10,31,22,1.3678036470359531,0.03387070246866819,point_alpha_1_2_uncertain
bonds,SU46012RMFS9,504,2022-09-29,2024-09-20,504,213,lower,raw,26,0.12206572769953052,1.4121530035633032,0.00392636581147543,3,0.34615384615384615,9,26,0.00017159868297287378,0.0338354653807088,0.0,0.474518349548329,1.4082266377518278,1.4470175287582727,1.4121530035633032,0.7081385639351314,0.019091168452014542,0.07573159006950235,1.707402576192841,1.603568622836619,1.340559232695714,97,1.1588881423083701,3.1766788619470625,2.0408960730160253,3.5868946313362966,0.0,0.16494845360824742,0.05960892667305174,10,31,22,1.4257717982669813,0.06643963012915699,point_alpha_1_2_uncertain
bonds,SU46012RMFS9,504,2022-10-28,2024-10-21,504,216,lower,raw,26,0.12037037037037036,1.4121530035633032,0.00392636581147543,3,0.34615384615384615,9,26,0.00010559783797254494,0.03381968877786695,0.0,0.474518349548329,1.4082266377518278,1.4470175287582727,1.4121530035633032,0.7081385639351314,0.019091168452014542,0.07573159006950235,1.7280784542282592,1.603568622836619,1.340559232695714,98,1.1946807424342496,3.2977452829695855,1.8628676643570232,1.1343622168006369,0.0,0.17346938775510204,0.05960892667305174,10,32,23,1.4259702735076025,0.06256464513508586,point_alpha_1_2_uncertain
bonds,SU46012RMFS9,504,2022-11-29,2024-11-19,504,219,lower,raw,30,0.136986301369863,1.381742439418647,0.011039306439281527,3,0.36666666666666664,11,30,5.5277764161664216e-05,0.033542769089829734,0.0,0.474518349548329,1.381742439418647,1.4116230099176652,1.3707031329793655,0.7295525748353666,0.01679633690492611,0.08723565089465277,1.3982785838826672,1.5508253044081277,1.3208008384509842,99,1.1370159091229852,3.338696327265426,1.7984807551671071,0.8348491877486621,0.0,0.2222222222222222,0.07040365337291735,10,32,23,1.3989781820826739,0.11534334644134003,point_alpha_1_2_uncertain
bonds,SU46012RMFS9,504,2022-12-28,2024-12-18,504,217,lower,raw,23,0.10599078341013825,1.3727126997217773,0.0054295612502419655,3,0.34782608695652173,8,23,-2.9334066395958248e-05,0.03342443437371517,0.0,0.474518349548329,1.3781422609720193,1.3727126997217773,1.172248749236238,0.8530612642167764,0.01764558650893864,0.09738370872392399,1.403192462697176,1.5886673409653667,1.2755825575037492,99,1.1562834907366835,3.6583119877096526,1.919344238725288,1.5261980745601733,0.0,0.2222222222222222,0.05908061246028105,10,32,23,1.3839748403586443,0.13323381003279078,point_alpha_1_2_uncertain
bonds,SU46012RMFS9,504,2023-01-27,2025-01-21,504,220,lower,raw,23,0.10454545454545454,1.341504760552039,0.020613651514298725,3,0.30434782608695654,7,23,0.00010877617376025059,0.033365543370596676,0.0,0.474518349548329,1.341504760552039,1.3621184120663377,1.1852090000360247,0.8437330462134567,0.01810020969966737,0.11093796107958956,1.5503551984228903,1.5414564245031508,1.2585103130577553,99,1.1065508224312925,2.5680223724176185,1.7687150615994616,0.9141571626589329,0.0,0.1717171717171717,0.080453342705441,10,33,24,1.4151377454351555,0.15344007064549636,point_alpha_1_2_uncertain
bonds,SU46012RMFS9,504,2023-02-28,2025-02-19,504,221,lower,raw,23,0.10407239819004525,1.341504760552039,0.020613651514298725,3,0.30434782608695654,7,23,0.00016148693409042905,0.03330566109294282,0.0,0.474518349548329,1.341504760552039,1.3621184120663377,1.1852090000360247,0.8437330462134567,0.01810020969966737,0.11093796107958956,0.8207179225402058,1.5414564245031508,1.2585103130577553,99,1.0826418740631267,2.807539168052316,1.6379477177447792,0.7691343978036804,0.0,0.16161616161616163,0.080453342705441,10,33,24,1.4130907815571037,0.15344007064549636,point_alpha_1_2_uncertain
bonds,SU46012RMFS9,504,2023-03-30,2025-03-20,504,219,lower,raw,23,0.1050228310502283,1.341504760552039,0.020613651514298725,3,0.30434782608695654,7,23,0.00034811912545079426,0.03331615170279799,0.0,0.474518349548329,1.341504760552039,1.3621184120663377,1.1852090000360247,0.8437330462134567,0.01810020969966737,0.11093796107958956,0.9251066963434675,1.5414564245031508,1.2585103130577553,95,1.1204224669329206,2.806637773822747,1.729242874209105,1.2710188769834685,0.0,0.16842105263157894,0.080453342705441,10,32,23,1.420332800314415,0.15508411787784615,point_alpha_1_2_uncertain
bonds,SU46012RMFS9,504,2023-04-28,2025-04-18,504,219,lower,raw,27,0.1232876712328767,1.3910442519954804,0.018167337011268714,3,0.3333333333333333,9,27,0.00029063062389535666,0.033816306100444074,0.0,0.474518349548329,1.3910442519954804,1.4092115890067491,1.2331165075065678,0.8109533802463299,0.017111161773035545,0.10442240642378639,0.9750208241312239,1.5747337537489041,1.314366048522697,99,1.1421397231895885,2.990679041995623,2.0710052100309695,3.7235932158797267,0.0,0.15151515151515152,0.07684373585385196,10,32,23,1.5062134326937553,0.20908563004168101,point_alpha_1_2_uncertain
bonds,SU46012RMFS9,504,2023-05-31,2025-05-21,504,220,lower,raw,28,0.12727272727272726,1.4185075387541954,0.023029783420030148,3,0.39285714285714285,11,28,0.00022393331449471632,0.03403194403802177,0.0,0.474518349548329,1.4185075387541954,1.4415373221742256,1.3187757635131403,0.7582790248859741,0.017616159407377638,0.10465265179897015,1.385918629792324,1.6024756095201784,1.3457959879633279,98,1.1962223674628254,2.8382504278343346,1.8605606282747111,1.0496931491790455,0.0,0.25510204081632654,0.07242694593512126,10,33,24,1.4801278991424511,0.18643007999530403,point_alpha_1_2_uncertain
bonds,SU46012RMFS9,504,2023-06-30,2025-06-20,504,218,lower,raw,23,0.10550458715596331,1.4779114444955606,0.0068753694938201715,3,0.4782608695652174,11,23,0.0003064342106909382,0.03416951875694965,0.0,0.474518349548329,1.3486460105915845,1.4847868139893807,1.4779114444955606,0.6766305273055918,0.023084515931326786,0.10397312489639521,106.11434247702877,1.5421238529454875,1.3334529526517909,97,1.236533261187458,3.98185517563635,1.9726875623849798,1.4643650725616546,0.0,0.21649484536082475,0.0689471365905455,10,32,23,1.4779114444955606,0.18301050437171318,point_alpha_1_2_uncertain
bonds,SU46012RMFS9,504,2023-07-31,2025-07-21,504,221,lower,raw,25,0.11312217194570136,1.442368130279153,0.0037821294465978372,3,0.44,11,25,0.0002471667572962885,0.03423048901276358,0.0,0.474518349548329,1.442368130279153,1.4461502597257507,1.2678972963896118,0.7887074156933215,0.018271603264929902,0.09989827333558882,23.28243172114883,1.6507452585852198,1.3477222852745965,100,1.2384975065776933,3.816545777202961,1.9784584306596045,1.2658736162658577,0.0,0.23,0.07314175545331525,10,33,24,1.4860109068349192,0.15288915093906263,point_alpha_1_2_uncertain
bonds,SU46012RMFS9,504,2023-08-29,2025-08-19,504,220,lower,raw,24,0.10909090909090909,1.5011848483615722,0.003153286631515817,3,0.5,12,24,0.0002902580094993011,0.034484166566485196,0.0,0.474518349548329,1.3832181760528355,1.5011848483615722,1.504338134993088,0.6647441667126219,0.022371699952253913,0.08478191833322979,,1.579317541973986,1.358272566154805,99,1.1766179331431699,3.952582753821279,1.9897559094520276,1.9339834892766352,0.0,0.18181818181818182,0.0683105112883483,10,33,24,1.498697830240486,0.1232727838869121,point_alpha_1_2_uncertain
bonds,SU46012RMFS9,504,2023-09-27,2025-09-17,504,222,lower,raw,20,0.09009009009009009,5.681324069239857,0.11608729290791242,3,0.35,7,20,0.0005261881513314064,0.0255212388223787,0.0,0.244721245906493,1.7275013686143466,5.79741136214777,5.681324069239857,0.176015306962378,0.028683043091131843,0.15309536752832015,,1.9735036060054383,2.121585037631797,79,1.7282946274017126,9.407430267521269,4.521999848302604,6.123903618868132,0.0,0.8227848101265823,0.2515033983676187,10,33,24,3.066484004720998,1.4417632490862942,point_alpha_gt_2_uncertain
bonds,SU46012RMFS9,504,2023-10-26,2025-10-16,504,221,lower,raw,21,0.09502262443438914,5.344484401891091,0.14593867881920985,3,0.42857142857142855,9,21,0.0004416198163439881,0.025669242754938426,0.0,0.244721245906493,1.787427171005478,5.4904230807103005,5.344484401891091,0.18710878820156351,0.027174592507444095,0.15995333263623968,3.94268999256667,2.039970368010459,2.1725381931610435,79,1.8368422538379305,12.064502424704042,4.500314792357894,6.329797643284154,0.0,0.8987341772151899,0.22245391555789568,10,33,24,3.105862999080972,1.1430230017178262,point_alpha_gt_2_uncertain
bonds,SU46012RMFS9,504,2023-11-24,2025-11-14,504,225,lower,raw,19,0.08444444444444445,2.5056399268668352,0.02007947431146162,3,0.3684210526315789,7,19,0.0004586256864514914,0.025858248708850368,0.0,0.244721245906493,2.301499297535986,2.5056399268668352,2.525719401178297,0.3959267999182651,0.018717932732692868,0.1304660084359356,18.720589099649654,2.301499297535986,2.16862377327501,81,1.818805166532931,7.958887656928999,4.032242636864028,5.803849958129907,0.0,0.8518518518518519,0.17496635723070095,10,33,24,2.997594031250401,0.6840977202673986,point_alpha_gt_2_uncertain
bonds,SU46012RMFS9,504,2023-12-25,2025-12-15,504,228,lower,raw,19,0.08333333333333333,2.5056399268668352,0.02007947431146162,3,0.3684210526315789,7,19,0.00047249456246160583,0.025891654110315025,0.0,0.244721245906493,2.301499297535986,2.5056399268668352,2.525719401178297,0.3959267999182651,0.018717932732692868,0.1304660084359356,12.64327619784601,2.301499297535986,2.16862377327501,78,1.6837799999707015,15.323605421667992,5.45582600497394,9.287602013171227,0.0,0.8076923076923077,0.17496635723070095,10,34,25,2.9839652325684383,0.6759147516152915,point_alpha_gt_2_uncertain
bonds,SU46012RMFS9,504,2024-01-25,2026-01-19,504,230,lower,raw,19,0.08260869565217391,2.5056399268668352,0.02007947431146162,3,0.3684210526315789,7,19,0.000536385312999274,0.026001276492498723,0.0,0.244721245906493,2.301499297535986,2.5056399268668352,2.525719401178297,0.3959267999182651,0.018717932732692868,0.1304660084359356,8.28504077300268,2.301499297535986,2.16862377327501,84,1.7461153751453131,11.52951931714475,3.977331644806716,3.3614954540782795,0.0,0.7857142857142857,0.17496635723070095,10,34,25,2.9839652325684383,0.6759147516152915,point_alpha_gt_2_uncertain
bonds,SU46012RMFS9,504,2024-02-26,2026-02-17,504,235,lower,raw,19,0.08085106382978724,2.5056399268668352,0.02007947431146162,3,0.3684210526315789,7,19,0.00046599623754458463,0.026027318686011776,0.0,0.244721245906493,2.301499297535986,2.5056399268668352,2.525719401178297,0.3959267999182651,0.018717932732692868,0.1304660084359356,7.121110427413981,2.301499297535986,2.16862377327501,87,1.7924761635163238,7.264153264384399,3.357563353524906,1.8106792437758243,0.0,0.8505747126436781,0.17496635723070095,10,35,26,2.9612242429337674,0.6411482097731436,point_alpha_gt_2_uncertain
bonds,SU46012RMFS9,504,2024-03-27,2026-03-19,504,235,lower,raw,19,0.08085106382978724,2.5056399268668352,0.02007947431146162,3,0.3684210526315789,7,19,0.0004461972830521949,0.02601628219518392,0.0,0.244721245906493,2.301499297535986,2.5056399268668352,2.525719401178297,0.3959267999182651,0.018717932732692868,0.1304660084359356,7.121110427413981,2.301499297535986,2.16862377327501,79,1.6071321355267771,18.178637135825618,4.558165553442311,6.672139804097788,0.0,0.7974683544303798,0.17496635723070095,10,35,26,2.9612242429337674,0.6411482097731436,point_alpha_gt_2_uncertain
bonds,SU46012RMFS9,504,2024-04-25,2026-04-17,504,238,lower,raw,19,0.07983193277310924,2.5056399268668352,0.02007947431146162,3,0.3684210526315789,7,19,0.00029424220591611923,0.02596246307305699,0.0,0.244721245906493,2.301499297535986,2.5056399268668352,2.525719401178297,0.3959267999182651,0.018717932732692868,0.1304660084359356,7.121110427413981,2.301499297535986,2.16862377327501,81,1.7495029144417789,9.64384721404662,3.815906738431919,2.9549083385459296,0.0,0.7407407407407407,0.17496635723070095,10,35,26,2.9612242429337674,0.6411482097731436,point_alpha_gt_2_uncertain
bonds,SU46012RMFS9,504,2024-05-23,2026-05-15,504,235,lower,raw,19,0.08085106382978724,2.6806181423569457,0.18773662405067215,3,0.3684210526315789,7,19,0.0003039856377108058,0.026038977706065378,0.0,0.244721245906493,2.2691536290808845,2.6806181423569457,2.868354766407618,0.34863190973145175,0.02000367499374401,0.10176776892276046,16.607740329166976,2.2691536290808845,2.2014414077795808,78,1.6783823327255791,8.429395361585545,3.8524513745336892,5.313211898382216,0.0,0.7435897435897436,0.24177604275389236,10,35,26,3.012797964508764,0.7669412583900712,point_alpha_gt_2_uncertain
bonds,SU29008RMFS8,504,2018-01-03,2019-12-26,504,211,lower,raw,10,0.04739336492890995,6.159196632439022,0.159073717097721,3,0.9,9,10,0.0002675234907709705,0.0029810024469893236,0.001984126984126984,0.0133758653165844,5.6515685489426435,6.318270349536743,6.159196632439022,0.16235883665951467,0.001282640945502476,0.1627381806603501,1.054314506536988,5.6515685489426435,4.935029705350166,54,3.512137545453615,29.204507386318298,9.395326297915252,9.04188214225605,0.0,1.0,0.27447719642537094,10,31,22,3.3281491278070323,6.868348940732955,strict_alpha_gt_2
bonds,SU29008RMFS8,504,2018-02-02,2020-01-30,504,208,lower,raw,10,0.04807692307692308,6.159196632439022,0.159073717097721,3,0.9,9,10,0.0002856079997169523,0.002935154461782634,0.001984126984126984,0.0133758653165844,5.6515685489426435,6.318270349536743,6.159196632439022,0.16235883665951467,0.001282640945502476,0.1627381806603501,1.3259347984234522,5.6515685489426435,4.935029705350166,48,3.5560461602138402,19.454476893026303,9.673521441034984,12.213185347227213,0.0,1.0,0.27447719642537094,10,31,22,2.900635494396294,0.5649542019491021,strict_alpha_gt_2
bonds,SU29008RMFS8,504,2018-03-06,2020-03-02,504,207,lower,raw,10,0.04830917874396135,6.159196632439022,0.159073717097721,3,0.9,9,10,0.000283831622222602,0.002968866052371326,0.001984126984126984,0.0133758653165844,5.6515685489426435,6.318270349536743,6.159196632439022,0.16235883665951467,0.001282640945502476,0.1627381806603501,1.9841831041019338,5.6515685489426435,4.935029705350166,46,3.1056747679548877,48.49011362444915,11.715930691166662,13.730653155437233,0.0,1.0,0.2513379321068745,10,31,22,2.9239466092824093,0.40366716192786756,strict_alpha_gt_2
bonds,SU29008RMFS8,504,2018-04-05,2020-04-01,504,207,lower,raw,30,0.14492753623188406,4.961968656724783,2.70969057776096,3,0.6,18,30,0.0002446230990584835,0.003430465949544921,0.001984126984126984,0.0167629932946844,2.2522780789638226,4.961968656724783,11.462634929959428,0.08723997633269644,0.002886930827306213,0.08646576882124563,,2.4085272773802315,2.5180946125165473,73,2.761840073734452,13.61912633028728,6.727417138462776,8.948671143010209,0.0,1.0,0.8567884306894566,10,31,22,5.396194048630615,1.9630694749302204,strict_alpha_gt_2
bonds,SU29008RMFS8,504,2018-05-04,2020-04-30,504,204,lower,raw,27,0.1323529411764706,5.141333868325449,2.969033192798917,2,0.5925925925925926,16,27,0.00023849743788430486,0.003436892327512776,0.001984126984126984,0.0167629932946844,2.172300675526533,8.110367061124366,inf,-0.0233279824062618,0.0034477619756163383,0.07805554104977797,,2.3245067742392367,2.556734084125767,65,2.7219362360694754,13.160129488269657,6.538187590993488,4.623456440387967,0.0,1.0,1.0374108311120398,10,30,21,5.345648211895222,6.328553060172363,strict_alpha_gt_2
bonds,SU29008RMFS8,504,2018-06-05,2020-06-02,504,208,lower,raw,30,0.14423076923076922,5.05316897261333,2.8230974120858505,3,0.6,18,30,0.00024213659822414587,0.0034424966475556976,0.001984126984126984,0.0167629932946844,2.2300715605274792,5.05316897261333,14.0273408469018,0.0712893492012685,0.002969824922386597,0.09074224568894584,,2.382284600393902,2.5044453863659757,62,2.642950408648972,14.815786772318843,7.067194598962628,9.055380988900566,0.0,1.0,0.8934791678167859,10,31,22,5.325515041458866,5.276688769687146,strict_alpha_gt_2
bonds,SU29008RMFS8,504,2018-07-04,2020-07-06,504,209,lower,raw,30,0.14354066985645933,5.05316897261333,2.8230974120858505,3,0.6,18,30,0.0002394491943607688,0.0034448027867821506,0.001984126984126984,0.0167629932946844,2.2300715605274792,5.05316897261333,14.0273408469018,0.0712893492012685,0.002969824922386597,0.09074224568894584,,2.382284600393902,2.5044453863659757,79,2.693811207119069,16.069027702293514,6.280793884115592,6.379561934002487,0.0,1.0,0.8934791678167859,10,31,22,5.325515041458866,5.276688769687146,strict_alpha_gt_2
bonds,SU29008RMFS8,504,2018-08-02,2020-08-04,504,213,lower,raw,29,0.13615023474178403,5.185875898806049,2.996051286374243,2,0.6206896551724138,18,29,0.00023133264136469679,0.0034586540009206,0.001984126984126984,0.0167629932946844,2.189824612431807,8.181927185180292,inf,-0.008368940093565055,0.003314775342135028,0.07646467673360091,,2.336279910591694,2.5873061281861616,74,3.0590609484331206,30.246496445068257,8.874607532723843,9.998113966023157,0.0,1.0,1.1302576930421793,10,31,22,6.4264974719291486,4.985605241495914,strict_alpha_gt_2
bonds,SU29008RMFS8,504,2018-08-31,2020-09-02,504,212,lower,raw,11,0.05188679245283019,2.7828236503168777,0.0,1,0.7272727272727273,8,11,0.00022348765087069441,0.0034664100176591294,0.001984126984126984,0.0167629932946844,2.7828236503168777,,inf,-1.1840046657692547,0.01079256233053966,0.34096696896879475,5.69684379997001,2.7828236503168777,3.1306800432789967,35,2.9648162291888047,14.06304314548212,6.2785078650960955,4.044054100566,0.0,1.0,inf,10,31,22,7.028002003830927,10.251677276724056,strict_alpha_gt_2
bonds,SU29008RMFS8,504,2018-10-01,2020-10-01,504,207,lower,raw,11,0.05314009661835749,2.7828236503168777,0.0,1,0.7272727272727273,8,11,0.0002341077410307579,0.0034395450121281696,0.001984126984126984,0.0167629932946844,2.7828236503168777,,inf,-1.1840046657692547,0.01079256233053966,0.34096696896879475,11.773364153274983,2.7828236503168777,3.1306800432789967,48,2.804041184117444,16.785256002650193,7.674869984115425,10.141260295759627,0.0,1.0,inf,10,31,22,7.028002003830927,10.251677276724056,strict_alpha_gt_2
bonds,SU29008RMFS8,504,2018-10-30,2020-10-30,504,207,lower,raw,11,0.05314009661835749,2.7828236503168777,0.0,1,0.7272727272727273,8,11,0.00022253150923424298,0.0034372715302030143,0.0,0.0167629932946844,2.7828236503168777,,inf,-1.1840046657692547,0.01079256233053966,0.34096696896879475,,2.7828236503168777,3.1306800432789967,48,2.960383703269674,21.584461655832243,7.7075110825540305,8.923276805163848,0.0,1.0,inf,10,31,22,6.223968976328395,11.09507000952529,strict_alpha_gt_2
bonds,SU29008RMFS8,504,2018-11-29,2020-12-01,504,209,lower,raw,11,0.05263157894736842,2.7828236503168777,0.0,1,0.7272727272727273,8,11,0.00021400553716909555,0.0034177239697076715,0.0,0.0167629932946844,2.7828236503168777,,inf,-1.1840046657692547,0.01079256233053966,0.34096696896879475,,2.7828236503168777,3.1306800432789967,44,3.535624927490876,17.069684960398213,6.464193996562227,4.432819032102649,0.0,1.0,inf,10,31,22,6.195202145634284,10.168654630849346,strict_alpha_gt_2
bonds,SU29008RMFS8,504,2018-12-28,2020-12-30,504,210,lower,raw,30,0.14285714285714285,5.23798775947879,3.054437569050439,2,0.6666666666666666,20,30,0.00023640626249126946,0.003388146125885408,0.0,0.0167629932946844,2.1835501904283503,8.292425328529228,inf,-0.017321860781118317,0.0033344627925211085,0.09222323884853262,5.528680405715714,2.3246245127675005,2.5831154688168723,45,3.487698352499232,18.43640357611859,8.049130207662174,8.034624323126389,0.0,1.0,1.117590150129576,10,31,22,5.889403230570019,11.882837029260122,strict_alpha_gt_2
bonds,SU29008RMFS8,504,2019-01-31,2021-02-02,504,212,lower,raw,14,0.0660377358490566,4.364941010136266,0.0667542060204056,3,0.7142857142857143,10,14,0.00022284895762190519,0.0032035631469926984,0.0,0.0167629932946844,3.322336919069065,4.364941010136266,4.431695216156672,0.22564728647274546,0.0023166926537417174,0.13577631355365793,1.8190219352402255,3.322336919069065,3.083082812222083,51,3.0469182576481995,12.631970551778615,6.445560312111324,4.090318754175846,0.0,1.0,0.6264844792823764,10,31,22,4.2903743545584065,12.488426300486513,strict_alpha_gt_2
bonds,SU29008RMFS8,504,2019-03-01,2021-03-03,504,214,lower,raw,31,0.14485981308411214,4.582986711239918,2.6842236166436804,3,0.6774193548387096,21,31,0.00023702773704058384,0.003056919061841324,0.0,0.0167629932946844,1.8987630945962373,4.582986711239918,9.360719706954821,0.10682939253666796,0.0028643586945366816,0.06383654124759577,,2.024714605523241,2.2296060089629792,78,2.3365990840771134,31.396124821059253,7.600663020186368,10.876753233309506,0.0,1.0,0.9147442175584107,10,32,23,5.655951576704081,1.550675329235374,strict_alpha_gt_2
bonds,SU29008RMFS8,504,2019-04-02,2021-04-02,504,218,lower,raw,31,0.14220183486238533,4.224953270628465,2.365037287295557,3,0.6774193548387096,21,31,0.00022439284343512043,0.003022610965388176,0.0,0.0167629932946844,1.8599159833329075,4.224953270628465,8.262313256148843,0.12103147980449622,0.00283965389328477,0.07148262856781967,,1.9827847384409443,2.172785168035973,82,2.209574510347922,9.893255925219583,5.563161496869155,6.293391854105962,0.0,0.975609756097561,0.7970688397230256,10,32,23,5.073763369265853,1.5482456955140087,strict_alpha_gt_2
bonds,SU29008RMFS8,504,2019-05-02,2021-05-04,504,219,lower,raw,31,0.1415525114155251,4.509174268493287,2.7326380211675514,3,0.6451612903225806,20,31,0.00020961701979580887,0.0030124646373229365,0.0,0.0167629932946844,1.7765362473257356,4.509174268493287,11.802800351591436,0.08472565579448817,0.0030512775885600113,0.07809687819849737,23.993445591881745,1.8884662053182886,2.120203220149607,74,2.1354707222008593,34.53106681325145,7.221610927346555,10.787993208779731,0.0,0.972972972972973,0.8730773996219539,10,32,23,4.98358756724935,2.8709215070691982,strict_alpha_gt_2
bonds,SU29008RMFS8,504,2019-06-03,2021-06-02,504,221,lower,raw,32,0.14479638009049775,2.789974310426292,0.9055050410385257,3,0.5625,18,32,0.00021239227491387066,0.00296267977086386,0.0,0.0167629932946844,1.8528456613469562,2.789974310426292,3.695479351464818,0.2706008895986982,0.0023571774412957038,0.1175268134540324,,1.978590871147873,1.992585082607818,92,2.056761609507671,5.405811666551622,3.7155957248843694,3.7992558960780944,0.0,0.9565217391304348,0.5276167233139403,10,33,24,4.01556085390275,2.392972434002391,strict_alpha_gt_2
bonds,SU29008RMFS8,504,2019-07-03,2021-07-01,504,226,lower,raw,32,0.1415929203539823,2.6033912740191987,0.3069351794178732,3,0.5625,18,32,0.00019678754696174973,0.0028886278325398864,0.0,0.0167629932946844,1.9196172425306803,2.6033912740191987,2.910326453437072,0.3436040650419159,0.0020577714468903606,0.10789029536089045,,2.0594730066282287,2.0045464290753294,90,1.9020147803609397,10.107957901132568,4.272720417139325,4.523587013525296,0.0,0.8777777777777778,0.2254805745807866,10,33,24,4.054978656367004,1.9622405179838913,point_alpha_gt_2_uncertain
bonds,SU29008RMFS8,504,2019-08-01,2021-07-30,504,223,lower,raw,32,0.14349775784753363,2.572677549033616,0.31841238092935065,3,0.53125,17,32,0.00017885231702148904,0.002841473244186085,0.0,0.0167629932946844,1.8943829145638864,2.572677549033616,2.8910899299629667,0.3458903127281169,0.0020682728424111924,0.09584175209636608,3.472943518033131,2.0312223706798043,1.9795998935810772,91,1.9027912712688044,7.717821484289798,4.580938694418504,6.177291162360106,0.0,0.9120879120879121,0.23378859804260935,10,33,24,4.185934713032291,2.972281022862415,point_alpha_gt_2_uncertain
bonds,SU29008RMFS8,504,2019-08-30,2021-08-30,504,221,lower,raw,29,0.13122171945701358,2.485795742255384,0.4396661535503781,3,0.5172413793103449,15,29,0.00018593582918583507,0.0027880004925248626,0.0,0.0167629932946844,1.8053293058223947,2.485795742255384,2.925461895805762,0.3418263630210673,0.0022283726080441846,0.14234537131223196,4.607538060285897,1.940405282214578,1.8810444218078752,93,1.9513811032462733,12.005866287352031,4.914361340803916,6.381076354143541,0.0,0.9354838709677419,0.3567926042108534,10,33,24,3.2858713938925956,2.77244476064957,point_alpha_gt_2_uncertain
bonds,SU29008RMFS8,504,2019-09-30,2021-09-28,504,222,lower,raw,26,0.11711711711711711,2.601244168843927,0.9979104913726173,3,0.5384615384615384,14,26,0.00016132490741001677,0.0026922467995886376,0.0,0.0167629932946844,1.6033336774713098,2.601244168843927,4.364781921418957,0.22910652078464155,0.002795043966437619,0.15174026812593855,3.389485788516138,1.7214297771732296,1.7516254935507964,79,1.7790097495063228,18.862669428069715,4.69795192914147,5.567582448697973,0.0,0.7848101265822784,0.6263491648358968,10,33,24,2.5760580865877465,0.5983641043120174,point_alpha_gt_2_uncertain
bonds,SU29008RMFS8,504,2019-10-29,2021-10-27,504,219,lower,raw,31,0.1415525114155251,2.5353462866399052,1.1053932154472972,3,0.4838709677419355,15,31,0.00013491408022914557,0.0026144490764102735,0.0,0.0167629932946844,1.429953071192608,2.5353462866399052,4.322684221766078,0.23133774032456145,0.002711034713858981,0.13209646690091836,10.477417149966424,1.5167024428107645,1.6505916942025987,92,1.5653826188816033,3.955976679720779,2.471519773051614,0.8275939211947172,0.0,0.7282608695652174,0.6583377143384657,10,32,23,2.6061185129794957,0.9762997949328764,point_alpha_gt_2_uncertain
bonds,SU29008RMFS8,504,2019-11-28,2021-11-26,504,219,lower,raw,31,0.1415525114155251,2.5353462866399052,1.1053932154472972,3,0.4838709677419355,15,31,0.00012351235523024186,0.0026104985869880356,0.0,0.0167629932946844,1.429953071192608,2.5353462866399052,4.322684221766078,0.23133774032456145,0.002711034713858981,0.13209646690091836,9.686841548805969,1.5167024428107645,1.6505916942025987,96,1.6278304099040084,5.351734150232131,3.231623722406877,5.4858805063606555,0.0,0.6354166666666666,0.6583377143384657,10,32,23,2.6061185129794957,0.9762997949328764,point_alpha_gt_2_uncertain
bonds,SU29008RMFS8,504,2019-12-27,2021-12-27,504,213,lower,raw,29,0.13615023474178403,2.72110285614273,1.2891234968572145,3,0.4827586206896552,14,29,0.00012699075252665745,0.002594884253598218,0.001984126984126984,0.0167629932946844,1.4319793592855157,2.72110285614273,5.441680172185393,0.18376677209208298,0.0029504298556823497,0.13768515607937828,6.078510850887536,1.5218787639723508,1.6700537386865855,93,1.6477475038722809,5.330532692338072,3.251344590240277,5.100043156791884,0.0,0.7956989247311828,0.6850348038913279,10,31,22,2.67269220043627,1.1119692853708476,point_alpha_gt_2_uncertain
bonds,SU29008RMFS8,504,2020-01-31,2022-01-26,504,217,lower,raw,30,0.1382488479262673,2.291465132265926,0.7137732600501003,3,0.4666666666666667,14,30,9.904026910774078e-05,0.0025927660987085195,0.001984126984126984,0.0167629932946844,1.5661352139227152,2.291465132265926,3.005238392316026,0.3327523042953464,0.0023552366408931703,0.11595243444055664,3.309600424440048,1.671659094365093,1.686810769108299,95,1.5846380662014068,7.110845816059959,3.2535233218852597,3.395239648678953,0.0,0.6947368421052632,0.45918375954609086,10,32,23,2.8466800562993866,1.6457672994321775,point_alpha_gt_2_uncertain
bonds,SU29008RMFS8,504,2020-03-03,2022-02-24,504,225,lower,raw,32,0.14222222222222222,1.4113859122508405,0.017742449839668772,3,0.4375,14,32,-9.930403449130805e-05,0.004252462348213795,0.001984126984126984,0.0759501103863376,1.4113859122508405,1.4291283620905093,1.3671590637772921,0.731443784775945,0.0019045199802082647,0.0851079316429133,3.564996141281038,1.601699034840623,1.3353547081335504,99,1.1622779461144184,3.9788142899664822,2.092102599147228,1.62093695038263,0.0,0.35353535353535354,0.06843631145772677,10,33,24,1.500586767550388,0.10627463234468792,point_alpha_1_2_uncertain
bonds,SU29008RMFS8,504,2020-04-02,2022-03-29,504,220,lower,raw,30,0.13636363636363635,1.4274169214790673,0.018001156372115634,3,0.4666666666666667,14,30,9.077633755649384e-06,0.004431673136809102,0.001984126984126984,0.0759501103863376,1.5107217484086322,1.4274169214790673,1.4094157651069517,0.7095138459190686,0.0016572569924012681,0.0864929275629609,14.26660531573387,1.7582387565048054,1.3420764173876396,100,1.0503841127531088,4.691849627862375,2.2030667872394805,1.3720477595282614,0.04,0.39,0.06881553501422215,10,33,24,1.4447466093840056,0.0321063051214876,point_alpha_1_2_uncertain
bonds,SU29008RMFS8,504,2020-05-04,2022-04-27,504,217,lower,raw,27,0.12442396313364056,1.3305054269141454,0.007788042599317091,3,0.5925925925925926,16,27,0.00012647229774295318,0.004781233480129123,0.001984126984126984,0.0759501103863376,1.3227173843148283,1.363210804984207,1.3305054269141454,0.7515940782889627,0.0020298260434116473,0.10426939545313738,9.384165722123187,1.5235240802490206,1.257703321504097,96,1.0591226593571514,3.6911816127621724,1.8636730462796243,1.305445047785727,0.020833333333333332,0.22916666666666666,0.06093592557446589,10,32,23,1.4112677003777852,0.1113642294872832,point_alpha_1_2_uncertain
bonds,SU29008RMFS8,504,2020-06-03,2022-06-01,504,212,lower,raw,29,0.13679245283018868,1.403110821728708,0.03606419841921338,3,0.5172413793103449,15,29,0.00016666262876208494,0.004830682423989258,0.001984126984126984,0.0759501103863376,1.338876457428537,1.403110821728708,1.4391750201479214,0.6948425215838014,0.0020656024997411484,0.08988358146745534,,1.530416561215174,1.292339005943991,97,1.0786518333270303,5.079957159782615,2.133601839277685,1.7068341587474876,0.020618556701030927,0.31958762886597936,0.07923911596481538,10,31,22,1.4321617212986175,0.06516009130147848,point_alpha_1_2_uncertain
bonds,SU29008RMFS8,504,2020-07-07,2022-07-01,504,208,lower,raw,15,0.07211538461538461,1.4879768460389893,0.06033598030529275,3,0.7333333333333333,11,15,0.00019034757826913012,0.0048705795187450225,0.001984126984126984,0.0759501103863376,1.4276408657336965,1.4879768460389893,1.5535162201476411,0.6437010357735198,0.0035235605241965484,0.1421866125387149,0.6996754411317921,1.4276408657336965,1.3054135799951379,77,1.0909762049280738,7.875481980326516,2.5193257671183953,2.4472602511428634,0.012987012987012988,0.2857142857142857,0.14686800662229518,10,31,22,1.5180679499728933,0.09482744115680175,point_alpha_1_2_uncertain
bonds,SU29008RMFS8,504,2020-08-05,2022-08-01,504,201,lower,raw,29,0.14427860696517414,1.3418636952322065,0.015419068793808943,3,0.5517241379310345,16,29,0.0002515403175147617,0.004853222936188092,0.003968253968253968,0.0759501103863376,1.233206740420949,1.3418636952322065,1.3572827640260154,0.7367661525692466,0.0021036926570929654,0.08642549050955162,,1.3953975695231164,1.2288427542437417,98,1.0516685395388419,3.699170192784227,2.0072078201439103,2.5489153803559375,0.030612244897959183,0.2857142857142857,0.07270165377909162,10,30,21,1.4713927694317461,0.12522900781195156,point_alpha_1_2_uncertain
bonds,SU29008RMFS8,504,2020-09-03,2022-08-30,504,200,lower,raw,29,0.145,1.2976835001907687,0.02247750706706686,3,0.5517241379310345,16,29,0.0002586699846390788,0.004827090164758639,0.003968253968253968,0.0759501103863376,1.1919451218514032,1.2976835001907687,1.3201610072578356,0.7574833633945484,0.0020059505676308987,0.0973864506064906,,1.3467202213773901,1.192541398022688,99,1.0357073087696993,3.0395200330907888,1.6262026287707279,0.8758938333753967,0.04040404040404041,0.1717171717171717,0.09118152630997503,10,30,21,1.3971176536404213,0.12510260873397727,point_alpha_1_2_uncertain
bonds,SU29008RMFS8,504,2020-10-02,2022-09-28,504,203,lower,raw,26,0.12807881773399016,1.2577021501896655,0.03379379130839544,3,0.5769230769230769,15,26,0.0002381806353370823,0.004824619517190684,0.003968253968253968,0.0759501103863376,1.2104585704864994,1.291495941498061,1.2577021501896655,0.7951008113083029,0.0020684346762169484,0.0820155084230228,,1.3860953992863088,1.186809028826057,96,0.9978474432879629,3.598984557827057,2.2298702686731198,4.439916565657123,0.0625,0.20833333333333334,0.09657429233431658,10,30,21,1.38762713779342,0.14821964652618247,point_alpha_1_2_uncertain
bonds,SU29008RMFS8,504,2020-11-02,2022-10-27,504,201,lower,raw,24,0.11940298507462686,1.2229734221785564,0.007425902031634513,3,0.5416666666666666,13,24,0.0002805156414227316,0.00480169655744284,0.003968253968253968,0.0759501103863376,1.230399324210191,1.2229734221785564,1.050041288159728,0.9523435042755043,0.001711034165395955,0.08873544806510691,,1.431890914390086,1.1388211197193927,98,0.99856122524896,2.688133709844054,2.011546515958482,5.060006075986852,0.061224489795918366,0.14285714285714285,0.07731478446081716,10,30,21,1.262049311540493,0.11250165447336191,point_alpha_1_2_uncertain
bonds,SU29008RMFS8,504,2020-12-02,2022-11-28,504,202,lower,raw,23,0.11386138613861387,1.2350060438941446,0.024310613844812146,3,0.5217391304347826,12,23,0.0002523902313775331,0.004804004586511429,0.003968253968253968,0.0759501103863376,1.2106954300493324,1.262218537588773,1.2350060438941446,0.8097126365850502,0.0021234573523688524,0.06994394908496349,39.26499734063104,1.4106772450417657,1.1601596200496402,99,0.9337201600644986,2.9216235577480405,1.7519825159572588,1.887917724153738,0.09090909090909091,0.1919191919191919,0.08051123441970573,10,30,21,1.2415859459360699,0.07404578756694691,point_alpha_1_2_uncertain
bonds,SU29008RMFS8,504,2021-01-04,2022-12-27,504,200,lower,raw,19,0.095,1.2795800288737038,0.00042302031275687213,3,0.631578947368421,12,19,0.00023749012806186762,0.004807928157094974,0.003968253968253968,0.0759501103863376,1.2800030491864607,1.2795800288737038,1.1768982578352654,0.8496911209974564,0.0022906551383108254,0.08834408699757224,2.5854105597092927,1.2800030491864607,1.170719693238205,97,0.9666541543133303,4.870896795712391,2.218716283180606,3.1255127693185685,0.08247422680412371,0.3402061855670103,0.07377907995430727,10,30,21,1.2731981615174994,0.011445493661254247,point_alpha_1_2_uncertain
bonds,SU29008RMFS8,504,2021-02-03,2023-01-26,504,195,lower,raw,18,0.09230769230769231,1.3227185919958575,0.006640200059595758,3,0.6111111111111112,11,18,0.0002703257365724064,0.004830714429238112,0.003968253968253968,0.0759501103863376,1.2618888371935566,1.3293587920554533,1.3227185919958575,0.7560187072679567,0.002753655070854029,0.07746361877134245,1.9633780023255625,1.2618888371935566,1.1958436430423374,94,0.9770255756362024,4.050344985960147,2.2868099818932075,4.511126148966607,0.0851063829787234,0.2127659574468085,0.04597022483568944,10,29,20,1.311368103677843,0.05530453222906084,point_alpha_1_2_uncertain
bonds,SU29008RMFS8,504,2021-03-04,2023-02-27,504,189,lower,raw,17,0.08994708994708994,1.2819645369154955,0.02313361316874607,3,0.5882352941176471,10,17,0.00029032400333475826,0.004823385853324898,0.003968253968253968,0.0759501103863376,1.2256270480546103,1.3050981500842416,1.2819645369154955,0.7800527793117245,0.0028336506411886916,0.10336544681651125,8.033977238204129,1.2256270480546103,1.1663423735050358,94,1.0034337780746125,4.071440748531234,2.404908182438029,5.297630188125357,0.05319148936170213,0.23404255319148937,0.06976316235576932,10,28,19,1.2835675090861534,0.025996636728886857,point_alpha_1_2_uncertain
bonds,SU29008RMFS8,504,2021-04-05,2023-03-29,504,185,lower,raw,17,0.0918918918918919,1.2819645369154955,0.02313361316874607,3,0.5882352941176471,10,17,0.00031650553258046857,0.004823967654712937,0.003968253968253968,0.0759501103863376,1.2256270480546103,1.3050981500842416,1.2819645369154955,0.7800527793117245,0.0028336506411886916,0.10336544681651125,1.4946418620012873,1.2256270480546103,1.1663423735050358,94,1.0217910122364393,3.883094574768582,2.3695835362812634,5.198582917945879,0.031914893617021274,0.26595744680851063,0.06976316235576932,10,27,18,1.288190589588679,0.037950551754846185,point_alpha_1_2_uncertain
bonds,SU29008RMFS8,504,2021-05-05,2023-04-27,504,184,lower,raw,19,0.10326086956521739,1.2642013228035125,0.003944816884600355,3,0.6842105263157895,13,19,0.00032333987927452506,0.00479251226710385,0.003968253968253968,0.0759501103863376,1.2136800973912019,1.2681461396881129,1.2642013228035125,0.7910132523690012,0.002464998067504992,0.10492662244866818,3.002207054062047,1.2136800973912019,1.1500108450048379,96,0.972176881636772,5.1281493628581565,2.7887182471909266,6.074845062373511,0.07291666666666667,0.28125,0.08643373349765236,10,27,18,1.2498537647945307,0.02226251593656059,point_alpha_1_2_uncertain
bonds,SU29008RMFS8,504,2021-06-03,2023-05-30,504,184,lower,raw,13,0.07065217391304347,1.1989111620498156,0.0038934530923047106,3,0.5384615384615384,7,13,0.00032696124335364,0.004770363538347488,0.003968253968253968,0.0759501103863376,1.1989111620498156,1.2028046151421203,0.972776539673466,1.0279853175074227,0.002520166368168953,0.14113665251111074,1.2317003512953981,1.1989111620498156,1.0662737856126727,95,0.893952705565411,4.599641749575256,1.897145484833917,2.0670726854151966,0.16842105263157894,0.22105263157894736,0.07571259566414577,10,27,18,1.2190082926196382,0.020642527943814493,point_alpha_1_2_uncertain
bonds,SU29008RMFS8,504,2021-07-02,2023-06-29,504,182,lower,raw,13,0.07142857142857142,1.1989111620498156,0.0038934530923047106,3,0.5384615384615384,7,13,0.0003217408583273841,0.004769372654875833,0.003968253968253968,0.0759501103863376,1.1989111620498156,1.2028046151421203,0.972776539673466,1.0279853175074227,0.002520166368168953,0.14113665251111074,1.2317003512953981,1.1989111620498156,1.0662737856126727,96,0.9980783496834152,3.8864264468966105,1.9888473241327838,1.4985097967213303,0.07291666666666667,0.3541666666666667,0.07571259566414577,10,27,18,1.2190082926196382,0.020642527943814493,point_alpha_1_2_uncertain
bonds,SU29008RMFS8,504,2021-08-02,2023-07-28,504,177,lower,raw,13,0.07344632768361582,1.1989111620498156,0.0038934530923047106,3,0.5384615384615384,7,13,0.00033729173212620594,0.00477119735244922,0.005952380952380952,0.0759501103863376,1.1989111620498156,1.2028046151421203,0.972776539673466,1.0279853175074227,0.002520166368168953,0.14113665251111074,1.3659471409254502,1.1989111620498156,1.0662737856126727,95,0.9529237583914931,3.8855622202586417,1.8572921142902392,0.9494295088965159,0.08421052631578947,0.29473684210526313,0.0835503880082503,10,26,17,1.2215934229360397,0.036368628862258445,point_alpha_1_2_uncertain
bonds,SU29008RMFS8,504,2021-08-31,2023-08-28,504,179,lower,raw,13,0.07262569832402235,1.1989111620498156,0.0038934530923047106,3,0.5384615384615384,7,13,0.00032455271922692425,0.004771545279816583,0.005952380952380952,0.0759501103863376,1.1989111620498156,1.2028046151421203,0.972776539673466,1.0279853175074227,0.002520166368168953,0.14113665251111074,1.3659471409254502,1.1989111620498156,1.0662737856126727,97,0.9228601242148609,3.1752602115935584,1.874624426083076,1.9200059082673318,0.12371134020618557,0.27835051546391754,0.0835503880082503,10,26,17,1.2215934229360397,0.036368628862258445,point_alpha_1_2_uncertain
bonds,SU29008RMFS8,504,2021-09-29,2023-09-26,504,183,lower,raw,13,0.07103825136612021,1.1989111620498156,0.0038934530923047106,3,0.5384615384615384,7,13,0.0003127952305576154,0.004771941693375842,0.005952380952380952,0.0759501103863376,1.1989111620498156,1.2028046151421203,0.972776539673466,1.0279853175074227,0.002520166368168953,0.14113665251111074,1.2317003512953981,1.1989111620498156,1.0662737856126727,98,0.9512471253283028,3.9550065904573013,1.7446120395498177,1.084471893868036,0.11224489795918367,0.23469387755102042,0.0835503880082503,10,27,18,1.2221221797932675,0.03852621342193974,point_alpha_1_2_uncertain
bonds,SU29008RMFS8,504,2021-10-28,2023-10-25,504,184,lower,raw,13,0.07065217391304347,1.1989111620498156,0.0038934530923047106,3,0.5384615384615384,7,13,0.0003211325112794324,0.004777220915280676,0.005952380952380952,0.0759501103863376,1.1989111620498156,1.2028046151421203,0.972776539673466,1.0279853175074227,0.002520166368168953,0.14113665251111074,1.1640591269765752,1.1989111620498156,1.0662737856126727,97,0.9218922355584915,3.7579358531992453,2.63553893975982,6.998155869462863,0.1134020618556701,0.23711340206185566,0.0835503880082503,10,27,18,1.2221221797932675,0.03852621342193974,point_alpha_1_2_uncertain
bonds,SU29008RMFS8,504,2021-11-29,2023-11-23,504,181,lower,raw,13,0.0718232044198895,1.1989111620498156,0.0038934530923047106,3,0.5384615384615384,7,13,0.00033716648402177575,0.004775400663282374,0.005952380952380952,0.0759501103863376,1.1989111620498156,1.2028046151421203,0.972776539673466,1.0279853175074227,0.002520166368168953,0.14113665251111074,1.2317003512953981,1.1989111620498156,1.0662737856126727,96,0.9197460482772118,4.216836789003873,1.9935239741120583,2.1269429837316536,0.13541666666666666,0.2604166666666667,0.0835503880082503,10,27,18,1.2221221797932675,0.03852621342193974,point_alpha_1_2_uncertain
bonds,SU29008RMFS8,504,2021-12-28,2023-12-22,504,182,lower,raw,13,0.07142857142857142,1.1989111620498156,0.0038934530923047106,3,0.5384615384615384,7,13,0.00033895880136169677,0.00477339977000059,0.003968253968253968,0.0759501103863376,1.1989111620498156,1.2028046151421203,0.972776539673466,1.0279853175074227,0.002520166368168953,0.14113665251111074,1.2933253326527212,1.1989111620498156,1.0662737856126727,96,0.9552735581097834,6.602137466414412,2.091483647917594,2.3984893435327717,0.125,0.21875,0.0835503880082503,10,27,18,1.2221221797932675,0.03852621342193974,point_alpha_1_2_uncertain
bonds,SU29008RMFS8,504,2022-01-27,2024-01-24,504,177,lower,raw,21,0.11864406779661017,1.188096720054461,0.007255420468091023,3,0.5714285714285714,12,21,0.00036619694767245115,0.004757117962846008,0.003968253968253968,0.0759501103863376,1.188096720054461,1.2147450043661088,1.18084129958637,0.8468538493278345,0.002068941019777809,0.10653885449108855,,1.4035325551853963,1.1143144413481472,100,0.958746105558504,3.257096997435962,1.6426869451857227,1.148952904864699,0.1,0.19,0.0923588862506731,10,26,17,1.1994851197111507,0.02536074176515135,point_alpha_1_2_uncertain
bonds,SU29008RMFS8,504,2022-02-25,2024-02-22,504,168,lower,raw,19,0.1130952380952381,1.5508996564886344,0.1134974633950614,3,0.6842105263157895,13,19,0.0005651096605458616,0.0032988609276945963,0.003968253968253968,0.0197573321547727,1.4314664494830946,1.6643971198836958,1.5508996564886344,0.6447870407451654,0.0017952280168588687,0.11365640424953938,,1.4314664494830946,1.4013497789660894,97,1.306986294818547,2.667648501101089,1.8403351564388657,0.5190372493625598,0.0,0.27835051546391754,0.1844518029735877,10,25,16,1.5546413398296353,0.3015674935584882,point_alpha_1_2_uncertain
bonds,SU29008RMFS8,504,2022-03-30,2024-03-26,504,167,lower,raw,24,0.1437125748502994,1.7972477289078919,0.07359470758609499,3,0.625,15,24,0.0005209177014186919,0.0025347374185587094,0.003968253968253968,0.0177466003843998,1.8708424364939868,1.7972477289078919,1.6912889833881624,0.591265011374164,0.0010423942596540976,0.13299805961969835,,2.1539885943952646,1.6801271067215544,96,1.3500300471273736,4.794365471728691,2.168192465966269,1.3731546895278575,0.0,0.2916666666666667,0.10974494964321085,10,25,16,1.7113860741783635,0.11951278006102406,point_alpha_1_2_uncertain
bonds,SU29008RMFS8,504,2022-04-28,2024-04-24,504,160,lower,raw,23,0.14375,2.6135038476627828,0.06622622473729134,3,0.6086956521739131,14,23,0.0004461348991760803,0.001681502255312877,0.003968253968253968,0.0115432090995966,2.489375763016486,2.6135038476627828,2.679730072400074,0.3731719139548857,0.0008340334176052357,0.1409106104645575,,2.9351403402998244,2.330094473592086,89,1.7614380762635378,12.014374764585309,4.389429257341424,6.3422624749399645,0.0,0.7865168539325843,0.09585473837964248,10,24,15,2.6135038476627828,0.570817450302191,point_alpha_gt_2_uncertain
bonds,SU29008RMFS8,504,2022-06-02,2024-05-24,504,159,lower,raw,17,0.1069182389937107,2.405969549456588,0.021391968625954494,3,0.7058823529411765,12,17,0.000415510118084102,0.001492924345777469,0.003968253968253968,0.0115432090995966,2.4273615180825425,2.3642761678684905,2.405969549456588,0.41563285795776583,0.0008479560027140111,0.15253831133311596,,2.4273615180825425,2.134906401148059,94,1.685848353889418,5.971849599273318,3.0267574734752585,3.017139425584066,0.0,0.6595744680851063,0.07609295594985799,10,23,14,2.186358635101502,0.18924081153347228,point_alpha_gt_2_uncertain
bonds,SU29008RMFS8,504,2022-07-04,2024-06-25,504,159,lower,raw,21,0.1320754716981132,4.061597757260238,0.021740121475987806,3,0.6190476190476191,13,21,0.00040235369130689973,0.0012933691032309736,0.003968253968253968,0.00630065939645059,3.3565204214505537,4.061597757260238,4.083337878736226,0.2448976865733911,0.0006096309048803283,0.11890968166198601,5.11845949218213,3.9373985331757946,3.2089817023472667,66,2.2525456174430065,9.095663919131185,5.585330169049018,4.711788645358721,0.0,0.9848484848484849,0.08662978092705849,10,23,14,5.467751614990908,2.591002220314775,strict_alpha_gt_2
bonds,SU29008RMFS8,504,2022-08-02,2024-07-24,504,161,lower,raw,23,0.14285714285714285,5.427084877874932,1.2036375697596569,3,0.6086956521739131,14,23,0.0003640547139889603,0.0012550521225642766,0.001984126984126984,0.00630065939645059,3.1683226757486476,5.427084877874932,6.6307224476345885,0.15081312902136856,0.0006972467032921218,0.09245969347586447,3.638546518809521,3.6339943681432643,3.259512205320731,69,2.5630347885305422,29.031784601133143,9.342949804975309,9.57254413283366,0.0,1.0,0.37057287556978874,10,24,15,7.079507775442172,11.794814504966023,strict_alpha_gt_2
bonds,SU29008RMFS8,504,2022-08-31,2024-08-22,504,165,lower,raw,24,0.14545454545454545,5.691549934711039,2.824766042392739,3,0.625,15,24,0.00036459509149011816,0.0012983320340743624,0.001984126984126984,0.00630065939645059,2.8667838923183004,5.691549934711039,9.186939735800085,0.10885017522245787,0.0008256088213587121,0.0983777302503546,2.487684896890477,3.209711524677489,3.064334791975878,64,2.8460410583487676,42.43508478359438,11.078378652126798,12.046184799400828,0.0,1.0,0.950325731842484,10,24,15,3.0670301447778385,5.095362398261565,strict_alpha_gt_2
bonds,SU29008RMFS8,504,2022-09-29,2024-09-20,504,165,lower,raw,23,0.1393939393939394,3.591551636088036,0.9097401942448156,3,0.5652173913043478,13,23,0.0003792318144970204,0.0014871572382494209,0.001984126984126984,0.00789843523857223,2.300121276685549,3.591551636088036,4.5012918303328515,0.22215844644004215,0.0010528240766676678,0.08641962865869135,3.8152594184729196,2.554012095618595,2.411794323566236,95,2.1315149090540286,22.919902034311125,5.924336855380271,9.482497063693053,0.0,0.968421052631579,0.46356483871717086,10,24,15,4.899055007433679,1.7042815840579078,strict_alpha_gt_2
bonds,SU29008RMFS8,504,2022-10-28,2024-10-21,504,163,lower,raw,22,0.13496932515337423,6.678155986162866,4.45028993286393,3,0.5454545454545454,12,22,0.00038322187589792303,0.001524868301097833,0.001984126984126984,0.00789843523857223,2.227866053298937,6.678155986162866,13.508251414038687,0.07402882648162237,0.0013048217971254475,0.12305590453691562,,2.4607828485552603,2.567734082924679,79,2.2848073914304097,13.668880968950477,6.174199136316064,7.5646776228072845,0.0,0.9873417721518988,0.9695143698040499,10,24,15,6.618928215114037,1.9479963757680672,strict_alpha_gt_2
bonds,SU29008RMFS8,504,2022-11-29,2024-11-19,504,161,lower,raw,24,0.14906832298136646,4.035592069194021,2.0518944865475226,2,0.5,12,24,0.0003999734218547874,0.0016195165947048068,0.001984126984126984,0.00789843523857223,1.9836975826464982,6.087486555741544,inf,-0.04786903496295062,0.0016862215743257236,0.138422230435673,2.9939604912736915,2.142183498103018,2.3068431657304016,82,2.090984418964104,7.784782501500251,4.928567791491005,7.508519933156957,0.0,0.9878048780487805,0.839020919797359,10,24,15,3.4715321644124195,2.792864829068713,strict_alpha_gt_2
bonds,SU29008RMFS8,504,2022-12-28,2024-12-18,504,158,lower,raw,18,0.11392405063291139,3.1552566895740872,1.0680253143512097,2,0.5,9,18,0.00042727470820386193,0.001582882895039138,0.003968253968253968,0.00789843523857223,2.0872313752228773,4.223282003925297,inf,-0.07563672130039045,0.0018242812000776381,0.1899860050424512,,2.0872313752228773,2.2088998161325577,70,1.9878602895089241,9.754069943685055,4.818630096732859,6.739231608087852,0.0,0.9285714285714286,0.7750589981758458,10,23,14,3.3429775844931213,1.9426717607707462,point_alpha_gt_2_uncertain
bonds,SU29008RMFS8,504,2023-01-27,2025-01-21,504,164,lower,raw,24,0.14634146341463414,3.3490347882243965,1.1418818065606713,3,0.5833333333333334,14,24,0.0004248815894972813,0.0015644050122263023,0.003968253968253968,0.00789843523857223,2.165419937420597,3.3490347882243965,4.490916594785068,0.2226716927144044,0.0011095778826414227,0.12034305728187988,3.5351691285307987,2.38005683150862,2.278412853053318,91,2.2038457340052373,10.604641568247313,5.146239347585024,7.3986483951970605,0.0,0.989010989010989,0.5521775753529944,10,24,15,3.5074887466966316,2.023887353140646,strict_alpha_gt_2
bonds,SU29008RMFS8,504,2023-02-28,2025-02-19,504,165,lower,raw,18,0.10909090909090909,3.3145084629612,0.9336932506466065,3,0.5,9,18,0.0004452183118051173,0.0015668632522455902,0.003968253968253968,0.00789843523857223,2.351666142765406,3.3145084629612,4.2482017136078065,0.23539371889917746,0.001156381174858441,0.1721990673465237,13.882214988939788,2.351666142765406,2.3381149195508346,73,2.1143047065342784,18.780546098623358,5.540267973591798,7.215931067494483,0.0,0.9863013698630136,0.7147411414267524,10,24,15,3.514740146352187,2.5602893592834466,strict_alpha_gt_2
bonds,SU29008RMFS8,504,2023-03-30,2025-03-20,504,165,lower,raw,18,0.10909090909090909,3.1731435855818186,0.2188192604137349,3,0.5,9,18,0.00045757292952993816,0.0015875685513143758,0.003968253968253968,0.00789843523857223,2.3912735161700462,3.1731435855818186,3.3919628459955535,0.2948145499826359,0.0010742063712283706,0.18255111782987013,14.037622740983759,2.3912735161700462,2.3381149195508346,72,1.9943750231148736,16.58349841135337,5.681145567209035,5.901540586784149,0.0,0.9444444444444444,0.4419782846613784,10,24,15,3.514740146352187,2.0028153987965913,point_alpha_gt_2_uncertain
bonds,SU29008RMFS8,504,2023-04-28,2025-04-18,504,161,lower,raw,18,0.11180124223602485,3.1731435855818186,0.2188192604137349,3,0.5,9,18,0.0004897929938990438,0.0015946160731495785,0.003968253968253968,0.00789843523857223,2.3912735161700462,3.1731435855818186,3.3919628459955535,0.2948145499826359,0.0010742063712283706,0.18255111782987013,,2.3912735161700462,2.3381149195508346,71,2.15093616228028,9.795421376478739,4.55746573952099,4.298623828000525,0.0,0.9859154929577465,0.4419782846613784,10,24,15,3.514740146352187,2.1355285276792095,strict_alpha_gt_2
bonds,SU29008RMFS8,504,2023-05-31,2025-05-21,504,153,lower,raw,18,0.11764705882352941,3.1731435855818186,0.2188192604137349,3,0.5,9,18,0.0005305999036052871,0.001617043362453354,0.003968253968253968,0.00789843523857223,2.3912735161700462,3.1731435855818186,3.3919628459955535,0.2948145499826359,0.0010742063712283706,0.18255111782987013,,2.3912735161700462,2.3381149195508346,88,2.0905918257959546,22.400425948842653,6.185361388268702,7.766295469064364,0.0,0.9659090909090909,0.4419782846613784,10,22,13,3.1731435855818186,1.730287014918816,strict_alpha_gt_2
bonds,SU29008RMFS8,504,2023-06-30,2025-06-20,504,149,lower,raw,18,0.12080536912751678,3.1731435855818186,0.2188192604137349,3,0.5,9,18,0.0005594739733059073,0.0016366519695997024,0.003968253968253968,0.00789843523857223,2.3912735161700462,3.1731435855818186,3.3919628459955535,0.2948145499826359,0.0010742063712283706,0.18255111782987013,1.9689920491905701,2.3912735161700462,2.3381149195508346,69,2.193420006833778,19.300858719310277,6.208929924964792,8.919456801494878,0.0,0.9855072463768116,0.4419782846613784,10,22,13,3.1731435855818186,1.730287014918816,strict_alpha_gt_2
bonds,SU29008RMFS8,504,2023-07-31,2025-07-21,504,150,lower,raw,18,0.12,2.481009663607245,0.17651275018292711,3,0.5,9,18,0.0005995210527144915,0.001643126391035438,0.001984126984126984,0.00789843523857223,2.481009663607245,2.657522413790172,1.3816221090098784,0.7237869121221845,0.0006559767879733814,0.19340943098028224,1.725915880429333,2.481009663607245,2.2632938335757067,79,1.9404441636289587,8.870420264551937,4.010988136882701,3.2789731541746843,0.0,0.9113924050632911,0.45410870005911275,10,22,13,3.14939257859088,2.262124887309742,point_alpha_gt_2_uncertain
bonds,SU29008RMFS8,504,2023-08-29,2025-08-19,504,142,lower,raw,15,0.1056338028169014,3.14939257859088,0.9857049915901088,2,0.4666666666666667,7,15,0.0006410850397161151,0.001638524343071784,0.001984126984126984,0.00789843523857223,2.163687587000771,4.135097570180989,inf,-0.01040960733366426,0.0016645668605508094,0.16734982856123307,,2.163687587000771,2.2587827085175576,67,1.944645194829934,10.623344440752021,4.727554866609712,6.519400209171519,0.0,0.9253731343283582,0.6751002800948669,10,21,12,3.2946195760561867,1.993551704808493,point_alpha_gt_2_uncertain
bonds,SU29008RMFS8,504,2023-09-27,2025-09-17,504,132,lower,raw,15,0.11363636363636363,3.344850843011461,1.2347448107236851,2,0.4,6,15,0.0006783398554458896,0.001627453841881741,0.001984126984126984,0.00789843523857223,2.110106032287776,4.579595653735146,inf,-0.054499110151406495,0.0017671055306708846,0.15844527561487143,,2.110106032287776,2.2557923696924376,56,2.023914864565901,15.786547496332677,6.004798052627663,9.359103551384676,0.0,0.9642857142857143,0.9332316867658065,10,19,10,3.4364210538301623,2.196857316627784,strict_alpha_gt_2
bonds,SU29008RMFS8,504,2023-10-26,2025-10-16,504,134,lower,raw,15,0.11194029850746269,5.37674024851357,3.292685267865468,2,0.4666666666666667,7,15,0.0006715646499506545,0.0016364213366386368,0.001984126984126984,0.00789843523857223,2.084054980648102,8.669425516379038,inf,-0.14549091917744356,0.0019551783753832346,0.1219142855230842,,2.084054980648102,2.3947600595691125,53,2.0512973471292546,33.95536588421267,8.432945360058891,10.959878606329273,0.0,0.9811320754716981,1.1690914290178789,10,20,11,3.561875950345758,2.89757538288696,strict_alpha_gt_2
bonds,SU29008RMFS8,504,2023-11-24,2025-11-14,504,132,lower,raw,19,0.14393939393939395,3.628178954533953,1.2475143354877063,3,0.47368421052631576,9,19,0.000688821214150407,0.0016458378766543178,0.001984126984126984,0.00789843523857223,2.3806646190462466,3.628178954533953,5.3593942037933076,0.18658825269695845,0.001189143974934145,0.15964689230754708,2.3742768283116105,2.3806646190462466,2.4275251927706973,67,2.1614111424831712,14.88629286182518,6.078434604536287,7.017234583420494,0.0,0.9850746268656716,0.8069020136120958,10,19,10,3.072875177064712,1.9350334037421804,strict_alpha_gt_2
bonds,SU29008RMFS8,504,2023-12-25,2025-12-15,504,135,lower,raw,19,0.14074074074074075,3.628178954533953,1.2475143354877063,3,0.47368421052631576,9,19,0.0006879302111848694,0.001654553032935049,0.001984126984126984,0.00789843523857223,2.3806646190462466,3.628178954533953,5.3593942037933076,0.18658825269695845,0.001189143974934145,0.15964689230754708,4.551575737195209,2.3806646190462466,2.4275251927706973,78,2.1364994543809788,25.502571997155943,6.408405229088336,8.955480794446947,0.0,1.0,0.7486867930233999,10,20,11,3.628178954533953,1.8835786763947242,strict_alpha_gt_2
bonds,SU29008RMFS8,504,2024-01-25,2026-01-19,504,137,lower,raw,19,0.1386861313868613,3.923235871976889,1.7062012425790358,2,0.47368421052631576,9,19,0.0006992001555349767,0.0017013866754009295,0.001984126984126984,0.00789843523857223,2.2170346293978533,5.629437114555925,inf,-0.03841094049927692,0.0016136946226017934,0.14535762827858315,5.453297553647948,2.2170346293978533,2.4544202328987565,60,2.426508116397714,17.32244780159551,6.468827420769614,7.4523205853678185,0.0,1.0,0.9367162763844012,10,20,11,2.4999898118264685,1.9882272486505865,strict_alpha_gt_2
bonds,SU29008RMFS8,504,2024-02-26,2026-02-17,504,141,lower,raw,21,0.14893617021276595,3.9541225467483314,1.5776502221260111,3,0.5238095238095238,11,21,0.0006980947165672115,0.0017346237895268933,0.001984126984126984,0.00789843523857223,2.3764723246223203,3.9541225467483314,7.77289442304315,0.12865220413073514,0.0012577897334850336,0.13961655717536,4.564250876937434,2.636995635053718,2.4754247339000757,74,2.224715651836813,30.44609942692222,7.610843241434739,10.867721638849538,0.0,0.9864864864864865,0.8543302499081401,10,21,12,2.5045949858370067,2.083098517746628,strict_alpha_gt_2
bonds,SU29008RMFS8,504,2024-03-27,2026-03-19,504,142,lower,raw,12,0.08450704225352113,10.787355763677803,8.07035832091809,2,0.6666666666666666,8,12,0.0006946722926041931,0.0017429847128592809,0.001984126984126984,0.00789843523857223,2.7169974427597134,18.857714084595894,inf,-0.20461007892806268,0.0018887787367951447,0.146803620806084,,2.7169974427597134,2.9768296258313476,38,2.514157953423227,24.308172084391014,7.343850523576457,6.035338037735824,0.0,1.0,1.0066463906396068,10,21,12,2.5766815342151808,3.3843813836327037,strict_alpha_gt_2
bonds,SU29008RMFS8,504,2024-04-25,2026-04-17,504,148,lower,raw,13,0.08783783783783784,31.49761231418728,28.729667406846453,2,0.6923076923076923,9,13,0.0006771404057491371,0.0017670007303800938,0.001984126984126984,0.00789843523857223,2.7679449073408238,60.22727972103373,inf,-0.18622744293398963,0.0018031773656002343,0.11844873130070144,5.991065284623473,2.7679449073408238,3.1314992368735908,40,2.9230960694665398,17.11070423466019,7.258222111616879,8.224269659025847,0.0,1.0,1.192402363410109,10,22,13,2.5729301208411752,2.392227253631959,strict_alpha_gt_2
bonds,SU29008RMFS8,504,2024-05-23,2026-05-15,504,147,lower,raw,13,0.08843537414965986,31.49761231418728,28.729667406846453,2,0.6923076923076923,9,13,0.0006757121221692683,0.0017734684135510585,0.001984126984126984,0.00789843523857223,2.7679449073408238,60.22727972103373,inf,-0.18622744293398963,0.0018031773656002343,0.11844873130070144,4.584163562210192,2.7679449073408238,3.1314992368735908,43,2.8830213787280017,36.07298975326152,9.923874422184612,11.44221342176931,0.0,1.0,1.192402363410109,10,22,13,2.5729301208411752,2.392227253631959,strict_alpha_gt_2
bonds,SU29010RMFS4,504,2018-01-03,2019-12-26,504,214,lower,raw,20,0.09345794392523364,3.0631222558805784,0.0,1,0.6,12,20,0.00023023195198622578,0.0021001885958104767,0.0,0.0081242212886562,3.0631222558805784,,inf,-0.26508272007214956,0.0018992854568395318,0.17648271663685378,,3.347714177006918,3.7008732867045193,52,3.3919278914926303,36.33430092128016,10.83406259867338,11.157918696516553,0.0,1.0,inf,10,32,23,3.546574383085127,10.272998090917273,strict_alpha_gt_2
bonds,SU29010RMFS4,504,2018-02-02,2020-01-30,504,211,lower,raw,14,0.06635071090047394,6.486352569356368,2.5403587439188757,3,0.7142857142857143,10,14,0.00024667244877302983,0.0020567971005193185,0.0,0.0081242212886562,3.9459938254374927,6.486352569356368,46.02903551482853,0.021725417202753335,0.0012702050536156956,0.2097767493346656,23.573627855207043,3.9459938254374927,3.7381886283811507,54,2.907476664001132,16.940879415004677,7.139717178971053,4.88898100018599,0.0,1.0,0.9594832551265003,10,31,22,7.137445199191195,9.541680934619865,strict_alpha_gt_2
bonds,SU29010RMFS4,504,2018-03-06,2020-03-02,504,210,lower,raw,19,0.09047619047619047,2.9624970472211327,0.0,1,0.631578947368421,12,19,0.00023981978860994284,0.0020766088664402865,0.0,0.0081242212886562,2.9624970472211327,,inf,-0.3235863153921452,0.002076590246371901,0.18044339504654272,,2.9624970472211327,3.6156091834745583,43,3.3900868927093444,51.475093260328045,14.148729214545359,16.407467951668462,0.0,1.0,inf,10,31,22,4.981906960988119,9.132635396191958,strict_alpha_gt_2
bonds,SU29010RMFS4,504,2018-04-05,2020-04-01,504,211,lower,raw,21,0.0995260663507109,1.8181797012065744,0.029099575892638674,3,0.5714285714285714,12,21,0.0001989906375539676,0.002805368763366614,0.0,0.0270960506238018,1.8181797012065744,1.9202963011820728,1.7890801253139357,0.5589464584905199,0.0019316909272385613,0.14014109581067624,,2.101767831193416,1.7211867290364877,89,1.4814401781704152,6.068843204846929,3.09507863052294,5.492869362166162,0.0,0.42696629213483145,0.11546921767726671,10,31,22,1.8214245010413643,0.058527991778637434,point_alpha_1_2_uncertain
bonds,SU29010RMFS4,504,2018-05-04,2020-04-30,504,209,lower,raw,12,0.05741626794258373,1.6162528549356936,0.05487641440913604,3,0.6666666666666666,8,12,0.00023755034675600184,0.0027714327681561124,0.0,0.0270960506238018,1.6162528549356936,1.849529574247676,1.5613764405265576,0.6404605411253423,0.00252896421987273,0.15693024855623144,10.355773628774385,1.6162528549356936,1.5179925763716662,75,1.48550182772379,4.987311156486294,2.5502447254189424,1.31207053094083,0.0,0.5333333333333333,0.16072528252813506,10,31,22,1.6996094661436785,0.06178049705078226,point_alpha_1_2_uncertain
bonds,SU29010RMFS4,504,2018-06-05,2020-06-02,504,206,lower,raw,12,0.05825242718446602,1.6162528549356936,0.05487641440913604,3,0.6666666666666666,8,12,0.0002282784354057735,0.002763308973396352,0.001984126984126984,0.0270960506238018,1.6162528549356936,1.849529574247676,1.5613764405265576,0.6404605411253423,0.00252896421987273,0.15693024855623144,10.355773628774385,1.6162528549356936,1.5179925763716662,89,1.498785073206018,9.555702533974326,3.8097040071345534,5.8194410061508535,0.0,0.5842696629213483,0.16072528252813506,10,30,21,1.694524417701501,0.06508435265920998,point_alpha_1_2_uncertain
bonds,SU29010RMFS4,504,2018-07-04,2020-07-06,504,205,lower,raw,12,0.05853658536585366,1.6162528549356936,0.05487641440913604,3,0.6666666666666666,8,12,0.00019926690002838106,0.0027643201968078454,0.001984126984126984,0.0270960506238018,1.6162528549356936,1.849529574247676,1.5613764405265576,0.6404605411253423,0.00252896421987273,0.15693024855623144,,1.6162528549356936,1.5179925763716662,83,1.4464517856502943,7.6448903575730185,2.8430637855199024,2.35772095529562,0.0,0.46987951807228917,0.16381094742947427,10,30,21,1.6911881063677097,0.10444486534576525,point_alpha_1_2_uncertain
bonds,SU29010RMFS4,504,2018-08-02,2020-08-04,504,209,lower,raw,30,0.14354066985645933,1.8336374036571497,0.09842436566417234,3,0.5333333333333333,16,30,0.00018825596104414196,0.002749715233781026,0.001984126984126984,0.0270960506238018,2.040542419687368,1.8336374036571497,1.7352130379929773,0.5762981133179148,0.0013645723663061153,0.14861635062663658,,2.317177483724043,1.7852509505403507,87,1.4708466471637653,9.941255899203748,3.2788953318054026,6.233624542283322,0.0,0.3218390804597701,0.15667757466072013,10,31,22,1.691770203118209,0.10496490613332288,point_alpha_1_2_uncertain
bonds,SU29010RMFS4,504,2018-08-31,2020-09-02,504,210,lower,raw,29,0.1380952380952381,1.7970093271250547,0.13889343178559854,3,0.5172413793103449,15,29,0.00017598064950125625,0.002689645915351098,0.001984126984126984,0.0270960506238018,2.024347281123972,1.7970093271250547,1.6581158953394561,0.6030941521100828,0.0013426905677290497,0.14403540963874695,,2.3066420132947187,1.7552239990135146,89,1.4004337128967992,7.1450487555629385,2.8319124564413785,5.533669617065058,0.0,0.2808988764044944,0.17014623794172734,10,31,22,1.685900880472529,0.08406723372142522,point_alpha_1_2_uncertain
bonds,SU29010RMFS4,504,2018-10-01,2020-10-01,504,214,lower,raw,31,0.14485981308411214,1.808053775150696,0.033019527353476574,3,0.45161290322580644,14,31,0.0001707491175722924,0.002646086971089572,0.001984126984126984,0.0270960506238018,1.9632264797954435,1.808053775150696,1.7750342477972194,0.5633694117400716,0.0013435561311896647,0.14179715607229182,,2.2196352173354095,1.7353535968509342,85,1.3650743295826637,2.902546831466754,1.9936701127014744,0.9439297414456005,0.0,0.2823529411764706,0.09751163699227082,10,32,23,1.6314412308127453,0.11279763647718077,point_alpha_1_2_uncertain
bonds,SU29010RMFS4,504,2018-10-30,2020-10-30,504,210,lower,raw,30,0.14285714285714285,1.7792103767895513,0.01030856274294445,3,0.5333333333333333,16,30,0.000220099904286244,0.0026197142590708416,0.001984126984126984,0.0270960506238018,1.7689018140466068,1.7792103767895513,1.7939519780410675,0.5574285221904127,0.0014508922995311259,0.15104357319337092,,1.986992095223751,1.64767656109476,86,1.3781725663562772,5.2429068392426625,2.401114433383022,2.171006745596411,0.0,0.3372093023255814,0.07810308405192341,10,31,22,1.6219324284815324,0.12976584650293188,point_alpha_1_2_uncertain
bonds,SU29010RMFS4,504,2018-11-29,2020-12-01,504,205,lower,raw,26,0.12682926829268293,1.734659095367235,0.01600824291922409,3,0.5,13,26,0.00023424427109658126,0.002611508415343643,0.003968253968253968,0.0270960506238018,1.750667338286459,1.734659095367235,1.6443776550380695,0.6081328075312776,0.0015121140165696915,0.12757840586093694,,1.9899947648493839,1.612939771568632,90,1.4126358394647058,5.594971234739744,2.318252939111771,1.5306450792814665,0.0,0.3333333333333333,0.07222973241060043,10,30,21,1.6904560071922141,0.09699108797610534,point_alpha_1_2_uncertain
bonds,SU29010RMFS4,504,2018-12-28,2020-12-30,504,213,lower,raw,28,0.13145539906103287,1.7673148266441197,0.0028926544133482945,3,0.5357142857142857,15,28,0.00021054270532202025,0.002592824351060964,0.003968253968253968,0.0270960506238018,1.6435748279763593,1.770207481057468,1.7673148266441197,0.5658301423854731,0.001600702509790958,0.11752171695231062,,1.8415213983484389,1.5990005131637874,94,1.382864846111857,4.398279516789455,2.330113261426325,2.584192624916041,0.0,0.3191489361702128,0.06878980109405618,10,31,22,1.712642909772041,0.16175006998454866,point_alpha_1_2_uncertain
bonds,SU29010RMFS4,504,2019-01-31,2021-02-02,504,212,lower,raw,30,0.14150943396226415,1.604271746016949,0.004654022939118763,3,0.5333333333333333,16,30,0.00024387907454115313,0.0025656539485258353,0.003968253968253968,0.0270960506238018,1.5996177230778303,1.6778787554123706,1.604271746016949,0.6233357923822932,0.001438094186959146,0.0888543472925789,,1.780624363546549,1.5436708785092512,94,1.2528820636761426,3.1749298854801733,2.0000002187419827,1.5846578827595457,0.0,0.26595744680851063,0.06878014753382077,10,31,22,1.7368491350970325,0.16349331767249597,point_alpha_1_2_uncertain
bonds,SU29010RMFS4,504,2019-03-01,2021-03-03,504,212,lower,raw,27,0.12735849056603774,1.537623011133232,0.027166384242740982,3,0.5555555555555556,15,27,0.0002563337642659909,0.002512350698852636,0.003968253968253968,0.0270960506238018,1.537623011133232,1.6007983390861409,1.510456626890491,0.6620514500033376,0.0014352434871808667,0.0789358433005915,,1.7260255470089954,1.4681140621637219,93,1.3419658364460874,6.5315966870245585,2.7643424022201124,5.363660495843492,0.0,0.2903225806451613,0.0904079637107225,10,31,22,1.5826877173146514,0.1492481884924608,point_alpha_1_2_uncertain
bonds,SU29010RMFS4,504,2019-04-02,2021-04-02,504,210,lower,raw,21,0.1,1.4793498093758695,0.02718350186366436,3,0.5714285714285714,12,21,0.0002670658179133053,0.002465683828498873,0.003968253968253968,0.0270960506238018,1.5065333112395338,1.4793498093758695,1.1274059296601657,0.8869919642000023,0.0012746364596389324,0.1269516452155811,,1.7357273376517102,1.3612552041359387,95,1.2070561697559583,4.136800979518968,1.968671889932093,1.0456302880703132,0.010526315789473684,0.23157894736842105,0.11104542188850047,10,31,22,1.465180922702679,0.047813570230377245,point_alpha_1_2_uncertain
bonds,SU29010RMFS4,504,2019-05-02,2021-05-04,504,212,lower,raw,22,0.10377358490566038,1.4749568123461063,0.010162629072545837,3,0.5909090909090909,13,22,0.00025136452786830713,0.0024656070820743385,0.003968253968253968,0.0270960506238018,1.4749568123461063,1.4851194414186522,1.252556444587414,0.7983672147640382,0.0013769149559545546,0.0901115333225897,,1.6870678432317676,1.3597878693713568,96,1.16549129074316,7.053393100260362,2.9793542934821455,5.54178460515981,0.0,0.3333333333333333,0.08582910577897873,10,31,22,1.4614618796763823,0.1320071081674623,point_alpha_1_2_uncertain
bonds,SU29010RMFS4,504,2019-06-03,2021-06-02,504,207,lower,raw,20,0.0966183574879227,1.5164740865334836,0.030380787697900535,3,0.55,11,20,0.00027600072547523657,0.002496380738421813,0.003968253968253968,0.0270960506238018,1.3540448721430742,1.5468548742313841,1.5164740865334836,0.6594243903540122,0.0018335036941576049,0.08746910990954349,,1.5444014852473251,1.3426646107651634,95,1.2459029956871,4.821741473957175,2.126411999804285,1.1379196238284868,0.0,0.35789473684210527,0.10194974471371089,10,31,22,1.460613295378698,0.14238460970592937,point_alpha_1_2_uncertain
bonds,SU29010RMFS4,504,2019-07-03,2021-07-01,504,214,lower,raw,16,0.07476635514018691,1.3409283712474194,0.05040459293598065,3,0.5625,9,16,0.00022529607527095203,0.0024561739478085845,0.003968253968253968,0.0270960506238018,1.2905237783114387,1.4657192964873589,1.3409283712474194,0.7457519890266282,0.0019444604492392008,0.11212746211057811,,1.2905237783114387,1.2547660599682569,95,1.1164411651780375,4.7044184742225985,2.3090389417966444,3.006165270456153,0.010526315789473684,0.24210526315789474,0.1243827195138652,10,32,23,1.373686307176447,0.10894920726999957,point_alpha_1_2_uncertain
bonds,SU29010RMFS4,504,2019-08-01,2021-07-30,504,218,lower,raw,18,0.08256880733944955,1.4171341412010399,0.00023681324783009217,3,0.5555555555555556,10,18,0.00021713875438612631,0.0024677981481205495,0.005952380952380952,0.0270960506238018,1.41737095444887,1.4171341412010399,1.0934444860070087,0.9145411703997475,0.0013765949630205588,0.12173845719954351,6.179066959167472,1.41737095444887,1.2793916177114946,90,1.1822858885223964,5.607446062672672,2.254632093534536,1.8569825369463673,0.0,0.28888888888888886,0.08906667203034113,10,32,23,1.3909636137452788,0.035550042563062156,point_alpha_1_2_uncertain
bonds,SU29010RMFS4,504,2019-08-30,2021-08-30,504,213,lower,raw,18,0.08450704225352113,1.4025490873321602,0.04131311361087797,3,0.5555555555555556,10,18,0.00021621919499224064,0.0024636888963269674,0.005952380952380952,0.0270960506238018,1.4025490873321602,1.4438622009430382,1.21421422641615,0.823577897741801,0.0015418810058068389,0.1410646055217766,6.936519645027156,1.4025490873321602,1.2909297040597358,94,1.1642354289315957,3.6254941653057164,2.0956202474826284,2.8661405367314017,0.0,0.11702127659574468,0.11171263259471152,10,31,22,1.3984263208336125,0.027315082084124143,point_alpha_1_2_uncertain
bonds,SU29010RMFS4,504,2019-09-30,2021-09-28,504,212,lower,raw,18,0.08490566037735849,1.4025490873321602,0.04131311361087797,3,0.5555555555555556,10,18,0.0002058249682543294,0.0024591380672941616,0.005952380952380952,0.0270960506238018,1.4025490873321602,1.4438622009430382,1.21421422641615,0.823577897741801,0.0015418810058068389,0.1410646055217766,8.206520219919819,1.4025490873321602,1.2909297040597358,93,1.1852838317849135,4.157558476633645,2.2523761060040592,4.2854635564234815,0.0,0.15053763440860216,0.11171263259471152,10,31,22,1.3984263208336125,0.027315082084124143,point_alpha_1_2_uncertain
bonds,SU29010RMFS4,504,2019-10-29,2021-10-27,504,218,lower,raw,18,0.08256880733944955,1.4025490873321602,0.04131311361087797,3,0.5555555555555556,10,18,0.00014436265634076438,0.002433602551594512,0.005952380952380952,0.0270960506238018,1.4025490873321602,1.4438622009430382,1.21421422641615,0.823577897741801,0.0015418810058068389,0.1410646055217766,3.59885542858121,1.4025490873321602,1.2909297040597358,91,1.2136941198957871,3.790564407661104,2.9310342136044585,7.317380540296113,0.0,0.27472527472527475,0.11171263259471152,10,32,23,1.3992674565976977,0.031838131281494375,point_alpha_1_2_uncertain
bonds,SU29010RMFS4,504,2019-11-28,2021-11-26,504,217,lower,raw,20,0.09216589861751152,1.4280233992973022,0.01525428022331754,3,0.6,12,20,0.00015560476447096241,0.002440083955966157,0.005952380952380952,0.0270960506238018,1.4432776795206197,1.4280233992973022,1.1755128801804866,0.8506925078068573,0.001352672211769773,0.12941531538446727,,1.6682341495671995,1.3037257048636133,99,1.2260617121902508,5.220967809562533,2.5953377582701935,5.289935093497479,0.010101010101010102,0.25252525252525254,0.0809408585313603,10,32,23,1.410767356809034,0.02875924474806535,point_alpha_1_2_uncertain
bonds,SU29010RMFS4,504,2019-12-27,2021-12-27,504,218,lower,raw,22,0.10091743119266056,1.4456269211733048,0.0296297332153872,3,0.6363636363636364,14,22,0.0001619283422264847,0.002452866835315232,0.005952380952380952,0.0270960506238018,1.4456269211733048,1.475256654388692,1.308158562962339,0.7644333250668707,0.0014244143577821218,0.11385100137426452,28.76206158098258,1.6516004328979907,1.3443707707274477,93,1.1879962787842517,4.5426709870431035,2.4788193187141103,5.4062717363337525,0.0,0.1827956989247312,0.10242572065284733,10,32,23,1.4405581446372187,0.035869699770715746,point_alpha_1_2_uncertain
bonds,SU29010RMFS4,504,2020-01-31,2022-01-26,504,221,lower,raw,19,0.08597285067873303,1.4820540193683465,0.03040371922918217,3,0.631578947368421,12,19,0.00014973598537305883,0.0024825339447112054,0.005952380952380952,0.0270960506238018,1.5124577385975286,1.4820540193683465,1.2117476638791975,0.8252543246493048,0.001429470672416857,0.11353509395745184,1.514371208197343,1.5124577385975286,1.3520564048894186,91,1.1682062513266662,7.013926333476825,2.4812369171284745,2.8173351054477775,0.01098901098901099,0.26373626373626374,0.0984081690781037,10,33,24,1.479501519424138,0.02572988594366321,point_alpha_1_2_uncertain
bonds,SU29010RMFS4,504,2020-03-03,2022-02-24,504,229,lower,raw,14,0.0611353711790393,1.0990361543030789,0.026756634674236723,3,0.5714285714285714,8,14,-0.00011449455902940166,0.0050878952507783844,0.005952380952380952,0.098822358079827,1.0722795196288422,1.1395474188804757,1.0990361543030789,0.9098881743650373,0.003340573049627445,0.10436929853517604,0.9683574148296925,1.0722795196288422,1.013283926693735,90,0.8775128678288389,3.910641256832476,1.7455808984782093,1.6735114881778903,0.16666666666666666,0.18888888888888888,0.08584405679270102,10,34,25,1.1397940880639026,0.039124437276575996,point_alpha_1_2_uncertain
bonds,SU29010RMFS4,504,2020-04-02,2022-03-29,504,225,lower,raw,27,0.12,1.3343364700203884,0.02570635638978458,3,0.5925925925925926,16,27,9.270685109099292e-06,0.00506225688174979,0.005952380952380952,0.098822358079827,1.656921398471933,1.3086301136306038,1.3343364700203884,0.7494361598201091,0.0011331538298032045,0.10112144173170956,23.116692895118366,2.0826204892991833,1.1983715997894615,86,1.016404039513494,18.222379593899735,4.051735423482173,7.057556505518414,0.046511627906976744,0.3372093023255814,0.08455703067894768,10,33,24,1.268542160031764,0.10981400925490048,point_alpha_1_2_uncertain
bonds,SU29010RMFS4,504,2020-05-04,2022-04-27,504,225,lower,raw,29,0.1288888888888889,1.3175980061337977,0.023663933192595854,3,0.5172413793103449,15,29,7.494705257764574e-05,0.00539285113443044,0.005952380952380952,0.098822358079827,1.3412619393263936,1.27128459756596,1.3175980061337977,0.7589568254844895,0.0016085694782385436,0.1085537384483379,8.649602225440837,1.5721134291420764,1.1909084531828549,97,0.9826316168883895,3.967836989165461,1.7300924007830767,1.1051103742545707,0.08247422680412371,0.18556701030927836,0.08320231545569858,10,33,24,1.2302743170445338,0.05670584828071212,point_alpha_1_2_uncertain
bonds,SU29010RMFS4,504,2020-06-03,2022-06-01,504,228,lower,raw,33,0.14473684210526316,1.3270405039043542,0.03398160656109228,3,0.45454545454545453,15,33,0.00011514581409138241,0.005590265942258025,0.003968253968253968,0.098822358079827,1.293058897343262,1.3270405039043542,1.4175437630226584,0.7054455926409489,0.0018464055721043584,0.09619261476868374,4.127478240424359,1.4725588068408813,1.2349101642543125,100,1.0214235646979795,2.8265932102019002,1.65035005906751,0.9616619440866327,0.04,0.19,0.0777991720553475,10,34,25,1.3171837659268164,0.04004137927747253,point_alpha_1_2_uncertain
bonds,SU29010RMFS4,504,2020-07-07,2022-07-01,504,224,lower,raw,31,0.13839285714285715,1.2653896231103066,0.0438949295536486,3,0.4838709677419355,15,31,0.00024510698178805155,0.0056450836516527565,0.003968253968253968,0.098822358079827,1.3092845526639552,1.2653896231103066,1.2129602624339537,0.824429316417487,0.0016257399363272232,0.14154820938015827,2.5287367180466083,1.5074960811259093,1.1889025989699997,99,0.9986179605966238,2.8767915823518266,1.6157905577472116,0.655899328303691,0.06060606060606061,0.21212121212121213,0.10905237307002895,10,33,24,1.2606088652266791,0.059692311167833356,point_alpha_1_2_uncertain
bonds,SU29010RMFS4,504,2020-08-05,2022-08-01,504,216,lower,raw,30,0.1388888888888889,1.2600440874983332,0.018554624984108425,3,0.4666666666666667,14,30,0.00027139291643920644,0.005642715263489933,0.003968253968253968,0.098822358079827,1.2785987124824416,1.2600440874983332,1.2258995114882,0.815727545878564,0.0017113390188105877,0.1373154253036537,2.82522700456641,1.4730770398580004,1.1779646872768226,99,0.9863634068630376,2.5587703896522775,1.5844246410998062,0.706749159083432,0.06060606060606061,0.21212121212121213,0.08418699650872362,10,32,23,1.2569109174038522,0.06259591460067138,point_alpha_1_2_uncertain
bonds,SU29010RMFS4,504,2020-09-03,2022-08-30,504,210,lower,raw,30,0.14285714285714285,1.2600440874983332,0.018554624984108425,3,0.4666666666666667,14,30,0.0002888624640179714,0.005640475741529881,0.003968253968253968,0.098822358079827,1.2785987124824416,1.2600440874983332,1.2258995114882,0.815727545878564,0.0017113390188105877,0.1373154253036537,2.5287367180466083,1.4730770398580004,1.1779646872768226,100,0.9910192463848939,2.915632184900734,1.6342853575215763,0.8044086394167362,0.07,0.22,0.08246418011985852,10,31,22,1.2567263983131691,0.066700454794683,point_alpha_1_2_uncertain
bonds,SU29010RMFS4,504,2020-10-02,2022-09-28,504,207,lower,raw,30,0.14492753623188406,1.2893366842504028,0.0002647757796883088,3,0.4666666666666667,14,30,0.000262160922176251,0.005679722463153784,0.003968253968253968,0.098822358079827,1.2174554097055064,1.2893366842504028,1.2896014600300911,0.7754333652636112,0.00206513881806696,0.14789615659589733,1.629379965844031,1.385931070936374,1.1791499517203075,99,0.990591137863121,2.5473031252016307,1.6007035141613863,1.298258218285596,0.06060606060606061,0.13131313131313133,0.06938720606165097,10,31,22,1.3565626260694947,0.17040476600699228,point_alpha_1_2_uncertain
bonds,SU29010RMFS4,504,2020-11-02,2022-10-27,504,202,lower,raw,29,0.14356435643564355,1.2907117151511618,0.04608464604206608,3,0.4482758620689655,13,29,0.00027663853209772255,0.00567079092220796,0.003968253968253968,0.098822358079827,1.1861972487762151,1.2907117151511618,1.3367963611932279,0.7480570930843927,0.002223730708665701,0.14280232725568137,1.629379965844031,1.3506424437379378,1.1697238223931916,100,0.9761125847810689,2.9064406393148525,1.6635734131033637,1.0210015251571318,0.1,0.19,0.11160543299087096,10,30,21,1.3671859927421166,0.15251042748509658,point_alpha_1_2_uncertain
bonds,SU29010RMFS4,504,2020-12-02,2022-11-28,504,205,lower,raw,29,0.14146341463414633,1.208357174536175,0.009636465223564095,3,0.41379310344827586,12,29,0.0002549997494501849,0.005661721996347589,0.001984126984126984,0.098822358079827,1.1987207093126109,1.2532909918271964,1.208357174536175,0.8275698784044111,0.0019732422929787012,0.141345618253559,2.003027546429396,1.3689620586114633,1.1499975650607963,100,0.9477146181773786,2.429266145018951,1.5527328956558342,0.9859043113384006,0.1,0.15,0.07336444027816862,10,30,21,1.3518327778528683,0.1851700701867014,point_alpha_1_2_uncertain
bonds,SU29010RMFS4,504,2021-01-04,2022-12-27,504,201,lower,raw,29,0.14427860696517414,1.2485514451906836,0.0010734152663387508,3,0.41379310344827586,12,29,0.000235400681237698,0.005669842625168623,0.001984126984126984,0.098822358079827,1.2474780299243449,1.2929632971012008,1.2485514451906836,0.800928150659644,0.0020343594787099522,0.13054333177022415,1.7326092068955847,1.4297239378797928,1.1862131806948377,97,1.0313094544222332,2.679297117465249,1.7459307378130229,1.2280200931239504,0.030927835051546393,0.17525773195876287,0.06871741339509972,10,30,21,1.383397940574542,0.15625882125739254,point_alpha_1_2_uncertain
bonds,SU29010RMFS4,504,2021-02-03,2023-01-26,504,200,lower,raw,29,0.145,1.2485514451906836,0.0010734152663387508,3,0.41379310344827586,12,29,0.00021351726691962248,0.00566370300006842,0.001984126984126984,0.098822358079827,1.2474780299243449,1.2929632971012008,1.2485514451906836,0.800928150659644,0.0020343594787099522,0.13054333177022415,1.9415172119158648,1.4297239378797928,1.1862131806948377,100,1.0327532348305084,3.0469188252079276,1.7275122951986948,0.7207953004559825,0.01,0.24,0.06871741339509972,10,30,21,1.383397940574542,0.15625882125739254,point_alpha_1_2_uncertain
bonds,SU29010RMFS4,504,2021-03-04,2023-02-27,504,197,lower,raw,28,0.14213197969543148,1.3058137377191297,0.03310069883096145,3,0.42857142857142855,12,28,0.000249765764899563,0.005675721009869719,0.001984126984126984,0.098822358079827,1.2189252239820658,1.3058137377191297,1.3389144365500911,0.7468737155278169,0.002258696817387775,0.13201340750645124,2.466755633586527,1.3976698936157457,1.1847114352262569,99,0.9864174570882761,3.1057846887962577,1.5958979921120107,0.7836616347568339,0.08080808080808081,0.20202020202020202,0.10484986390459981,10,29,20,1.3843962743214562,0.16192508246427173,point_alpha_1_2_uncertain
bonds,SU29010RMFS4,504,2021-04-05,2023-03-29,504,195,lower,raw,28,0.14358974358974358,1.3058137377191297,0.03310069883096145,3,0.42857142857142855,12,28,0.0002709011171745398,0.005675634180212241,0.001984126984126984,0.098822358079827,1.2189252239820658,1.3058137377191297,1.3389144365500911,0.7468737155278169,0.002258696817387775,0.13201340750645124,2.0023105079964427,1.3976698936157457,1.1847114352262569,98,0.9937211486679561,3.1286156123534474,1.8021594088545656,1.787841591645499,0.061224489795918366,0.20408163265306123,0.10484986390459981,10,29,20,1.3843962743214562,0.16192508246427173,point_alpha_1_2_uncertain
bonds,SU29010RMFS4,504,2021-05-05,2023-04-27,504,192,lower,raw,27,0.140625,1.3165410264777113,0.10942729344526314,3,0.4074074074074074,11,27,0.00029415753661861475,0.0056708949181876476,0.001984126984126984,0.098822358079827,1.1815126956119113,1.3165410264777113,1.4259683199229745,0.7012778517085263,0.002496645067051079,0.12647575077092194,1.8693033876190441,1.354246320689966,1.178261878948909,99,1.0194913401314811,3.804415686050627,2.7016788032931585,6.971244534312238,0.030303030303030304,0.26262626262626265,0.17382060086772166,10,28,19,1.3853946080683703,0.1430203369406955,point_alpha_1_2_uncertain
bonds,SU29010RMFS4,504,2021-06-03,2023-05-30,504,194,lower,raw,28,0.14432989690721648,1.2989739381731893,0.023994709370746437,3,0.39285714285714285,11,28,0.0002781512129430999,0.0056496790084946385,0.001984126984126984,0.098822358079827,1.2111567457979608,1.2989739381731893,1.3229686475439357,0.755875811461201,0.002243563174865502,0.12951121231934237,1.983575725474649,1.3877686170578891,1.1786574109658363,99,1.0404766113324357,3.3278131524347754,2.1492143240769805,4.984857699021554,0.050505050505050504,0.21212121212121213,0.09069181183681525,10,29,20,1.3843962743214562,0.14325377207605583,point_alpha_1_2_uncertain
bonds,SU29010RMFS4,504,2021-07-02,2023-06-29,504,187,lower,raw,27,0.1443850267379679,1.3165410264777113,0.10942729344526314,3,0.4074074074074074,11,27,0.00030289997142377527,0.005646615606207035,0.001984126984126984,0.098822358079827,1.1815126956119113,1.3165410264777113,1.4259683199229745,0.7012778517085263,0.002496645067051079,0.12647575077092194,1.5297260903611296,1.354246320689966,1.178261878948909,98,0.9724914397094622,3.611659356868895,2.2177243046832498,5.166599846204001,0.08163265306122448,0.20408163265306123,0.17382060086772166,10,28,19,1.3853946080683703,0.1430203369406955,point_alpha_1_2_uncertain
bonds,SU29010RMFS4,504,2021-08-02,2023-07-28,504,188,lower,raw,27,0.14361702127659576,1.3114955812847042,0.09437960125085709,3,0.4074074074074074,11,27,0.00029097914702805284,0.005649552080715049,0.0,0.098822358079827,1.1837804335385897,1.3114955812847042,1.4058751825355613,0.7113006989684912,0.002464530220863996,0.12769652352142485,2.68150876214652,1.357341319339736,1.1758865121601014,99,0.9930346377712737,3.0289138615270854,1.6644205134430106,1.1382163634894387,0.0707070707070707,0.15151515151515152,0.16042023865138783,10,28,19,1.3853946080683703,0.14288607119458407,point_alpha_1_2_uncertain
bonds,SU29010RMFS4,504,2021-08-31,2023-08-28,504,191,lower,raw,12,0.06282722513089005,1.4633376317887372,0.0550256865815093,3,0.5833333333333334,7,12,0.0002773664838421779,0.005662437023162144,0.0,0.098822358079827,1.5183633183702465,1.3924887580273444,1.4633376317887372,0.6833692910484588,0.0039285047930636054,0.21953876859243718,0.7273665607736575,1.5183633183702465,1.1968210013733047,72,0.980480134280446,6.759796244872504,2.2189212967230323,3.3396356755010266,0.06944444444444445,0.1527777777777778,0.1720371468212893,10,28,19,1.4520176443246449,0.17573208044256683,point_alpha_1_2_uncertain
bonds,SU29010RMFS4,504,2021-09-29,2023-09-26,504,196,lower,raw,12,0.061224489795918366,1.4633376317887372,0.0550256865815093,3,0.5833333333333334,7,12,0.000260602885178068,0.005667835486227122,0.0,0.098822358079827,1.5183633183702465,1.3924887580273444,1.4633376317887372,0.6833692910484588,0.0039285047930636054,0.21953876859243718,0.6762112070393325,1.5183633183702465,1.1968210013733047,78,1.0272538300749192,3.8773595574657214,2.0219238131636383,3.6645433500012716,0.02564102564102564,0.14102564102564102,0.1720371468212893,10,29,20,1.4513664651927245,0.16918757113245375,point_alpha_1_2_uncertain
bonds,SU29010RMFS4,504,2021-10-28,2023-10-25,504,192,lower,raw,12,0.0625,1.4633376317887372,0.0550256865815093,3,0.5833333333333334,7,12,0.0002739520853463622,0.005669831681687669,0.001984126984126984,0.098822358079827,1.5183633183702465,1.3924887580273444,1.4633376317887372,0.6833692910484588,0.0039285047930636054,0.21953876859243718,0.6586852650478386,1.5183633183702465,1.1968210013733047,77,0.9859331814478679,3.8620481793962886,1.6468064531532425,0.9626430449630136,0.06493506493506493,0.15584415584415584,0.1720371468212893,10,28,19,1.4520176443246449,0.17573208044256683,point_alpha_1_2_uncertain
bonds,SU29010RMFS4,504,2021-11-29,2023-11-23,504,190,lower,raw,12,0.06315789473684211,1.4633376317887372,0.0550256865815093,3,0.5833333333333334,7,12,0.0002843103725224383,0.0056686712556110195,0.001984126984126984,0.098822358079827,1.5183633183702465,1.3924887580273444,1.4633376317887372,0.6833692910484588,0.0039285047930636054,0.21953876859243718,0.6594960736572278,1.5183633183702465,1.1968210013733047,73,0.9630519619569905,5.68697169788429,2.6178778955834807,4.746948773531294,0.0684931506849315,0.1917808219178082,0.1720371468212893,10,28,19,1.4520176443246449,0.17573208044256683,point_alpha_1_2_uncertain
bonds,SU29010RMFS4,504,2021-12-28,2023-12-22,504,185,lower,raw,12,0.06486486486486487,1.4633376317887372,0.0550256865815093,3,0.5833333333333334,7,12,0.00030873092135598267,0.005671312186841372,0.001984126984126984,0.098822358079827,1.5183633183702465,1.3924887580273444,1.4633376317887372,0.6833692910484588,0.0039285047930636054,0.21953876859243718,0.6762112070393325,1.5183633183702465,1.1968210013733047,77,0.9994655615938599,5.195845244657434,2.600847966618697,5.697337350827402,0.05194805194805195,0.23376623376623376,0.1720371468212893,10,27,18,1.4396911711856895,0.18673199552722708,point_alpha_1_2_uncertain
bonds,SU29010RMFS4,504,2022-01-27,2024-01-24,504,179,lower,raw,12,0.0670391061452514,1.4633376317887372,0.0550256865815093,3,0.5833333333333334,7,12,0.000328632165101693,0.005664466635737033,0.001984126984126984,0.098822358079827,1.5183633183702465,1.3924887580273444,1.4633376317887372,0.6833692910484588,0.0039285047930636054,0.21953876859243718,0.6762112070393325,1.5183633183702465,1.1968210013733047,78,0.9872804027175354,3.5283662914060927,1.6559264837655776,1.0753058202027574,0.07692307692307693,0.15384615384615385,0.1720371468212893,10,26,17,1.4581811897799992,0.17700533049414724,point_alpha_1_2_uncertain
bonds,SU29010RMFS4,504,2022-02-25,2024-02-22,504,173,lower,raw,25,0.14450867052023122,2.0370149825000086,0.6794798181029598,3,0.44,11,25,0.0005990808641743046,0.00347116849342809,0.001984126984126984,0.0193503629824554,1.3575351643970488,2.0370149825000086,3.1557700761888805,0.3168798663582193,0.002644251264103288,0.1565952605491126,2.840997752368301,1.469746741796335,1.4758138997586252,96,1.4341212932653578,7.371722721363875,3.0168193445224745,5.379331416085175,0.0,0.46875,0.5590670087552392,10,25,16,2.2211485742618997,1.1619374019919135,point_alpha_gt_2_uncertain
bonds,SU29010RMFS4,504,2022-03-30,2024-03-26,504,172,lower,raw,24,0.13953488372093023,1.4258140245670872,0.22896402261753712,3,0.4583333333333333,11,24,0.0005341498762148919,0.0029521216398247802,0.001984126984126984,0.0193503629824554,1.4258140245670872,1.6547780471846243,1.1665640784761127,0.8572182346865198,0.0014257793468667207,0.16534965260434153,3.4023786657939676,1.5607073088866645,1.3751250459109403,96,1.3737926007601238,2.7000802605308527,2.0131678167706935,1.9610139722489652,0.0,0.23958333333333334,0.3152880199039056,10,25,16,1.8358747466591598,0.7512195885932345,point_alpha_1_2_uncertain
bonds,SU29010RMFS4,504,2022-04-28,2024-04-24,504,169,lower,raw,20,0.11834319526627218,1.5953520110603838,0.03274173794186197,3,0.5,10,20,0.00043931886501205635,0.0022321560445177527,0.001984126984126984,0.0128664711204626,1.5953520110603838,1.8929033823857557,1.5626102731185219,0.6399548353181417,0.0014001087781828339,0.13225610224611842,2.4406778935402924,1.759485166537116,1.5268961804957673,94,1.4531206212534795,3.325731826999462,1.999511372729283,0.6787641847801258,0.0,0.30851063829787234,0.11055189480945236,10,25,16,1.8432491389363497,0.7711449537959594,point_alpha_1_2_uncertain
bonds,SU29010RMFS4,504,2022-06-02,2024-05-24,504,167,lower,raw,22,0.1317365269461078,1.8250523325570114,0.11903819955899642,3,0.5909090909090909,13,22,0.00040792262393270456,0.0016788337792082236,0.001984126984126984,0.0111598121476105,1.9440905321160078,1.8250523325570114,1.4008600381438194,0.7138471887063245,0.0007910344458247145,0.08218076842863159,1.5994322321918937,2.200900301513141,1.7013508286664802,97,1.3913279236320728,4.374761275894216,2.392005365487472,3.1312538310223057,0.0,0.3711340206185567,0.1463354451445573,10,25,16,1.8453476201824746,0.05559050974117841,point_alpha_1_2_uncertain
bonds,SU29010RMFS4,504,2022-07-04,2024-06-25,504,167,lower,raw,20,0.11976047904191617,1.7668211550969106,0.09457773381834045,3,0.6,12,20,0.00032883183434989735,0.001485737872436799,0.001984126984126984,0.0111598121476105,1.861398888915251,1.7668211550969106,1.2404935238650763,0.8061307703439218,0.0007679669941435317,0.0876143149597697,2.21563892646959,2.1182161488046574,1.6253857586417972,97,1.3789483327562795,4.42355043845513,2.1617704858194005,1.163577713666851,0.0,0.35051546391752575,0.13981996835743998,10,25,16,1.784795356323043,0.32527208142824593,point_alpha_1_2_uncertain
bonds,SU29010RMFS4,504,2022-08-02,2024-07-24,504,167,lower,raw,17,0.10179640718562874,1.7615462653475982,0.07588641555278652,3,0.6470588235294118,11,17,0.00033571152613739297,0.0014977407743136017,0.001984126984126984,0.0111598121476105,1.6856598497948116,1.9454757230353619,1.7615462653475982,0.5676830746211905,0.0011934188680217555,0.10057576902912868,,1.6856598497948116,1.6052042921032037,95,1.4156766126122322,4.429224233364303,2.2881127837772164,1.0281651342122085,0.0,0.4842105263157895,0.15475542501962244,10,25,16,1.762898959401162,0.33537412913508424,point_alpha_1_2_uncertain
bonds,SU29010RMFS4,504,2022-08-31,2024-08-22,504,165,lower,raw,23,0.1393939393939394,1.849010389693416,0.04491389010215174,3,0.6521739130434783,15,23,0.0003469841937808129,0.0015510874591396807,0.001984126984126984,0.0111598121476105,1.849010389693416,1.8939242797955678,1.3979366999784828,0.7153399721284892,0.0008557267535074266,0.10971278591058622,1.85258259441243,2.062959487748605,1.7073815471906264,97,1.4785328305192216,5.406560709376668,2.676486351718212,2.176650346666018,0.0,0.5670103092783505,0.11415111923352195,10,24,15,2.530770247408893,0.9532654389988995,point_alpha_1_2_uncertain
bonds,SU29010RMFS4,504,2022-09-29,2024-09-20,504,167,lower,raw,24,0.1437125748502994,3.457670757140001,1.116331754039336,3,0.5833333333333334,14,24,0.0003695523170073119,0.0014663205994584355,0.003968253968253968,0.00862733421883656,2.215593127613001,3.457670757140001,4.574002511179337,0.21862690227123754,0.001073212949842662,0.11325194823955409,2.981271217615213,2.467626128257206,2.346210792798593,83,1.9476112342512435,11.443827575899745,4.757133140031355,4.92544835652914,0.0,0.927710843373494,0.5830497452271021,10,25,16,4.210493471036191,2.689426063438642,point_alpha_gt_2_uncertain
bonds,SU29010RMFS4,504,2022-10-28,2024-10-21,504,170,lower,raw,18,0.10588235294117647,5.433659597414425,3.1527120691202617,2,0.6111111111111112,11,18,0.00037033900381517937,0.0015643830614591927,0.003968253968253968,0.00862733421883656,2.280947528294163,8.586371666534687,inf,-0.013559360708683146,0.0015542825666081173,0.1597123489377567,,2.280947528294163,2.584063307050598,40,2.2586467774289583,8.239258552746573,4.053056798602919,1.9970337010134365,0.0,1.0,1.1314029757443542,10,25,16,5.35169729581883,4.827400408119756,strict_alpha_gt_2
bonds,SU29010RMFS4,504,2022-11-29,2024-11-19,504,173,lower,raw,25,0.14450867052023122,4.095223290240488,2.1094644397950164,3,0.48,12,25,0.00035376669323762414,0.0017837373617761545,0.003968253968253968,0.00862733421883656,1.9857588504454722,4.095223290240488,21.134466448624355,0.04731607502043611,0.0017774952401700488,0.15781845289943852,2.4602745094239937,2.1296768058122066,2.1780539311505223,68,2.2547918451285325,10.31586994431704,4.732086625508927,4.409569144105101,0.0,0.9705882352941176,0.9328979223728062,10,25,16,3.8365718143470278,6.360806374661195,strict_alpha_gt_2
bonds,SU29010RMFS4,504,2022-12-28,2024-12-18,504,166,lower,raw,23,0.13855421686746988,3.1504584648643745,1.1097919376065954,3,0.4782608695652174,11,23,0.00041027776062669635,0.0017528581750010954,0.003968253968253968,0.00862733421883656,2.040666527257779,3.1504584648643745,4.386493789917074,0.22797251013979092,0.0014084589238829732,0.16096771863156842,3.0839553727634716,2.2177342262680697,2.1049961179347076,89,1.926016917543587,8.006603334431253,3.732282636610647,2.324867835174781,0.0,0.8876404494382022,0.5340614135157961,10,24,15,3.1504584648643745,2.241584319220138,point_alpha_gt_2_uncertain
bonds,SU29010RMFS4,504,2023-01-27,2025-01-21,504,166,lower,raw,18,0.10843373493975904,3.343331047067472,1.646874211455675,3,0.6111111111111112,11,18,0.000426999224179295,0.0021857402770991013,0.003968253968253968,0.0175095869891867,1.6964568356117973,3.343331047067472,5.025266844421563,0.19899440785121247,0.002343558874856145,0.14229142596107103,,1.6964568356117973,1.9012511160579022,82,1.7740057402242586,12.454470244233688,5.061465557587724,7.198921785847609,0.0,0.8658536585365854,1.3904003300913894,10,24,15,3.343331047067472,1.5658605590258854,point_alpha_gt_2_uncertain
bonds,SU29010RMFS4,504,2023-02-28,2025-02-19,504,162,lower,raw,18,0.1111111111111111,3.343331047067472,1.646874211455675,3,0.6111111111111112,11,18,0.00045385224901015465,0.0021822915677108005,0.003968253968253968,0.0175095869891867,1.6964568356117973,3.343331047067472,5.025266844421563,0.19899440785121247,0.002343558874856145,0.14229142596107103,,1.6964568356117973,1.9012511160579022,79,1.576502709724063,20.87104266231554,5.787891209903684,7.9850326838776295,0.0,0.7974683544303798,1.3904003300913894,10,24,15,3.343331047067472,1.5658605590258854,point_alpha_gt_2_uncertain
bonds,SU29010RMFS4,504,2023-03-30,2025-03-20,504,158,lower,raw,12,0.0759493670886076,2.758388644090246,0.1400597880877137,3,0.75,9,12,0.0004839377113152527,0.0022050121386659304,0.003968253968253968,0.0175095869891867,2.138516820802275,2.758388644090246,2.8984484321779598,0.3450121757897129,0.0020557442250875384,0.23581645796059236,1.488930356294958,2.138516820802275,2.0029888502220996,63,1.7512802294165655,8.324837677464771,3.57558295732861,2.0634933385945047,0.0,0.7777777777777778,0.305593388942432,10,23,14,3.4837745016637727,1.6141649210323372,point_alpha_gt_2_uncertain
bonds,SU29010RMFS4,504,2023-04-28,2025-04-18,504,158,lower,raw,12,0.0759493670886076,2.758388644090246,0.1400597880877137,3,0.75,9,12,0.0004892707624741651,0.00222918599336375,0.003968253968253968,0.0175095869891867,2.138516820802275,2.758388644090246,2.8984484321779598,0.3450121757897129,0.0020557442250875384,0.23581645796059236,0.9622482456134552,2.138516820802275,2.0029888502220996,75,1.8948558986204684,13.455375818268337,4.547580744177742,6.34587112602069,0.0,0.8666666666666667,0.305593388942432,10,23,14,3.3212460044707544,0.8934601524009955,point_alpha_gt_2_uncertain
bonds,SU29010RMFS4,504,2023-05-31,2025-05-21,504,155,lower,raw,12,0.07741935483870968,2.758388644090246,0.1400597880877137,3,0.75,9,12,0.0005096239529722658,0.0022433239982203967,0.003968253968253968,0.0175095869891867,2.138516820802275,2.758388644090246,2.8984484321779598,0.3450121757897129,0.0020557442250875384,0.23581645796059236,0.9551302117669072,2.138516820802275,2.0029888502220996,76,1.8346198424885272,17.960816127690475,4.566638235589757,6.806411177571622,0.0,0.8289473684210527,0.305593388942432,10,23,14,3.3212460044707544,0.8934601524009955,point_alpha_gt_2_uncertain
bonds,SU29010RMFS4,504,2023-06-30,2025-06-20,504,156,lower,raw,15,0.09615384615384616,5.782723785800396,3.574846488443564,3,0.6666666666666666,10,15,0.0005520329311777332,0.002286613661743563,0.003968253968253968,0.0175095869891867,1.662467176619829,5.782723785800396,9.35757027424396,0.10686534759481617,0.0028428947718069815,0.16974647772548207,,1.662467176619829,1.984152855783433,74,1.8413058028173765,17.909760233479126,5.117135118530851,6.918617464275304,0.0,0.8243243243243243,1.1915423492200237,10,23,14,3.0388630024992356,0.8123940487586836,point_alpha_gt_2_uncertain
bonds,SU29010RMFS4,504,2023-07-31,2025-07-21,504,146,lower,raw,12,0.0821917808219178,2.758388644090246,0.1400597880877137,3,0.75,9,12,0.0006254888099235053,0.002280929320425306,0.003968253968253968,0.0175095869891867,2.138516820802275,2.758388644090246,2.8984484321779598,0.3450121757897129,0.0020557442250875384,0.23581645796059236,1.2967493867389035,2.138516820802275,2.0029888502220996,73,1.8109916511571196,9.381122328996474,4.272530411179338,5.975434595121324,0.0,0.863013698630137,0.305593388942432,10,21,12,3.338979476757544,1.4973796081440325,point_alpha_gt_2_uncertain
bonds,SU29010RMFS4,504,2023-08-29,2025-08-19,504,141,lower,raw,10,0.07092198581560284,2.3146283219347876,0.0756993276576261,3,0.7,7,10,0.0006726596414617847,0.002265495634572509,0.003968253968253968,0.0175095869891867,2.3146283219347876,2.3903276495924137,1.7900831942842292,0.558633254137584,0.001561137071851819,0.249469484205171,2.125301695298856,2.3146283219347876,1.9599202600479235,81,1.7300168761787909,40.17957637931773,7.058192909661506,11.532798928583393,0.0,0.8518518518518519,0.15739558112033786,10,21,12,2.945431420990259,2.067072154141756,point_alpha_gt_2_uncertain
bonds,SU29010RMFS4,504,2023-09-27,2025-09-17,504,133,lower,raw,11,0.08270676691729323,2.320650689607774,0.057348504492620744,3,0.7272727272727273,8,11,0.0007080447694208702,0.002246436601898178,0.003968253968253968,0.0175095869891867,2.377999194100395,2.320650689607774,1.7010044584340505,0.587887935885014,0.0014157821480670295,0.22909657419554996,1.2447935158237653,2.377999194100395,1.9930956048138544,78,1.786742490706284,13.543714505617753,5.397254744418164,8.604676599285348,0.0,0.717948717948718,0.14471960578057982,10,19,10,2.714860432619121,0.9914888988046604,point_alpha_gt_2_uncertain
bonds,SU29010RMFS4,504,2023-10-26,2025-10-16,504,132,lower,raw,11,0.08333333333333333,2.359745184441679,0.008486086905451717,3,0.7272727272727273,8,11,0.0007223600113696239,0.0022767800643793425,0.001984126984126984,0.0175095869891867,2.359745184441679,2.615328560781181,2.3512590975362273,0.42530404286275914,0.0017391462294504125,0.20262054805722685,0.9339678076758321,2.359745184441679,2.0895468684164182,68,1.873482945169177,43.4267009066809,7.587640064682875,12.792074911617263,0.0,0.8529411764705882,0.11203425870991136,10,19,10,2.775871759744088,1.5674927187364283,point_alpha_gt_2_uncertain
bonds,SU29010RMFS4,504,2023-11-24,2025-11-14,504,133,lower,raw,13,0.09774436090225563,2.6386158268176367,0.035510135240638174,3,0.7692307692307693,10,13,0.0007091701323609223,0.0023628423015727663,0.001984126984126984,0.0175095869891867,2.1417256802164384,2.674125962058275,2.6386158268176367,0.3789865844949748,0.0020356952212035933,0.1982972826409285,1.2379294324072232,2.1417256802164384,2.043097441405126,85,1.79416750203438,7.556977848890613,3.7389642129182716,5.4765000425577295,0.0,0.8117647058823529,0.15016722904245236,10,19,10,2.779497271305403,1.0664299927999945,point_alpha_gt_2_uncertain
bonds,SU29010RMFS4,504,2023-12-25,2025-12-15,504,129,lower,raw,13,0.10077519379844961,2.6386158268176367,0.035510135240638174,3,0.7692307692307693,10,13,0.0007279952038832004,0.00234662952395707,0.001984126984126984,0.0175095869891867,2.1417256802164384,2.674125962058275,2.6386158268176367,0.3789865844949748,0.0020356952212035933,0.1982972826409285,1.2170493339411688,2.1417256802164384,2.043097441405126,69,1.7473689611269831,6.6259287073376205,3.1940913287396437,1.5153948345112884,0.0,0.8840579710144928,0.15016722904245236,10,19,10,2.779497271305403,1.1963632470125072,point_alpha_gt_2_uncertain
bonds,SU29010RMFS4,504,2024-01-25,2026-01-19,504,134,lower,raw,16,0.11940298507462686,3.7315159655845487,1.2103529497277958,3,0.8125,13,16,0.0007030492532647124,0.00237548241575826,0.001984126984126984,0.0175095869891867,2.0435619092767823,3.7315159655845487,4.9418689153123445,0.2023525951693108,0.002377188024494669,0.1585515742411311,1.6541630478493483,2.0435619092767823,2.205832433865503,80,1.8140994445465681,24.071438409297492,6.497174957446215,9.256221790522604,0.0,0.9125,0.6520632773297924,10,20,11,3.7315159655845487,3.2511217424221126,point_alpha_gt_2_uncertain
bonds,SU29010RMFS4,504,2024-02-26,2026-02-17,504,135,lower,raw,14,0.1037037037037037,2.9725806624471103,0.24353292819449468,3,0.7857142857142857,11,14,0.0006988314246284757,0.0023883051021605364,0.001984126984126984,0.0175095869891867,2.241560355483754,2.9725806624471103,3.216113590641605,0.31093429128555844,0.002092109027406198,0.17441115621446518,1.1349930733322022,2.241560355483754,2.1955072934911253,76,1.8304769104140128,8.025320290559975,4.228926149064158,6.0357878586716165,0.0,0.868421052631579,0.326629836188595,10,20,11,3.7315159655845487,2.699701728465328,point_alpha_gt_2_uncertain
bonds,SU29010RMFS4,504,2024-03-27,2026-03-19,504,135,lower,raw,14,0.1037037037037037,2.9725806624471103,0.24353292819449468,3,0.7857142857142857,11,14,0.0007085896095546457,0.0023947750528574424,0.001984126984126984,0.0175095869891867,2.241560355483754,2.9725806624471103,3.216113590641605,0.31093429128555844,0.002092109027406198,0.17441115621446518,1.0747762658812767,2.241560355483754,2.1955072934911253,79,1.812339934905977,15.05388076302958,4.452309625349102,5.07649274822368,0.0,0.8607594936708861,0.326629836188595,10,20,11,3.7315159655845487,2.699701728465328,point_alpha_gt_2_uncertain
bonds,SU29010RMFS4,504,2024-04-25,2026-04-17,504,137,lower,raw,14,0.10218978102189781,2.9725806624471103,0.24353292819449468,3,0.7857142857142857,11,14,0.0006986826194765547,0.0024029146371240743,0.001984126984126984,0.0175095869891867,2.241560355483754,2.9725806624471103,3.216113590641605,0.31093429128555844,0.002092109027406198,0.17441115621446518,1.0819989383880866,2.241560355483754,2.1955072934911253,83,1.9396586895071635,16.061678865596114,4.904956553324701,5.329214855803503,0.0,0.891566265060241,0.326629836188595,10,20,11,3.7315159655845487,1.3832356730951583,point_alpha_gt_2_uncertain
bonds,SU29010RMFS4,504,2024-05-23,2026-05-15,504,136,lower,raw,14,0.10294117647058823,2.9725806624471103,0.24353292819449468,3,0.7857142857142857,11,14,0.000723462571400187,0.0024094599870609834,0.001984126984126984,0.0175095869891867,2.241560355483754,2.9725806624471103,3.216113590641605,0.31093429128555844,0.002092109027406198,0.17441115621446518,1.0819989383880866,2.241560355483754,2.1955072934911253,78,1.9413744344653199,14.584708242927439,5.800979652075865,11.815025827561639,0.0,0.8974358974358975,0.326629836188595,10,20,11,3.7315159655845487,1.3832356730951583,point_alpha_gt_2_uncertain
bonds,SU29009RMFS6,504,2018-01-03,2019-12-26,504,200,lower,raw,16,0.08,3.104331715049702,0.08488709047581677,3,0.75,12,16,0.0002355482581069327,0.002623441976837787,0.001984126984126984,0.0174387726725088,2.6308579011150046,3.1892188055255186,3.104331715049702,0.322130523343247,0.0019135420131565503,0.10479569384506848,1.5535869123063875,2.6308579011150046,2.5318632903789364,78,2.2482250424159727,11.598023415197895,5.461459465810618,7.447458938124453,0.0,0.9743589743589743,0.23033114497076393,10,30,21,4.063432430592804,1.2368876449291912,strict_alpha_gt_2
bonds,SU29009RMFS6,504,2018-02-02,2020-01-30,504,197,lower,raw,19,0.09644670050761421,7.1893135608528,5.162318900373647,3,0.5789473684210527,11,19,0.0002475521943955855,0.0025755360418596358,0.001984126984126984,0.0174387726725088,2.0269946604791533,7.1893135608528,12.680015316549161,0.07886425804981975,0.0027960186830238345,0.10034058848033339,1.9287867796289577,2.0269946604791533,2.4242719937887713,75,2.174165359413889,12.74151143470622,5.839904451330367,7.235655606544856,0.0,0.9866666666666667,1.1807867914210524,10,29,20,4.406582784903568,1.5372338002678427,strict_alpha_gt_2
bonds,SU29009RMFS6,504,2018-03-06,2020-03-02,504,194,lower,raw,15,0.07731958762886598,3.489449966099672,0.34069120862875213,3,0.8,12,15,0.0002381371238102544,0.002580046417286391,0.001984126984126984,0.0174387726725088,2.5550052810654202,3.489449966099672,3.830141174728424,0.2610869820146786,0.002139650937548447,0.10264222415746194,1.1068393279052198,2.5550052810654202,2.52603792960391,67,2.3630604924795273,10.147367625474988,5.7902503072394955,7.218219630077498,0.0,1.0,0.2977898579959447,10,29,20,4.624223417884244,2.0223515414777595,strict_alpha_gt_2
bonds,SU29009RMFS6,504,2018-04-05,2020-04-01,504,197,lower,raw,28,0.14213197969543148,2.1488323673950975,0.07838182140497274,3,0.6071428571428571,17,28,0.0001893048801340663,0.003022321564945107,0.001984126984126984,0.0213861154124805,1.8356666801467225,2.2272141888000703,2.1488323673950975,0.46536901396931246,0.002188546860705184,0.09534561296594624,7.208751337702669,1.9995827578072545,1.8460236234164684,95,1.7125395043506149,8.193815839405202,3.6531385678441457,4.254085094119873,0.0,0.7789473684210526,0.144508853777765,10,29,20,2.80726212786894,0.756267435101349,point_alpha_gt_2_uncertain
bonds,SU29009RMFS6,504,2018-05-04,2020-04-30,504,193,lower,raw,23,0.11917098445595854,3.5703680468742496,1.9683359236391853,3,0.5652173913043478,13,23,0.0002248371088540709,0.003013707062994747,0.0,0.0213861154124805,1.6020321232350643,3.5703680468742496,6.677108640040101,0.14976542301609072,0.0036981095846390843,0.1075055924627184,2.286267220489365,1.7404416336468949,1.8891204621959836,92,1.6986118438431446,10.246948967388098,4.28933011510352,5.761952726722756,0.0,0.8260869565217391,0.8407854006315205,10,28,19,2.8771352464013966,0.8187859980966827,point_alpha_gt_2_uncertain
bonds,SU29009RMFS6,504,2018-06-05,2020-06-02,504,193,lower,raw,26,0.13471502590673576,2.685693118687132,1.0109108317665905,3,0.5769230769230769,15,26,0.0002022541043050437,0.0029996490569033354,0.0,0.0213861154124805,1.6747822869205413,2.685693118687132,3.776395315430717,0.2648027858508094,0.0030371973681611363,0.08808209557393293,,1.8150257839323203,1.843530644479666,87,1.6443231971440264,9.882359888309326,3.9984753209883523,5.609954183262584,0.0,0.8390804597701149,0.6069424306193512,10,28,19,3.2348351632768106,1.2899011862726866,point_alpha_gt_2_uncertain
bonds,SU29009RMFS6,504,2018-07-04,2020-07-06,504,194,lower,raw,22,0.1134020618556701,4.808000921109284,3.140137927306192,3,0.5454545454545454,12,22,0.00019524218091218872,0.0028017546356198957,0.0,0.0213861154124805,1.667862993803092,4.808000921109284,9.405987562720613,0.10631525858734575,0.003585089483315763,0.09438625807604989,2.2788170234722958,1.8301872226688036,2.041455537385638,76,1.8582402141488337,13.409880180472697,4.433408740526321,4.50186165573131,0.0,0.9078947368421053,1.013862747582897,10,29,20,3.8230814305384646,1.5561307163100362,point_alpha_gt_2_uncertain
bonds,SU29009RMFS6,504,2018-08-02,2020-08-04,504,196,lower,raw,27,0.1377551020408163,2.4247491537692456,0.062344009195766326,3,0.5555555555555556,15,27,0.0001808119528761839,0.002812788593386131,0.0,0.0213861154124805,1.9190142219101378,2.4247491537692456,2.487093162965012,0.40207581078621135,0.0021693347254929476,0.12347359041915373,,2.1110177669178087,1.964193058182687,91,1.6833935620865288,9.70925519019601,4.031041648971841,4.501382241612835,0.0,0.8131868131868132,0.2123942355942907,10,29,20,3.793266521494248,1.723744506723099,point_alpha_gt_2_uncertain
bonds,SU29009RMFS6,504,2018-08-31,2020-09-02,504,194,lower,raw,23,0.11855670103092783,2.0193655001938167,0.03136117116153936,3,0.6086956521739131,14,23,0.0001940902887172909,0.0026566737378372848,0.0,0.0213861154124805,2.0193655001938167,2.1974220261743724,1.9880043290322773,0.5030170132913045,0.001819780024206827,0.1012265633526776,,2.2830276639355898,1.939277613629427,88,1.7815972200614245,8.427879906467645,3.5346997855734203,2.8345643646881786,0.0,0.8068181818181818,0.16178887998485497,10,29,20,2.548089348108677,0.42380751787808,point_alpha_gt_2_uncertain
bonds,SU29009RMFS6,504,2018-10-01,2020-10-01,504,193,lower,raw,25,0.12953367875647667,2.152049015386229,0.039304624187997295,3,0.48,12,25,0.00017101081999338786,0.0024965642466106986,0.0,0.0213861154124805,1.8460692352787622,2.152049015386229,2.1913536395742264,0.4563389413469097,0.0018058414522160106,0.0791357754232957,,2.0689630312897678,1.841282814405693,96,1.5278729440443253,6.541297202400274,3.1690809174915464,5.432254698240032,0.0,0.4895833333333333,0.07654250221732711,10,28,19,2.152049015386229,0.29282515001092113,point_alpha_gt_2_uncertain
bonds,SU29009RMFS6,504,2018-10-30,2020-10-30,504,189,lower,raw,21,0.1111111111111111,1.8634728518391268,0.038585402499443866,3,0.5238095238095238,11,21,0.0002208183053573008,0.0024132843345875212,0.0,0.0213861154124805,1.8634728518391268,1.9214391988274722,1.824887449339683,0.5479790002182545,0.0016267634102759615,0.11002960574969933,,2.1443103625768716,1.7267451367106084,94,1.4209352567799314,5.163235622959623,3.2381502224449363,7.336527133380514,0.0,0.30851063829787234,0.09633094063625029,10,28,19,1.8245704473371245,0.0943812929066763,point_alpha_1_2_uncertain
bonds,SU29009RMFS6,504,2018-11-29,2020-12-01,504,191,lower,raw,24,0.1256544502617801,1.9218924648779179,0.03986123967717914,3,0.5416666666666666,13,24,0.00020180600389408719,0.0024266627426200267,0.0,0.0213861154124805,1.9218924648779179,1.961753704555097,1.8379788746389454,0.5440758943415175,0.0015415086768101023,0.09540974360167934,,2.18322087930626,1.7921472039338637,97,1.4316690646825119,6.7881087683164445,3.254599960953416,5.461085180322367,0.0,0.5154639175257731,0.08663768380404588,10,28,19,1.9218924648779179,0.1921472831341513,point_alpha_1_2_uncertain
bonds,SU29009RMFS6,504,2018-12-28,2020-12-30,504,195,lower,raw,27,0.13846153846153847,1.8443221398311025,0.19843085832025742,3,0.5555555555555556,15,27,0.0001967022024267007,0.002414059056194449,0.0,0.0213861154124805,2.04275299815136,1.8443221398311025,1.4827021057912673,0.6744443108930059,0.0011857947572181016,0.09715202556583857,,2.3149268746103537,1.7970673431871693,95,1.5230531711744035,5.228892114041661,2.6393103626224477,2.094785896264363,0.0,0.45263157894736844,0.20100153057997486,10,29,20,1.9217467759533207,0.25243535726643596,point_alpha_1_2_uncertain
bonds,SU29009RMFS6,504,2019-01-31,2021-02-02,504,192,lower,raw,26,0.13541666666666666,1.787146919589221,0.09991766975614502,3,0.5769230769230769,15,26,0.00020647105781735944,0.002325890560862639,0.0,0.0213861154124805,1.887064589345366,1.787146919589221,1.5110781981325803,0.6617791198601233,0.0012611239087014512,0.08750408640312321,,2.1334933933828126,1.6979500606821616,97,1.4593560498024531,6.622209688378817,2.718424765871261,2.1888929713876806,0.0,0.4329896907216495,0.13940317049273973,10,28,19,1.7979819146451843,0.13623620266851777,point_alpha_1_2_uncertain
bonds,SU29009RMFS6,504,2019-03-01,2021-03-03,504,188,lower,raw,14,0.07446808510638298,1.6790171321073946,0.10018839635229715,3,0.5714285714285714,8,14,0.00024131936472196583,0.0022490092205925006,0.0,0.0213861154124805,1.5362492577479008,1.7792055284596917,1.6790171321073946,0.5955865374314937,0.0021083731585552533,0.14509115585948568,17.29837066703683,1.5362492577479008,1.4627246656671395,97,1.3549774897705313,4.309324710706667,2.4672762272982376,3.6180808759637393,0.0,0.36082474226804123,0.18277770316874203,10,28,19,1.6244852285835347,0.05565481153431895,point_alpha_1_2_uncertain
bonds,SU29009RMFS6,504,2019-04-02,2021-04-02,504,190,lower,raw,13,0.06842105263157895,1.5129432680746184,0.05440959085467023,3,0.6153846153846154,8,13,0.00024464533572576185,0.0022176335395084285,0.0,0.0213861154124805,1.5129432680746184,1.5673528589292887,1.1394135813847004,0.8776444447719549,0.0015757882627065634,0.1776170132026062,,1.5129432680746184,1.3403552697703525,96,1.2621327161629259,3.364108647271257,1.935591241612564,1.2052274012898598,0.0,0.2604166666666667,0.17524005614452734,10,28,19,1.5129432680746184,0.04583404672344438,point_alpha_1_2_uncertain
bonds,SU29009RMFS6,504,2019-05-02,2021-05-04,504,190,lower,raw,13,0.06842105263157895,1.5129432680746184,0.05440959085467023,3,0.6153846153846154,8,13,0.0002290056740116515,0.0021891668995637553,0.0,0.0213861154124805,1.5129432680746184,1.5673528589292887,1.1394135813847004,0.8776444447719549,0.0015757882627065634,0.1776170132026062,,1.5129432680746184,1.3403552697703525,93,1.3098950755621641,6.615111928227538,3.2130243133757745,8.582229395254986,0.0,0.41935483870967744,0.17784570754255016,10,28,19,1.5179451018040766,0.03454262067282232,point_alpha_1_2_uncertain
bonds,SU29009RMFS6,504,2019-06-03,2021-06-02,504,192,lower,raw,13,0.06770833333333333,1.5129432680746184,0.05440959085467023,3,0.6153846153846154,8,13,0.00023067457482120105,0.0022076034460782835,0.0,0.0213861154124805,1.5129432680746184,1.5673528589292887,1.1394135813847004,0.8776444447719549,0.0015757882627065634,0.1776170132026062,,1.5129432680746184,1.3403552697703525,94,1.3047900048469225,3.5601924837238994,2.1456309789335974,1.5283055788989361,0.0,0.3404255319148936,0.17784570754255016,10,28,19,1.527528523643054,0.03708432450597532,point_alpha_1_2_uncertain
bonds,SU29009RMFS6,504,2019-07-03,2021-07-01,504,197,lower,raw,12,0.06091370558375635,1.4553482659149042,0.15389893435773705,3,0.6666666666666666,8,12,0.00019502290195123895,0.0022014653579623474,0.0,0.0213861154124805,1.4553482659149042,1.6225362071652403,1.3014493315571671,0.7683741316333177,0.0019408083587351068,0.2052274912063472,,1.4553482659149042,1.332743936944952,92,1.2958028236553705,4.574060007573907,2.179585498432023,1.2935811557500767,0.0,0.3695652173913043,0.27649007310590057,10,29,20,1.538537250067158,0.050114366614413264,point_alpha_1_2_uncertain
bonds,SU29009RMFS6,504,2019-08-01,2021-07-30,504,201,lower,raw,12,0.05970149253731343,1.4731585410548775,0.06772518019119333,3,0.5833333333333334,7,12,0.00018867578742870906,0.002192425863460221,0.0,0.0213861154124805,1.4731585410548775,1.5408837212460709,1.0059668992224224,0.9940684934792242,0.001487095729454165,0.17003379669026925,,1.4731585410548775,1.2995694678347942,91,1.236309774287276,4.099169347795623,2.2373725703876866,2.1235617511816107,0.0,0.34065934065934067,0.18350608991191528,10,30,21,1.5055248986068277,0.03309267873695587,point_alpha_1_2_uncertain
bonds,SU29009RMFS6,504,2019-08-30,2021-08-30,504,198,lower,raw,12,0.06060606060606061,1.4731585410548775,0.06772518019119333,3,0.5833333333333334,7,12,0.00018334254679109463,0.0021805284095950997,0.0,0.0213861154124805,1.4731585410548775,1.5408837212460709,1.0059668992224224,0.9940684934792242,0.001487095729454165,0.17003379669026925,,1.4731585410548775,1.2995694678347942,94,1.2861939808148142,5.500879103814082,2.802768899782657,5.257933235909834,0.0,0.35106382978723405,0.18350608991191528,10,29,20,1.5054541797027543,0.034410789536350794,point_alpha_1_2_uncertain
bonds,SU29009RMFS6,504,2019-09-30,2021-09-28,504,203,lower,raw,13,0.06403940886699508,1.5122105057575805,0.007282607915685579,3,0.6153846153846154,8,13,0.0001570775915060381,0.0021548564836433776,0.0,0.0213861154124805,1.5194931136732661,1.5122105057575805,0.9671259795616155,1.0339914562664172,0.0013044446194688804,0.15184010340048493,,1.5194931136732661,1.3116663485238238,96,1.2307974814548654,3.83252194349841,1.8859771656655493,1.0233875534078691,0.010416666666666666,0.21875,0.10726879318739288,10,30,21,1.4948258051561458,0.0230756014123219,point_alpha_1_2_uncertain
bonds,SU29009RMFS6,504,2019-10-29,2021-10-27,504,204,lower,raw,14,0.06862745098039216,1.5064161812049957,0.019075731388128903,3,0.5714285714285714,8,14,0.00012788213580388,0.002132361573135023,0.0,0.0213861154124805,1.5064161812049957,1.5254919125931246,1.1297794552359428,0.8851285048294317,0.0014707989882915893,0.16361852606432242,3.2988919804777677,1.5064161812049957,1.3265801192321092,97,1.2417235148928283,4.035871876133867,2.080316387386752,1.417061315409227,0.0,0.24742268041237114,0.1139437949380594,10,30,21,1.5013121819247668,0.030753904986401404,point_alpha_1_2_uncertain
bonds,SU29009RMFS6,504,2019-11-28,2021-11-26,504,205,lower,raw,15,0.07317073170731707,1.4975237475000642,0.01779639834224711,3,0.6,9,15,0.00012211292598100662,0.0021305899176990253,0.001984126984126984,0.0213861154124805,1.4975237475000642,1.5153201458423113,1.1617421137803576,0.8607762326407864,0.0014439760676758016,0.15040479241063937,,1.4975237475000642,1.3293690945394985,97,1.2362105026230192,4.52094598649127,2.0892694067148017,2.320855344547797,0.0,0.21649484536082475,0.09610783647476928,10,30,21,1.476931278292003,0.0375361383836923,point_alpha_1_2_uncertain
bonds,SU29009RMFS6,504,2019-12-27,2021-12-27,504,203,lower,raw,15,0.07389162561576355,1.4975237475000642,0.01779639834224711,3,0.6,9,15,0.00013220464397422312,0.002135482237105763,0.001984126984126984,0.0213861154124805,1.4975237475000642,1.5153201458423113,1.1617421137803576,0.8607762326407864,0.0014439760676758016,0.15040479241063937,5.603244770915391,1.4975237475000642,1.3293690945394985,99,1.2352368160588838,4.47324680644924,1.9728892933242326,0.982978315131599,0.0,0.24242424242424243,0.09610783647476928,10,30,21,1.4853989722680159,0.05095236220490795,point_alpha_1_2_uncertain
bonds,SU29009RMFS6,504,2020-01-31,2022-01-26,504,207,lower,raw,14,0.06763285024154589,1.4697298462462898,0.059880720761614326,3,0.5714285714285714,8,14,0.0001170778146301906,0.0021526929264200135,0.003968253968253968,0.0213861154124805,1.4697298462462898,1.529610567007904,1.174207089020343,0.8516385306737617,0.0015561113996100068,0.16075049112912143,,1.4697298462462898,1.3184245932566667,94,1.236532767264152,4.661094224142011,2.3380322713326014,3.2483309295442298,0.0,0.22340425531914893,0.14016670362594352,10,31,22,1.4722058674270773,0.0443877324819526,point_alpha_1_2_uncertain
bonds,SU29009RMFS6,504,2020-03-03,2022-02-24,504,217,lower,raw,13,0.059907834101382486,1.166087918786225,0.04009667513579496,3,0.6153846153846154,8,13,-3.482053119851405e-05,0.0032519492101641986,0.003968253968253968,0.0545249387059373,1.20618459392202,1.166087918786225,0.8509167038443356,1.1752031608759408,0.0017903265755422099,0.23498399716845075,2.0579730898367106,1.20618459392202,1.026394312830337,97,0.8953443168923373,3.5294742824654697,1.44830147249613,0.7779732959680999,0.13402061855670103,0.12371134020618557,0.18341305918532605,10,32,23,1.2056831506819543,0.06812661631371064,point_alpha_1_2_uncertain
bonds,SU29009RMFS6,504,2020-04-02,2022-03-29,504,211,lower,raw,16,0.07582938388625593,1.1809674515453374,0.1693090446675567,3,0.5625,9,16,2.2426690108626137e-05,0.0034383532834111573,0.003968253968253968,0.0545249387059373,1.3502764962128941,1.1809674515453374,0.9593471455398699,1.0423755411678979,0.0014927094083431573,0.16737966868847343,3.8212800566895573,1.3502764962128941,1.0613265709226654,99,0.906014832966756,2.3924763661844857,1.6555651375600116,2.260645133603185,0.1717171717171717,0.10101010101010101,0.25289566745484093,10,31,22,1.2128812973664447,0.07494984717979514,point_alpha_1_2_uncertain
bonds,SU29009RMFS6,504,2020-05-04,2022-04-27,504,212,lower,raw,30,0.14150943396226415,1.2887681493266552,0.1946222327489533,3,0.6333333333333333,19,30,6.558250527669845e-05,0.0035180506534095045,0.003968253968253968,0.0545249387059373,1.6696380692342672,1.2887681493266552,1.0941459165777019,0.913954880102122,0.0009143515999824362,0.11104422922872681,3.717859933801767,1.9678650444955,1.2279680153919386,98,1.012628115517508,3.5729050790163974,1.9586178615679317,2.077608105268644,0.04081632653061224,0.24489795918367346,0.24214284445215847,10,31,22,1.2170602396159693,0.08344345023499766,point_alpha_1_2_uncertain
bonds,SU29009RMFS6,504,2020-06-03,2022-06-01,504,210,lower,raw,28,0.13333333333333333,1.270940739306267,0.1756617173123265,3,0.6428571428571429,18,28,0.00016583086739172946,0.003671021590900975,0.003968253968253968,0.0545249387059373,1.6637713479737202,1.270940739306267,1.0952790219939406,0.9130093610115106,0.0009078888582187186,0.12748392653207397,4.77336095177399,1.987506714446029,1.1899301184764826,95,0.9751592549161993,3.4015723669568247,1.7760132615888848,1.7838876111680542,0.07368421052631578,0.16842105263157894,0.2298931320722431,10,31,22,1.2109391518095753,0.10034327565818568,point_alpha_1_2_uncertain
bonds,SU29009RMFS6,504,2020-07-07,2022-07-01,504,205,lower,raw,26,0.12682926829268293,1.2565206210481212,0.15479605673970198,3,0.6538461538461539,17,26,0.00022836307834860295,0.003691302819541411,0.003968253968253968,0.0545249387059373,1.570352845955465,1.2565206210481212,1.1017245643084193,0.9076678803360672,0.0010244746309362308,0.14372339671002665,4.103351259449565,1.8760873559812823,1.1691802228499248,96,0.962246147037203,3.641270571019024,1.6901822807462334,1.3413700780376852,0.09375,0.15625,0.21449195641480517,10,30,21,1.2108814747835084,0.08277497077078566,point_alpha_1_2_uncertain
bonds,SU29009RMFS6,504,2020-08-05,2022-08-01,504,199,lower,raw,15,0.07537688442211055,1.1388612921247103,0.23404693804261645,3,0.7333333333333333,11,15,0.0002525910796752677,0.003675028314707529,0.003968253968253968,0.0545249387059373,1.3729082301673268,1.1388612921247103,0.8320082161810757,1.2019112077883172,0.0011767976878303828,0.1552744426430801,25.793087714638894,1.3729082301673268,1.0051284178690887,96,0.8644895162641026,3.271711971549129,1.5514626642933191,1.5143199590932117,0.19791666666666666,0.13541666666666666,0.3632110772635136,10,29,20,1.1782005676741858,0.07819182611212083,point_alpha_1_2_uncertain
bonds,SU29009RMFS6,504,2020-09-03,2022-08-30,504,199,lower,raw,16,0.08040201005025126,1.1464017515461853,0.1643493594132841,3,0.6875,11,16,0.0002613057633799237,0.0036700338689708597,0.003968253968253968,0.0545249387059373,1.3107511109594694,1.1464017515461853,0.960797141632628,1.040802430261977,0.0014227850989501547,0.16971533085849344,,1.3107511109594694,1.0192426863373383,96,0.9342188599839013,4.411692436278194,1.7730896158874785,2.6933292014011254,0.19791666666666666,0.125,0.26675229643384674,10,29,20,1.1714185211190358,0.0707016061429444,point_alpha_1_2_uncertain
bonds,SU29009RMFS6,504,2020-10-02,2022-09-28,504,202,lower,raw,19,0.09405940594059406,1.2204991246148145,0.02329196870951389,3,0.631578947368421,12,19,0.0002417928567067936,0.003696051504941094,0.003968253968253968,0.0545249387059373,1.2437910933243284,1.2204991246148145,1.1814890122857868,0.846389589409159,0.0018101573660148588,0.13062580227421128,2.200563189549559,1.2437910933243284,1.1061024245963436,98,0.9891407632776189,4.112327383892903,2.0921421100113013,2.6851310460216635,0.07142857142857142,0.21428571428571427,0.10428371247122498,10,30,21,1.2168660626923193,0.03147747518331623,point_alpha_1_2_uncertain
bonds,SU29009RMFS6,504,2020-11-02,2022-10-27,504,199,lower,raw,19,0.09547738693467336,1.2204991246148145,0.02329196870951389,3,0.631578947368421,12,19,0.0002595535305451366,0.0037007782130186787,0.003968253968253968,0.0545249387059373,1.2437910933243284,1.2204991246148145,1.1814890122857868,0.846389589409159,0.0018101573660148588,0.13062580227421128,2.281930736491027,1.2437910933243284,1.1061024245963436,100,0.918416162325285,5.828444854986723,1.8651590355984338,2.3179524067147326,0.13,0.15,0.10428371247122498,10,29,20,1.2161890174754828,0.03416867583517913,point_alpha_1_2_uncertain
bonds,SU29009RMFS6,504,2020-12-02,2022-11-28,504,196,lower,raw,12,0.061224489795918366,1.122319425721014,0.12465891113803584,3,0.5833333333333334,7,12,0.00025775365625430453,0.0036782483702926913,0.003968253968253968,0.0545249387059373,1.24697833685905,1.122319425721014,0.8180457439063638,1.2224255274830491,0.0015836723506301314,0.15001307422952415,8.336247281404495,1.24697833685905,0.9739551525072071,95,0.8862196074902134,3.1872301955565114,1.5135161600016709,0.8739033724698732,0.15789473684210525,0.15789473684210525,0.25178663590728345,10,29,20,1.1844604252576536,0.06935498554883268,point_alpha_1_2_uncertain
bonds,SU29009RMFS6,504,2021-01-04,2022-12-27,504,199,lower,raw,12,0.06030150753768844,1.122319425721014,0.12465891113803584,3,0.5833333333333334,7,12,0.00023422284787161067,0.003680590223719659,0.003968253968253968,0.0545249387059373,1.24697833685905,1.122319425721014,0.8180457439063638,1.2224255274830491,0.0015836723506301314,0.15001307422952415,,1.24697833685905,0.9739551525072071,95,0.8771896158165337,2.567866922891198,1.468330945714059,1.2369568839253815,0.24210526315789474,0.10526315789473684,0.25178663590728345,10,29,20,1.1842560233214874,0.07604073218818908,point_alpha_1_2_uncertain
bonds,SU29009RMFS6,504,2021-02-03,2023-01-26,504,197,lower,raw,12,0.06091370558375635,1.122319425721014,0.12465891113803584,3,0.5833333333333334,7,12,0.00025352394254697663,0.003685069511139385,0.003968253968253968,0.0545249387059373,1.24697833685905,1.122319425721014,0.8180457439063638,1.2224255274830491,0.0015836723506301314,0.15001307422952415,,1.24697833685905,0.9739551525072071,95,0.8666584336344376,4.354694100187718,1.8943304475519014,2.8896152945297473,0.14736842105263157,0.09473684210526316,0.25178663590728345,10,29,20,1.1842560233214874,0.07604073218818908,point_alpha_1_2_uncertain
bonds,SU29009RMFS6,504,2021-03-04,2023-02-27,504,194,lower,raw,12,0.061855670103092786,1.122319425721014,0.12465891113803584,3,0.5833333333333334,7,12,0.00027719661399795194,0.0036845499902350837,0.003968253968253968,0.0545249387059373,1.24697833685905,1.122319425721014,0.8180457439063638,1.2224255274830491,0.0015836723506301314,0.15001307422952415,,1.24697833685905,0.9739551525072071,95,0.8916865103031602,4.993176384372899,1.817466989424379,2.095827356346352,0.17894736842105263,0.15789473684210525,0.25178663590728345,10,29,20,1.1842560233214874,0.07584017984825087,point_alpha_1_2_uncertain
bonds,SU29009RMFS6,504,2021-04-05,2023-03-29,504,189,lower,raw,13,0.06878306878306878,1.1312368524950616,0.16902681265686792,3,0.6153846153846154,8,13,0.0003099618274273615,0.003688752364975007,0.003968253968253968,0.0545249387059373,1.3002636651519295,1.1312368524950616,0.8054195217642617,1.2415889768968005,0.0013869261582856595,0.13636055710234274,5.435475745640398,1.3002636651519295,0.9910960375120967,96,0.8782381575008155,4.170469011273109,1.6925855336213107,1.3609086418067664,0.16666666666666666,0.17708333333333334,0.28865140153580143,10,28,19,1.1744216874860594,0.06231510992478784,point_alpha_1_2_uncertain
bonds,SU29009RMFS6,504,2021-05-05,2023-04-27,504,184,lower,raw,13,0.07065217391304347,1.1312368524950616,0.16902681265686792,3,0.6153846153846154,8,13,0.0003237937525682497,0.003688362675869415,0.003968253968253968,0.0545249387059373,1.3002636651519295,1.1312368524950616,0.8054195217642617,1.2415889768968005,0.0013869261582856595,0.13636055710234274,,1.3002636651519295,0.9910960375120967,97,0.9395341951239511,2.402788748765351,1.4494558671896023,0.810197936104469,0.13402061855670103,0.09278350515463918,0.2916574864448496,10,27,18,1.178424398926993,0.06832318347810884,point_alpha_1_2_uncertain
bonds,SU29009RMFS6,504,2021-06-03,2023-05-30,504,182,lower,raw,15,0.08241758241758242,1.1718151730540043,0.21991169527872745,3,0.6666666666666666,10,15,0.00031714546004848294,0.0036878550882396017,0.003968253968253968,0.0545249387059373,1.3917268683327317,1.1718151730540043,0.8624411464580114,1.1594994094460054,0.0013096826335030779,0.1472312025546092,80.02389380667876,1.3917268683327317,1.0451097150469753,95,0.9225058969546531,2.649822758475893,1.689412033972783,2.6451552359462394,0.16842105263157894,0.09473684210526316,0.33067765784334074,10,27,18,1.2013730718632378,0.062207898743482426,point_alpha_1_2_uncertain
bonds,SU29009RMFS6,504,2021-07-02,2023-06-29,504,180,lower,raw,15,0.08333333333333333,1.1737025604887374,0.2142304277629934,3,0.6666666666666666,10,15,0.0003125198469463837,0.003683530440824283,0.003968253968253968,0.0545249387059373,1.3879329882517308,1.1737025604887374,0.88192640734874,1.1338814573046005,0.0013551869575882814,0.15208280714105005,,1.3879329882517308,1.046615933852303,99,0.9329936253709,5.814902339986764,3.206409978316148,11.228710733009693,0.15151515151515152,0.13131313131313133,0.32268529674995133,10,27,18,1.202968899403277,0.060933917450495034,point_alpha_1_2_uncertain
bonds,SU29009RMFS6,504,2021-08-02,2023-07-28,504,179,lower,raw,17,0.09497206703910614,1.2250753468525983,0.039343861670389835,3,0.6470588235294118,11,17,0.00032190604026788837,0.0038187290695244555,0.003968253968253968,0.0545249387059373,1.2644192085229882,1.2250753468525983,0.9738731871275434,1.0268277361136906,0.0018280913521420694,0.125910371882208,,1.2644192085229882,1.1105551057794933,100,0.9650903916842501,2.66954305866685,1.621560459889629,1.7240478319369283,0.1,0.13,0.11969691911253769,10,26,17,1.2250753468525983,0.022741446838936197,point_alpha_1_2_uncertain
bonds,SU29009RMFS6,504,2021-08-31,2023-08-28,504,183,lower,raw,19,0.10382513661202186,1.2580374515015302,0.015693153817658567,3,0.6842105263157895,13,19,0.00030967980574332665,0.0038264550286818406,0.003968253968253968,0.0545249387059373,1.2737306053191888,1.2580374515015302,1.115968924607078,0.8960822993813115,0.0019514828541780634,0.14513194638969862,16.8703306644751,1.2737306053191888,1.145557807477997,100,0.9834438208912012,2.8058442443078646,1.6252302131882232,0.9436138536445018,0.06,0.21,0.0955971387703752,10,27,18,1.2475913329304686,0.022346102276151525,point_alpha_1_2_uncertain
bonds,SU29009RMFS6,504,2021-09-29,2023-09-26,504,188,lower,raw,14,0.07446808510638298,1.237402166176212,0.05178888370120571,3,0.6428571428571429,9,14,0.0002973957606914686,0.003834275593265728,0.003968253968253968,0.0545249387059373,1.2891910498774177,1.237402166176212,0.8812680254260783,1.134728562875655,0.001887421710665243,0.15292217269277736,2.621590724410436,1.2891910498774177,1.1027126267673821,99,0.9680751318962686,2.639557239326705,1.603761872110129,0.918882391791107,0.08080808080808081,0.15151515151515152,0.15322571153492567,10,28,19,1.243099319294856,0.03651251932460209,point_alpha_1_2_uncertain
bonds,SU29009RMFS6,504,2021-10-28,2023-10-25,504,189,lower,raw,14,0.07407407407407407,1.237402166176212,0.05178888370120571,3,0.6428571428571429,9,14,0.00030572827599141615,0.0038379436569686036,0.003968253968253968,0.0545249387059373,1.2891910498774177,1.237402166176212,0.8812680254260783,1.134728562875655,0.001887421710665243,0.15292217269277736,2.346791449103839,1.2891910498774177,1.1027126267673821,100,0.9695566204464454,2.9478906832203284,1.6299952364132677,0.884852772462349,0.07,0.19,0.15322571153492567,10,28,19,1.243099319294856,0.03651251932460209,point_alpha_1_2_uncertain
bonds,SU29009RMFS6,504,2021-11-29,2023-11-23,504,187,lower,raw,14,0.0748663101604278,1.237402166176212,0.05178888370120571,3,0.6428571428571429,9,14,0.00031638772607904113,0.0038376748038311966,0.001984126984126984,0.0545249387059373,1.2891910498774177,1.237402166176212,0.8812680254260783,1.134728562875655,0.001887421710665243,0.15292217269277736,1.8778656630721897,1.2891910498774177,1.1027126267673821,99,0.9620512370731131,2.956024464117337,1.5086286641333608,0.5843599823119983,0.08080808080808081,0.15151515151515152,0.15322571153492567,10,28,19,1.243099319294856,0.03651251932460209,point_alpha_1_2_uncertain
bonds,SU29009RMFS6,504,2021-12-28,2023-12-22,504,184,lower,raw,14,0.07608695652173914,1.237402166176212,0.05178888370120571,3,0.6428571428571429,9,14,0.0003269913490946629,0.0038313197120787134,0.001984126984126984,0.0545249387059373,1.2891910498774177,1.237402166176212,0.8812680254260783,1.134728562875655,0.001887421710665243,0.15292217269277736,2.621590724410436,1.2891910498774177,1.1027126267673821,99,1.0196887914342259,3.586914569856045,1.7599430529424291,1.6893580547140343,0.030303030303030304,0.13131313131313133,0.15322571153492567,10,27,18,1.2430909712806377,0.0369365062164182,point_alpha_1_2_uncertain
bonds,SU29009RMFS6,504,2022-01-27,2024-01-24,504,181,lower,raw,14,0.07734806629834254,1.237402166176212,0.05178888370120571,3,0.6428571428571429,9,14,0.0003496493643217793,0.0038235583290570597,0.0,0.0545249387059373,1.2891910498774177,1.237402166176212,0.8812680254260783,1.134728562875655,0.001887421710665243,0.15292217269277736,3.31052452065732,1.2891910498774177,1.1027126267673821,98,1.0082546403953345,3.915956696842711,1.8050451545602897,1.11067861521299,0.05102040816326531,0.20408163265306123,0.15322571153492567,10,27,18,1.2430909712806377,0.040220995411311966,point_alpha_1_2_uncertain
bonds,SU29009RMFS6,504,2022-02-25,2024-02-22,504,173,lower,raw,22,0.12716763005780346,1.5062701135898175,0.053565101914459845,3,0.6818181818181818,15,22,0.0005076912592677891,0.0029145342773948786,0.0,0.0213500894167816,1.5062701135898175,1.5598352155042774,1.3980489239283718,0.7152825504776358,0.0014782934570984458,0.11536716490300192,1.1788140728230165,1.6939442884595464,1.3968898140166643,99,1.2568881658198596,2.850500322226184,1.7596383640163422,0.6374087900907169,0.0,0.15151515151515152,0.12004040179515035,10,25,16,1.5088946323807377,0.04846477490844925,point_alpha_1_2_uncertain
bonds,SU29009RMFS6,504,2022-03-30,2024-03-26,504,175,lower,raw,24,0.13714285714285715,2.0647299981932896,0.08201130257312794,3,0.625,15,24,0.0005135119164674582,0.0021736341592571732,0.0,0.0116165361072148,2.1467413007664176,2.0647299981932896,1.7683739088385804,0.5654912657339378,0.0008848377377629864,0.09825714423120047,1.4214898581584359,2.428516792755803,1.9312441256177522,93,1.7368612120682994,5.238944097422516,2.720738393410176,1.4783690218419345,0.0,0.7204301075268817,0.12577592605018822,10,26,17,2.102693933154029,0.1928888249415044,point_alpha_gt_2_uncertain
bonds,SU29009RMFS6,504,2022-04-28,2024-04-24,504,174,lower,raw,23,0.13218390804597702,1.9559260637964377,0.18911872568033283,3,0.6521739130434783,15,23,0.00045320971994931256,0.0020193380334827455,0.0,0.0116165361072148,2.1450447894767706,1.9559260637964377,1.458765163449435,0.6855112975383737,0.0007804908541602217,0.12221774548691983,1.1445164943643569,2.440796105738602,1.8708882571593553,96,1.6471243810837113,4.943031708884417,2.6701180940960376,1.586201738749845,0.0,0.5833333333333334,0.1984663979758852,10,26,17,2.0947870332292773,0.3366125075042832,point_alpha_1_2_uncertain
bonds,SU29009RMFS6,504,2022-06-02,2024-05-24,504,170,lower,raw,23,0.13529411764705881,1.9559260637964377,0.18911872568033283,3,0.6521739130434783,15,23,0.0003876369323869271,0.001689294817713465,0.0,0.0116165361072148,2.1450447894767706,1.9559260637964377,1.458765163449435,0.6855112975383737,0.0007804908541602217,0.12221774548691983,1.3431687801726084,2.440796105738602,1.8708882571593553,96,1.6734638989731223,5.934994720955993,3.0182329447441685,2.833028045587545,0.0,0.6145833333333334,0.1984663979758852,10,25,16,2.0719297376681163,0.3203453906580811,point_alpha_1_2_uncertain
bonds,SU29009RMFS6,504,2022-07-04,2024-06-25,504,172,lower,raw,21,0.12209302325581395,1.9146901167315948,0.18408870493731833,3,0.6666666666666666,14,21,0.00035162249343737636,0.001637314405092586,0.0,0.0116165361072148,2.098778821668913,1.9146901167315948,1.4565739278509555,0.6865425646300085,0.0008083246653716375,0.11598600196329306,1.4145852856377628,2.409435748388678,1.8118354914125159,94,1.606301048843015,3.8165937312314,2.4132246975751923,1.6815562822103467,0.0,0.5106382978723404,0.1955878274250687,10,25,16,1.9606918532393345,0.16884727355924745,point_alpha_1_2_uncertain
bonds,SU29009RMFS6,504,2022-08-02,2024-07-24,504,176,lower,raw,25,0.14204545454545456,1.9754452174977424,0.036712007314485984,3,0.64,16,25,0.0003562843990434078,0.0016485646650361173,0.0,0.0116165361072148,1.9387332101832564,2.04159464179697,1.9754452174977424,0.5062149996073697,0.0009566177357054549,0.11293679603175133,2.0052814417231355,2.1718005364310127,1.8234696435064341,98,1.5592624901513472,4.828600220261264,2.6146617291548395,2.2771401700068385,0.0,0.5714285714285714,0.10535638240098752,10,26,17,1.921735781578062,0.10296253461872529,point_alpha_1_2_uncertain
bonds,SU29009RMFS6,504,2022-08-31,2024-08-22,504,176,lower,raw,22,0.125,2.00233789845242,0.14108790711129338,3,0.6818181818181818,15,22,0.00036541532376084605,0.0017047318547353492,0.0,0.0116165361072148,2.143425805563713,2.00233789845242,1.655911538618028,0.603896993697241,0.0008674522712171726,0.12572441075688612,2.1719998955889612,2.4494679742518266,1.8804693026634696,99,1.5951580565150554,3.747669626570044,2.6552453759928785,3.2450892681701236,0.0,0.6363636363636364,0.16404375559712822,10,26,17,2.0071145500084784,0.05136370028117376,point_alpha_gt_2_uncertain
bonds,SU29009RMFS6,504,2022-09-29,2024-09-20,504,177,lower,raw,25,0.14124293785310735,2.195781480094187,0.0329987423325675,3,0.64,16,25,0.00037627587141934366,0.0017265380450253688,0.0,0.0116165361072148,2.195781480094187,2.2287802224267543,2.045481560788855,0.4888824319757459,0.0009261379249769985,0.11032157897778316,2.5994417358356765,2.48022694107502,2.042317895801584,95,1.6904566904676117,7.186026411487484,3.098954202806412,2.236961234977164,0.0,0.7157894736842105,0.09600789792622197,10,26,17,2.210569063648771,0.15024134470337636,point_alpha_gt_2_uncertain
bonds,SU29009RMFS6,504,2022-10-28,2024-10-21,504,181,lower,raw,26,0.143646408839779,2.5217339452950402,0.053878942137205676,3,0.6538461538461539,17,26,0.0003767663864692289,0.0018276220170846786,0.0,0.0116165361072148,2.102986068810862,2.5217339452950402,2.575612887432246,0.3882571037284057,0.0011095871825100834,0.09540922656099482,11.003973638349045,2.342420705963749,2.098460100247682,91,1.7248069419224876,5.4237681799810655,3.503835203667817,3.8117592872792767,0.0,0.8131868131868132,0.11925679381841107,10,27,18,2.81042937679537,0.3950804627900144,point_alpha_gt_2_uncertain
bonds,SU29009RMFS6,504,2022-11-29,2024-11-19,504,185,lower,raw,17,0.0918918918918919,2.4213488610042115,0.3339906004611457,3,0.6470588235294118,11,17,0.0003797106797250365,0.0019527926192994891,0.0,0.0116165361072148,2.7553394614653572,2.4213488610042115,1.7477070304442328,0.5721782784988967,0.0009087644813504043,0.19384003007291883,17.815987790495896,2.7553394614653572,2.3409284894118794,84,1.894975340896945,8.110760985750067,3.719467093408195,4.160823210566754,0.0,0.8690476190476191,0.3075185779081664,10,27,18,3.451657479890324,1.38272160070016,point_alpha_gt_2_uncertain
bonds,SU29009RMFS6,504,2022-12-28,2024-12-18,504,176,lower,raw,17,0.09659090909090909,2.4213488610042115,0.3339906004611457,3,0.6470588235294118,11,17,0.00042367448022321896,0.0019371247318571941,0.0,0.0116165361072148,2.7553394614653572,2.4213488610042115,1.7477070304442328,0.5721782784988967,0.0009087644813504043,0.19384003007291883,1.689141079448738,2.7553394614653572,2.3409284894118794,82,1.9650110859317034,23.280600428540733,5.5210088053211495,6.423307644213237,0.0,0.9024390243902439,0.3075185779081664,10,26,17,3.5927501948196383,2.157677877882617,point_alpha_gt_2_uncertain
bonds,SU29009RMFS6,504,2023-01-27,2025-01-21,504,179,lower,raw,21,0.11731843575418995,3.9024318962607847,1.23997543725695,3,0.6190476190476191,13,21,0.0004320743659757462,0.002102905616558211,0.0,0.0116165361072148,2.32102463853859,3.9024318962607847,5.142407333517735,0.1944614526122994,0.0016056488940496836,0.1524472520267673,1.8798581916747965,2.6019296453059035,2.4587663059582208,83,2.20081419818563,24.520918620435015,7.01540228098841,9.297223848499682,0.0,0.9759036144578314,0.6060095763054257,10,26,17,5.6233861454943135,2.7261096291375857,strict_alpha_gt_2
bonds,SU29009RMFS6,504,2023-02-28,2025-02-19,504,181,lower,raw,22,0.12154696132596685,4.081541862129002,1.2181489643236443,3,0.6363636363636364,14,22,0.0004510081605186729,0.0021504755821553896,0.0,0.0116165361072148,2.3590323427372097,4.081541862129002,5.299690826452646,0.18869025245937812,0.0015766300682253987,0.137161101141184,1.8798581916747965,2.6366233976940685,2.518581718534291,66,2.1943593961936063,31.53768182618347,7.979541301217056,10.553148924628022,0.0,1.0,0.5693624265278053,10,27,18,5.031428971334071,2.955065760604887,strict_alpha_gt_2
bonds,SU29009RMFS6,504,2023-03-30,2025-03-20,504,179,lower,raw,22,0.12290502793296089,4.081541862129002,1.2181489643236443,3,0.6363636363636364,14,22,0.00046264030747128053,0.0021589451923799273,0.0,0.0116165361072148,2.3590323427372097,4.081541862129002,5.299690826452646,0.18869025245937812,0.0015766300682253987,0.137161101141184,1.711520412941392,2.6366233976940685,2.518581718534291,72,2.222293982962554,10.470249593725523,5.150835624350112,5.37757724484688,0.0,0.9722222222222222,0.5693624265278053,10,26,17,4.638276335297672,3.2403787140278197,strict_alpha_gt_2
bonds,SU29009RMFS6,504,2023-04-28,2025-04-18,504,182,lower,raw,20,0.10989010989010989,3.8995385318283664,1.0551693495013672,3,0.65,13,20,0.00047831427486619646,0.0021608706642427178,0.0,0.0116165361072148,2.42134575910904,3.8995385318283664,4.954707881329734,0.20182824577170072,0.001579382009431901,0.14826729425780072,1.620752836961117,2.7348314639230655,2.5228479496414824,70,2.088020146534015,22.454506311711842,6.407519424743909,5.917102079078282,0.0,0.9571428571428572,0.5724526484307161,10,27,18,5.293202255131622,3.6503786807862912,strict_alpha_gt_2
bonds,SU29009RMFS6,504,2023-05-31,2025-05-21,504,179,lower,raw,19,0.10614525139664804,3.468739756728027,0.5633222393139992,3,0.631578947368421,12,19,0.0005129557893765257,0.0021584292096767117,0.0,0.0116165361072148,2.4185698812289775,3.468739756728027,4.032061996042026,0.24801205958182815,0.0015171138934633765,0.15680634703901492,2.0795834548892564,2.4185698812289775,2.448850336012679,72,2.032146397203095,21.901304375431508,6.42018935734308,8.197419751803784,0.0,0.9444444444444444,0.4098820547333558,10,26,17,4.69043695646134,2.9511327925626847,strict_alpha_gt_2
bonds,SU29009RMFS6,504,2023-06-30,2025-06-20,504,176,lower,raw,25,0.14204545454545456,6.0064039801883515,4.132391887785983,2,0.6,15,25,0.0005727942222080489,0.0023095656581888784,0.0,0.0116165361072148,1.874012092402369,10.138795867974334,inf,-0.00802305099702353,0.002274405035955248,0.0984708353350045,3.0406281688427583,2.0236972772822654,2.337883884342826,65,2.2112070912470694,15.482656492724242,6.558884743742198,10.210953105835639,0.0,0.9846153846153847,1.0815069846976895,10,26,17,5.91278101809471,4.8597677987625545,strict_alpha_gt_2
bonds,SU29009RMFS6,504,2023-07-31,2025-07-21,504,170,lower,raw,17,0.1,2.5382070409270376,0.0,1,0.7647058823529411,13,17,0.000607884527347849,0.002079846276663049,0.0,0.00695990322107088,2.5382070409270376,,inf,-1.4068477590826411,0.005343669325855359,0.30629606607607396,1.7659627127740287,2.5382070409270376,3.2104379596254966,18,3.522769717278023,26.62569762795555,9.783889954030963,11.771543637716753,0.0,1.0,inf,10,25,16,2.540386460753706,0.5269907055992591,strict_alpha_gt_2
bonds,SU29009RMFS6,504,2023-08-29,2025-08-19,504,164,lower,raw,16,0.0975609756097561,2.492556487376834,0.0,1,0.75,12,16,0.000666311584011965,0.002082477434220702,0.0,0.00695990322107088,2.492556487376834,,inf,-1.4005693727596995,0.005319821954884921,0.2760055758943305,2.000109969210998,2.492556487376834,3.08698868089654,18,3.729071610323276,24.683571935741433,9.7374086055209,8.873501369020337,0.0,1.0,inf,10,24,15,2.492556487376834,0.4154729460382418,strict_alpha_gt_2
bonds,SU29009RMFS6,504,2023-09-27,2025-09-17,504,154,lower,raw,15,0.09740259740259741,2.4278965494321305,0.0,1,0.7333333333333333,11,15,0.0007024891207504283,0.002062080882233019,0.0,0.00695990322107088,2.4278965494321305,,inf,-1.2124514363262229,0.0045471311388587555,0.22059321747335459,1.9932760966829077,2.4278965494321305,3.1926419484505315,22,2.744011218241965,31.57790912402629,8.797890296546369,8.728787830552623,0.0,1.0,inf,10,23,14,2.3482402402219678,0.5268931449753729,strict_alpha_gt_2
bonds,SU29009RMFS6,504,2023-10-26,2025-10-16,504,155,lower,raw,15,0.0967741935483871,2.190404598987314,0.0,1,0.7333333333333333,11,15,0.0007071823070746932,0.002099336014657251,0.0,0.00695990322107088,2.190404598987314,,inf,-1.4033344646725248,0.005260928083372553,0.18367754517300514,1.6158243726272805,2.190404598987314,3.3430768883323005,9,3.04859297477524,21.60583586361839,8.455930814751543,7.577267619146105,0.0,1.0,inf,10,23,14,2.3622134889489406,0.6932784776825365,strict_alpha_gt_2
bonds,SU29009RMFS6,504,2023-11-24,2025-11-14,504,154,lower,raw,15,0.09740259740259741,2.5838012100081724,0.0,1,0.8,12,15,0.0007037201395193674,0.0021311455939829575,0.0,0.00695990322107088,2.5838012100081724,,inf,-1.4882070338938562,0.005130292854106327,0.23258001254868016,1.671897020668666,2.5838012100081724,3.693113162633904,5,6.1189079702891975,25.43339775804582,12.88945133737393,9.392166780608456,0.0,1.0,inf,10,23,14,2.4114482949531446,0.7081873430787735,strict_alpha_gt_2
bonds,SU29009RMFS6,504,2023-12-25,2025-12-15,504,159,lower,raw,15,0.09433962264150944,2.5838012100081724,0.0,1,0.8,12,15,0.0006891034987814194,0.0021595881267906783,0.0,0.00695990322107088,2.5838012100081724,,inf,-1.4882070338938562,0.005130292854106327,0.23258001254868016,2.948079890280104,2.5838012100081724,3.693113162633904,12,3.9594327023486993,19.247551333220287,9.248010108163095,5.93590323451063,0.0,1.0,inf,10,23,14,2.4180029945275616,0.5913523686905506,strict_alpha_gt_2
bonds,SU29009RMFS6,504,2024-01-25,2026-01-19,504,158,lower,raw,15,0.0949367088607595,2.877713885067119,0.0,1,0.8,12,15,0.0006979223471874434,0.0021997338086606998,0.0,0.00695990322107088,2.877713885067119,,inf,-1.7862339489469135,0.005686718038212742,0.24724434154346847,15.530421438252386,2.877713885067119,3.819924512153982,5,4.903057727214346,25.96412733189805,11.993646822140974,10.291777255359891,0.0,1.0,inf,10,23,14,2.4313070996959008,0.586695176629414,strict_alpha_gt_2
bonds,SU29009RMFS6,504,2024-02-26,2026-02-17,504,160,lower,raw,16,0.1,2.7282310539441466,0.0,1,0.8125,13,16,0.0006820097095971417,0.0022530422848003203,0.0,0.00724905486045755,2.7282310539441466,,inf,-1.3046475927183994,0.0045307635472521205,0.1633645632949715,18.641021789956444,2.7282310539441466,3.7031657853696744,5,4.393423868846665,43.43559503514437,15.733040624377983,20.19885356325539,0.0,1.0,inf,10,24,15,2.445640325558856,0.4536124442018905,strict_alpha_gt_2
bonds,SU29009RMFS6,504,2024-03-27,2026-03-19,504,158,lower,raw,15,0.0949367088607595,2.718413837257557,0.0,1,0.8666666666666667,13,15,0.0006938847469880251,0.0022521517304046764,0.0,0.00724905486045755,2.718413837257557,,inf,-1.8012482205792026,0.006106360365971404,0.22135663634256075,16.095417799803535,2.718413837257557,3.917631809505915,12,2.9927825691776277,20.456171561087718,9.133845099976737,6.928610292719041,0.0,1.0,inf,10,23,14,2.560620162800631,0.5143243292098996,strict_alpha_gt_2
bonds,SU29009RMFS6,504,2024-04-25,2026-04-17,504,154,lower,raw,15,0.09740259740259741,2.718413837257557,0.0,1,0.8666666666666667,13,15,0.0007007764407960032,0.0022427850427078986,0.0,0.00724905486045755,2.718413837257557,,inf,-1.8012482205792026,0.006106360365971404,0.22135663634256075,66.19555240195344,2.718413837257557,3.917631809505915,6,3.6629664790114833,9.18269076481534,6.332986465729468,2.5351193060614383,0.0,1.0,inf,10,23,14,2.560620162800631,0.5143243292098996,strict_alpha_gt_2
bonds,SU29009RMFS6,504,2024-05-23,2026-05-15,504,159,lower,raw,15,0.09433962264150944,2.7653284148059827,0.0,1,0.8666666666666667,13,15,0.0007022288802827198,0.002273365742759806,0.0,0.00724905486045755,2.7653284148059827,,inf,-1.3539891093341825,0.004489734828072825,0.1634098526998854,7.340700181907004,2.7653284148059827,4.402575300737907,6,2.716239393886633,22.028842105875224,8.430851763497747,9.1876171509307,0.0,1.0,inf,10,23,14,2.776759764814738,0.7505951871999881,strict_alpha_gt_2
bonds,SU46023RMFS6,504,2018-10-01,2020-10-01,504,80,lower,raw,10,0.125,1.2604710406744846,0.0,1,0.9,9,10,-0.0006504502311783265,0.04987536627500306,0.0,0.508914936120884,1.2604710406744846,,inf,-0.3488750417485905,0.19307157332930963,0.16049967530493647,0.41185068978129574,1.2604710406744846,2.099427110808514,17,1.0299122013569235,19.859039156786523,6.732517813929171,11.818240784720244,0.0,0.6470588235294118,inf,10,12,3,0.7456154520345107,,point_alpha_1_2_uncertain
bonds,SU46023RMFS6,504,2018-10-30,2020-10-30,504,85,lower,raw,10,0.11764705882352941,1.2604710406744846,0.0,1,0.9,9,10,-0.0006425504512792904,0.04990910772767578,0.0,0.508914936120884,1.2604710406744846,,inf,-0.3488750417485905,0.19307157332930963,0.16049967530493647,0.3812490725367079,1.2604710406744846,2.099427110808514,28,0.8794526325257678,16.10102877971589,4.46415232755567,9.861312157035789,0.14285714285714285,0.35714285714285715,inf,10,12,3,0.7456154520345107,,point_alpha_1_2_uncertain
bonds,SU46023RMFS6,504,2018-11-29,2020-12-01,504,92,lower,raw,13,0.14130434782608695,2.807193141107285,2.1110267933189384,2,0.5384615384615384,7,13,-0.00010997691337260325,0.048474044184478024,0.0,0.508914936120884,0.6961663477883469,4.918219934426223,inf,-0.2535958082114158,0.19022821417902805,0.1259300328579736,2.9433603932379047,0.6961663477883469,1.0125750315782165,48,0.8933051123505358,3.9719680667149273,1.7442561028683514,1.4577327388575516,0.10416666666666667,0.1875,1.0112836392261058,10,13,4,0.7308808890887917,0.5848188538096548,point_alpha_gt_2_uncertain
bonds,SU46023RMFS6,504,2018-12-28,2020-12-30,504,100,lower,raw,15,0.15,1.2319451605199168,0.38889880694632917,3,0.5333333333333333,8,15,-0.0006437077175789296,0.04334858727532352,0.0,0.508914936120884,0.8430463535735876,1.2319451605199168,3.831288551154541,0.26100879290301815,0.08837461446949818,0.22923505008767914,18.143835020022433,0.8430463535735876,0.9195810040781153,77,0.9109254195464203,3.232421063887498,1.738821714837317,2.88278753787425,0.12987012987012986,0.12987012987012986,0.853002023352657,10,15,6,1.2749993370781798,0.5455579725868651,point_alpha_1_2_uncertain
bonds,SU46023RMFS6,504,2019-01-31,2021-02-02,504,110,lower,raw,15,0.13636363636363635,1.18365727659191,0.41678129618215426,2,0.5333333333333333,8,15,-0.0009892285829303101,0.04414616035040639,0.0,0.508914936120884,0.7668759804097557,1.6004385727740642,inf,-0.02545701244457194,0.12942433764314704,0.1744784165672343,2.917340359497959,0.7668759804097557,0.946656435825286,72,0.880146442101789,4.328647183223326,2.210686000013333,4.176106290696822,0.1388888888888889,0.2222222222222222,0.8500079647944468,10,16,7,1.18365727659191,0.6789379961530185,point_alpha_1_2_uncertain
bonds,SU46023RMFS6,504,2019-03-01,2021-03-03,504,119,lower,raw,17,0.14285714285714285,0.8789597845330878,0.0627852378890057,3,0.5882352941176471,10,17,-0.0007464213973457082,0.04378811175255128,0.0,0.508914936120884,0.8789597845330878,1.1034636172591816,0.8161745466440821,1.2252281134124619,0.029720188264659157,0.23057226441954604,14.454795788538854,0.8789597845330878,0.8862410843015892,84,0.83553974820206,1.4069869667978119,1.124274068742589,0.18613998257107084,0.2619047619047619,0.0,0.2462030176534164,10,17,8,1.1836122833614562,0.5021168744323019,point_alpha_lt_1_uncertain
bonds,SU46023RMFS6,504,2019-04-02,2021-04-02,504,126,lower,raw,15,0.11904761904761904,0.9038175075285689,0.006922801690705582,3,0.5333333333333333,8,15,-0.00026633455193394464,0.04238652609253812,0.0,0.508914936120884,0.8968947058378633,1.1315494653890634,0.9038175075285689,1.106418045313634,0.03298460625686736,0.22595353231943038,2.748797474402251,0.8968947058378633,0.9057648637330533,84,0.9055487276448467,2.289927291336381,1.931106121206494,5.385838287779408,0.17857142857142858,0.08333333333333333,0.1430322379088773,10,18,9,0.9591410889133788,0.39191004282203834,point_alpha_lt_1_uncertain
bonds,SU46023RMFS6,504,2019-05-02,2021-05-04,504,137,lower,raw,15,0.10948905109489052,0.9038175075285689,0.006922801690705582,3,0.5333333333333333,8,15,-0.0005735989915988699,0.04184937073913541,0.0,0.508914936120884,0.8968947058378633,1.1315494653890634,0.9038175075285689,1.106418045313634,0.03298460625686736,0.22595353231943038,2.5729660836871773,0.8968947058378633,0.9057648637330533,91,0.9381300996425191,2.151115473579132,1.4788465171422138,1.5790936676073088,0.13186813186813187,0.054945054945054944,0.1430322379088773,10,20,11,0.9591410889133788,0.3148646813568412,point_alpha_lt_1_uncertain
bonds,SU46023RMFS6,504,2019-06-03,2021-06-02,504,145,lower,raw,18,0.12413793103448276,1.0052360545699093,0.05962650390344315,3,0.6111111111111112,11,18,-0.0008370206357479091,0.04154998307587375,0.0,0.508914936120884,1.0052360545699093,1.0648625584733524,0.5921929847411332,1.6886387136739427,0.013085376344626514,0.19688702806968728,8.573539719471746,1.0052360545699093,0.9120468005682398,93,0.9282839086915775,1.7887759011804747,1.198752767160085,0.3524265838948298,0.1827956989247312,0.043010752688172046,0.17224145691299153,10,21,12,1.0072624576592726,0.26314513396707573,point_alpha_1_2_uncertain
bonds,SU46023RMFS6,504,2019-07-03,2021-07-01,504,152,lower,raw,21,0.13815789473684212,1.0149301201603642,0.04283160059520941,3,0.6666666666666666,14,21,-0.0008369762101797756,0.04161880719829572,0.0,0.508914936120884,1.0149301201603642,1.0577617207555736,0.7581094381007268,1.3190707696573145,0.01652457737244248,0.16598238364466722,,1.1346789329335112,0.926434690797443,97,0.8919309797038617,1.4448973131343392,1.1105235355159642,0.15850910226187714,0.2268041237113402,0.0,0.14067539814973,10,22,13,1.0092888607486359,0.22022349768208827,point_alpha_1_2_uncertain
bonds,SU46023RMFS6,504,2019-08-01,2021-07-30,504,157,lower,raw,22,0.14012738853503184,1.0440447391028465,0.009167164954672069,3,0.6363636363636364,14,22,-0.0008065507166224816,0.04161247752257745,0.0,0.508914936120884,1.0532119040575185,1.0440447391028465,0.6590902617764763,1.5172428694434872,0.01208189818625547,0.15808445015453343,,1.1794657959272032,0.9228037432277358,99,0.8501234661607526,2.0544241665567804,1.2011234436916338,0.3863353342895726,0.3333333333333333,0.06060606060606061,0.10099700386329905,10,23,14,1.031447021037733,0.2148775836218706,point_alpha_1_2_uncertain
bonds,SU46023RMFS6,504,2019-08-30,2021-08-30,504,163,lower,raw,19,0.1165644171779141,1.0171428185065492,0.022432604664999634,3,0.631578947368421,12,19,-0.0010065911531080684,0.039620329560117136,0.0,0.508914936120884,1.0171428185065492,1.0395754231715488,0.7377163892494234,1.3555344771687023,0.015799923357677315,0.1624542129319515,,1.0171428185065492,0.9102274663813285,96,0.8277122072256725,1.7350476831361261,1.4140882691852201,2.7511895936709485,0.25,0.03125,0.12283858115778465,10,24,15,1.0381044002318645,0.06382180995822351,point_alpha_1_2_uncertain
bonds,SU46023RMFS6,504,2019-09-30,2021-09-28,504,170,lower,raw,22,0.12941176470588237,1.0437836605203579,0.07268132263361271,3,0.5909090909090909,13,22,-0.0010088916498473552,0.03962701764383823,0.0,0.508914936120884,1.1164649831539706,1.0437836605203579,0.6783893263275093,1.4740797963516679,0.010829325950515138,0.14042047758946075,,1.2656429624128693,0.9299543159588969,98,0.8697020375715272,1.5078867521301498,1.1428476583809588,0.25980906051703295,0.25510204081632654,0.01020408163265306,0.16540513110491234,10,25,16,1.0392045162560923,0.06476376024006081,point_alpha_1_2_uncertain
bonds,SU46023RMFS6,504,2019-10-29,2021-10-27,504,179,lower,raw,19,0.10614525139664804,1.0171428185065492,0.022432604664999634,3,0.631578947368421,12,19,-0.0010383173502712514,0.03966015181802549,0.0,0.508914936120884,1.0171428185065492,1.0395754231715488,0.7377163892494234,1.3555344771687023,0.015799923357677315,0.1624542129319515,,1.0171428185065492,0.9102274663813285,98,0.8644793219101599,1.6472527639662888,1.6201983407001288,4.719038699151906,0.2755102040816326,0.02040816326530612,0.12283858115778465,10,26,17,1.04030463228032,0.0661351260904115,point_alpha_1_2_uncertain
bonds,SU46023RMFS6,504,2019-11-28,2021-11-26,504,189,lower,raw,19,0.10052910052910052,1.0171428185065492,0.022432604664999634,3,0.631578947368421,12,19,-0.0010252535091074297,0.03968635390708464,0.0,0.508914936120884,1.0171428185065492,1.0395754231715488,0.7377163892494234,1.3555344771687023,0.015799923357677315,0.1624542129319515,,1.0171428185065492,0.9102274663813285,98,0.8642955474998134,1.5182761687523385,1.2536054569956876,1.4378083227978848,0.30612244897959184,0.030612244897959183,0.12283858115778465,10,28,19,1.0437836605203579,0.06509766731378763,point_alpha_1_2_uncertain
bonds,SU46023RMFS6,504,2019-12-27,2021-12-27,504,198,lower,raw,19,0.09595959595959595,1.0171428185065492,0.022432604664999634,3,0.631578947368421,12,19,-0.001090902140484481,0.039674200444975924,0.0,0.508914936120884,1.0171428185065492,1.0395754231715488,0.7377163892494234,1.3555344771687023,0.015799923357677315,0.1624542129319515,,1.0171428185065492,0.9102274663813285,97,0.8807931123382415,1.7251845504607417,1.2478354181458577,0.6864727926076587,0.28865979381443296,0.05154639175257732,0.12283858115778465,10,29,20,1.045507565352053,0.0640756287242461,point_alpha_1_2_uncertain
bonds,SU46023RMFS6,504,2020-01-31,2022-01-26,504,207,lower,raw,11,0.05314009661835749,1.2355599973429972,0.00013780645400118807,3,0.5454545454545454,6,11,-0.000332611644876881,0.025864283476110462,0.0,0.308734255067137,1.2356978037969983,1.2355599973429972,0.7817295703366269,1.2792147539837617,0.0140390575251518,0.18087498134331842,1.5289325593093217,1.2356978037969983,1.044834084612798,87,1.0902544590627161,2.929772353115828,1.6505550806584999,1.5935020650545142,0.011494252873563218,0.08045977011494253,0.11462223912123531,10,31,22,1.2767099428634556,0.06682410434982611,point_alpha_1_2_uncertain
bonds,SU46023RMFS6,504,2020-03-03,2022-02-24,504,209,lower,raw,19,0.09090909090909091,1.4639961063619114,0.02218634624766125,3,0.7894736842105263,15,19,-0.0007106525502890117,0.016328097328656345,0.0,0.226949155575214,1.826205628750201,1.44180976011425,1.4639961063619114,0.6830619259535053,0.008895469038922335,0.2150451301479045,,1.826205628750201,1.2822160728498095,85,1.1232458704585335,2.2227196322552416,1.5457968568947706,0.5037113966020863,0.0,0.1411764705882353,0.12523490576511534,10,31,22,1.4509259774503147,0.11584137270398487,point_alpha_1_2_uncertain
bonds,SU46023RMFS6,504,2020-04-02,2022-03-29,504,204,lower,raw,18,0.08823529411764706,1.4305593022685663,0.0010221872276792165,3,0.8333333333333334,15,18,-0.0007905324865214663,0.016299172967518562,0.0,0.226949155575214,1.5681475460598069,1.429537115040887,1.4305593022685663,0.6990272954180999,0.010894885457376033,0.1994068779611763,,1.5681475460598069,1.2762423430325012,94,1.1230686467264495,4.172105286078861,1.953612348206151,2.5689188679653094,0.0,0.14893617021276595,0.12139348155303727,10,30,21,1.4164442563086848,0.07902061101946556,point_alpha_1_2_uncertain
bonds,SU46023RMFS6,504,2020-05-04,2022-04-27,504,205,lower,raw,16,0.07804878048780488,1.3754740348397345,0.047473758081173933,3,0.9375,15,16,-0.0007291950830964018,0.016226369441163103,0.0,0.226949155575214,1.4815089726347292,1.3754740348397345,1.3280002767585606,0.7530118912631875,0.011332836982132517,0.1966695413651589,,1.4815089726347292,1.2155948982590703,95,1.071025907523365,3.854951571208529,1.646043208432256,1.0901025190573321,0.031578947368421054,0.09473684210526316,0.17177131650524624,10,30,21,1.3708399408091132,0.03467649630597114,point_alpha_1_2_uncertain
bonds,SU46023RMFS6,504,2020-06-03,2022-06-01,504,209,lower,raw,14,0.06698564593301436,1.3061146802903212,0.10458749194693584,3,1.0,14,14,-0.0007141706883894103,0.015976567843832702,0.0,0.226949155575214,1.410702172237257,1.3061146802903212,1.194020972562217,0.8375062272600852,0.01128617812182675,0.18462893903900268,,1.410702172237257,1.1414144070769958,96,1.001385504451389,3.065763457355722,2.06065230924717,5.148031529396552,0.052083333333333336,0.10416666666666667,0.23609575064388255,10,31,22,1.33293650296477,0.0744304631508439,point_alpha_1_2_uncertain
bonds,SU46023RMFS6,504,2020-07-07,2022-07-01,504,208,lower,raw,14,0.0673076923076923,1.3061146802903212,0.10458749194693584,3,1.0,14,14,-0.0006712251281599857,0.01600596193093164,0.0,0.226949155575214,1.410702172237257,1.3061146802903212,1.194020972562217,0.8375062272600852,0.01128617812182675,0.18462893903900268,,1.410702172237257,1.1414144070769958,97,1.0219009164837891,2.7541538371963816,1.5199527233582233,0.779340663371797,0.041237113402061855,0.1134020618556701,0.23609575064388255,10,31,22,1.33293650296477,0.0744304631508439,point_alpha_1_2_uncertain
bonds,SU46023RMFS6,504,2020-08-05,2022-08-01,504,206,lower,raw,13,0.06310679611650485,1.2852442912205104,0.06000789655173544,3,1.0,13,13,-0.0006463851755491953,0.0159174551583878,0.0,0.226949155575214,1.3452521877722459,1.2852442912205104,1.1683873118703014,0.8558805713143576,0.012042375104366928,0.18714319355903453,,1.3452521877722459,1.1099390284950417,94,1.037126671269952,2.5099432602949774,1.5110371894016357,0.7099069836321719,0.0425531914893617,0.06382978723404255,0.19964275227085984,10,30,21,1.3176002704857595,0.07756645002650675,point_alpha_1_2_uncertain
bonds,SU46023RMFS6,504,2020-09-03,2022-08-30,504,205,lower,raw,29,0.14146341463414633,1.3975853876787616,0.18458347032029465,3,0.5517241379310345,16,29,-0.0006234401246408911,0.015770409556972655,0.0,0.226949155575214,1.9934420811556202,1.3975853876787616,1.213001917358467,0.8244010052166137,0.004991673083623973,0.16737092317324687,11.429275003446906,2.3765267357446658,1.3441886568000785,98,1.160722180634777,2.6831261078687816,1.6203862571318488,0.6978905830650038,0.0,0.09183673469387756,0.23963650434554656,10,30,21,1.3050886851026942,0.10970336811098003,point_alpha_1_2_uncertain
bonds,SU46023RMFS6,504,2020-10-02,2022-09-28,504,210,lower,raw,11,0.05238095238095238,1.1872120242417623,0.09454077764386049,3,1.0,11,11,-0.0006870588496130709,0.015580373337891489,0.0,0.226949155575214,1.2817528018856228,1.1872120242417623,0.9549184429765635,1.0472098505951077,0.010643266156890084,0.18416865847294184,,1.2817528018856228,1.0098627818691497,97,0.9597617416271167,2.4487509943713186,1.7633612104372878,2.6802725397160367,0.08247422680412371,0.09278350515463918,0.24954992075159818,10,31,22,1.2970198763086858,0.12463820710668783,point_alpha_1_2_uncertain
bonds,SU46023RMFS6,504,2020-11-02,2022-10-27,504,212,lower,raw,11,0.05188679245283019,1.1872120242417623,0.09454077764386049,3,1.0,11,11,-0.000633138726358127,0.01552565041835365,0.0,0.226949155575214,1.2817528018856228,1.1872120242417623,0.9549184429765635,1.0472098505951077,0.010643266156890084,0.18416865847294184,,1.2817528018856228,1.0098627818691497,98,0.9311429782898292,2.4987077092120855,1.4776727294143654,1.2404118017024306,0.09183673469387756,0.08163265306122448,0.24954992075159818,10,31,22,1.2937462251448073,0.1217229445296204,point_alpha_1_2_uncertain
bonds,SU46023RMFS6,504,2020-12-02,2022-11-28,504,213,lower,raw,11,0.051643192488262914,1.1693947053570202,0.09075367055643757,3,0.9090909090909091,10,11,-0.0006499117372279142,0.015369975405106852,0.0,0.226949155575214,1.2601483759134577,1.1693947053570202,0.8976427473415918,1.1140289418719682,0.009917530135086772,0.16470221717226297,,1.2601483759134577,0.9964455272210192,96,0.9761627871238802,3.241686697149813,1.9815608237416484,3.819215569573799,0.08333333333333333,0.11458333333333333,0.24168652425606912,10,31,22,1.2755842956920291,0.10629650542624813,point_alpha_1_2_uncertain
bonds,SU46023RMFS6,504,2021-01-04,2022-12-27,504,209,lower,raw,29,0.13875598086124402,1.3220647842887419,0.04071082339958654,3,0.5862068965517241,17,29,-0.0006106710115464512,0.015057033288790135,0.0,0.226949155575214,1.7204960047103424,1.3220647842887419,1.2813539608891553,0.7804244810747543,0.005190892785415074,0.17574114434080457,3.3637583224074397,2.0238945234212,1.2345699206983087,96,1.127077446200127,4.347840230897093,2.387085139684339,5.479182836399526,0.010416666666666666,0.125,0.14033096127367867,10,31,22,1.2386255700500879,0.12058954793077681,point_alpha_1_2_uncertain
bonds,SU46023RMFS6,504,2021-02-03,2023-01-26,504,207,lower,raw,29,0.14009661835748793,1.2588615344678031,0.05635671248664198,3,0.6206896551724138,18,29,-0.0007968948945637236,0.017508568308704953,0.0,0.274306089440047,1.6950928059615507,1.2588615344678031,1.2025048219811612,0.831597496925186,0.00500947167573574,0.180751882637337,3.4600796178560156,2.014707666805603,1.1482937145648529,97,0.9984325435048734,3.615584249116374,1.6656953843696989,1.06161467626194,0.05154639175257732,0.12371134020618557,0.15781120767552548,10,31,22,1.1891785454606154,0.12823140881582407,point_alpha_1_2_uncertain
bonds,SU46023RMFS6,504,2021-03-04,2023-02-27,504,206,lower,raw,29,0.1407766990291262,1.2588615344678031,0.05635671248664198,3,0.6206896551724138,18,29,-0.0008035877277774969,0.017496276690161985,0.0,0.274306089440047,1.6950928059615507,1.2588615344678031,1.2025048219811612,0.831597496925186,0.00500947167573574,0.180751882637337,2.3466347477155893,2.014707666805603,1.1482937145648529,95,0.9900473593368877,2.656367496512404,1.4632661184372993,0.8202028865364899,0.07368421052631578,0.10526315789473684,0.15197815889578875,10,30,21,1.1838596872615943,0.12547369065372793,point_alpha_1_2_uncertain
bonds,SU46023RMFS6,504,2021-04-05,2023-03-29,504,205,lower,raw,29,0.14146341463414633,1.2563629542642136,0.009404242721449796,3,0.6206896551724138,18,29,-0.0007845723730599127,0.01744714829631602,0.0,0.274306089440047,1.6158510280345322,1.2563629542642136,1.2469587115427638,0.8019511718738295,0.005447550651974595,0.19027468382913343,4.230657755644538,1.9042658154287997,1.1464218699194457,98,0.9922381119434572,2.6970136330232113,1.5470216781334696,0.8908358957695385,0.061224489795918366,0.10204081632653061,0.1000342342905358,10,30,21,1.1838596872615943,0.12547369065372793,point_alpha_1_2_uncertain
bonds,SU46023RMFS6,504,2021-05-05,2023-04-27,504,201,lower,raw,29,0.14427860696517414,1.2330263881398607,0.012284328719445181,3,0.6206896551724138,18,29,-0.0007814210145767089,0.017309351684351337,0.0,0.274306089440047,1.5571940605037125,1.2330263881398607,1.2207420594204155,0.8191738723860965,0.005294555546778893,0.16326672131808745,2.722970125295509,1.8292489369710612,1.120435426708734,94,1.0105759391677622,2.4169139800040904,1.4713706067029575,0.6772826235876642,0.0425531914893617,0.09574468085106383,0.0980115397975066,10,30,21,1.1793947846907853,0.11400816311679662,point_alpha_1_2_uncertain
bonds,SU46023RMFS6,504,2021-06-03,2023-05-30,504,200,lower,raw,29,0.145,1.2099976036230222,0.011840405125997266,3,0.6206896551724138,18,29,-0.0007522667927665371,0.01716971800771007,0.0,0.274306089440047,1.5423833450886602,1.2099976036230222,1.198157198497025,0.8346150248518355,0.004909268201387269,0.16303523022855415,2.5471980599804165,1.8168659249369148,1.087054421236478,97,0.9796481301183002,3.639163871013315,1.7444131973307462,1.7343956387102513,0.08247422680412371,0.12371134020618557,0.10426070149433196,10,30,21,1.151905968836721,0.09601369401025095,point_alpha_1_2_uncertain
bonds,SU46023RMFS6,504,2021-07-02,2023-06-29,504,205,lower,raw,29,0.14146341463414633,1.2238378812248505,0.06098390534597886,3,0.6206896551724138,18,29,-0.0007653183526790877,0.01700341773944474,0.0,0.274306089440047,1.3558768032385409,1.1628539758788716,1.2238378812248505,0.8171016891544267,0.005215421585997815,0.19123970286195024,1.5975697684562338,1.5719815631553546,1.0453489309002622,97,0.8937670396884663,2.2208079268867094,1.322918695147032,0.5009554819822377,0.1958762886597938,0.061855670103092786,0.17765591308126996,10,30,21,1.1040683843403436,0.0884531722408699,point_alpha_1_2_uncertain
bonds,SU46023RMFS6,504,2021-08-02,2023-07-28,504,207,lower,raw,29,0.14009661835748793,1.1561653197173694,0.005577467391341129,3,0.6551724137931034,19,29,-0.0007439695741061314,0.0169836776290599,0.0,0.274306089440047,1.386945155464057,1.1505878523260282,1.1561653197173694,0.8649282096131852,0.004717274751190596,0.1796798780572023,2.643678713608708,1.6162505459256997,1.0340098800117312,99,0.9338066744501253,2.7053798336421493,1.5011906592833228,1.4324249740755652,0.13131313131313133,0.10101010101010101,0.09561479021426385,10,31,22,1.1019852235652956,0.10824934961547394,point_alpha_1_2_uncertain
bonds,SU46023RMFS6,504,2021-08-31,2023-08-28,504,209,lower,raw,30,0.14354066985645933,1.2065398121601252,0.03708401490426172,3,0.6333333333333333,19,30,-0.0007734580189099461,0.0170090995131055,0.0,0.274306089440047,1.4057307380120534,1.1694557972558635,1.2065398121601252,0.8288164136164333,0.004830268860724528,0.18800838775882067,1.6775797910558108,1.63244595545517,1.0517885426793956,95,0.9228647186179498,3.6855943053100186,1.5995451837047312,1.419131568044154,0.17894736842105263,0.10526315789473684,0.150858306592688,10,31,22,1.1118195902842878,0.09424516074916878,point_alpha_1_2_uncertain
bonds,SU46023RMFS6,504,2021-09-29,2023-09-26,504,210,lower,raw,30,0.14285714285714285,1.1610426628793686,0.0042880175370481055,3,0.6333333333333333,19,30,-0.0007720989088545337,0.01700291326617942,0.0,0.274306089440047,1.4124335420737584,1.1610426628793686,1.1567546453423205,0.8644875592473357,0.004568665205721886,0.1776497650507134,5.580010326346147,1.6426200435801674,1.0463435303811566,97,0.90243447017149,2.3110663818744968,1.328034254147577,0.4403339877157739,0.18556701030927836,0.09278350515463918,0.08695754650494085,10,31,22,1.1032582263199027,0.09020034135334387,point_alpha_1_2_uncertain
bonds,SU46023RMFS6,504,2021-10-28,2023-10-25,504,216,lower,raw,28,0.12962962962962962,1.133602476482242,0.050103372457310336,3,0.6785714285714286,19,28,-0.0007999699800248117,0.01693978844306782,0.0,0.274306089440047,1.4272237707175714,1.133602476482242,1.0834991040249318,0.9229356962873774,0.004197510156512461,0.1901693715515863,6.228659441278372,1.6839960461602412,1.0036537086159307,100,0.8761704675420884,3.016862271250058,1.475810725979407,0.959271053995853,0.19,0.12,0.1414508753714636,10,32,23,1.0835277232595752,0.10759282046777718,point_alpha_1_2_uncertain
bonds,SU46023RMFS6,504,2021-11-29,2023-11-23,504,214,lower,raw,30,0.14018691588785046,1.1269521863860201,0.0959672473331119,3,0.6333333333333333,19,30,-0.0008046996455998252,0.016883918570935953,0.0,0.274306089440047,1.4375350882805578,1.1269521863860201,1.0309849390529082,0.9699462738210591,0.003600815766920136,0.15629054515643104,3.2002851786906636,1.6864143106277236,1.0053807247603728,97,0.9353358653534862,2.7443466164261325,1.4284884914488765,0.8178333486302959,0.18556701030927836,0.12371134020618557,0.16993885426844,10,32,23,1.0762760868299914,0.08876474609657059,point_alpha_1_2_uncertain
bonds,SU46023RMFS6,504,2021-12-28,2023-12-22,504,209,lower,raw,28,0.1339712918660287,1.1004514125395113,0.1394565279163632,3,0.6428571428571429,18,28,-0.0007819700988735452,0.01683810885062596,0.0,0.274306089440047,1.407210621387432,1.1004514125395113,0.9609948846231481,1.0405882653497658,0.003450385957436777,0.1487785042291997,3.1761790663937526,1.6641281637034295,0.975215448954404,100,0.8934470380965527,2.3717899509844154,1.309355394580763,0.6013728003785451,0.28,0.11,0.21994008278014648,10,31,22,1.053462565743123,0.09188271460320974,point_alpha_1_2_uncertain
bonds,SU46023RMFS6,504,2022-01-27,2024-01-24,504,204,lower,raw,21,0.10294117647058823,1.0295411297135997,0.13551625047405114,3,0.7142857142857143,15,21,-0.0007438070561008469,0.016791492251379138,0.0,0.274306089440047,1.261070570574024,1.0295411297135997,0.8940248792395485,1.1185371047510368,0.004226886071383187,0.1718942590269612,,1.5305378055156287,0.888596272834446,99,0.8188610176618493,2.3273877712420727,1.3930762285048846,1.547641169846484,0.36363636363636365,0.06060606060606061,0.2613346798541025,10,30,21,1.0237511424266308,0.09477837886624374,point_alpha_1_2_uncertain
bonds,SU46023RMFS6,504,2022-02-25,2024-02-22,504,199,lower,raw,16,0.08040201005025126,0.9028017324481075,0.07476263032292074,3,0.8125,13,16,-0.0009599949522092569,0.022041592962714053,0.0,0.394853209181612,1.0587239390612453,0.9028017324481075,0.8280391021251867,1.2076724365231915,0.005458976282849979,0.24506856318870796,19.761043778834036,1.0587239390612453,0.7357510783724348,96,0.7002216870648763,1.633004395411986,1.0583409400667099,0.3289998368574389,0.5,0.020833333333333332,0.2300031815369444,10,29,20,0.9495898439113273,0.10282228110903846,point_alpha_lt_1_uncertain
bonds,SU46023RMFS6,504,2022-03-30,2024-03-26,504,206,lower,raw,29,0.1407766990291262,1.0851730072603278,0.13122527211519064,3,0.5517241379310345,16,29,-0.0009452469564297578,0.021795821893966574,0.0,0.394853209181612,1.5584041238146409,1.0851730072603278,0.9539477351451372,1.0482754590825212,0.0023491580294903625,0.1512431943751028,1.7156572545178483,1.9453703473883093,0.8726921853108824,97,0.849640725362959,3.3283555481423135,1.4949745638609107,1.859427926195743,0.23711340206185566,0.061855670103092786,0.23311128768434464,10,30,21,0.9952808306044008,0.15764529262608795,point_alpha_1_2_uncertain
bonds,SU46023RMFS6,504,2022-04-28,2024-04-24,504,209,lower,raw,30,0.14354066985645933,1.0521228037151578,0.002143549428845537,3,0.6,18,30,-0.0010087955925900383,0.021730695606124947,0.0,0.394853209181612,1.3790862060931761,1.0499792542863122,1.0521228037151578,0.9504593916878272,0.0027914304100916465,0.17909656162592655,6.401597836092099,1.6699212925996068,0.8677703537809122,96,0.8194664775394125,1.6156625612654298,1.1991224098741,0.6394971226303862,0.40625,0.041666666666666664,0.08663076114569225,10,31,22,1.0156092970078845,0.13869484567481194,point_alpha_1_2_uncertain
bonds,SU46023RMFS6,504,2022-06-02,2024-05-24,504,210,lower,raw,28,0.13333333333333333,1.0228168702704294,0.018527553654263063,3,0.6071428571428571,17,28,-0.0010664489602177957,0.02170515311380087,0.0,0.394853209181612,1.3156487161080426,1.0228168702704294,1.0042893166161664,0.9957290030420529,0.002874374505737157,0.1639717241090837,,1.5988450771756464,0.8454759860008437,94,0.8546921123847974,3.168776812568063,1.4031919490545626,1.1122289418395441,0.32978723404255317,0.07446808510638298,0.10910225072006276,10,31,22,1.0050040145283723,0.11625262332986364,point_alpha_1_2_uncertain
bonds,SU46023RMFS6,504,2022-07-04,2024-06-25,504,210,lower,raw,28,0.13333333333333333,1.0279070548258977,0.014557254199414338,3,0.6071428571428571,17,28,-0.0011244737044721017,0.02167242589452824,0.0,0.394853209181612,1.344015593580576,1.0279070548258977,1.0133498006264834,0.9868260687294454,0.0027877392789927755,0.17137002019633227,12.70182237850941,1.6425351328266227,0.8412042877060785,92,0.8104924538656955,4.049632576632226,1.5395910864108493,2.2528607488092827,0.391304347826087,0.08695652173913043,0.10464361345212404,10,31,22,1.0135031437405093,0.11620062135521236,point_alpha_1_2_uncertain
bonds,SU46023RMFS6,504,2022-08-02,2024-07-24,504,211,lower,raw,29,0.13744075829383887,1.0478332364432223,0.008657375152586244,3,0.5862068965517241,17,29,-0.0011219381396447169,0.02166373177576368,0.0,0.394853209181612,1.4201195984606256,1.0478332364432223,1.039175861290636,0.962301028391883,0.0025848076662050774,0.19637132370869353,2.8346103154845,1.7471904935718043,0.8428803923761847,91,0.8620675765441713,3.0890187140974876,1.5178158243046822,1.8053219368986198,0.2857142857142857,0.06593406593406594,0.10031970792104007,10,31,22,1.0323558443913778,0.12475390873272474,point_alpha_1_2_uncertain
bonds,SU46023RMFS6,504,2022-08-31,2024-08-22,504,213,lower,raw,30,0.14084507042253522,1.146987420657649,0.09076708515774512,3,0.5666666666666667,17,30,-0.0011537632938744245,0.021684519049305982,0.0,0.394853209181612,1.3620688970458736,1.0562203354999038,1.146987420657649,0.8718491432335234,0.0031239813445476765,0.18910481930601328,2.408615178253632,1.6439815696588937,0.868340468393562,94,0.8454245508997832,5.288132494216823,1.6317677817770897,1.8467401317062573,0.30851063829787234,0.09574468085106383,0.23344093936693427,10,31,22,1.0193779296951608,0.13899117900769742,point_alpha_1_2_uncertain
bonds,SU46023RMFS6,504,2022-09-29,2024-09-20,504,208,lower,raw,30,0.14423076923076922,1.0586201344859572,0.008161933843575664,3,0.6333333333333333,19,30,-0.0011012693167554185,0.02168786975405223,0.0,0.394853209181612,1.3776990748437012,1.0504582006423815,1.0586201344859572,0.9446259025534011,0.002815041626433497,0.1441407035323572,3.8759718357723894,1.6678178065324623,0.8690136164842871,89,0.811321409884973,5.191297230735396,1.9333448714112693,3.5111227093164588,0.30337078651685395,0.07865168539325842,0.08297548659103796,10,31,22,1.0092100815324525,0.13571277406147275,point_alpha_1_2_uncertain
bonds,SU46023RMFS6,504,2022-10-28,2024-10-21,504,210,lower,raw,28,0.13333333333333333,1.025864541952571,0.050252736616940075,3,0.6785714285714286,19,28,-0.0011501871540086975,0.021667147288081518,0.0,0.394853209181612,1.3456735871516137,1.025864541952571,0.9756118053356309,1.024997847023775,0.002683032299311071,0.13336963269760338,,1.6443385485839053,0.8444200799477437,96,0.8063926775432205,3.3193324730678913,1.40868317867916,1.342689013165908,0.3541666666666667,0.08333333333333333,0.1374366290558571,10,31,22,0.9774092680298042,0.10914460086231847,point_alpha_1_2_uncertain
bonds,SU46023RMFS6,504,2022-11-29,2024-11-19,504,215,lower,raw,31,0.14418604651162792,1.0456904513313596,0.04021740419441899,3,0.6774193548387096,21,31,-0.0011422195185865488,0.021667903907988974,0.0,0.394853209181612,1.3763298818536873,1.0456904513313596,1.0054730471369406,0.9945567440594006,0.002525000578869353,0.1221114434487175,3.033261290490524,1.6591370038410387,0.8720381014811395,98,0.8008719874208214,3.2645016661339636,1.422523425441369,1.5246492890660597,0.37755102040816324,0.07142857142857142,0.1237450213511842,10,32,23,0.9830527942473885,0.11315132967292918,point_alpha_1_2_uncertain
bonds,SU46023RMFS6,504,2022-12-28,2024-12-18,504,215,lower,raw,30,0.13953488372093023,1.0470112404896856,0.09595857508975303,3,0.7,21,30,-0.001121853995179052,0.02167265139658177,0.0,0.394853209181612,1.4127849171040154,1.0470112404896856,0.9510526653999326,1.0514664817005526,0.0023575082591689015,0.1218484803195734,3.3448300528714974,1.7221344679150128,0.8642711396306197,93,0.8366902832349599,3.4026655664716454,1.6225233072075487,2.4504507912443,0.3548387096774194,0.0967741935483871,0.1844967319055379,10,32,23,0.9815790682365092,0.11575936959294131,point_alpha_1_2_uncertain
bonds,SU46023RMFS6,504,2023-01-27,2025-01-21,504,209,lower,raw,26,0.12440191387559808,1.2491774232495045,0.02515181716877124,3,0.6538461538461539,17,26,-0.0005175897456981131,0.017914699286876317,0.0,0.394853209181612,1.824182343087308,1.2240256060807333,1.2491774232495045,0.8005267957842886,0.0022139349436580856,0.13329295341539005,8.480867701050093,2.5130325442705157,1.0052216785531431,81,0.8952624803210607,7.0554596093434085,2.3484189034129983,2.2752630587539446,0.1728395061728395,0.2716049382716049,0.08759934136513839,10,31,22,1.1787565926129386,0.13581542714760553,point_alpha_1_2_uncertain
bonds,SU46023RMFS6,504,2023-02-28,2025-02-19,504,208,lower,raw,30,0.14423076923076922,0.9864000521278031,0.20705109954882073,3,0.6,18,30,-0.00186649441538091,0.034155135064555774,0.0,0.652002442785799,1.393618304976913,0.9864000521278031,0.7793489525789824,1.2831222736501413,0.0018978469802662119,0.12137670302986647,2.1824596142848107,1.7382847073111516,0.7731187547576405,96,0.7842739633254135,3.1012827607659466,1.4970475054699304,2.661828200117556,0.53125,0.09375,0.3181050814019601,10,31,22,0.892870917220263,0.1367132622893944,point_alpha_lt_1_uncertain
bonds,SU46023RMFS6,504,2023-03-30,2025-03-20,504,206,lower,raw,29,0.1407766990291262,0.9746948263070218,0.21918820782139503,3,0.5862068965517241,17,29,-0.001867700926491216,0.034154355081565786,0.001984126984126984,0.652002442785799,1.3665242499179304,0.9746948263070218,0.7555066184856267,1.3236151418560005,0.0018765674570691507,0.12210172219007309,3.315899657264444,1.7095959632513913,0.7631138802801537,98,0.7534989332605079,5.519573940645317,1.6239533627450395,1.9920352766497442,0.5204081632653061,0.12244897959183673,0.3396329214714872,10,30,21,0.8802398615505211,0.13744503109304795,point_alpha_lt_1_uncertain
bonds,SU46023RMFS6,504,2023-04-28,2025-04-18,504,208,lower,raw,30,0.14423076923076922,0.9822071665231079,0.2154375978064783,3,0.6,18,30,-0.001868955562551068,0.03415543930058271,0.001984126984126984,0.652002442785799,1.3825072251790953,0.9822071665231079,0.7667695687166296,1.3041727799314424,0.0018508281657370958,0.11940077039289221,5.212883078954926,1.722071017598357,0.7713775186702143,97,0.7394774037031308,4.022023697910467,1.3680740133049263,1.1385860267255328,0.5360824742268041,0.1134020618556701,0.3312588597514202,10,31,22,0.8899881845511349,0.14108943627469683,point_alpha_lt_1_uncertain
bonds,SU46023RMFS6,504,2023-05-31,2025-05-21,504,209,lower,raw,12,0.05741626794258373,0.7508355307549215,0.1292101110719358,3,0.75,9,12,-0.0018921043710374542,0.03414896705353663,0.003968253968253968,0.652002442785799,0.8800456418268573,0.7508355307549215,0.5842087314635886,1.7117169705676094,0.004342559729185042,0.22415635870887174,2.0273720734980385,0.8800456418268573,0.5745326621358888,88,0.5164960953109137,1.1363362890513453,1.0204480282933586,1.6535931847018683,0.7727272727272727,0.03409090909090909,0.31941945097606267,10,31,22,0.8930957226569801,0.14482549619613083,point_alpha_lt_1_uncertain
bonds,SU46023RMFS6,504,2023-06-30,2025-06-20,504,202,lower,raw,13,0.06435643564356436,0.7780925431713854,0.156571648535187,3,0.7692307692307693,10,13,-0.0018227751115311903,0.03416167665549075,0.003968253968253968,0.652002442785799,0.9346641917065724,0.7780925431713854,0.6123442257045988,1.6330683919642452,0.00412083121950421,0.22556462524775045,2.2148975840942646,0.9346641917065724,0.5918604623448777,94,0.5518958613987078,1.3411976166233184,1.267371285279851,2.6200073271204594,0.7340425531914894,0.0425531914893617,0.35411737463679044,10,30,21,0.8815571866399926,0.1333686732486763,point_alpha_lt_1_uncertain
bonds,SU46023RMFS6,504,2023-07-31,2025-07-21,504,203,lower,raw,12,0.059113300492610835,0.75020647117687,0.12555253330925187,3,0.75,9,12,-0.0017708321246271582,0.03416760599241721,0.003968253968253968,0.652002442785799,0.8757590044861219,0.75020647117687,0.5930284750955339,1.6862596687939901,0.0045346831026526185,0.23057906885062018,2.0273720734980385,0.8757590044861219,0.5756480834562336,94,0.5300577548402435,1.174884375537709,0.9016558587684455,0.8631028020934495,0.8297872340425532,0.031914893617021274,0.3153686999166578,10,30,21,0.885725700931335,0.14393116477750278,point_alpha_lt_1_uncertain
bonds,SU46023RMFS6,504,2023-08-29,2025-08-19,504,201,lower,raw,11,0.05472636815920398,0.7255401017124964,0.09550780428963712,3,0.8181818181818182,9,11,-0.001709264207157847,0.034181457136693336,0.003968253968253968,0.652002442785799,0.8210479060021335,0.7255401017124964,0.5658288993901633,1.7673187090263076,0.005025463887274226,0.16094139803317264,2.3222815393443113,0.8210479060021335,0.5663090337736912,95,0.5377309742243832,2.735683678887736,1.3217986864362423,2.9577454030036714,0.7368421052631579,0.07368421052631578,0.25224040145395477,10,30,21,0.8827730235520521,0.1438966358940823,point_alpha_lt_1_uncertain
bonds,SU46023RMFS6,504,2023-09-27,2025-09-17,504,203,lower,raw,18,0.08866995073891626,0.860805639202125,0.1844693168409942,3,0.7777777777777778,14,18,-0.0017194179848764124,0.034198084084130276,0.003968253968253968,0.652002442785799,1.1008946660157009,0.860805639202125,0.6763363223611308,1.4785543330113333,0.003070713941377407,0.14977157099988309,,1.1008946660157009,0.6640702961125412,96,0.6085306438563528,3.9159658874072036,1.71212649600622,5.175839848681855,0.625,0.125,0.3397908679812802,10,30,21,0.8883743689965786,0.11753578597477365,point_alpha_lt_1_uncertain
bonds,SU46023RMFS6,504,2023-10-26,2025-10-16,504,196,lower,raw,18,0.09183673469387756,0.8816377365912158,0.21980956122213613,3,0.7777777777777778,14,18,-0.0016447804487336323,0.03421487906400416,0.003968253968253968,0.652002442785799,1.166243478148206,0.8816377365912158,0.6618281753690797,1.5109661951794862,0.0027480110487299756,0.16244904257702275,,1.166243478148206,0.665927035451597,99,0.657053587056255,1.9473359947875533,1.0828644956969897,0.737305072206141,0.6161616161616161,0.050505050505050504,0.38811953604069516,10,29,20,0.898169695239641,0.09733733998057603,point_alpha_lt_1_uncertain
bonds,SU46023RMFS6,504,2023-11-24,2025-11-14,504,198,lower,raw,18,0.09090909090909091,0.8816377365912158,0.21980956122213613,3,0.7777777777777778,14,18,-0.001616026841191813,0.03422218447904508,0.003968253968253968,0.652002442785799,1.166243478148206,0.8816377365912158,0.6618281753690797,1.5109661951794862,0.0027480110487299756,0.16244904257702275,,1.166243478148206,0.665927035451597,94,0.6666824845789209,3.647746783696502,1.2708776761767102,1.3708971334492615,0.6382978723404256,0.0851063829787234,0.38811953604069516,10,29,20,0.898169695239641,0.09733733998057603,point_alpha_lt_1_uncertain
bonds,SU46023RMFS6,504,2023-12-25,2025-12-15,504,204,lower,raw,26,0.12745098039215685,0.9565393329097998,0.1543851978588454,3,0.6538461538461539,17,26,-0.0016291170520832713,0.034235573110947166,0.003968253968253968,0.652002442785799,1.292473830849326,0.9565393329097998,0.8021541350509543,1.2466432027262169,0.0026292484561257737,0.1300637086401788,,1.623267432758919,0.7562013769763066,93,0.6841859445894403,3.213133778495995,1.2403163670647663,1.1022841546739335,0.6021505376344086,0.08602150537634409,0.26514956796064215,10,30,21,0.9040042069899675,0.08685704165710928,point_alpha_lt_1_uncertain
bonds,SU46023RMFS6,504,2024-01-25,2026-01-19,504,204,lower,raw,25,0.12254901960784313,0.9416050958725477,0.14530829959564617,3,0.68,17,25,-0.0016434577039061281,0.03423028189315881,0.003968253968253968,0.652002442785799,1.251701459915192,0.9416050958725477,0.7962967962769015,1.2558131649851112,0.0027767553832590956,0.13440175951220656,,1.5730084247146012,0.7462192402341644,95,0.703684010876947,3.657537060772671,1.4048338349844267,2.147177424532678,0.5894736842105263,0.07368421052631578,0.2541070631486578,10,30,21,0.8979927036543471,0.07960609511415961,point_alpha_lt_1_uncertain
bonds,SU46023RMFS6,504,2024-02-26,2026-02-17,504,208,lower,raw,25,0.1201923076923077,1.098976540891242,0.014285245548201875,3,0.68,17,25,-0.000891866479018041,0.02939791569759495,0.003968253968253968,0.652002442785799,1.4965857465676393,1.098976540891242,1.08469129534304,0.9219212916092813,0.0029632608072565586,0.11406864684678453,,2.001790968607737,0.9142387960095509,93,0.7777095386484677,6.957784898286563,2.570539137938008,5.038910052494877,0.3978494623655914,0.22580645161290322,0.07117248566120546,10,31,22,1.065202189263382,0.07181405823798515,point_alpha_1_2_uncertain
bonds,SU46023RMFS6,504,2024-03-27,2026-03-19,504,201,lower,raw,25,0.12437810945273632,1.098976540891242,0.014285245548201875,3,0.68,17,25,-0.0008459098341704749,0.029400033443278153,0.003968253968253968,0.652002442785799,1.4965857465676393,1.098976540891242,1.08469129534304,0.9219212916092813,0.0029632608072565586,0.11406864684678453,18.409950539985935,2.001790968607737,0.9142387960095509,85,0.7641561506876081,7.481062987271125,3.1940944892005283,7.6767929876129095,0.3176470588235294,0.24705882352941178,0.07117248566120546,10,30,21,1.0587823885921424,0.06699133757999198,point_alpha_1_2_uncertain
bonds,SU46023RMFS6,504,2024-04-25,2026-04-17,504,199,lower,raw,24,0.12060301507537688,1.0911811146530335,0.01334848713485548,3,0.6666666666666666,16,24,-0.0008269851218141258,0.02940246635924414,0.003968253968253968,0.652002442785799,1.4848228068939682,1.0911811146530335,1.077832627518178,0.9277878350209199,0.003048924592496288,0.11832839634818104,6.603549222982667,2.0052721133545597,0.9023147674472595,78,0.7496912602230835,8.437197344768578,2.117255755814554,3.0718912123437554,0.34615384615384615,0.1794871794871795,0.07177606135524757,10,29,20,1.0581560597231032,0.06797405805321288,point_alpha_1_2_uncertain
bonds,SU46023RMFS6,504,2024-05-23,2026-05-15,504,199,lower,raw,25,0.12562814070351758,1.1269069731400458,0.021829604985340145,3,0.68,17,25,-0.0008227423443306976,0.029417783541658322,0.003968253968253968,0.652002442785799,1.495309386677153,1.1050773681547057,1.1269069731400458,0.8873846944203134,0.003154098566697281,0.12062877491727342,7.779111125982187,1.9958140623709664,0.9192606597117292,84,0.7748140876464904,6.30721665918946,2.5576771902697586,6.178697840912967,0.34523809523809523,0.20238095238095238,0.07853903678416307,10,29,20,1.0703034687360211,0.09626720714885728,point_alpha_1_2_uncertain
bonds,SU46020RMFS2,504,2018-01-03,2019-12-26,504,203,lower,raw,14,0.06896551724137931,52.10875771970299,47.89124228029701,2,0.5714285714285714,8,14,0.0004540923424759404,0.0046012076618129885,0.0,0.0216834402022167,4.217515439405988,116.04184632945643,inf,-0.04527430650439514,0.0031949758867286506,0.1070063344613334,5.584442093236618,4.217515439405988,4.552325114228347,33,3.115317747983192,18.6332930529968,7.084589980174652,5.001576501000282,0.0,1.0,1.2020309611966475,10,30,21,2.7623189848165786,0.42922404894949473,strict_alpha_gt_2
bonds,SU46020RMFS2,504,2018-02-02,2020-01-30,504,203,lower,raw,23,0.11330049261083744,21.546176635052216,18.576926472655646,2,0.6086956521739131,14,23,0.00044982278297934765,0.004599465490121397,0.0,0.0216834402022167,2.9692501623965706,40.12310310770786,inf,-0.11175458412236464,0.004007575634858612,0.18142030268640844,1.141618240328917,3.2629342820683758,3.4060027975664937,36,3.526882564204654,28.200245209128127,10.47007684214133,10.683427247548117,0.0,1.0,1.1476644494192427,10,30,21,2.859935894130377,1.500083587583703,strict_alpha_gt_2
bonds,SU46020RMFS2,504,2018-03-06,2020-03-02,504,203,lower,raw,13,0.06403940886699508,13.070057402516714,8.817828033895744,2,0.6153846153846154,8,13,0.0003913986123213684,0.004718895899118112,0.0,0.0216834402022167,4.25222936862097,21.887885436412457,inf,-0.08655738451482485,0.003528189419028459,0.13066082082407662,,4.25222936862097,4.392273553626663,41,2.9520227363068776,52.01978826110783,11.864316505975982,13.672381379079017,0.0,1.0,0.9198198596815232,10,30,21,3.7076118603023738,6.721285129025503,strict_alpha_gt_2
bonds,SU46020RMFS2,504,2018-04-05,2020-04-01,504,206,lower,raw,22,0.10679611650485436,2.23258491984311,0.03541899984300256,3,0.4090909090909091,9,22,0.0003028019417384508,0.0068627077345980985,0.0,0.059660975133382,2.23258491984311,2.2680039196861124,2.152451975294491,0.46458643978023406,0.004430824126726026,0.07075274578117098,3.2010028721086163,2.600976572577605,2.0784130508446927,78,1.7892991280620882,14.363815503418284,4.643931057307435,8.323215045274406,0.0,0.8205128205128205,0.09032844716409795,10,30,21,2.3875351278342696,0.37691236151503293,point_alpha_gt_2_uncertain
bonds,SU46020RMFS2,504,2018-05-04,2020-04-30,504,205,lower,raw,21,0.1024390243902439,2.185605786993809,0.03009009224188519,3,0.42857142857142855,9,21,0.00048330024492527503,0.006932768956043084,0.0,0.059660975133382,2.215695879235694,2.185605786993809,1.9917687818356884,0.5020663086597645,0.004312436885608312,0.08575308892697625,1.9683481220721541,2.5981864258386227,2.0302573707305163,81,1.7495988187949765,11.902640624358515,4.19429671384478,6.207050985256731,0.0,0.8148148148148148,0.08704787834738953,10,30,21,2.3360467821842033,0.4359469946959691,point_alpha_gt_2_uncertain
bonds,SU46020RMFS2,504,2018-06-05,2020-06-02,504,200,lower,raw,21,0.105,2.185605786993809,0.03009009224188519,3,0.42857142857142855,9,21,0.0005822839246500148,0.007043755462617576,0.0,0.059660975133382,2.215695879235694,2.185605786993809,1.9917687818356884,0.5020663086597645,0.004312436885608312,0.08575308892697625,1.7646569683673596,2.5981864258386227,2.0302573707305163,83,1.8269153317567213,11.02190731785641,4.8656491953356715,8.395907472560813,0.0,0.8192771084337349,0.08704787834738953,10,30,21,2.3360467821842033,0.4359469946959691,point_alpha_gt_2_uncertain
bonds,SU46020RMFS2,504,2018-07-04,2020-07-06,504,202,lower,raw,21,0.10396039603960396,2.277018113419243,0.010259428652455771,3,0.47619047619047616,10,21,0.0005638302005334979,0.007080757072701982,0.0,0.059660975133382,2.2872775420716986,2.277018113419243,2.160745198761769,0.4628032960911158,0.00445119369285849,0.12449019739820433,1.5716430504091201,2.688602763656471,2.099738069647425,82,1.8260412268447705,17.46225216050278,5.762062914514794,9.846663246798823,0.0,0.8170731707317073,0.0909781952284473,10,30,21,2.254858296507566,0.520825052457234,point_alpha_gt_2_uncertain
bonds,SU46020RMFS2,504,2018-08-02,2020-08-04,504,207,lower,raw,21,0.10144927536231885,2.277018113419243,0.010259428652455771,3,0.47619047619047616,10,21,0.0005779444875947765,0.007095175542822489,0.0,0.059660975133382,2.2872775420716986,2.277018113419243,2.160745198761769,0.4628032960911158,0.00445119369285849,0.12449019739820433,1.5716430504091201,2.688602763656471,2.099738069647425,82,1.7618169343790255,8.835667022870002,3.5275232587088543,3.441901009449072,0.0,0.7560975609756098,0.0909781952284473,10,31,22,2.2585501422788017,0.5135490654324792,point_alpha_gt_2_uncertain
bonds,SU46020RMFS2,504,2018-08-31,2020-09-02,504,206,lower,raw,20,0.0970873786407767,2.213948286196409,0.01392273865382565,3,0.55,11,20,0.0006552860068351966,0.006886257722600079,0.0,0.059660975133382,2.213948286196409,2.2278710248502347,2.1725804206591857,0.460282155951948,0.00450476742967226,0.12146188006891628,0.8383377224530468,2.619433522061076,2.024188993654397,82,1.8269470384397055,8.47895441786513,3.7950862768690894,5.727592816753154,0.0,0.7682926829268293,0.08258332583254391,10,30,21,2.213948286196409,0.381783990101332,point_alpha_gt_2_uncertain
bonds,SU46020RMFS2,504,2018-10-01,2020-10-01,504,207,lower,raw,12,0.057971014492753624,2.0741301304350617,0.00043991942941978834,3,0.5,6,12,0.0006314869966845811,0.006715871818592978,0.0,0.059660975133382,2.0741301304350617,2.0745700498644815,1.7305834302150571,0.5778398097084123,0.005184506643422883,0.16643027946118855,21.426643695565023,2.0741301304350617,1.8139147715271318,84,1.729937253424186,6.368368618691308,3.137637645200808,2.5090282877482672,0.0,0.7023809523809523,0.09059941464842186,10,31,22,2.2228959881378794,0.4218431975990313,point_alpha_gt_2_uncertain
bonds,SU46020RMFS2,504,2018-10-30,2020-10-30,504,202,lower,raw,11,0.054455445544554455,2.051840371631924,0.027880019075277485,3,0.45454545454545453,5,11,0.0006416362844641496,0.006612747223540737,0.0,0.059660975133382,2.0797203907072013,2.051840371631924,1.595046553535979,0.6269409490169111,0.005113349810912488,0.17754165588494322,5.147487503023801,2.0797203907072013,1.7897806758449915,84,1.7408517325020274,8.795984168026735,3.7214099850463773,3.376076976178882,0.0,0.7976190476190477,0.10063161224967467,10,30,21,2.2755561569039964,0.2628488212857163,point_alpha_gt_2_uncertain
bonds,SU46020RMFS2,504,2018-11-29,2020-12-01,504,199,lower,raw,13,0.06532663316582915,1.9997001157534449,0.04461876984318547,3,0.5384615384615384,7,13,0.0007130709012028374,0.006537490535216403,0.0,0.059660975133382,1.9997001157534449,2.1394746813648946,1.9550813459102594,0.5114876688337556,0.005525347647758518,0.1468242549681072,3.3905959834834083,1.9997001157534449,1.8210877644311556,85,1.793100562386176,7.316857837907944,3.609771525566279,3.347610670795801,0.0,0.788235294117647,0.20343458653245144,10,29,20,2.4130859628614227,0.27719386428399284,point_alpha_1_2_uncertain
bonds,SU46020RMFS2,504,2018-12-28,2020-12-30,504,197,lower,raw,24,0.1218274111675127,2.306548553179767,0.36251738398844324,3,0.4583333333333333,11,24,0.0006822901698635258,0.006475529360585505,0.0,0.059660975133382,1.6233723802211535,2.306548553179767,2.6690659371682104,0.37466290587821394,0.005407641712952901,0.07957432023731992,1.1567573654067447,1.8196214739102519,1.7612819851533872,80,1.8109767168302053,11.023846834809957,4.705656187063676,7.397552621216161,0.0,0.825,0.25449533950003783,10,29,20,2.348281030534067,0.32545349808771773,point_alpha_gt_2_uncertain
bonds,SU46020RMFS2,504,2019-01-31,2021-02-02,504,202,lower,raw,15,0.07425742574257425,2.2272991318141013,0.0642645816122851,3,0.5333333333333333,8,15,0.0005863570490397873,0.006468681788891137,0.0,0.059660975133382,1.834156464277504,2.2272991318141013,2.2915637134263864,0.4363832409026858,0.005942984929772152,0.11157464171339693,0.6888017841403342,1.834156464277504,1.7944842367545137,82,1.680403006927861,7.9030517578582815,3.2919202172494617,2.5370499599566987,0.0,0.8170731707317073,0.186730136462196,10,30,21,2.3618039577522345,0.3396247020050338,point_alpha_gt_2_uncertain
bonds,SU46020RMFS2,504,2019-03-01,2021-03-03,504,205,lower,raw,21,0.1024390243902439,1.957824109390393,0.03773497754253552,3,0.47619047619047616,10,21,0.0005475838794777221,0.006432747163538362,0.0,0.059660975133382,1.7652603489271006,1.9955590869329285,1.957824109390393,0.5107711133005557,0.0046350259977611125,0.08773209539846656,0.7342009067168084,2.0295445191673394,1.729772990186452,81,1.7218437138259952,9.838709798331438,4.372857978554345,7.797592114762223,0.0,0.691358024691358,0.10390019661440769,10,30,21,2.297063030090153,0.35211685142881244,point_alpha_1_2_uncertain
bonds,SU46020RMFS2,504,2019-04-02,2021-04-02,504,208,lower,raw,21,0.10096153846153846,2.06788548916891,0.10305126506718132,3,0.47619047619047616,10,21,0.0005161199728081306,0.00645858834632145,0.0,0.059660975133382,1.696108532366573,2.06788548916891,2.170936754236091,0.46063064621699673,0.005043195034420983,0.06738341689583249,0.9344447138239587,1.9391971355742605,1.7206047248552205,81,1.520008990358404,5.846497679568882,2.9716346551124353,3.005873585446611,0.0,0.5802469135802469,0.13765230098939735,10,31,22,2.2240124229534244,0.18583546316604949,point_alpha_gt_2_uncertain
bonds,SU46020RMFS2,504,2019-05-02,2021-05-04,504,214,lower,raw,24,0.11214953271028037,1.9768505913256245,0.006170251267695104,3,0.5,12,24,0.000508470616789892,0.0065297395804222716,0.0,0.059660975133382,1.7565444200461058,1.9830208425933196,1.9768505913256245,0.50585512349187,0.0043444118322586035,0.08142135406538409,0.8438667706261724,1.9923428704850157,1.7353929507942099,90,1.5575309335000485,8.350377030834316,3.6359911409825094,6.037400748509753,0.0,0.6222222222222222,0.05939872976509339,10,32,23,2.1652628728082894,0.3444379183884463,point_alpha_1_2_uncertain
bonds,SU46020RMFS2,504,2019-06-03,2021-06-02,504,216,lower,raw,24,0.1111111111111111,1.9768505913256245,0.006170251267695104,3,0.5,12,24,0.00044633575714546315,0.0064993866446391895,0.0,0.059660975133382,1.7565444200461058,1.9830208425933196,1.9768505913256245,0.50585512349187,0.0043444118322586035,0.08142135406538409,0.8753247097009036,1.9923428704850157,1.7353929507942099,86,1.6399126198810654,10.2453652137625,3.4289278047098724,4.568970017838025,0.0,0.5348837209302325,0.05939872976509339,10,32,23,2.1652628728082894,0.3444379183884463,point_alpha_1_2_uncertain
bonds,SU46020RMFS2,504,2019-07-03,2021-07-01,504,222,lower,raw,23,0.1036036036036036,1.7888758651390388,0.030700993311828517,3,0.4782608695652174,11,23,0.0003663707770733552,0.006411266256641185,0.0,0.059660975133382,1.7581748718272103,1.8929091882683509,1.7888758651390388,0.5590102809745694,0.0041172639421098575,0.08542842582127814,0.8308293823360258,2.006794742883878,1.6937414219261075,94,1.504567951197663,6.232238739743514,2.7469253697169056,2.6364611099451793,0.0,0.4787234042553192,0.07881368403072406,10,33,24,2.1073212167221653,0.34215306318179683,point_alpha_1_2_uncertain
bonds,SU46020RMFS2,504,2019-08-01,2021-07-30,504,226,lower,raw,23,0.10176991150442478,1.7888758651390388,0.030700993311828517,3,0.4782608695652174,11,23,0.00035802801056948933,0.006408154221160647,0.0,0.059660975133382,1.7581748718272103,1.8929091882683509,1.7888758651390388,0.5590102809745694,0.0041172639421098575,0.08542842582127814,0.8016071776604539,2.006794742883878,1.6937414219261075,88,1.4779327536130333,9.593844028422314,3.9831501943577594,7.56546106922205,0.0,0.5568181818181818,0.07881368403072406,10,33,24,2.1357598984934114,0.4092064331320868,point_alpha_1_2_uncertain
bonds,SU46020RMFS2,504,2019-08-30,2021-08-30,504,230,lower,raw,24,0.10434782608695652,1.8288212899644254,0.0061243662054792924,3,0.5,12,24,0.00029545486954367866,0.006381466090245458,0.0,0.059660975133382,1.8288212899644254,1.8349456561699047,1.6081317211003199,0.6218396085836659,0.003631862302484511,0.09247715479952867,0.7855704343983364,2.0901082748935913,1.7017555441531294,90,1.5007838326496148,7.178750207041299,2.956941676066302,1.8448144999324136,0.0,0.6,0.061378073778651156,10,34,25,2.1266004679508024,0.49791513989561276,point_alpha_1_2_uncertain
bonds,SU46020RMFS2,504,2019-09-30,2021-09-28,504,238,lower,raw,24,0.10084033613445378,1.8288212899644254,0.0061243662054792924,3,0.5,12,24,0.0002444823920120765,0.0063824842143635225,0.0,0.059660975133382,1.8288212899644254,1.8349456561699047,1.6081317211003199,0.6218396085836659,0.003631862302484511,0.09247715479952867,0.7805951546141,2.0901082748935913,1.7017555441531294,88,1.492696730496288,15.53353689250394,4.239185498035849,6.408765277192903,0.0,0.6136363636363636,0.061378073778651156,10,35,26,2.1361092649419664,0.4680501464960869,point_alpha_1_2_uncertain
bonds,SU46020RMFS2,504,2019-10-29,2021-10-27,504,244,lower,raw,21,0.0860655737704918,1.8051570123603637,0.044814423593698915,3,0.47619047619047616,10,21,9.126101858251703e-05,0.006353859719755271,0.0,0.059660975133382,1.8499714359540627,1.8051570123603637,1.4047078619005813,0.7118917941037162,0.0035100769467023255,0.11657918102448109,1.3740529297414155,2.148298730204112,1.681226023213092,94,1.5526856693677138,9.33787183363527,4.333656391050411,8.883343137434284,0.0,0.5957446808510638,0.11228979569265157,10,36,27,2.101645431956728,0.5202612184894133,point_alpha_1_2_uncertain
bonds,SU46020RMFS2,504,2019-11-28,2021-11-26,504,247,lower,raw,22,0.08906882591093117,1.8602663115533242,0.056433794538994775,3,0.45454545454545453,10,22,1.921712127051262e-05,0.006421856931354032,0.0,0.059660975133382,1.8602663115533242,1.9475894207633453,1.8038325170143295,0.5543751931333302,0.004138675165570826,0.08574706536854393,3.2940056330048657,2.1438268983014517,1.7601642747691748,88,1.5279713926908771,6.9746979778886455,2.7604212830709596,1.917705751232952,0.0,0.5568181818181818,0.11044990971893429,10,37,28,2.0173711784244683,0.38208518312790907,point_alpha_1_2_uncertain
bonds,SU46020RMFS2,504,2019-12-27,2021-12-27,504,248,lower,raw,22,0.08870967741935484,2.054381509263533,0.01422616535876653,3,0.45454545454545453,10,22,-1.4990309315971259e-05,0.006435239173874716,0.0,0.059660975133382,1.8289165787078867,2.054381509263533,2.0686076746222994,0.4834169438062183,0.00456165451091454,0.09648610854080739,1.9249902574645694,2.100155908411309,1.787318848497621,87,1.6166897886162515,10.994389875865465,3.6028433052223447,4.38356074429649,0.0,0.5632183908045977,0.089225173086374,10,37,28,1.9169672571102083,0.3757369533072896,point_alpha_gt_2_uncertain
bonds,SU46020RMFS2,504,2020-01-31,2022-01-26,504,255,lower,raw,34,0.13333333333333333,1.8718838057288327,0.0235809028163112,3,0.4411764705882353,15,34,-0.00019924942950723325,0.0067587292469180075,0.0,0.059660975133382,1.8718838057288327,1.895464708545144,1.5863230087456899,0.6303886374255536,0.0034726950680993955,0.09838300919013634,1.2265465621168417,2.0567759461193797,1.7774026286026088,94,1.5353961814203538,5.479052821917116,2.819560458603853,2.445474839812062,0.0,0.5957446808510638,0.06916812664582314,10,38,29,2.309362190696346,0.7908978487366225,point_alpha_1_2_uncertain
bonds,SU46020RMFS2,504,2020-03-03,2022-02-24,504,260,lower,raw,33,0.12692307692307692,1.4671497711931842,0.01917781475764002,3,0.45454545454545453,15,33,-0.0005791818993168277,0.009147506136762037,0.0,0.12706667854492,1.4671497711931842,1.4863275859508243,1.2801151049725539,0.7811797518172714,0.004602498208349614,0.10758512490827081,1.661933265965878,1.6277511818438601,1.399391956718272,99,1.2418227492233562,3.5308572412506534,2.1591382017670933,3.1065463921070062,0.0,0.21212121212121213,0.06994896414241447,10,39,30,1.6051204199479157,0.27051795239282805,point_alpha_1_2_uncertain
bonds,SU46020RMFS2,504,2020-04-02,2022-03-29,504,253,lower,raw,15,0.05928853754940711,1.280125523518768,0.002477538427737347,3,0.5333333333333333,8,15,-0.0005601628332326473,0.009837861406730392,0.0,0.12706667854492,1.280125523518768,1.2826030619465054,1.1213927340319452,0.8917482427450015,0.007165828515921202,0.09195744756963575,10.569169753860155,1.280125523518768,1.1287914557552388,95,1.0358956066354255,3.6165174811742733,1.8864119637301677,2.6222514133052623,0.042105263157894736,0.11578947368421053,0.06715942013518689,10,37,28,1.2833646553610796,0.019758828092718783,point_alpha_1_2_uncertain
bonds,SU46020RMFS2,504,2020-05-04,2022-04-27,504,253,lower,raw,23,0.09090909090909091,1.3232463379533983,0.00498212241568341,3,0.4782608695652174,11,23,-0.00029409300594853137,0.010502218974110775,0.0,0.12706667854492,1.3232463379533983,1.3282284603690817,1.2973176811703966,0.7708212217518176,0.005834171325686123,0.08644736499592542,7.683656595983281,1.5072891548305827,1.2113114978799278,96,1.028356343530111,3.866075808762778,1.7762881830314008,1.51453544039493,0.020833333333333332,0.10416666666666667,0.07859085475022723,10,37,28,1.3117973242281225,0.021162773998333106,point_alpha_1_2_uncertain
bonds,SU46020RMFS2,504,2020-06-03,2022-06-01,504,254,lower,raw,24,0.09448818897637795,1.3588058750505487,0.006024471903397277,3,0.4583333333333333,11,24,-0.00030660141769804487,0.010557468060111902,0.0,0.12706667854492,1.3385946539258893,1.3588058750505487,1.364830346953946,0.7326917973591507,0.005939565047497281,0.09606499926406209,8.97001798557786,1.5188038838453337,1.236522678847741,99,1.083412610346053,4.372006313828372,1.895856697706418,1.703426254133981,0.010101010101010102,0.16161616161616163,0.07972356414164199,10,38,29,1.3360208419878317,0.025867093240606875,point_alpha_1_2_uncertain
bonds,SU46020RMFS2,504,2020-07-07,2022-07-01,504,246,lower,raw,16,0.06504065040650407,1.2842241055796382,0.0010763382661072018,3,0.5625,9,16,-0.00014027925646585774,0.010576510519306626,0.0,0.12706667854492,1.2853004438457454,1.2842241055796382,1.1394008799364324,0.8776542282956552,0.006893339915475552,0.08875512287907505,,1.2853004438457454,1.1387980757552254,97,1.0317643784690917,2.2988329642019925,2.099877106967395,5.164128956124512,0.020618556701030927,0.061855670103092786,0.08337602677484642,10,36,27,1.2796519504754285,0.02980520686497945,point_alpha_1_2_uncertain
bonds,SU46020RMFS2,504,2020-08-05,2022-08-01,504,246,lower,raw,15,0.06097560975609756,1.289120076117941,0.008664444822620965,3,0.6,9,15,-0.00011581437582086985,0.010652230870356955,0.0,0.12706667854492,1.297784520940562,1.289120076117941,1.1322878312082336,0.8831676650034533,0.007164758575745619,0.0967061856623902,3.921009990809435,1.297784520940562,1.1360985487905046,93,1.0249144769386662,4.285071489384823,2.0726802415582886,4.316075436779348,0.053763440860215055,0.10752688172043011,0.06589757389146772,10,36,27,1.2934785459358704,0.024373996373687534,point_alpha_1_2_uncertain
bonds,SU46020RMFS2,504,2020-09-03,2022-08-30,504,247,lower,raw,16,0.06477732793522267,1.2809915706030635,0.0067227863614389705,3,0.5625,9,16,-0.00010442364399442675,0.010645961919303405,0.0,0.12706667854492,1.2877143569645024,1.2809915706030635,1.1249520456994644,0.888926780321758,0.006790130769199532,0.08643489013843109,6.149263471995447,1.2877143569645024,1.1371825004691192,97,1.0457383699953096,2.9530719908715075,1.6399770822560784,1.0517467308642179,0.020618556701030927,0.14432989690721648,0.07041018264517443,10,37,28,1.2805921583455526,0.027771054831812414,point_alpha_1_2_uncertain
bonds,SU46020RMFS2,504,2020-10-02,2022-09-28,504,248,lower,raw,28,0.11290322580645161,1.314565775560335,0.03979970631537655,3,0.39285714285714285,11,28,-0.0002769234897314924,0.010999310939188866,0.0,0.12706667854492,1.314565775560335,1.3543654818757116,1.1814390987319312,0.8464253477587846,0.005461234256717967,0.10842073836966379,,1.4584294877108723,1.2509569763079142,100,1.1076364539682642,3.9952564235462886,1.7469190727439494,0.7921791741593005,0.0,0.18,0.11022001016673282,10,37,28,1.4239761761071552,0.1969108456666553,point_alpha_1_2_uncertain
bonds,SU46020RMFS2,504,2020-11-02,2022-10-27,504,247,lower,raw,31,0.12550607287449392,1.3778702026084848,0.0031922999413935838,3,0.41935483870967744,13,31,-0.00023527362099862693,0.011076991191988893,0.0,0.12706667854492,1.3778702026084848,1.3810625025498784,1.177271821645115,0.8494215028459646,0.004991476175127968,0.11217528950579238,,1.5222276804016859,1.2924669883915532,99,1.0793180315900532,3.4412541882684615,1.7957229853004533,1.08351927696481,0.0,0.20202020202020202,0.07270914333045088,10,37,28,1.473094805519144,0.1632004541931409,point_alpha_1_2_uncertain
bonds,SU46020RMFS2,504,2020-12-02,2022-11-28,504,248,lower,raw,30,0.12096774193548387,1.4412081603640874,0.004978904649836302,3,0.43333333333333335,13,30,-0.0002552730037055778,0.011086482833167658,0.0,0.12706667854492,1.3170100064823242,1.4412081603640874,1.4461870650139237,0.6914734782186509,0.006357230386312366,0.07224428591346072,,1.4505701015528158,1.3092197096646523,100,1.0639075570795469,3.250455025598465,1.8419064323893022,1.8547724098345784,0.01,0.16,0.06042086788528834,10,37,28,1.4845741456449053,0.1305921740798226,point_alpha_1_2_uncertain
bonds,SU46020RMFS2,504,2021-01-04,2022-12-27,504,250,lower,raw,30,0.12,1.4412081603640874,0.004978904649836302,3,0.43333333333333335,13,30,-0.0002608530314375647,0.011091325967398386,0.0,0.12706667854492,1.3170100064823242,1.4412081603640874,1.4461870650139237,0.6914734782186509,0.006357230386312366,0.07224428591346072,,1.4505701015528158,1.3092197096646523,99,1.090468105652749,5.0688708765891475,2.1362752557638798,2.287852746184933,0.0,0.24242424242424243,0.06042086788528834,10,37,28,1.4845741456449053,0.1305921740798226,point_alpha_1_2_uncertain
bonds,SU46020RMFS2,504,2021-02-03,2023-01-26,504,248,lower,raw,30,0.12096774193548387,1.4412081603640874,0.004978904649836302,3,0.43333333333333335,13,30,-0.00023311863528797084,0.011105554218669756,0.0,0.12706667854492,1.3170100064823242,1.4412081603640874,1.4461870650139237,0.6914734782186509,0.006357230386312366,0.07224428591346072,,1.4505701015528158,1.3092197096646523,99,1.156899157437916,3.0203940508925067,1.75155926273937,0.8855966390158113,0.0,0.1717171717171717,0.06042086788528834,10,37,28,1.4845741456449053,0.1305921740798226,point_alpha_1_2_uncertain
bonds,SU46020RMFS2,504,2021-03-04,2023-02-27,504,243,lower,raw,32,0.13168724279835392,1.3913197479179953,0.013883458953025452,3,0.40625,13,32,-0.0002125106143751121,0.011115260734483805,0.0,0.12706667854492,1.3774362889649698,1.439765270393905,1.3913197479179953,0.7187420443765169,0.005725949584280935,0.0576073343449955,,1.5162764556055308,1.3323448717652635,100,1.176761027254933,3.102561283186398,1.7820013102818117,1.1016033940600694,0.0,0.16,0.05992339066906888,10,36,27,1.4676407083431426,0.1016613836115523,point_alpha_1_2_uncertain
bonds,SU46020RMFS2,504,2021-04-05,2023-03-29,504,243,lower,raw,32,0.13168724279835392,1.3913197479179953,0.013883458953025452,3,0.40625,13,32,-0.0001826460825391974,0.01109402054858833,0.0,0.12706667854492,1.3774362889649698,1.439765270393905,1.3913197479179953,0.7187420443765169,0.005725949584280935,0.0576073343449955,28.096055281783247,1.5162764556055308,1.3323448717652635,95,1.175086211397752,3.0413050960656003,1.7648404721726418,0.7585604786889535,0.0,0.21052631578947367,0.05992339066906888,10,36,27,1.4676407083431426,0.1016613836115523,point_alpha_1_2_uncertain
bonds,SU46020RMFS2,504,2021-05-05,2023-04-27,504,236,lower,raw,32,0.13559322033898305,1.3913197479179953,0.013883458953025452,3,0.40625,13,32,-0.00020671335408772206,0.011050407751272268,0.0,0.12706667854492,1.3774362889649698,1.439765270393905,1.3913197479179953,0.7187420443765169,0.005725949584280935,0.0576073343449955,5.142425034470806,1.5162764556055308,1.3323448717652635,99,1.1072383770327021,2.97487825355203,1.8424103603871034,0.9793412460788261,0.010101010101010102,0.2727272727272727,0.05516945813411443,10,35,26,1.472133781506817,0.09519619645184041,point_alpha_1_2_uncertain
bonds,SU46020RMFS2,504,2021-06-03,2023-05-30,504,229,lower,raw,24,0.10480349344978165,1.4033453996054235,0.016366971314733192,3,0.5416666666666666,13,24,-0.00017482130603194487,0.011048171838793442,0.0,0.12706667854492,1.4033453996054235,1.4624853006957166,1.3869784282906903,0.7209917469534102,0.006929733737860298,0.06958060702535374,2.3538311591518473,1.5817998637760862,1.329615946148781,96,1.1658278072353567,3.9855640641791608,1.935288031524598,1.0793857090115406,0.0,0.23958333333333334,0.06570547101773572,10,34,25,1.4766268546704913,0.06619432801439262,point_alpha_1_2_uncertain
bonds,SU46020RMFS2,504,2021-07-02,2023-06-29,504,220,lower,raw,32,0.14545454545454545,1.3913197479179953,0.013883458953025452,3,0.40625,13,32,-0.00017356698101919724,0.011041205836969003,0.001984126984126984,0.12706667854492,1.3774362889649698,1.439765270393905,1.3913197479179953,0.7187420443765169,0.005725949584280935,0.0576073343449955,9.279183396716958,1.5162764556055308,1.3323448717652635,100,1.162430249844161,2.9212323833279163,1.721972409431921,0.8787524682864316,0.0,0.17,0.049353535423614994,10,33,24,1.4768583333807852,0.061359033960316944,point_alpha_1_2_uncertain
bonds,SU46020RMFS2,504,2021-08-02,2023-07-28,504,220,lower,raw,32,0.14545454545454545,1.3913197479179953,0.013883458953025452,3,0.40625,13,32,-0.0001820504870816338,0.011035060953360412,0.003968253968253968,0.12706667854492,1.3774362889649698,1.439765270393905,1.3913197479179953,0.7187420443765169,0.005725949584280935,0.0576073343449955,14.620131570461247,1.5162764556055308,1.3323448717652635,100,1.1034662064867717,3.127943621213443,1.7901067778065007,1.0878333752601703,0.0,0.17,0.049353535423614994,10,33,24,1.4768583333807852,0.061359033960316944,point_alpha_1_2_uncertain
bonds,SU46020RMFS2,504,2021-08-31,2023-08-28,504,219,lower,raw,24,0.1095890410958904,1.4033453996054235,0.016366971314733192,3,0.5416666666666666,13,24,-0.0001868185478104372,0.011021926252172801,0.003968253968253968,0.12706667854492,1.4033453996054235,1.4624853006957166,1.3869784282906903,0.7209917469534102,0.006929733737860298,0.06958060702535374,2.4623225030983398,1.5817998637760862,1.329615946148781,99,1.1197544287521957,5.191072946994844,2.1281385684852925,2.42168149998602,0.0,0.18181818181818182,0.06570547101773572,10,32,23,1.4770898120910794,0.05839199343010293,point_alpha_1_2_uncertain
bonds,SU46020RMFS2,504,2021-09-29,2023-09-26,504,219,lower,raw,23,0.1050228310502283,1.5302654350887783,0.008709688439033192,3,0.5217391304347826,12,23,-0.00023112803721641378,0.011085087140068088,0.003968253968253968,0.12706667854492,1.389053047907049,1.5302654350887783,1.5389751235278115,0.6497830827230577,0.007996748936907782,0.06757371119406552,1.754483019638028,1.5656337222403442,1.3579092326983002,99,1.116327096012948,3.93193030263768,1.884037574176928,1.020196095237273,0.010101010101010102,0.24242424242424243,0.05464998318459734,10,32,23,1.5648381774866877,0.049749864823801726,point_alpha_1_2_uncertain
bonds,SU46020RMFS2,504,2021-10-28,2023-10-25,504,218,lower,raw,26,0.11926605504587157,1.534403690631107,0.006908461608829741,3,0.5384615384615384,14,26,-0.00021427177873496986,0.011121781907711873,0.003968253968253968,0.12706667854492,1.4358535967209978,1.5413121522399367,1.534403690631107,0.6517189746778409,0.007252723055569498,0.07397691390960337,1.74878786819781,1.6064954303480619,1.3909046036124366,97,1.1335846675562247,4.283049000542767,1.9573379714524621,0.9940808159225144,0.0,0.32989690721649484,0.052825904827202216,10,32,23,1.5716666250845068,0.08269858675113051,point_alpha_1_2_uncertain
bonds,SU46020RMFS2,504,2021-11-29,2023-11-23,504,213,lower,raw,27,0.1267605633802817,1.5140337842107765,0.015599451565989852,3,0.5555555555555556,15,27,-5.874778704617717e-05,0.011232875809692832,0.003968253968253968,0.12706667854492,1.4984343326447866,1.5532910954885246,1.5140337842107765,0.6604872430381545,0.006848840485570539,0.08816514274202342,1.5081064956858825,1.677881541625679,1.421046275800907,94,1.2417120605138616,4.232406372462604,2.026675865118138,1.050428889283062,0.0,0.2553191489361702,0.07682650610969442,10,31,22,1.5759429756861456,0.09201950510695767,point_alpha_1_2_uncertain
bonds,SU46020RMFS2,504,2021-12-28,2023-12-22,504,218,lower,raw,31,0.14220183486238533,1.5597235973417085,0.009596040515005289,3,0.5161290322580645,16,31,-0.00010816868761290375,0.011271813106469882,0.003968253968253968,0.12706667854492,1.472627383068431,1.5597235973417085,1.5693196378567138,0.6372188150055538,0.006499092035394796,0.073721149403214,3.1652126454389453,1.6283647209739947,1.4278326283290887,98,1.2352122549518756,4.15164918043412,2.195395417607829,1.5964650407319203,0.0,0.37755102040816324,0.05581963799079595,10,32,23,1.5597235973417085,0.09503555674449427,point_alpha_1_2_uncertain
bonds,SU46020RMFS2,504,2022-01-27,2024-01-24,504,215,lower,raw,22,0.10232558139534884,1.4557077924509634,0.007404386159757248,3,0.5454545454545454,12,22,4.5318018531180065e-05,0.01106168661055338,0.005952380952380952,0.12706667854492,1.4557077924509634,1.4631121786107206,1.410314337378961,0.709061783955539,0.006964042891950185,0.10571944470429345,1.8193622968332437,1.665781139297899,1.330339204413332,100,1.1728682161552304,4.872296625297899,2.0772593784209055,2.5001942888404796,0.01,0.18,0.07690406801319002,10,32,23,1.4433792030537098,0.05211983437480994,point_alpha_1_2_uncertain
bonds,SU46020RMFS2,504,2022-02-25,2024-02-22,504,215,lower,raw,22,0.10232558139534884,1.7460108134905352,0.019403940906980166,3,0.6363636363636364,14,22,0.00043895553847118966,0.009112148715753755,0.005952380952380952,0.119193172418516,1.8525031858032042,1.726606872583555,1.7460108134905352,0.5727341390290999,0.0048943004445991,0.11750190640271481,2.0280755784025506,2.2500939123995023,1.6251658719020317,93,1.2275287200497718,7.132428149719258,3.0576018775933678,6.0192998471704176,0.0,0.26881720430107525,0.09465288015635759,10,32,23,1.7305891277359766,0.18239997768003713,point_alpha_1_2_uncertain
bonds,SU46020RMFS2,504,2022-03-30,2024-03-26,504,224,lower,raw,19,0.08482142857142858,4.013606837295931,1.5030837252876355,3,0.631578947368421,12,19,0.00044390177094152467,0.006723171836079473,0.005952380952380952,0.0379236224195573,2.4000704418848597,4.013606837295931,5.516690562583566,0.18126809699684912,0.005217301295816946,0.10330465624955021,1.6133121286538417,2.4000704418848597,2.529536010144882,74,2.444705985934568,15.814625722691769,5.978236941717202,4.979443856888069,0.0,1.0,0.8162415188543386,10,33,24,6.139687080676238,2.392936874045847,strict_alpha_gt_2
bonds,SU46020RMFS2,504,2022-04-28,2024-04-24,504,225,lower,raw,17,0.07555555555555556,3.156192270141008,0.18275566730124382,3,0.6470588235294118,11,17,2.365142614397539e-05,0.005396880658186479,0.005952380952380952,0.0379236224195573,2.39300663205966,3.156192270141008,3.338947937442252,0.2994955353410015,0.004696729987276967,0.12740197938440673,1.4129006808973623,2.39300663205966,2.371577423208322,75,2.408608231467406,19.919537952192176,6.201789469672803,7.525294046226293,0.0,1.0,0.32791222776462675,10,33,24,4.232916537401323,1.1124701897751308,strict_alpha_gt_2
bonds,SU46020RMFS2,504,2022-06-02,2024-05-24,504,230,lower,raw,21,0.09130434782608696,2.956831712777729,0.0455562379106067,3,0.6190476190476191,13,21,-0.00019175092182129066,0.005277578588793615,0.005952380952380952,0.0379236224195573,2.429097939054811,3.0023879506883357,2.956831712777729,0.3381998358846647,0.004148916565663909,0.1278871194764181,3.456166542388711,2.7595811798145164,2.395161332669043,81,2.219214090776621,9.210370131278326,4.217647704477365,3.5423976392462135,0.0,1.0,0.1248983141329894,10,34,25,3.3542788663599294,1.3864103185256655,strict_alpha_gt_2
bonds,SU46020RMFS2,504,2022-07-04,2024-06-25,504,236,lower,raw,26,0.11016949152542373,3.080003144955455,0.14021752854092995,3,0.5384615384615384,14,26,-0.0003654753484090096,0.0054586655129349355,0.005952380952380952,0.0379236224195573,2.350800858519923,3.080003144955455,3.2202206734963847,0.31053772439583793,0.0043721637926996525,0.13374426051744093,5.659380545366087,2.592882519102876,2.371204043090517,84,2.4040177741002444,14.455024931634407,6.427753602196177,9.726429626937614,0.0,1.0,0.1815366725990937,10,35,26,3.427713373900117,1.428183918867298,strict_alpha_gt_2
bonds,SU46020RMFS2,504,2022-08-02,2024-07-24,504,234,lower,raw,25,0.10683760683760683,3.6357031039373378,1.4314433082889564,3,0.6,15,25,-0.0004308516660151563,0.005708576633419181,0.005952380952380952,0.0379236224195573,2.2042597956483814,3.6357031039373378,7.461768568046362,0.13401648562008667,0.006101935182805331,0.15434645733718064,3.501243228141166,2.4003763193074112,2.324675000497604,82,2.256543994014408,12.103559416547299,5.1234392456742475,5.322782780968407,0.0,1.0,0.6261082030183349,10,35,26,3.9182553829741673,1.7756299279331635,strict_alpha_gt_2
bonds,SU46020RMFS2,504,2022-08-31,2024-08-22,504,227,lower,raw,31,0.13656387665198239,3.7214369508876315,1.756995865563023,3,0.5161290322580645,16,31,-0.00038354883929045137,0.0062889666688991964,0.005952380952380952,0.0379236224195573,1.9644410853246086,3.7214369508876315,16.193181446453583,0.06175438738253666,0.007275891454353954,0.1535275342389427,1.890590705621697,2.0858157437797122,2.148330118641828,85,2.4050713807082205,19.552845703885218,6.419215439267769,9.320032477359797,0.0,1.0,0.6751557214673795,10,34,25,2.628921807437663,1.5338859772303106,strict_alpha_gt_2
bonds,SU46020RMFS2,504,2022-09-29,2024-09-20,504,226,lower,raw,31,0.13716814159292035,4.504951321398415,2.221502063644756,3,0.5161290322580645,16,31,-0.0001933733701947832,0.0062995136644098575,0.005952380952380952,0.0319879572152419,2.2834492577536585,4.504951321398415,16.60603257263623,0.06021907976067812,0.006047024029822826,0.11688752656395116,1.4832426767184488,2.4234229415198967,2.473058366782865,74,2.819578879744915,14.229614072151886,6.234575334873746,5.158230271693763,0.0,1.0,0.8154667718327694,10,33,24,3.1801477921042283,2.7075030244039486,strict_alpha_gt_2
bonds,SU46020RMFS2,504,2022-10-28,2024-10-21,504,233,lower,raw,31,0.13304721030042918,4.563732293545167,2.272870717148686,3,0.4838709677419355,15,31,-0.00027169091886993755,0.006372251966389937,0.005952380952380952,0.0319879572152419,2.290861576396481,4.563732293545167,15.382186728294071,0.06501026269305359,0.005989691107064985,0.11478322627146056,2.569919539923028,2.432052856768092,2.4879593312677417,77,2.8494811295621583,17.058004771152138,7.068392472454263,8.414707746510457,0.0,1.0,0.8234768126535368,10,34,25,4.27260903716649,3.0345873716260594,strict_alpha_gt_2
bonds,SU46020RMFS2,504,2022-11-29,2024-11-19,504,234,lower,raw,18,0.07692307692307693,9.035130984380235,5.713348893415807,2,0.6666666666666666,12,18,-0.0003724309050403765,0.006710086658205882,0.005952380952380952,0.0319879572152419,3.321782090964427,14.748479877796042,inf,-0.28660444360297066,0.007893549780567655,0.1838424173089818,3.6725350236854113,3.321782090964427,3.4795108329506883,26,3.6156154935756764,45.72322650794772,12.174724206569177,14.136907013411145,0.0,1.0,0.8705949977185393,10,35,26,2.9149806741683513,1.0644525456159144,strict_alpha_gt_2
bonds,SU46020RMFS2,504,2022-12-28,2024-12-18,504,236,lower,raw,35,0.1483050847457627,12.748831513771751,10.544908160200094,2,0.45714285714285713,16,35,-0.0004098513263100589,0.006835264894657298,0.005952380952380952,0.0319879572152419,2.2039233535716587,23.293739673971846,inf,-0.1661129485926378,0.007871420172574719,0.10104857657364438,3.186198137868723,2.3099791578137205,2.6961799439773824,61,3.0380018273968723,43.49146836006294,9.243510527276708,11.063476519760501,0.0,1.0,1.1425869627918612,10,35,26,2.630892077091704,0.926175555144304,strict_alpha_gt_2
bonds,SU46020RMFS2,504,2023-01-27,2025-01-21,504,236,lower,raw,35,0.1483050847457627,35.51515617838993,33.33849876533618,2,0.4857142857142857,17,35,-0.00017878872569920568,0.008014087726393344,0.005952380952380952,0.0319879572152419,2.1766574130537397,68.85365494372611,inf,-0.2330994329919981,0.008609747166502299,0.10352163293537567,5.291233823889473,2.2763828666813155,2.691434596611027,51,2.972647360530518,34.10381347255225,9.592087820079506,11.21831396435564,0.0,1.0,1.2143118611775021,10,35,26,2.5688763472908436,0.9574471190532585,strict_alpha_gt_2
bonds,SU46020RMFS2,504,2023-02-28,2025-02-19,504,237,lower,raw,19,0.08016877637130802,31.472287069637037,28.181573625246877,2,0.6842105263157895,13,19,-9.407965007436106e-05,0.008202386515446978,0.005952380952380952,0.0319879572152419,3.2907134443901622,59.65386069488391,inf,-0.38131365703852244,0.008670974521802245,0.1879234227142481,4.520307664619838,3.2907134443901622,3.570682064550863,31,4.021246338035078,51.57927393255029,13.94022728258331,15.516166873017012,0.0,1.0,1.5989403895296175,10,35,26,2.7545277161088833,0.8477483986439447,strict_alpha_gt_2
bonds,SU46020RMFS2,504,2023-03-30,2025-03-20,504,234,lower,raw,27,0.11538461538461539,28.870463674964626,26.019818537452814,2,0.6296296296296297,17,27,-3.070685719512278e-05,0.008333331916237639,0.005952380952380952,0.0319879572152419,2.8506451375118114,54.89028221241744,inf,-0.2090068666255443,0.0075457826638112,0.1382258635363514,2.8963846479039637,3.0341688200369465,3.297955557157464,32,3.7682850820074267,20.125306262301105,8.621435767249372,9.100107374419006,0.0,1.0,1.1803109621361594,10,35,26,2.8375172158593553,0.6092688416127858,strict_alpha_gt_2
bonds,SU46020RMFS2,504,2023-04-28,2025-04-18,504,240,lower,raw,33,0.1375,23.75321557045838,20.95229148404671,2,0.5454545454545454,18,33,-8.365404750132629e-05,0.008648404237912827,0.005952380952380952,0.0319879572152419,2.800924086411669,44.70550705450509,inf,-0.1666799473978929,0.00707846195083499,0.11012251095277287,3.228968621030969,2.9543821204392544,3.2898618636342616,34,3.918112738952643,51.28185220010495,14.843730898374774,16.48593597037111,0.0,1.0,1.3598780338099257,10,36,27,3.1692579132143375,1.1866421742073432,strict_alpha_gt_2
bonds,SU46020RMFS2,504,2023-05-31,2025-05-21,504,248,lower,raw,33,0.13306451612903225,23.75321557045838,20.95229148404671,2,0.5454545454545454,18,33,-9.070980034143523e-05,0.00875633061144924,0.005952380952380952,0.0319879572152419,2.800924086411669,44.70550705450509,inf,-0.1666799473978929,0.00707846195083499,0.11012251095277287,6.83833798974894,2.9543821204392544,3.2898618636342616,33,3.84134779594213,42.9569292611274,12.698667026086431,13.235990348136774,0.0,1.0,1.3598780338099257,10,37,28,3.1609932020037386,1.1648141288311793,strict_alpha_gt_2
bonds,SU46020RMFS2,504,2023-06-30,2025-06-20,504,253,lower,raw,26,0.10276679841897234,51.70436459527438,48.29563540472563,2,0.6923076923076923,18,26,-2.5364184586862545e-05,0.009084574618876039,0.003968253968253968,0.0319879572152419,3.408729190548748,107.36769992603925,inf,-0.2173989699712596,0.006899390544778736,0.14743520500264404,17.509201540255784,3.6473593559499737,3.8190895336059727,34,4.62888451992818,34.703194722316425,11.19182247957165,10.525672159296386,0.0,1.0,2.0702721156264983,10,37,28,3.2445287395941387,0.7114698026431832,strict_alpha_gt_2
bonds,SU46020RMFS2,504,2023-07-31,2025-07-21,504,246,lower,raw,26,0.10569105691056911,51.70436459527438,48.29563540472563,2,0.6923076923076923,18,26,0.00015222875815284987,0.009213107649102475,0.001984126984126984,0.0319879572152419,3.408729190548748,107.36769992603925,inf,-0.2173989699712596,0.006899390544778736,0.14743520500264404,13.00032425416532,3.6473593559499737,3.8190895336059727,26,3.9147538795632126,16.86300767733267,7.400757602120929,4.020400333656015,0.0,1.0,2.0702721156264983,10,36,27,3.249289217350512,0.692231890952276,strict_alpha_gt_2
bonds,SU46020RMFS2,504,2023-08-29,2025-08-19,504,242,lower,raw,26,0.10743801652892562,6.616453903130116,2.9151201704356584,2,0.6923076923076923,18,26,0.00030100592459377786,0.00945620361695692,0.001984126984126984,0.0319879572152419,3.7013337326944584,9.531574073565775,inf,-0.08772241551074317,0.005737022979823068,0.15673663383973324,44.957318817527785,3.9843646764152045,3.819918516921166,37,4.497882859170985,31.193668296821624,12.465324163325116,11.283750730629253,0.0,1.0,1.1778199351377538,10,36,27,3.389755050591452,1.5513578435129944,strict_alpha_gt_2
bonds,SU46020RMFS2,504,2023-09-27,2025-09-17,504,243,lower,raw,26,0.10699588477366255,6.808366869287005,2.9697482187643365,3,0.6923076923076923,18,26,0.00028762241465024715,0.00949703281544827,0.001984126984126984,0.0319879572152419,3.838618650522669,6.808366869287005,26.777188337337513,0.03734522039439153,0.004888422213046334,0.12660387793613853,16.249338783758425,4.150548013796095,3.8266599761951925,48,4.013513599164236,33.23859727889676,10.690894558125715,10.14502109786919,0.0,1.0,0.8410238414221111,10,36,27,3.459070233996889,3.52859561986409,strict_alpha_gt_2
bonds,SU46020RMFS2,504,2023-10-26,2025-10-16,504,243,lower,raw,26,0.10699588477366255,5.453971035441452,1.1763385493036322,3,0.6923076923076923,18,26,0.0002198706187470474,0.009538213547932713,0.001984126984126984,0.0319879572152419,3.915864442334768,5.453971035441452,6.630309584745084,0.1508225200073289,0.004278976241987262,0.1413684585453182,,4.244706320664445,3.7610043584065505,58,3.5814953145954163,24.05665454044532,8.64211220188737,8.736455613622839,0.0,1.0,0.6686551293231914,10,36,27,3.459070233996889,3.9164936338114336,strict_alpha_gt_2
bonds,SU46020RMFS2,504,2023-11-24,2025-11-14,504,243,lower,raw,29,0.11934156378600823,12.063471531296702,8.591439085550029,2,0.6551724137931034,19,29,0.0002021225787538308,0.009637075487198537,0.001984126984126984,0.0319879572152419,3.472032445746674,20.65491061684673,inf,-0.1535819893005754,0.006321202962701972,0.13739458274980498,,3.7003185931854894,3.8057176926233742,34,3.4320618226375457,39.35558242059148,11.405465588948186,11.636910707272493,0.0,1.0,1.3741899333415728,10,36,27,3.330346478028546,1.3268118348803801,strict_alpha_gt_2
bonds,SU46020RMFS2,504,2023-12-25,2025-12-15,504,238,lower,raw,29,0.12184873949579832,12.063471531296702,8.591439085550029,2,0.6551724137931034,19,29,0.00035932158824985476,0.009676431749057248,0.001984126984126984,0.0319879572152419,3.472032445746674,20.65491061684673,inf,-0.1535819893005754,0.006321202962701972,0.13739458274980498,,3.7003185931854894,3.8057176926233742,44,4.269332688688195,50.523239364994346,16.08173235142999,14.665051992660123,0.0,1.0,1.3741899333415728,10,35,26,3.3799412075614557,1.468630107097943,strict_alpha_gt_2
bonds,SU46020RMFS2,504,2024-01-25,2026-01-19,504,235,lower,raw,29,0.12340425531914893,12.063471531296702,8.591439085550029,2,0.6551724137931034,19,29,0.0004325083483710303,0.009771528835070523,0.0,0.0319879572152419,3.472032445746674,20.65491061684673,inf,-0.1535819893005754,0.006321202962701972,0.13739458274980498,,3.7003185931854894,3.8057176926233742,42,4.047504195421678,46.02788146602099,12.578073017624517,13.267807724488522,0.0,1.0,1.3741899333415728,10,35,26,3.3799412075614557,1.468630107097943,strict_alpha_gt_2
bonds,SU46020RMFS2,504,2024-02-26,2026-02-17,504,235,lower,raw,30,0.1276595744680851,51.750198735434005,48.249801264566,2,0.6666666666666666,20,30,0.00044203307878147157,0.010080891909021741,0.0,0.0319879572152419,3.5003974708680023,316.7580759753388,inf,-0.278678706274248,0.007209326206058644,0.14433968380696524,,3.7082092366860264,3.9043761682352636,24,4.715691837970709,23.574643119148625,9.968249657531251,7.006732566468075,0.0,1.0,1.2185135556784037,10,35,26,3.3558004174516647,0.8233543285623304,strict_alpha_gt_2
bonds,SU46020RMFS2,504,2024-03-27,2026-03-19,504,230,lower,raw,30,0.13043478260869565,51.750198735434005,48.249801264566,2,0.6666666666666666,20,30,0.0005220106396212849,0.010120666606402162,0.0,0.0319879572152419,3.5003974708680023,316.7580759753388,inf,-0.278678706274248,0.007209326206058644,0.14433968380696524,1313.3173838033358,3.7082092366860264,3.9043761682352636,24,3.8602841302237896,48.25137566764654,12.00337735392575,13.502753177087927,0.0,1.0,1.2185135556784037,10,34,25,3.3749255424737115,0.865901350945125,strict_alpha_gt_2
bonds,SU46020RMFS2,504,2024-04-25,2026-04-17,504,233,lower,raw,30,0.12875536480686695,51.754745527459775,48.245254472540225,2,0.6666666666666666,20,30,0.0004968129190109587,0.010232905342086129,0.0,0.0319879572152419,3.5094910549195464,278.07213438816405,inf,-0.2763544599273755,0.007180167988817231,0.1456317722416874,9.637981405219676,3.718252861064943,3.9124097066870385,34,3.559708858101802,51.678218599637084,17.707106404107932,17.454718322081202,0.0,1.0,3.7171692113554307,10,34,25,3.431532979820109,1.014931167285889,strict_alpha_gt_2
bonds,SU46020RMFS2,504,2024-05-23,2026-05-15,504,229,lower,raw,33,0.14410480349344978,33.838528287311604,30.42474271939784,2,0.696969696969697,23,33,0.0005968807786424504,0.010311615413643152,0.0,0.0319879572152419,3.4137855679137648,64.26327100670945,inf,-0.2310384647717354,0.006890424303957201,0.15174026704052387,,3.603137993508944,3.827821401599013,30,5.177125161411556,51.63216959262414,15.040751123093738,15.468576035502238,0.0,1.0,1.498907130367182,10,34,25,3.7862543151561723,2.657383347318356,strict_alpha_gt_2
bonds,SU52002RMFS1,504,2018-04-05,2020-04-01,504,201,lower,raw,28,0.13930348258706468,1.6707116257377623,0.027985953844432254,3,0.5,14,28,0.00024364245888213034,0.002393270939015801,0.0,0.0218373732843494,1.64272567189333,1.8601016194891364,1.6707116257377623,0.5985473403038147,0.0014792927322202954,0.14400975973397706,,1.8195265714008806,1.6342754733071074,98,1.571899772937253,4.139611211498487,2.7423730986514006,3.760817276568909,0.0,0.5408163265306123,0.10146498288957616,10,30,21,2.4479604979850076,0.8138392597393802,point_alpha_1_2_uncertain
bonds,SU52002RMFS1,504,2018-05-04,2020-04-30,504,199,lower,raw,21,0.10552763819095477,3.0616850880505813,1.5226775462543567,3,0.5238095238095238,11,21,0.0002986132230668098,0.002463676415020339,0.0,0.0218373732843494,1.357382080513183,3.0616850880505813,4.584362634304938,0.21813283105419426,0.002947989067463134,0.12107618070434256,,1.5026384083442352,1.6710457980086981,98,1.5346267913103233,5.5049292301232295,2.8467204847711547,2.460347009232798,0.0,0.673469387755102,0.852207053614849,10,29,20,2.375329113942179,0.942879234102302,point_alpha_gt_2_uncertain
bonds,SU52002RMFS1,504,2018-06-05,2020-06-02,504,202,lower,raw,27,0.13366336633663367,1.6688373710236637,0.04152695815305174,3,0.5185185185185185,14,27,0.000321930365747915,0.0024909870679620007,0.0,0.0218373732843494,1.627310412870612,1.868369365112759,1.6688373710236637,0.5992195628904216,0.0015167483602080518,0.1685805255247257,,1.8060095487445862,1.6198687038719,96,1.6005333173849292,6.051532176221103,2.932636823293136,3.0954987946213266,0.0,0.5833333333333334,0.1386018114680223,10,30,21,2.203999156102444,0.794499561981546,point_alpha_1_2_uncertain
bonds,SU52002RMFS1,504,2018-07-04,2020-07-06,504,202,lower,raw,28,0.13861386138613863,1.7077929132311744,0.017284527807589267,3,0.4642857142857143,13,28,0.00032532883891283823,0.0024983981844245275,0.0,0.0218373732843494,1.7077929132311744,1.7250774410387637,1.1375627237302934,0.8790724055380454,0.0010325352325812821,0.1716528875505982,,1.904020121165588,1.59530288932847,100,1.4865205158469847,5.501038174945476,2.5133729927717194,2.069925066929564,0.0,0.48,0.10355945217606208,10,30,21,1.9787148963649308,1.0267179008935614,point_alpha_1_2_uncertain
bonds,SU52002RMFS1,504,2018-08-02,2020-08-04,504,201,lower,raw,26,0.12935323383084577,1.6748540174114654,0.019347781087481364,3,0.46153846153846156,12,26,0.0003424005773610996,0.0024897965488164205,0.0,0.0218373732843494,1.6748540174114654,1.6942017984989468,1.063444358083055,0.9403406886304624,0.0010090408052446651,0.17050912772741317,,1.8771695053556046,1.559962224196444,98,1.4931629779858515,3.0200529989961136,2.155759775834362,1.5608452530151171,0.0,0.3979591836734694,0.10746285811410788,10,30,21,2.1331536873277344,1.1528903868978717,point_alpha_1_2_uncertain
bonds,SU52002RMFS1,504,2018-08-31,2020-09-02,504,194,lower,raw,21,0.10824742268041238,1.6346117542575336,0.021862994335190233,3,0.5238095238095238,11,21,0.00038593320171500264,0.0024036167532266385,0.0,0.0218373732843494,1.6346117542575336,1.6564747485927238,0.9664119525333461,1.0347554139604818,0.0009670039115504865,0.2122832034234266,,1.8768352760980214,1.5068901912827468,98,1.4655674625946833,6.330372794384525,2.5811527391174325,1.6674092236828073,0.0,0.5102040816326531,0.13081077102440664,10,29,20,1.6550113126971688,0.5852799980183472,point_alpha_1_2_uncertain
bonds,SU52002RMFS1,504,2018-10-01,2020-10-01,504,192,lower,raw,21,0.109375,1.6346117542575336,0.021862994335190233,3,0.5238095238095238,11,21,0.0003725290447338002,0.0023898199864222,0.0,0.0218373732843494,1.6346117542575336,1.6564747485927238,0.9664119525333461,1.0347554139604818,0.0009670039115504865,0.2122832034234266,,1.8768352760980214,1.5068901912827468,96,1.4444212243926011,3.8928234397511345,2.207236740499926,1.4925399167842166,0.0,0.3854166666666667,0.13081077102440664,10,28,19,1.675410871136804,0.7181018364130485,point_alpha_1_2_uncertain
bonds,SU52002RMFS1,504,2018-10-30,2020-10-30,504,190,lower,raw,21,0.11052631578947368,1.6346117542575336,0.021862994335190233,3,0.5238095238095238,11,21,0.0003776578460623967,0.002390691894119729,0.0,0.0218373732843494,1.6346117542575336,1.6564747485927238,0.9664119525333461,1.0347554139604818,0.0009670039115504865,0.2122832034234266,,1.8768352760980214,1.5068901912827468,99,1.4250322613062434,3.5774004278016887,2.1065675667658663,0.8131527072405009,0.0,0.43434343434343436,0.13081077102440664,10,28,19,1.675410871136804,0.7178320245456158,point_alpha_1_2_uncertain
bonds,SU52002RMFS1,504,2018-11-29,2020-12-01,504,183,lower,raw,21,0.11475409836065574,1.5869721262259815,0.07830318391049707,3,0.47619047619047616,10,21,0.0004114914179193063,0.0023823918638097414,0.0,0.0218373732843494,1.5869721262259815,1.6652753101364786,1.1314789783861416,0.8837990091749883,0.0011593906143404656,0.19782613262272158,,1.8152380768332563,1.4919819871186593,100,1.4285711896420419,5.53324225019128,2.9394279467461013,4.198034588420212,0.0,0.47,0.1772249318746435,10,27,18,1.7514515828841621,0.8287200471153107,point_alpha_1_2_uncertain
bonds,SU52002RMFS1,504,2018-12-28,2020-12-30,504,184,lower,raw,22,0.11956521739130435,1.625449871687528,0.06150089227394773,3,0.45454545454545453,10,22,0.0004104679526618928,0.0023947587499761657,0.0,0.0218373732843494,1.625449871687528,1.6869507639614758,1.221234013847098,0.8188438814030632,0.0011913174614281558,0.17417942532590464,,1.8551553938188583,1.5271741355417967,100,1.46811431069904,5.53177469516942,2.8760647710665364,3.2849354141637255,0.0,0.54,0.15329762508357248,10,27,18,1.8810142888274815,1.0684016058543648,point_alpha_1_2_uncertain
bonds,SU52002RMFS1,504,2019-01-31,2021-02-02,504,187,lower,raw,22,0.11764705882352941,1.625449871687528,0.06150089227394773,3,0.45454545454545453,10,22,0.00038826771615994404,0.0023978155826090454,0.0,0.0218373732843494,1.625449871687528,1.6869507639614758,1.221234013847098,0.8188438814030632,0.0011913174614281558,0.17417942532590464,,1.8551553938188583,1.5271741355417967,99,1.4545928787187834,3.941708646419166,2.860135929316308,5.321929656457609,0.0,0.45454545454545453,0.15329762508357248,10,28,19,1.864059855537789,0.966827162794381,point_alpha_1_2_uncertain
bonds,SU52002RMFS1,504,2019-03-01,2021-03-03,504,188,lower,raw,16,0.0851063829787234,4.26896319840004,1.1080686912578388,3,0.4375,7,16,0.00035727373021785403,0.0024173880190401986,0.0,0.0218373732843494,1.3576568782037493,4.26896319840004,5.377031889657879,0.18597620778916868,0.003308726361341922,0.1515922996476876,1.1807872948724802,1.3576568782037493,1.7325235032170845,93,1.5960348096731287,8.287467564450793,3.6178865086982426,5.421984748211974,0.0,0.6774193548387096,0.45234536320715435,10,28,19,1.9822484320370657,1.1776528607867631,point_alpha_gt_2_uncertain
bonds,SU52002RMFS1,504,2019-04-02,2021-04-02,504,192,lower,raw,12,0.0625,2.0596579517721088,0.04085716299084874,3,0.4166666666666667,5,12,0.00034211205305620276,0.0024385452643502924,0.0,0.0218373732843494,2.0596579517721088,2.1005151147629575,1.7310207718372912,0.5776938187394529,0.0019079166046555242,0.13029774050028814,0.4569748603134614,2.0596579517721088,1.826134959035784,80,1.7672663647841598,12.39525776229253,4.636573093577963,7.535947242710681,0.0,0.7125,0.11002838635643558,10,28,19,2.3518713052794578,0.8613939709552851,point_alpha_gt_2_uncertain
bonds,SU52002RMFS1,504,2019-05-02,2021-05-04,504,185,lower,raw,12,0.06486486486486487,2.0596579517721088,0.04085716299084874,3,0.4166666666666667,5,12,0.00037405267266298,0.0024455927905992127,0.0,0.0218373732843494,2.0596579517721088,2.1005151147629575,1.7310207718372912,0.5776938187394529,0.0019079166046555242,0.13029774050028814,0.47828990659622733,2.0596579517721088,1.826134959035784,76,1.6837048407675812,9.080450769292616,3.815334191025753,4.29191319294639,0.0,0.7236842105263158,0.11002838635643558,10,27,18,2.3733484676054903,1.047521467814243,point_alpha_gt_2_uncertain
bonds,SU52002RMFS1,504,2019-06-03,2021-06-02,504,180,lower,raw,12,0.06666666666666667,2.0596579517721088,0.04085716299084874,3,0.4166666666666667,5,12,0.00040024204184226856,0.002444225422130361,0.0,0.0218373732843494,2.0596579517721088,2.1005151147629575,1.7310207718372912,0.5776938187394529,0.0019079166046555242,0.13029774050028814,0.5109283779435811,2.0596579517721088,1.826134959035784,79,1.6405796060611475,6.947999888046284,3.2860360084322444,3.50483795284082,0.0,0.7468354430379747,0.11002838635643558,10,27,18,2.3733484676054903,1.047521467814243,point_alpha_gt_2_uncertain
bonds,SU52002RMFS1,504,2019-07-03,2021-07-01,504,179,lower,raw,12,0.0670391061452514,2.0596579517721088,0.04085716299084874,3,0.4166666666666667,5,12,0.00036600926725267045,0.0024165512826095884,0.0,0.0218373732843494,2.0596579517721088,2.1005151147629575,1.7310207718372912,0.5776938187394529,0.0019079166046555242,0.13029774050028814,0.4901469122351371,2.0596579517721088,1.826134959035784,82,1.6919752090507403,5.936450036852798,2.8741696824169023,1.8765181425067905,0.0,0.7317073170731707,0.11002838635643558,10,26,17,2.462041695179725,0.7743379628028522,point_alpha_gt_2_uncertain
bonds,SU52002RMFS1,504,2019-08-01,2021-07-30,504,180,lower,raw,26,0.14444444444444443,1.950402316273729,0.014045384576387931,3,0.4230769230769231,11,26,0.0003678643883005528,0.002416993108546365,0.0,0.0218373732843494,1.675872686882848,1.9644477008501169,1.950402316273729,0.512714731548573,0.0015858470027970784,0.12260493166966657,,1.8761206821718004,1.6911586940188068,100,1.599572442714535,5.50731021215934,2.887638847031506,1.878900260034028,0.0,0.63,0.10920540384561214,10,27,18,2.414658076486784,0.7817458510174817,point_alpha_1_2_uncertain
bonds,SU52002RMFS1,504,2019-08-30,2021-08-30,504,175,lower,raw,19,0.10857142857142857,3.0710784429892515,1.0083285172345873,3,0.42105263157894735,8,19,0.0003916823123231767,0.0023929123856187623,0.0,0.0218373732843494,1.4506536252675561,3.0710784429892515,4.079406960223839,0.24513367010216836,0.002775871162944793,0.13546491654080617,,1.4506536252675561,1.7375448484736307,93,1.7295862715637231,9.3760695415463,3.8822375573537506,5.24642222007938,0.0,0.7311827956989247,0.5793821988008756,10,26,17,2.386552646553961,1.0118602101129426,point_alpha_gt_2_uncertain
bonds,SU52002RMFS1,504,2019-09-30,2021-09-28,504,174,lower,raw,12,0.06896551724137931,2.0596579517721088,0.04085716299084874,3,0.4166666666666667,5,12,0.0003758052352923741,0.002384158036303327,0.0,0.0218373732843494,2.0596579517721088,2.1005151147629575,1.7310207718372912,0.5776938187394529,0.0019079166046555242,0.13029774050028814,0.6771869869620059,2.0596579517721088,1.826134959035784,73,1.7358340000289707,5.743392022720182,3.1390002051388914,2.856249823618735,0.0,0.726027397260274,0.11002838635643558,10,26,17,2.5245548257305686,1.1652419961257872,point_alpha_gt_2_uncertain
bonds,SU52002RMFS1,504,2019-10-29,2021-10-27,504,178,lower,raw,12,0.06741573033707865,2.0596579517721088,0.04085716299084874,3,0.4166666666666667,5,12,0.0003554465163125727,0.0023830101533497206,0.0,0.0218373732843494,2.0596579517721088,2.1005151147629575,1.7310207718372912,0.5776938187394529,0.0019079166046555242,0.13029774050028814,0.6771869869620059,2.0596579517721088,1.826134959035784,73,1.689507908275575,7.609971746961433,3.3017727420140734,2.6417783088330498,0.0,0.6575342465753424,0.11002838635643558,10,26,17,2.5245548257305686,1.1652419961257872,point_alpha_gt_2_uncertain
bonds,SU52002RMFS1,504,2019-11-28,2021-11-26,504,183,lower,raw,11,0.060109289617486336,2.0635245847463155,0.030308676270233814,3,0.45454545454545453,5,11,0.00031235984283260976,0.002372544355906038,0.0,0.0218373732843494,2.0938332610165493,2.0635245847463155,1.5370708667228605,0.6505880904060513,0.0018130808863187978,0.13188502417089126,0.7409934455950409,2.0938332610165493,1.8088453793696164,74,1.6690519127834744,4.899570560198051,2.6565388828866308,1.2129593627850235,0.0,0.6756756756756757,0.10546670628484871,10,27,18,2.6314501581574286,1.3240901638955989,point_alpha_gt_2_uncertain
bonds,SU52002RMFS1,504,2019-12-27,2021-12-27,504,179,lower,raw,11,0.061452513966480445,2.0635245847463155,0.030308676270233814,3,0.45454545454545453,5,11,0.0003098915440812853,0.0023427851323685966,0.0,0.0218373732843494,2.0938332610165493,2.0635245847463155,1.5370708667228605,0.6505880904060513,0.0018130808863187978,0.13188502417089126,0.8520721406938884,2.0938332610165493,1.8088453793696164,72,1.7161218039574744,7.888296301687301,3.4607340192533207,3.3241429755387264,0.0,0.7638888888888888,0.10546670628484871,10,26,17,2.7244991628482884,1.380927965861499,point_alpha_gt_2_uncertain
bonds,SU52002RMFS1,504,2020-01-31,2022-01-26,504,184,lower,raw,17,0.09239130434782608,1.8904707773631766,0.6538024284332571,3,0.5294117647058824,9,17,0.0002690724975187781,0.002363494219770656,0.0,0.0218373732843494,2.6212647828153703,1.8904707773631766,1.2366683489299195,0.8086242369389441,0.0009985397647601824,0.08871681457110903,0.9730303199524721,2.6212647828153703,1.9805811173448649,83,1.6280026760387512,8.581145116385544,3.887929801555745,5.885810126111204,0.0,0.5421686746987951,0.5111385632760425,10,27,18,2.3384249216522504,1.5322846311998475,point_alpha_1_2_uncertain
bonds,SU52002RMFS1,504,2020-03-03,2022-02-24,504,186,lower,raw,26,0.13978494623655913,1.4118493148589495,0.010544190758454697,3,0.5,13,26,6.708706413534613e-05,0.004861370809745527,0.0,0.095277855097269,1.4118493148589495,1.4013051241004948,1.64519313491099,0.6078313717581267,0.0021961791966365464,0.21155320388006196,2.518475548240915,1.6786012751983626,1.2557814892737102,94,1.0503687667676604,5.18597228576444,2.351113184295538,3.8769790013654024,0.0,0.20212765957446807,0.1006077473251496,10,27,18,1.276778100738178,0.19582905968675823,point_alpha_1_2_uncertain
bonds,SU52002RMFS1,504,2020-04-02,2022-03-29,504,178,lower,raw,22,0.12359550561797752,1.4446852948196325,0.06444752671085596,3,0.5909090909090909,13,22,0.0004141994613488247,0.005726372196069805,0.0,0.095277855097269,1.4446852948196325,1.3051345888544483,1.5091328215304884,0.6626321989245778,0.001844350105357717,0.17465855387590257,,1.806893637002103,1.1484620742985268,84,0.995291133877585,8.854619315583385,3.4276982820080684,7.9204831925813695,0.07142857142857142,0.21428571428571427,0.13604851949609037,10,26,17,1.3184062767988682,0.2182260174814905,point_alpha_1_2_uncertain
bonds,SU52002RMFS1,504,2020-05-04,2022-04-27,504,175,lower,raw,24,0.13714285714285715,1.3667348667778179,0.09572488861439021,3,0.5416666666666666,13,24,0.00041648414841360015,0.005691459516833976,0.0,0.095277855097269,1.4881595006970596,1.2710099781634276,1.3667348667778179,0.7316708048559386,0.0014742310918454977,0.1364490675508565,,1.8523024761314855,1.1429451601864526,83,0.9947108892842516,4.16843492554875,1.9217049778010518,2.090720932197224,0.060240963855421686,0.18072289156626506,0.14833654302602142,10,26,17,1.3045871014063823,0.18312353258749647,point_alpha_1_2_uncertain
bonds,SU52002RMFS1,504,2020-06-03,2022-06-01,504,176,lower,raw,22,0.125,1.3065902607866604,0.0442104940269763,3,0.5,11,22,0.00040897709582242463,0.005702748792438611,0.0,0.095277855097269,1.5529716759318173,1.262379766759684,1.3065902607866604,0.76535087549017,0.0014687189252906006,0.14794326319389073,,1.9885771286387364,1.1292685912798406,80,0.9231319904651679,5.0071303451084646,2.3373442062709175,5.854889460043878,0.1,0.1375,0.1127732729764,10,26,17,1.2431069226197247,0.10437094273898695,point_alpha_1_2_uncertain
bonds,SU52002RMFS1,504,2020-07-07,2022-07-01,504,175,lower,raw,23,0.13142857142857142,1.3874529438643606,0.08385259496641351,3,0.5217391304347826,12,23,0.00044332750527237725,0.005737478177293815,0.0,0.095277855097269,1.5454042701747592,1.303600348897947,1.3874529438643606,0.720745164311505,0.0016203571934204767,0.15436099476474296,4.665711371961401,1.9435630025758286,1.1729188729749744,84,0.9716105491908978,6.075158561715255,2.203720105618627,2.539262105374026,0.07142857142857142,0.23809523809523808,0.14860543014160413,10,26,17,1.3645056049888142,0.17531960654469736,point_alpha_1_2_uncertain
bonds,SU52002RMFS1,504,2020-08-05,2022-08-01,504,179,lower,raw,23,0.12849162011173185,1.3874529438643606,0.08385259496641351,3,0.5217391304347826,12,23,0.00044686580814847523,0.0057478365949783,0.0,0.095277855097269,1.5454042701747592,1.303600348897947,1.3874529438643606,0.720745164311505,0.0016203571934204767,0.15436099476474296,6.906208012259561,1.9435630025758286,1.1729188729749744,84,0.981544687559015,5.552140540986232,2.5980871091030058,4.375892420741398,0.08333333333333333,0.23809523809523808,0.14860543014160413,10,26,17,1.3645056049888142,0.17531960654469736,point_alpha_1_2_uncertain
bonds,SU52002RMFS1,504,2020-09-03,2022-08-30,504,184,lower,raw,25,0.1358695652173913,1.4240897398708283,0.10491341376340158,3,0.52,13,25,0.00042556409733992894,0.005753092705494978,0.0,0.095277855097269,1.5314661160126781,1.3191763261074267,1.4240897398708283,0.7022029384824475,0.0015804963052593484,0.14468313678310163,,1.8895488195664125,1.195084198137128,81,1.0001119414758646,7.172441425751309,2.9936532356038326,6.253745939163943,0.04938271604938271,0.2716049382716049,0.16139903638741082,10,27,18,1.3631636387407626,0.1629693011012725,point_alpha_1_2_uncertain
bonds,SU52002RMFS1,504,2020-10-02,2022-09-28,504,188,lower,raw,26,0.13829787234042554,1.4598694171218307,0.10118751733659681,3,0.5384615384615384,14,26,0.00043843525741019194,0.0057668046142203555,0.0,0.095277855097269,1.5610569344584275,1.3365531727077447,1.4598694171218307,0.6849927728272609,0.001558365227416955,0.14169300481406277,,1.9182664417489916,1.2148815635652859,85,0.9794621193419302,5.486063312884723,3.2701278110653127,7.800934822923215,0.08235294117647059,0.25882352941176473,0.15254657731152307,10,28,19,1.3499229193423816,0.17250163416991215,point_alpha_1_2_uncertain
bonds,SU52002RMFS1,504,2020-11-02,2022-10-27,504,188,lower,raw,20,0.10638297872340426,1.2856309043022,0.0030198830058116855,3,0.65,13,20,0.0004593254141093016,0.005778322870597492,0.0,0.095277855097269,1.6626550961956286,1.2826110212963884,1.2856309043022,0.7778282216564858,0.0015556531151234834,0.16634668342050118,18.839125056352106,2.206815134067904,1.1399792855584276,70,0.9335934223273227,3.9949025795417845,1.9625176000104188,3.1320332259950434,0.15714285714285714,0.11428571428571428,0.11869707845413033,10,28,19,1.2915103247168456,0.16456552676314917,point_alpha_1_2_uncertain
bonds,SU52002RMFS1,504,2020-12-02,2022-11-28,504,196,lower,raw,25,0.12755102040816327,1.4090718241706877,0.07942990073016354,3,0.56,14,25,0.00042652216231844697,0.005780280387765127,0.0,0.095277855097269,1.6315875399521966,1.3296419234405241,1.4090718241706877,0.7096870314531711,0.0014977293245180218,0.14278257664784644,8.481246769253659,2.040976028147129,1.2099163199040894,83,0.9693553594438825,4.527530108844976,1.8894474158002796,2.0302487910702194,0.08433734939759036,0.1686746987951807,0.1342067074761327,10,29,20,1.293893852395882,0.16463984355823236,point_alpha_1_2_uncertain
bonds,SU52002RMFS1,504,2021-01-04,2022-12-27,504,194,lower,raw,27,0.13917525773195877,1.4708128259514963,0.08317193473516626,3,0.5185185185185185,14,27,0.00044323589673235194,0.005778978554629186,0.0,0.095277855097269,1.5539847606866626,1.342982726477871,1.4708128259514963,0.6798961651378592,0.0015357178304514617,0.13726686521542075,43.239155210871154,1.894412708056405,1.2241236731987302,76,0.9760673391310573,5.256248288017402,1.887448620199342,1.5385373410372827,0.09210526315789473,0.2236842105263158,0.1501026945996447,10,29,20,1.3563990560780446,0.1669887372862644,point_alpha_1_2_uncertain
bonds,SU52002RMFS1,504,2021-02-03,2023-01-26,504,196,lower,raw,23,0.11734693877551021,1.4525794172324638,0.11531670824325846,3,0.5652173913043478,13,23,0.0004217411041066969,0.005803307152477353,0.0,0.095277855097269,1.569699431519787,1.3372627089892053,1.4525794172324638,0.6884305175583835,0.0017883599412099496,0.1611293513187419,1.765604842985791,1.967769781006806,1.217640033629016,83,1.0081943425033195,7.4045357460931385,2.452746444879426,3.250084589705857,0.04819277108433735,0.24096385542168675,0.17287521414687718,10,29,20,1.3919780019440253,0.21008407192135525,point_alpha_1_2_uncertain
bonds,SU52002RMFS1,504,2021-03-04,2023-02-27,504,189,lower,raw,26,0.13756613756613756,1.444765725465475,0.06864430390400744,3,0.5384615384615384,14,26,0.0004742601017550258,0.005792704916371356,0.0,0.095277855097269,1.5134100293694825,1.3355449845186045,1.444765725465475,0.6921537397890718,0.0016563913082348423,0.13135750913440675,2.707891512674788,1.841800778971707,1.2299238550534224,92,0.9735277862008014,9.336053272136065,3.0747884138323824,6.277743039034687,0.07608695652173914,0.22826086956521738,0.13782030022788405,10,28,19,1.3597947710418685,0.15969022512436637,point_alpha_1_2_uncertain
bonds,SU52002RMFS1,504,2021-04-05,2023-03-29,504,183,lower,raw,25,0.1366120218579235,1.3735634121831979,0.05760125204389399,3,0.64,16,25,0.0004978742426456724,0.0057796430750192114,0.0,0.095277855097269,1.4311646642270919,1.2940163667028897,1.3735634121831979,0.728033370087049,0.0016490084853220306,0.13948951238213192,11.01747094926607,1.7391782861169685,1.1876546431719732,88,0.9643458230238351,6.830180821453552,2.540978036651422,3.5974095790012317,0.07954545454545454,0.26136363636363635,0.13127825597016293,10,27,18,1.3422960796490755,0.1565724815728935,point_alpha_1_2_uncertain
bonds,SU52002RMFS1,504,2021-05-05,2023-04-27,504,190,lower,raw,27,0.14210526315789473,1.343630796863123,0.04695304261187139,3,0.6296296296296297,17,27,0.00046638709160967137,0.005775140870076708,0.0,0.095277855097269,1.441356568601065,1.2966777542512515,1.343630796863123,0.7442520685999661,0.0015225182301875522,0.13313567725419073,12.613796784989821,1.7318729355710658,1.1994815792156135,88,1.0064990593833643,6.142876230171589,2.2340552051642706,2.6528659965276202,0.045454545454545456,0.26136363636363635,0.12148023359948554,10,28,19,1.335315578801751,0.13975824880226195,point_alpha_1_2_uncertain
bonds,SU52002RMFS1,504,2021-06-03,2023-05-30,504,193,lower,raw,26,0.13471502590673576,1.3507267581596563,0.05129116048351312,3,0.6153846153846154,16,26,0.00045286416871849196,0.005776630665616236,0.0,0.095277855097269,1.4678766259253258,1.2994355976761431,1.3507267581596563,0.740342185389504,0.001552573909829949,0.13302994848398403,3.9831310641488646,1.7806794844603007,1.2001670144501368,88,0.9520603434786999,5.276093915832064,2.5290156952005427,5.502608183115929,0.06818181818181818,0.22727272727272727,0.12966357556130195,10,28,19,1.3208701917705006,0.12961084358148867,point_alpha_1_2_uncertain
bonds,SU52002RMFS1,504,2021-07-02,2023-06-29,504,191,lower,raw,27,0.14136125654450263,1.3580706579575272,0.05872913144702596,3,0.6296296296296297,17,27,0.0004699367791949812,0.005774566466907563,0.0,0.095277855097269,1.437828973396425,1.2993415265105013,1.3580706579575272,0.7363387126734273,0.0015414162077295357,0.13082583299839956,24.717179175161334,1.726587326106094,1.2007988216300056,91,0.9249056510369404,7.194000278420547,2.606947303063342,4.0430723799406945,0.12087912087912088,0.25274725274725274,0.13071934792267015,10,28,19,1.3293088826525672,0.13946227100651454,point_alpha_1_2_uncertain
bonds,SU52002RMFS1,504,2021-08-02,2023-07-28,504,190,lower,raw,27,0.14210526315789473,1.3580706579575272,0.05872913144702596,3,0.6296296296296297,17,27,0.0004745022033282295,0.005773010364435074,0.0,0.095277855097269,1.437828973396425,1.2993415265105013,1.3580706579575272,0.7363387126734273,0.0015414162077295357,0.13082583299839956,7.49064545462948,1.726587326106094,1.2007988216300056,89,1.0350809259153917,6.872994333363671,2.8294020231806347,5.49407843789295,0.033707865168539325,0.3146067415730337,0.13071934792267015,10,28,19,1.3293088826525672,0.13946227100651454,point_alpha_1_2_uncertain
bonds,SU52002RMFS1,504,2021-08-31,2023-08-28,504,191,lower,raw,27,0.14136125654450263,1.3783918040246257,0.032044035828322714,3,0.6296296296296297,17,27,0.0004432499356710255,0.005795019623906535,0.0,0.095277855097269,1.3783918040246257,1.346347768196303,1.5052123479950579,0.6643580896290144,0.0018643920941632487,0.1441077133438915,8.279701642017605,1.6336821344445858,1.2289918833395117,88,0.9728994433887576,7.370160511099886,2.8919516552364697,5.579669510643658,0.10227272727272728,0.3068181818181818,0.1086370019359307,10,28,19,1.3591026336187406,0.15523344608980905,point_alpha_1_2_uncertain
bonds,SU52002RMFS1,504,2021-09-29,2023-09-26,504,195,lower,raw,27,0.13846153846153847,1.388746825978449,0.038286091942220546,3,0.6296296296296297,17,27,0.00042571453369122896,0.005799984045012017,0.0,0.095277855097269,1.388746825978449,1.3504607340362285,1.5239827205847385,0.6561754188500962,0.001863598153698456,0.10634916665909416,5.652624257063318,1.6483531968880176,1.2351179639686083,92,0.9891382281297739,6.2905694373207695,3.074622125027961,6.248935891008215,0.06521739130434782,0.2608695652173913,0.10648676099781801,10,29,20,1.3564108887012614,0.14982024166962904,point_alpha_1_2_uncertain
bonds,SU52002RMFS1,504,2021-10-28,2023-10-25,504,196,lower,raw,28,0.14285714285714285,1.4083282248002305,0.013301485100863486,3,0.6071428571428571,17,28,0.0004193500326684213,0.005809268535656853,0.0,0.095277855097269,1.4083282248002305,1.395026739699367,1.6268138723604855,0.6146984710359109,0.0019280384290443616,0.11878555526790135,5.8724640180035825,1.6634711061013903,1.2656128591744058,83,0.9468561075556273,8.455121608224898,2.8901796853747954,5.814797707865829,0.08433734939759036,0.26506024096385544,0.09824547503207647,10,29,20,1.357327169708959,0.17065633411108339,point_alpha_1_2_uncertain
bonds,SU52002RMFS1,504,2021-11-29,2023-11-23,504,196,lower,raw,27,0.1377551020408163,1.4902044510184882,0.06930822630583466,3,0.5555555555555556,15,27,0.00040972674854722406,0.005813729317740635,0.0,0.095277855097269,1.5595126773243229,1.373637460635733,1.4902044510184882,0.6710488613267426,0.0017200398673209148,0.1412796871616877,1.3326391252575065,1.8877405141286334,1.273584018855961,89,0.9998649665023029,6.166479928808545,2.3344319958393958,2.138899359031051,0.056179775280898875,0.29213483146067415,0.14659876777601377,10,29,20,1.3829313129431573,0.18303948759917743,point_alpha_1_2_uncertain
bonds,SU52002RMFS1,504,2021-12-28,2023-12-22,504,200,lower,raw,29,0.145,1.4224912842886315,0.0016213226151480242,3,0.5517241379310345,16,29,0.00039306893617667606,0.005814347186629895,0.0,0.095277855097269,1.4208699616734835,1.4224912842886315,1.6839023120824377,0.5938586774450867,0.0019369464223304212,0.12289172338025633,3.2163357456404533,1.670701946982321,1.2855378965916715,82,1.080304411927984,5.832476023359524,2.331516952769248,1.8195107736267402,0.012195121951219513,0.3048780487804878,0.08987613478687474,10,30,21,1.3889694463731685,0.18289884763968578,point_alpha_1_2_uncertain
bonds,SU52002RMFS1,504,2022-01-27,2024-01-24,504,200,lower,raw,27,0.135,1.4254897210750948,0.05264266402211404,3,0.5185185185185185,14,27,0.0003992551895533737,0.005812475986204801,0.0,0.095277855097269,1.4254897210750948,1.34217474048311,1.4781323850972088,0.6765293894391167,0.001780731023163664,0.12477371510377094,4.998584391775017,1.700375358318881,1.2364840488016036,94,1.0665123400870498,6.703388846630613,3.4064495513583344,10.246439016362078,0.02127659574468085,0.40425531914893614,0.104534202290251,10,30,21,1.330324399305985,0.13103754127727574,point_alpha_1_2_uncertain
bonds,SU52002RMFS1,504,2022-02-25,2024-02-22,504,208,lower,raw,30,0.14423076923076922,2.157750458952018,0.0613894572646454,3,0.6,18,30,0.0005468077403801456,0.0039301216480956145,0.0,0.0192375624959975,2.073700547423535,2.219139916216663,2.157750458952018,0.4634456203455902,0.0011941971322216494,0.10375803517513899,2.836720847478945,2.339057960488492,2.01078191215096,98,1.5209117159615602,5.467931346376188,3.0504312827601185,4.16214327366168,0.0,0.5918367346938775,0.11448084684150672,10,31,22,2.3765664794996653,0.4191116942123716,point_alpha_gt_2_uncertain
bonds,SU52002RMFS1,504,2022-03-30,2024-03-26,504,214,lower,raw,10,0.04672897196261682,4.529693049866141,0.18153793590722778,3,0.8,8,10,0.000250906189940497,0.0019434067258486155,0.0,0.00956045389732192,3.3977930650567503,4.529693049866141,4.711230985773369,0.2122587499996767,0.0013546773596849076,0.13935957505487767,1.5883318124375454,3.3977930650567503,3.0707573922636224,58,2.5880105324533225,14.552505972941137,5.982920540498818,7.265810643770705,0.0,0.9827586206896551,0.1808289472675567,10,32,23,4.529693049866141,1.6544208853705191,strict_alpha_gt_2
bonds,SU52002RMFS1,504,2022-04-28,2024-04-24,504,220,lower,raw,32,0.14545454545454545,3.540785567331122,0.9873848848565494,3,0.5625,18,32,0.0001891736203009196,0.00196416376539359,0.0,0.00956045389732192,2.3246939797215544,3.540785567331122,4.528170452187672,0.2208397432382156,0.001278815983824407,0.13237815800496733,4.242719950539354,2.500858205950399,2.453768755082146,95,2.1962530362050843,9.584841586240861,4.6973809803689,5.22196781613086,0.0,0.9894736842105263,0.4956753683546806,10,33,24,4.455324599882859,1.688937587568475,strict_alpha_gt_2
bonds,SU52002RMFS1,504,2022-06-02,2024-05-24,504,223,lower,raw,31,0.13901345291479822,3.772779420917514,1.6557995748972627,3,0.5806451612903226,18,31,0.00013136988054322074,0.001941979232233308,0.0,0.00956045389732192,2.1169798460202514,3.772779420917514,7.723468727679895,0.12947550320442572,0.001589227439961321,0.14278142366496205,3.651784654534221,2.2600581484742226,2.3002790916837106,83,2.109269740584577,9.78829640540881,4.427048632552941,2.7930864124613826,0.0,0.9879518072289156,0.69614617954471,10,33,24,3.91110180039792,2.2967740760915203,strict_alpha_gt_2
bonds,SU52002RMFS1,504,2022-07-04,2024-06-25,504,228,lower,raw,14,0.06140350877192982,2.808410209479975,0.2603162670106669,3,0.6428571428571429,9,14,2.8508771015891996e-05,0.001971181354527127,0.0,0.0121163926139826,3.068726476490642,2.808410209479975,1.3324374874704812,0.7505042520969705,0.0008877149007757946,0.16798104992497465,2.8589610182788734,3.068726476490642,2.599172050003165,80,2.1301600242566296,8.886893083925376,4.865606163324324,5.994526981420831,0.0,1.0,0.2963416212124323,10,34,25,4.310898229207426,2.2120119158558857,strict_alpha_gt_2
bonds,SU52002RMFS1,504,2022-08-02,2024-07-24,504,227,lower,raw,27,0.11894273127753303,2.88773351267051,0.04754318951869063,3,0.5185185185185185,14,27,1.8239441909419252e-06,0.00207195149030558,0.0,0.0121163926139826,2.274788406775387,2.88773351267051,2.9352767021892006,0.34068338404150306,0.0014905666557329259,0.10922250964858149,,2.4765212734828945,2.2650403896811264,93,2.0978941852468584,7.553284638886731,3.948052002739343,2.886336317459906,0.0,1.0,0.16517228018667077,10,34,25,3.381232408269983,1.3038412700580206,strict_alpha_gt_2
bonds,SU52002RMFS1,504,2022-08-31,2024-08-22,504,227,lower,raw,17,0.07488986784140969,2.6735210089496486,0.08615664723702787,3,0.6470588235294118,11,17,1.6834086035724473e-06,0.0020870227794225547,0.0,0.0121163926139826,2.6735210089496486,2.7596776561866765,1.8362222045535757,0.5445963988019201,0.001273539703736175,0.14712516040908577,5.452665959448056,2.6735210089496486,2.3582431498307597,88,2.0853786802890926,6.76546045983093,3.51665299233121,2.376092902241838,0.0,0.9886363636363636,0.15978243245707902,10,34,25,3.368827513080015,0.7222945815557797,strict_alpha_gt_2
bonds,SU52002RMFS1,504,2022-09-29,2024-09-20,504,229,lower,raw,27,0.11790393013100436,3.9196900640638717,2.1083057045253417,3,0.5555555555555556,15,27,-9.764594851599215e-05,0.0023177987520469016,0.0,0.0142134879744206,1.8113843595385302,3.9196900640638717,14.066941983119683,0.07108865602772792,0.0029172934176091934,0.1835858838810016,4.470438346835077,1.9301552894352922,2.038438405660407,90,2.0415972764293437,12.769278144546501,4.4876147230254215,6.424485719137354,0.0,0.9555555555555556,0.9880862958128617,10,34,25,3.0166427989990807,0.8160261415615264,strict_alpha_gt_2
bonds,SU52002RMFS1,504,2022-10-28,2024-10-21,504,234,lower,raw,28,0.11965811965811966,3.370424624560827,1.497322643573709,3,0.5714285714285714,16,28,-0.00010641657510908602,0.0023513684585579433,0.0,0.0142134879744206,1.8731019809871179,3.370424624560827,6.39215736859153,0.15644170541132085,0.0025778174885611477,0.1673720702885853,7.125371724508801,1.9980526409970552,2.035674649523741,97,2.139448395507866,8.294399935910382,3.615060137701021,2.429171659031141,0.0,0.9896907216494846,0.6985761539187657,10,35,26,3.0094231570684418,0.8090909883326565,strict_alpha_gt_2
bonds,SU52002RMFS1,504,2022-11-29,2024-11-19,504,235,lower,raw,30,0.1276595744680851,2.5821122664668397,0.64846178746421,3,0.5333333333333333,16,30,-0.0001765228386772693,0.0029374683953546587,0.0,0.028818034589744,1.786671471075227,2.5821122664668397,3.2305740539310497,0.3095425095682834,0.002766847359529139,0.13682585642474787,2.2787651193060388,1.9610508897325607,1.9082609032814162,94,1.8124586940582126,7.1784842382589975,3.9323975000484985,5.425656771713116,0.0,0.8617021276595744,0.38274460977554314,10,35,26,2.9602008651265415,3.7224591814709043,point_alpha_gt_2_uncertain
bonds,SU52002RMFS1,504,2022-12-28,2024-12-18,504,234,lower,raw,15,0.0641025641025641,2.760510575269601,0.0690187666576958,3,0.7333333333333333,11,15,-0.00014413562592199708,0.0030501089930629567,0.0,0.028818034589744,2.8295293419272967,2.760510575269601,2.2393392728987895,0.44656029218186116,0.002308290801842921,0.23040168778479267,1.2651560182401136,2.8295293419272967,2.49119541251778,62,1.9492048410861114,24.679651841687097,6.2293504133897715,7.912700534352958,0.0,0.9354838709677419,0.32740636651509414,10,35,26,3.697643553571381,5.683982434946778,point_alpha_gt_2_uncertain
bonds,SU52002RMFS1,504,2023-01-27,2025-01-21,504,233,lower,raw,15,0.06437768240343347,2.7732524876692244,0.09773185735480006,3,0.7333333333333333,11,15,-1.0899387185604599e-06,0.0034945884875100157,0.0,0.028818034589744,2.7732524876692244,2.8709843450240244,2.4653561823839616,0.4056209026287696,0.002474106479750501,0.23662117985461942,1.143021577612862,2.7732524876692244,2.486151694469144,62,2.1529652498191707,37.25135272490675,7.0214244265648835,11.010899412800448,0.0,0.9838709677419355,0.43229560727310257,10,34,25,3.5704941893138424,5.64608318232695,strict_alpha_gt_2
bonds,SU52002RMFS1,504,2023-02-28,2025-02-19,504,242,lower,raw,17,0.07024793388429752,10.57376913757851,1.2347309662761994,3,0.6470588235294118,11,17,-1.6044143358523583e-05,0.0036743267417431178,0.0,0.028818034589744,2.0524473458185466,11.80850010385471,10.57376913757851,0.09457365552327626,0.004136040145357766,0.1837859920221933,1.680453276060814,2.0524473458185466,2.470365078964732,64,1.89312361638607,15.701246511418068,6.272085433892527,7.1695755956823355,0.0,0.921875,0.33249328137533957,10,36,27,4.530853660088498,5.777089304635736,point_alpha_gt_2_uncertain
bonds,SU52002RMFS1,504,2023-03-30,2025-03-20,504,243,lower,raw,16,0.06584362139917696,3.4253528487212517,0.23347611128083434,3,0.6875,11,16,3.8858804195162373e-05,0.0038445604032937486,0.0,0.028818034589744,2.6853846679363076,3.4253528487212517,3.658828960002086,0.27331149144491024,0.0029494561613979354,0.23277236148747815,1.3833276933798204,2.6853846679363076,2.55411863813192,61,2.014238295492339,12.929452276152453,6.197430463884952,8.965891557405794,0.0,0.9672131147540983,0.3583064452950459,10,36,27,6.125737859059306,8.922610258183532,strict_alpha_gt_2
bonds,SU52002RMFS1,504,2023-04-28,2025-04-18,504,243,lower,raw,20,0.0823045267489712,10.490087018193131,0.5799084483685917,3,0.65,13,20,1.0491798455616864e-05,0.0038939580643440924,0.0,0.028818034589744,2.1423985803803145,11.069995466561723,10.490087018193131,0.09532809387240387,0.003896591295097993,0.1552329374248094,1.4785484273800868,2.445728091276713,2.5593603417810726,67,2.004650293150911,15.075918329756046,6.053256487347912,7.729803704263389,0.0,0.9552238805970149,0.28388706958964177,10,36,27,5.7776487632521,7.03135454655612,strict_alpha_gt_2
bonds,SU52002RMFS1,504,2023-05-31,2025-05-21,504,244,lower,raw,19,0.0778688524590164,8.2359956257303,0.606781734404013,3,0.6842105263157895,13,19,2.0896077143806982e-05,0.0039144771815871,0.0,0.028818034589744,2.2390216706972437,8.2359956257303,8.842777360134313,0.11308664227013976,0.0037772659896259187,0.16038712496719731,1.2025822918501567,2.2390216706972437,2.584344422807865,69,2.013017705571678,33.21816535452085,7.816775063576257,10.904175478534262,0.0,0.9420289855072463,0.35169329910062497,10,36,27,5.7776487632521,5.60439475615456,strict_alpha_gt_2
bonds,SU52002RMFS1,504,2023-06-30,2025-06-20,504,241,lower,raw,19,0.07883817427385892,8.2359956257303,0.606781734404013,3,0.6842105263157895,13,19,7.841515358901005e-05,0.003992995587256634,0.0,0.028818034589744,2.2390216706972437,8.2359956257303,8.842777360134313,0.11308664227013976,0.0037772659896259187,0.16038712496719731,1.1497135368385791,2.2390216706972437,2.584344422807865,69,1.9273856026294962,18.396111385790768,6.663065374154835,8.102500574942034,0.0,0.9130434782608695,0.35169329910062497,10,36,27,5.7776487632521,5.60439475615456,point_alpha_gt_2_uncertain
bonds,SU52002RMFS1,504,2023-07-31,2025-07-21,504,238,lower,raw,19,0.07983193277310924,8.2359956257303,0.606781734404013,3,0.6842105263157895,13,19,0.00014851128377890826,0.004029623791909508,0.0,0.028818034589744,2.2390216706972437,8.2359956257303,8.842777360134313,0.11308664227013976,0.0037772659896259187,0.16038712496719731,1.1497135368385791,2.2390216706972437,2.584344422807865,59,1.8886624033845516,16.19991619925558,5.906477715493799,6.143466391869153,0.0,0.8983050847457628,0.35169329910062497,10,35,26,5.806064165358352,5.913067422719486,point_alpha_gt_2_uncertain
bonds,SU52002RMFS1,504,2023-08-29,2025-08-19,504,239,lower,raw,16,0.06694560669456066,2.77973802841079,0.09136716281353463,3,0.6875,11,16,0.00020757050168576866,0.004028085787603227,0.0,0.028818034589744,2.77973802841079,2.871105191224325,2.2338346330758614,0.4476607109556081,0.0023632192321456948,0.2742885968961766,1.40575570986714,2.77973802841079,2.4775608878881723,61,1.864039142867449,11.522564936149148,5.0431497115216075,7.130926568243859,0.0,0.9344262295081968,0.33383138488964587,10,35,26,4.8979799193774225,5.022370998007166,point_alpha_gt_2_uncertain
bonds,SU52002RMFS1,504,2023-09-27,2025-09-17,504,235,lower,raw,17,0.07234042553191489,2.8680546569962426,0.005314691059277621,3,0.7058823529411765,12,17,0.0002453016707681186,0.004068201145661099,0.0,0.028818034589744,2.8733693480555202,2.8680546569962426,2.248827577134372,0.4446761548852386,0.002265393647383089,0.24820086810080277,1.2508188195518863,2.8733693480555202,2.5541375677337967,62,2.014850971656923,19.057176794767702,5.728618988623812,7.508846851950107,0.0,0.9516129032258065,0.2741871365428937,10,35,26,5.767206928231489,6.971497631816544,strict_alpha_gt_2
bonds,SU52002RMFS1,504,2023-10-26,2025-10-16,504,237,lower,raw,17,0.07172995780590717,2.8680546569962426,0.005314691059277621,3,0.7058823529411765,12,17,0.00023891099885343895,0.004090777875525569,0.0,0.028818034589744,2.8733693480555202,2.8680546569962426,2.248827577134372,0.4446761548852386,0.002265393647383089,0.24820086810080277,1.5147286555257387,2.8733693480555202,2.5541375677337967,64,1.9943265648468913,10.190281052254353,4.4875116173431575,3.081290664765329,0.0,0.9375,0.2741871365428937,10,35,26,5.923558620372123,6.871168045085652,point_alpha_gt_2_uncertain
bonds,SU52002RMFS1,504,2023-11-24,2025-11-14,504,230,lower,raw,17,0.07391304347826087,2.8680546569962426,0.005314691059277621,3,0.7058823529411765,12,17,0.00027940409614570335,0.004078961092853907,0.0,0.028818034589744,2.8733693480555202,2.8680546569962426,2.248827577134372,0.4446761548852386,0.002265393647383089,0.24820086810080277,1.111907394631589,2.8733693480555202,2.5541375677337967,64,2.0275172172329676,30.78903374416082,7.164042614082794,10.385537612275094,0.0,0.953125,0.2741871365428937,10,34,25,7.350653915590255,7.3002240764546995,strict_alpha_gt_2
bonds,SU52002RMFS1,504,2023-12-25,2025-12-15,504,230,lower,raw,17,0.07391304347826087,2.8680546569962426,0.005314691059277621,3,0.7058823529411765,12,17,0.00027697518730840034,0.004070955647434947,0.0,0.028818034589744,2.8733693480555202,2.8680546569962426,2.248827577134372,0.4446761548852386,0.002265393647383089,0.24820086810080277,1.111907394631589,2.8733693480555202,2.5541375677337967,73,1.9374713765491025,16.382251551788126,4.997656687233085,4.448327198774317,0.0,0.9178082191780822,0.2741871365428937,10,34,25,7.350653915590255,7.3002240764546995,point_alpha_gt_2_uncertain
bonds,SU52002RMFS1,504,2024-01-25,2026-01-19,504,224,lower,raw,17,0.07589285714285714,2.8680546569962426,0.005314691059277621,3,0.7058823529411765,12,17,0.00030919179341126193,0.004079847883556374,0.0,0.028818034589744,2.8733693480555202,2.8680546569962426,2.248827577134372,0.4446761548852386,0.002265393647383089,0.24820086810080277,0.9462399982664094,2.8733693480555202,2.5541375677337967,73,2.0765494921770546,51.12626616335084,8.715427875141668,12.610944387883123,0.0,0.9863013698630136,0.2741871365428937,10,33,24,7.362580027599671,10.001942417134766,strict_alpha_gt_2
bonds,SU52002RMFS1,504,2024-02-26,2026-02-17,504,214,lower,raw,17,0.0794392523364486,2.8680546569962426,0.005314691059277621,3,0.7058823529411765,12,17,0.00039140950032212336,0.0040752468280357374,0.0,0.028818034589744,2.8733693480555202,2.8680546569962426,2.248827577134372,0.4446761548852386,0.002265393647383089,0.24820086810080277,0.9198814002532257,2.8733693480555202,2.5541375677337967,72,2.0322386014700955,21.237867024049088,6.872411793433741,10.131468903149752,0.0,1.0,0.2741871365428937,10,32,23,7.350653915590255,8.339990645882313,strict_alpha_gt_2
bonds,SU52002RMFS1,504,2024-03-27,2026-03-19,504,213,lower,raw,17,0.07981220657276995,2.8680546569962426,0.005314691059277621,3,0.7058823529411765,12,17,0.0004033535540817317,0.004082358807096505,0.0,0.028818034589744,2.8733693480555202,2.8680546569962426,2.248827577134372,0.4446761548852386,0.002265393647383089,0.24820086810080277,0.9198814002532257,2.8733693480555202,2.5541375677337967,67,1.831318536858218,10.484087262455217,5.446154514478972,8.43928027342896,0.0,0.8955223880597015,0.2741871365428937,10,31,22,6.834768711716491,7.57658442987085,point_alpha_gt_2_uncertain
bonds,SU52002RMFS1,504,2024-04-25,2026-04-17,504,212,lower,raw,18,0.08490566037735849,10.222837477249907,0.01914150134613557,3,0.6666666666666666,12,18,0.00044961820153734366,0.00411517923840661,0.0,0.028818034589744,2.1721051352797502,10.222837477249907,10.241978978596043,0.09763738063608862,0.003984004066953378,0.14538328921363355,1.0530365457287791,2.1721051352797502,2.552729914208034,70,1.99580918658976,18.011491148694912,5.83858591116063,6.819027289757833,0.0,0.9428571428571428,0.1686862882714003,10,31,22,7.056593749932583,8.35905481961025,point_alpha_gt_2_uncertain
bonds,SU52002RMFS1,504,2024-05-23,2026-05-15,504,209,lower,raw,18,0.0861244019138756,11.161626091067955,0.6609124363694328,3,0.6111111111111112,11,18,0.0004709190454510334,0.004109717058673982,0.0,0.028818034589744,2.0783903569985656,11.161626091067955,11.822538527437388,0.08458420310318553,0.004154543199870026,0.11742897290799365,1.5600162767483072,2.0783903569985656,2.4806358434052447,66,2.1369407214231075,16.557262292407234,6.1821345346883865,7.994401941017632,0.0,0.9848484848484849,0.36128307896057593,10,31,22,6.48328185666014,3.8752986511926304,strict_alpha_gt_2
