market,period,window,horizon,tail_prob,x,y,n,pearson,spearman,spearman_p
bonds,baseline_2018,252,21,0.025,dq_es,dr_es_concentration,88,0.8803639803728963,0.8553497330804557,2.726016173992098e-26
bonds,baseline_2018,252,21,0.025,dq_es,current_es,88,0.48216775469115014,0.1751835848818357,0.1025696536992129
bonds,baseline_2018,252,21,0.025,dq_es,current_rv_ann,88,0.4154135613861226,0.12898617465101206,0.23103093590389007
bonds,baseline_2018,252,21,0.025,dq_es,current_hill_alpha,88,-0.47439263543832805,-0.5804512395831032,3.0737071653510888e-09
bonds,baseline_2018,252,21,0.025,dq_es,n_assets,88,0.18787080264773656,0.16840641914019094,0.11678118477244105
bonds,baseline_2018,252,21,0.025,dq_es,future_es,88,0.02481146835491083,-0.12371726223329142,0.25080561290182707
bonds,baseline_2018,252,21,0.025,dq_es,future_var,88,-0.027232349143818505,-0.11276183388413542,0.2955538276974121
bonds,baseline_2018,252,21,0.025,dq_es,future_rv_ann,88,-0.019270955879824716,-0.1367784785133071,0.203824197196231
bonds,baseline_2018,252,21,0.025,dq_es,future_mdd,88,0.0022233763282452444,-0.0224706231103127,0.8353809370873464
bonds,baseline_2018,252,21,0.025,dq_es,future_tail_event,88,0.1321663297725423,0.12111224427147785,0.26099933315341484
bonds,baseline_2018,252,21,0.025,dr_es_concentration,current_es,88,0.5392517703770789,0.3313276738243264,0.0016145755782839305
bonds,baseline_2018,252,21,0.025,dr_es_concentration,current_rv_ann,88,0.44672574136446824,0.2559261737874679,0.016097355376574002
bonds,baseline_2018,252,21,0.025,dr_es_concentration,current_hill_alpha,88,-0.5099186378175886,-0.6077041355349685,3.4192247865598813e-10
bonds,baseline_2018,252,21,0.025,dr_es_concentration,n_assets,88,0.2105095174941551,0.24053838254090404,0.02398056254072489
bonds,baseline_2018,252,21,0.025,dr_es_concentration,future_es,88,0.021061801631051553,-0.06783839949279702,0.5300003125158967
bonds,baseline_2018,252,21,0.025,dr_es_concentration,future_var,88,-0.012171920536939156,-0.05035046317494982,0.6413075518246634
bonds,baseline_2018,252,21,0.025,dr_es_concentration,future_rv_ann,88,0.0031210068781620057,-0.13143249621358882,0.22222983977649488
bonds,baseline_2018,252,21,0.025,dr_es_concentration,future_mdd,88,0.06549969077588333,0.04328836603148886,0.6888159522154972
bonds,baseline_2018,252,21,0.025,dr_es_concentration,future_tail_event,88,0.06336206417007216,0.059021831247243056,0.584905214231416
bonds,baseline_2018,252,21,0.025,current_es,current_rv_ann,88,0.9722154976958567,0.9514405093908266,8.90425250670562e-46
bonds,baseline_2018,252,21,0.025,current_es,current_hill_alpha,88,-0.2958509391041548,-0.12596281051193792,0.2422404375611446
bonds,baseline_2018,252,21,0.025,current_es,n_assets,88,0.0669003976931872,-0.04108528415164138,0.7038979662310729
bonds,baseline_2018,252,21,0.025,current_es,future_es,88,0.058883304597275886,0.3154436089487577,0.0027566932644060094
bonds,baseline_2018,252,21,0.025,current_es,future_var,88,0.05977197701502892,0.2981499764746916,0.0047818386698117825
bonds,baseline_2018,252,21,0.025,current_es,future_rv_ann,88,0.1361715885666812,0.3071359699151131,0.0036062415671464488
bonds,baseline_2018,252,21,0.025,current_es,future_mdd,88,0.04469540421399585,0.19111093696378822,0.07448470165533091
bonds,baseline_2018,252,21,0.025,current_es,future_tail_event,88,-0.05551728340420728,-0.06798183644330019,0.5291288019767597
bonds,baseline_2018,252,21,0.025,current_rv_ann,current_hill_alpha,88,-0.163523524496628,0.025342660394180296,0.8146949096887455
bonds,baseline_2018,252,21,0.025,current_rv_ann,n_assets,88,0.03391109019655762,-0.007490899111387455,0.9447770371869978
bonds,baseline_2018,252,21,0.025,current_rv_ann,future_es,88,0.029320993895694848,0.2426473178119827,0.022735911801369933
bonds,baseline_2018,252,21,0.025,current_rv_ann,future_var,88,0.026533468815042247,0.22692050297629532,0.033496163697496216
bonds,baseline_2018,252,21,0.025,current_rv_ann,future_rv_ann,88,0.0891922884938968,0.23146419640026772,0.030019044190949123
bonds,baseline_2018,252,21,0.025,current_rv_ann,future_mdd,88,0.0005229048720243999,0.10668873938924307,0.3224937711803467
bonds,baseline_2018,252,21,0.025,current_rv_ann,future_tail_event,88,-0.09711089321162411,-0.14631462368014037,0.17374745209881393
bonds,baseline_2018,252,21,0.025,current_hill_alpha,n_assets,88,-0.033114141055372505,-0.1465999841406197,0.17290059051032544
bonds,baseline_2018,252,21,0.025,current_hill_alpha,future_es,88,-0.03660312279780466,-0.012059124810438937,0.9112110098845291
bonds,baseline_2018,252,21,0.025,current_hill_alpha,future_var,88,-0.05547633011878169,-0.023413552772934037,0.8285763514552775
bonds,baseline_2018,252,21,0.025,current_hill_alpha,future_rv_ann,88,-0.09587619750662303,-0.02771220354539145,0.7977225176091233
bonds,baseline_2018,252,21,0.025,current_hill_alpha,future_mdd,88,-0.11141597542829729,-0.09833163641996336,0.36205579867539317
bonds,baseline_2018,252,21,0.025,current_hill_alpha,future_tail_event,88,-0.1612367050226891,-0.21285116611543534,0.04647538925301765
bonds,baseline_2018,252,21,0.025,n_assets,future_es,88,0.02077744861130096,-0.06248922678913119,0.5630042415281047
bonds,baseline_2018,252,21,0.025,n_assets,future_var,88,0.03274625713333943,-0.029768393862842656,0.7830700325119394
bonds,baseline_2018,252,21,0.025,n_assets,future_rv_ann,88,0.032526584565763204,-0.09384364163646955,0.3844832186780194
bonds,baseline_2018,252,21,0.025,n_assets,future_mdd,88,0.049009774040975944,0.0022692300239707925,0.9832592833965343
bonds,baseline_2018,252,21,0.025,n_assets,future_tail_event,88,0.038350206303619815,0.01786674028663039,0.8687695740345559
bonds,baseline_2018,252,21,0.025,future_es,future_var,88,0.9820893078134434,0.9901905533443699,2.696470740581162e-75
bonds,baseline_2018,252,21,0.025,future_es,future_rv_ann,88,0.9194846037768266,0.8748547074777219,8.249430746156904e-29
bonds,baseline_2018,252,21,0.025,future_es,future_mdd,88,0.880994419203239,0.8624740234581384,3.634312288728913e-27
bonds,baseline_2018,252,21,0.025,future_es,future_tail_event,88,0.5359826047348335,0.6462642530685521,1.04486438602602e-11
bonds,baseline_2018,252,21,0.025,future_var,future_rv_ann,88,0.9470895439464102,0.875030819625938,7.794613286095914e-29
bonds,baseline_2018,252,21,0.025,future_var,future_mdd,88,0.9214277673427889,0.8893311260610758,5.720225256503617e-31
bonds,baseline_2018,252,21,0.025,future_var,future_tail_event,88,0.5743237537553602,0.6541999614715428,4.787518958104786e-12
bonds,baseline_2018,252,21,0.025,future_rv_ann,future_mdd,88,0.8774612936937054,0.7323799795709909,5.1224678510987785e-16
bonds,baseline_2018,252,21,0.025,future_rv_ann,future_tail_event,88,0.5725114633626817,0.5936901848987389,1.0850626709311294e-09
bonds,baseline_2018,252,21,0.025,future_mdd,future_tail_event,88,0.5684413792629893,0.6502321072700475,7.093065188617949e-12
bonds,baseline_2018,252,21,0.05,dq_es,dr_es_concentration,88,0.8045658423373944,0.7498635039732573,4.2215998550035746e-17
bonds,baseline_2018,252,21,0.05,dq_es,current_es,88,0.2161016977622919,0.09823575570405374,0.3625263482301304
bonds,baseline_2018,252,21,0.05,dq_es,current_rv_ann,88,0.31036677245458816,0.0807016928997173,0.4547950880274525
bonds,baseline_2018,252,21,0.05,dq_es,current_hill_alpha,88,-0.5809744001363699,-0.751484424644416,3.3148039664227933e-17
bonds,baseline_2018,252,21,0.05,dq_es,n_assets,88,0.17653079483392886,0.19751360609252458,0.06510073436001895
bonds,baseline_2018,252,21,0.05,dq_es,future_es,88,-0.04674779143687848,-0.0623315781693801,0.5639915001908296
bonds,baseline_2018,252,21,0.05,dq_es,future_var,88,-0.11845056955139364,-0.05900276543301026,0.585026706916684
bonds,baseline_2018,252,21,0.05,dq_es,future_rv_ann,88,-0.02684979469669033,-0.11150642028548893,0.30099765162135855
bonds,baseline_2018,252,21,0.05,dq_es,future_mdd,88,0.03592611363594548,0.03853673157236611,0.7214885169643755
bonds,baseline_2018,252,21,0.05,dq_es,future_tail_event,88,0.08356730377490389,0.12219755969028219,0.2567186830607871
bonds,baseline_2018,252,21,0.05,dr_es_concentration,current_es,88,0.6434880685320179,0.46884441058007775,4.081667794613017e-06
bonds,baseline_2018,252,21,0.05,dr_es_concentration,current_rv_ann,88,0.6507646576320749,0.45361206015990985,9.062189047027062e-06
bonds,baseline_2018,252,21,0.05,dr_es_concentration,current_hill_alpha,88,-0.44421295044294357,-0.49667033843081737,8.579754870334504e-07
bonds,baseline_2018,252,21,0.05,dr_es_concentration,n_assets,88,0.1980729135417829,0.26620752216689625,0.012177638230629713
bonds,baseline_2018,252,21,0.05,dr_es_concentration,future_es,88,0.01549516936282784,0.012574407382621253,0.9074335090974055
bonds,baseline_2018,252,21,0.05,dr_es_concentration,future_var,88,-0.07462600589637346,0.03236941284209785,0.7646434257297896
bonds,baseline_2018,252,21,0.05,dr_es_concentration,future_rv_ann,88,0.04350263001999251,-0.08109964425346061,0.452566742137265
bonds,baseline_2018,252,21,0.05,dr_es_concentration,future_mdd,88,0.07010846618425168,0.05653199957733085,0.6008676299861924
bonds,baseline_2018,252,21,0.05,dr_es_concentration,future_tail_event,88,0.004329348455172217,-0.017070214563258915,0.8745713217624692
bonds,baseline_2018,252,21,0.05,current_es,current_rv_ann,88,0.9608502326315596,0.9681002076750335,1.7950881757127817e-53
bonds,baseline_2018,252,21,0.05,current_es,current_hill_alpha,88,-0.18859280153383276,-0.057919174754032174,0.5919505018919261
bonds,baseline_2018,252,21,0.05,current_es,n_assets,88,0.054357504204452185,-0.04966384155152466,0.6458676337004237
bonds,baseline_2018,252,21,0.05,current_es,future_es,88,0.07775119808740856,0.29382701329549826,0.005460292414240072
bonds,baseline_2018,252,21,0.05,current_es,future_var,88,0.0800372079300833,0.26077345592789425,0.014131134921026694
bonds,baseline_2018,252,21,0.05,current_es,future_rv_ann,88,0.14672842552857115,0.3130708243395203,0.0029788241025163714
bonds,baseline_2018,252,21,0.05,current_es,future_mdd,88,0.04762877296033552,0.17233999748715034,0.10835851694660129
bonds,baseline_2018,252,21,0.05,current_es,future_tail_event,88,-0.02560391770600299,-0.02920445214778186,0.7870814201537906
bonds,baseline_2018,252,21,0.05,current_rv_ann,current_hill_alpha,88,-0.163523524496628,0.025342660394180296,0.8146949096887455
bonds,baseline_2018,252,21,0.05,current_rv_ann,n_assets,88,0.03391109019655762,-0.007490899111387455,0.9447770371869978
bonds,baseline_2018,252,21,0.05,current_rv_ann,future_es,88,0.026533468815042247,0.22692050297629532,0.033496163697496216
bonds,baseline_2018,252,21,0.05,current_rv_ann,future_var,88,0.012116073330500077,0.19597759853474697,0.06725965542130062
bonds,baseline_2018,252,21,0.05,current_rv_ann,future_rv_ann,88,0.0891922884938968,0.23146419640026772,0.030019044190949123
bonds,baseline_2018,252,21,0.05,current_rv_ann,future_mdd,88,0.0005229048720243999,0.10668873938924307,0.3224937711803467
bonds,baseline_2018,252,21,0.05,current_rv_ann,future_tail_event,88,-0.06089647951733012,-0.07277301998020906,0.5004355227413021
bonds,baseline_2018,252,21,0.05,current_hill_alpha,n_assets,88,-0.033114141055372505,-0.1465999841406197,0.17290059051032544
bonds,baseline_2018,252,21,0.05,current_hill_alpha,future_es,88,-0.05547633011878169,-0.023413552772934037,0.8285763514552775
bonds,baseline_2018,252,21,0.05,current_hill_alpha,future_var,88,-0.09937616706966507,-0.03552552984696876,0.7424597597056823
bonds,baseline_2018,252,21,0.05,current_hill_alpha,future_rv_ann,88,-0.09587619750662303,-0.02771220354539145,0.7977225176091233
bonds,baseline_2018,252,21,0.05,current_hill_alpha,future_mdd,88,-0.11141597542829729,-0.09833163641996336,0.36205579867539317
bonds,baseline_2018,252,21,0.05,current_hill_alpha,future_tail_event,88,-0.14153831494891883,-0.1446985829505153,0.17860086462791575
bonds,baseline_2018,252,21,0.05,n_assets,future_es,88,0.03274625713333943,-0.029768393862842656,0.7830700325119394
bonds,baseline_2018,252,21,0.05,n_assets,future_var,88,0.061142495896892586,0.024961530263678724,0.8174330574977635
bonds,baseline_2018,252,21,0.05,n_assets,future_rv_ann,88,0.032526584565763204,-0.09384364163646955,0.3844832186780194
bonds,baseline_2018,252,21,0.05,n_assets,future_mdd,88,0.049009774040975944,0.0022692300239707925,0.9832592833965343
bonds,baseline_2018,252,21,0.05,n_assets,future_tail_event,88,0.022530295452966517,-0.017426881279222803,0.8719725886351034
bonds,baseline_2018,252,21,0.05,future_es,future_var,88,0.8252361569962198,0.9279525201648411,1.2643303763122072e-38
bonds,baseline_2018,252,21,0.05,future_es,future_rv_ann,88,0.9470895439464102,0.875030819625938,7.794613286095914e-29
bonds,baseline_2018,252,21,0.05,future_es,future_mdd,88,0.9214277673427889,0.8893311260610758,5.720225256503617e-31
bonds,baseline_2018,252,21,0.05,future_es,future_tail_event,88,0.5186035781014595,0.751987873128827,3.0737984750653893e-17
bonds,baseline_2018,252,21,0.05,future_var,future_rv_ann,88,0.8134722758978087,0.8050438519249059,3.320703001406261e-21
bonds,baseline_2018,252,21,0.05,future_var,future_mdd,88,0.8321268791408946,0.8935402064034379,1.1826692690944678e-31
bonds,baseline_2018,252,21,0.05,future_var,future_tail_event,88,0.5744073493423401,0.726831767456656,1.0862787175230943e-15
bonds,baseline_2018,252,21,0.05,future_rv_ann,future_mdd,88,0.8774612936937054,0.7323799795709909,5.1224678510987785e-16
bonds,baseline_2018,252,21,0.05,future_rv_ann,future_tail_event,88,0.5187335924444268,0.656754044512751,3.70569843083439e-12
bonds,baseline_2018,252,21,0.05,future_mdd,future_tail_event,88,0.4940261883999037,0.7439019820199149,1.0114198075873495e-16
bonds,baseline_2018,252,63,0.025,dq_es,dr_es_concentration,86,0.8746661880522824,0.8482503323607479,6.597135462582602e-25
bonds,baseline_2018,252,63,0.025,dq_es,current_es,86,0.46323680876177364,0.13628217665861153,0.21086804580473403
bonds,baseline_2018,252,63,0.025,dq_es,current_rv_ann,86,0.40004487348244944,0.08836257435621286,0.4184955101142749
bonds,baseline_2018,252,63,0.025,dq_es,current_hill_alpha,86,-0.5246426785554135,-0.5601216904526244,2.053125146211359e-08
bonds,baseline_2018,252,63,0.025,dq_es,n_assets,86,0.16779135696359948,0.12973503216337107,0.2338314071650923
bonds,baseline_2018,252,63,0.025,dq_es,future_es,86,-0.10418984795648634,-0.24690095518960598,0.021919260351529055
bonds,baseline_2018,252,63,0.025,dq_es,future_var,86,-0.26331513622659575,-0.3443780993889043,0.0011670147822679417
bonds,baseline_2018,252,63,0.025,dq_es,future_rv_ann,86,-0.1488588042999443,-0.2881491492114602,0.007136609993342939
bonds,baseline_2018,252,63,0.025,dq_es,future_mdd,86,-0.05536855669700399,-0.0001281748028840344,0.9990654775203616
bonds,baseline_2018,252,63,0.025,dq_es,future_tail_event,86,0.22317979973718874,0.19850557872788907,0.06692064868170344
bonds,baseline_2018,252,63,0.025,dr_es_concentration,current_es,86,0.5089676795056923,0.2797204474039118,0.009097955816269467
bonds,baseline_2018,252,63,0.025,dr_es_concentration,current_rv_ann,86,0.4232569738077817,0.2121703853955375,0.04985737511195523
bonds,baseline_2018,252,63,0.025,dr_es_concentration,current_hill_alpha,86,-0.49006899397432674,-0.5852056816801444,3.270056863999525e-09
bonds,baseline_2018,252,63,0.025,dr_es_concentration,n_assets,86,0.17544865531918147,0.19529147944631134,0.07155319663156195
bonds,baseline_2018,252,63,0.025,dr_es_concentration,future_es,86,-0.0019469334281885771,-0.11916286985581562,0.2744817648411718
bonds,baseline_2018,252,63,0.025,dr_es_concentration,future_var,86,-0.16295268456260703,-0.16742465827676917,0.12336292409762677
bonds,baseline_2018,252,63,0.025,dr_es_concentration,future_rv_ann,86,-0.06296575164093106,-0.1988678711259965,0.06641403578420252
bonds,baseline_2018,252,63,0.025,dr_es_concentration,future_mdd,86,0.07448677679566808,0.12664103595757986,0.24526779123123366
bonds,baseline_2018,252,63,0.025,dr_es_concentration,future_tail_event,86,0.08052904025355519,0.09034955198931569,0.4080667005930009
bonds,baseline_2018,252,63,0.025,current_es,current_rv_ann,86,0.972810375336007,0.9500716228689521,2.9711530352476984e-44
bonds,baseline_2018,252,63,0.025,current_es,current_hill_alpha,86,-0.20017544048760957,-0.06460873130918053,0.5545155667891581
bonds,baseline_2018,252,63,0.025,current_es,n_assets,86,0.07117298867237178,-0.026818252549027023,0.8063735472576505
bonds,baseline_2018,252,63,0.025,current_es,future_es,86,-0.004137651124721029,0.10992424827886911,0.31367730607605454
bonds,baseline_2018,252,63,0.025,current_es,future_var,86,0.018921858656435805,0.2140170176767674,0.047854312026960014
bonds,baseline_2018,252,63,0.025,current_es,future_rv_ann,86,0.02702007557026189,0.12010403498573846,0.2706818966085866
bonds,baseline_2018,252,63,0.025,current_es,future_mdd,86,-0.04314483802293318,0.017835737725958548,0.8705228136969339
bonds,baseline_2018,252,63,0.025,current_es,future_tail_event,86,-0.17936121255596127,-0.2621933773071707,0.014739013235553239
bonds,baseline_2018,252,63,0.025,current_rv_ann,current_hill_alpha,86,-0.060429435947081576,0.08155542054380568,0.4553705833289281
bonds,baseline_2018,252,63,0.025,current_rv_ann,n_assets,86,0.04268247433625931,-0.003829244695025712,0.9720865647794075
bonds,baseline_2018,252,63,0.025,current_rv_ann,future_es,86,-0.05974054970103601,0.023570262799891318,0.8294453202181511
bonds,baseline_2018,252,63,0.025,current_rv_ann,future_var,86,-0.025325900891038786,0.12785190034097285,0.2407470065208045
bonds,baseline_2018,252,63,0.025,current_rv_ann,future_rv_ann,86,-0.035242869287521655,0.020274541251945846,0.8530046369342769
bonds,baseline_2018,252,63,0.025,current_rv_ann,future_mdd,86,-0.10242633306762544,-0.0733259428937131,0.5022520942603131
bonds,baseline_2018,252,63,0.025,current_rv_ann,future_tail_event,86,-0.24425857386757846,-0.37417013415470524,0.00038673785004153337
bonds,baseline_2018,252,63,0.025,current_hill_alpha,n_assets,86,-0.07060828409899189,-0.1468466050722939,0.177273077476318
bonds,baseline_2018,252,63,0.025,current_hill_alpha,future_es,86,-0.10371779955355905,-0.14546175901717567,0.1814390204378979
bonds,baseline_2018,252,63,0.025,current_hill_alpha,future_var,86,-0.11005508205465947,-0.06350794803492575,0.5612962081374335
bonds,baseline_2018,252,63,0.025,current_hill_alpha,future_rv_ann,86,-0.13076214502915526,-0.13400345572051303,0.21867125333300175
bonds,baseline_2018,252,63,0.025,current_hill_alpha,future_mdd,86,-0.1882140032185277,-0.22889100262665937,0.03402155235140502
bonds,baseline_2018,252,63,0.025,current_hill_alpha,future_tail_event,86,-0.3850743575892976,-0.4296874707120446,3.649216274608792e-05
bonds,baseline_2018,252,63,0.025,n_assets,future_es,86,0.021423141662114918,-0.04978675738932236,0.6489439545229183
bonds,baseline_2018,252,63,0.025,n_assets,future_var,86,0.041204771330025786,-0.008936000331876833,0.9349186410335416
bonds,baseline_2018,252,63,0.025,n_assets,future_rv_ann,86,0.04349312815083977,-0.00638207449170952,0.953494174311038
bonds,baseline_2018,252,63,0.025,n_assets,future_mdd,86,0.06368984312276733,-0.0038293350148562535,0.9720859066531695
bonds,baseline_2018,252,63,0.025,n_assets,future_tail_event,86,-0.1652054625270688,-0.16520546252706925,0.1284859177828241
bonds,baseline_2018,252,63,0.025,future_es,future_var,86,0.8466385780488499,0.8373565605083704,9.583636520774606e-24
bonds,baseline_2018,252,63,0.025,future_es,future_rv_ann,86,0.9521471614486864,0.9194100909613331,8.529306702318016e-36
bonds,baseline_2018,252,63,0.025,future_es,future_mdd,86,0.8994674995355292,0.8169723152313695,8.752920424697205e-22
bonds,baseline_2018,252,63,0.025,future_es,future_tail_event,86,0.4152900046964972,0.5303415073812559,1.506029459786537e-07
bonds,baseline_2018,252,63,0.025,future_var,future_rv_ann,86,0.8950203404563785,0.8682889612603206,2.6484493553738092e-27
bonds,baseline_2018,252,63,0.025,future_var,future_mdd,86,0.8508452574309783,0.7607084426297614,1.9386898140436637e-17
bonds,baseline_2018,252,63,0.025,future_var,future_tail_event,86,0.30468599462577567,0.3202835078582571,0.002644095191263955
bonds,baseline_2018,252,63,0.025,future_rv_ann,future_mdd,86,0.8905714823946574,0.7614406681835952,1.7329661090558634e-17
bonds,baseline_2018,252,63,0.025,future_rv_ann,future_tail_event,86,0.40800813010523973,0.4564781029826682,9.988761807888087e-06
bonds,baseline_2018,252,63,0.025,future_mdd,future_tail_event,86,0.4078060898477741,0.5548823257523195,2.956926767978751e-08
bonds,baseline_2018,252,63,0.05,dq_es,dr_es_concentration,86,0.7954650324159523,0.7350957139987607,7.749774840642963e-16
bonds,baseline_2018,252,63,0.05,dq_es,current_es,86,0.1765401169861633,0.03951025090284158,0.7179630309266738
bonds,baseline_2018,252,63,0.05,dq_es,current_rv_ann,86,0.2826418155205792,0.02812449879266259,0.7971400342020468
bonds,baseline_2018,252,63,0.05,dq_es,current_hill_alpha,86,-0.6113910841922862,-0.7362589671508682,6.615785559252083e-16
bonds,baseline_2018,252,63,0.05,dq_es,n_assets,86,0.12868589196029584,0.15955487293245246,0.14226240756573302
bonds,baseline_2018,252,63,0.05,dq_es,future_es,86,-0.09666334265368408,-0.145360192713,0.1817473403315966
bonds,baseline_2018,252,63,0.05,dq_es,future_var,86,-0.22189562099147195,-0.17087001248169525,0.1157215868115681
bonds,baseline_2018,252,63,0.05,dq_es,future_rv_ann,86,-0.08669351493804123,-0.17813440513393572,0.10081190031310809
bonds,baseline_2018,252,63,0.05,dq_es,future_mdd,86,0.048376611070394954,0.101093965969773,0.3543608050946171
bonds,baseline_2018,252,63,0.05,dq_es,future_tail_event,86,0.033355985907673975,0.09201807327919341,0.39942796293215754
bonds,baseline_2018,252,63,0.05,dr_es_concentration,current_es,86,0.6230168668221671,0.43386853309305035,3.0024176112778585e-05
bonds,baseline_2018,252,63,0.05,dr_es_concentration,current_rv_ann,86,0.634943662188619,0.4277465918203689,3.991668185403908e-05
bonds,baseline_2018,252,63,0.05,dr_es_concentration,current_hill_alpha,86,-0.40639706416908467,-0.4663788393416982,6.015760391277956e-06
bonds,baseline_2018,252,63,0.05,dr_es_concentration,n_assets,86,0.16955160532522934,0.22847826680320082,0.034354234185575455
bonds,baseline_2018,252,63,0.05,dr_es_concentration,future_es,86,-0.01837664791465855,-0.08547274690109409,0.43393469398729734
bonds,baseline_2018,252,63,0.05,dr_es_concentration,future_var,86,-0.13643447993192845,-0.012605081679614938,0.9082955158085533
bonds,baseline_2018,252,63,0.05,dr_es_concentration,future_rv_ann,86,-0.026199651320106772,-0.1541865182319921,0.15635569188677217
bonds,baseline_2018,252,63,0.05,dr_es_concentration,future_mdd,86,0.05615036641353373,0.07017477653672645,0.520844918901442
bonds,baseline_2018,252,63,0.05,dr_es_concentration,future_tail_event,86,-0.03954487694245291,-0.07395178003559184,0.4986009518403399
bonds,baseline_2018,252,63,0.05,current_es,current_rv_ann,86,0.9601275065891397,0.9678271840772682,4.114932078183434e-52
bonds,baseline_2018,252,63,0.05,current_es,current_hill_alpha,86,-0.05969036928265977,0.007013933618011762,0.9488957609550762
bonds,baseline_2018,252,63,0.05,current_es,n_assets,86,0.06518685637639147,-0.03191654588629819,0.7704968293120962
bonds,baseline_2018,252,63,0.05,current_es,future_es,86,0.03720719936595941,0.12869161569816262,0.237645963220719
bonds,baseline_2018,252,63,0.05,current_es,future_var,86,0.0916747087044049,0.2627101474553193,0.01453703674250311
bonds,baseline_2018,252,63,0.05,current_es,future_rv_ann,86,0.048456696819798806,0.11653747109983191,0.2852699355457514
bonds,baseline_2018,252,63,0.05,current_es,future_mdd,86,-0.04263884150790728,-0.011389801243834732,0.917103942941243
bonds,baseline_2018,252,63,0.05,current_es,future_tail_event,86,-0.036173085354112414,-0.08356473934887508,0.4443031063770855
bonds,baseline_2018,252,63,0.05,current_rv_ann,current_hill_alpha,86,-0.060429435947081576,0.08155542054380568,0.4553705833289281
bonds,baseline_2018,252,63,0.05,current_rv_ann,n_assets,86,0.04268247433625931,-0.003829244695025712,0.9720865647794075
bonds,baseline_2018,252,63,0.05,current_rv_ann,future_es,86,-0.04649344851115207,0.04507156550905469,0.6802882943838198
bonds,baseline_2018,252,63,0.05,current_rv_ann,future_var,86,0.014441713080796203,0.20957835280635226,0.05278496834495809
bonds,baseline_2018,252,63,0.05,current_rv_ann,future_rv_ann,86,-0.035242869287521655,0.020274541251945846,0.8530046369342769
bonds,baseline_2018,252,63,0.05,current_rv_ann,future_mdd,86,-0.10242633306762544,-0.0733259428937131,0.5022520942603131
bonds,baseline_2018,252,63,0.05,current_rv_ann,future_tail_event,86,-0.09997033993699302,-0.14169386861781336,0.19313398787693437
bonds,baseline_2018,252,63,0.05,current_hill_alpha,n_assets,86,-0.07060828409899189,-0.1468466050722939,0.177273077476318
bonds,baseline_2018,252,63,0.05,current_hill_alpha,future_es,86,-0.10683318217459473,-0.1405547318600026,0.19677446513507554
bonds,baseline_2018,252,63,0.05,current_hill_alpha,future_var,86,-0.1062997121740674,-0.05504665417072554,0.6146874846512405
bonds,baseline_2018,252,63,0.05,current_hill_alpha,future_rv_ann,86,-0.13076214502915526,-0.13400345572051303,0.21867125333300175
bonds,baseline_2018,252,63,0.05,current_hill_alpha,future_mdd,86,-0.1882140032185277,-0.22889100262665937,0.03402155235140502
bonds,baseline_2018,252,63,0.05,current_hill_alpha,future_tail_event,86,-0.26496179913528,-0.29479631124928896,0.005863112748425037
bonds,baseline_2018,252,63,0.05,n_assets,future_es,86,0.025959007848923674,-0.044677893644792056,0.68293087592318
bonds,baseline_2018,252,63,0.05,n_assets,future_var,86,0.05021688963915956,0.019147307366783523,0.8610933611829582
bonds,baseline_2018,252,63,0.05,n_assets,future_rv_ann,86,0.04349312815083977,-0.00638207449170952,0.953494174311038
bonds,baseline_2018,252,63,0.05,n_assets,future_mdd,86,0.06368984312276733,-0.0038293350148562535,0.9720859066531695
bonds,baseline_2018,252,63,0.05,n_assets,future_tail_event,86,-0.10124206163476086,-0.10124206163476138,0.3536526214243678
bonds,baseline_2018,252,63,0.05,future_es,future_var,86,0.7367380055652131,0.8028986329167659,1.4416682604587242e-20
bonds,baseline_2018,252,63,0.05,future_es,future_rv_ann,86,0.970647611655623,0.9381433598766625,1.879259943177335e-40
bonds,baseline_2018,252,63,0.05,future_es,future_mdd,86,0.9216883735292958,0.8318386190311916,3.4515511846183465e-23
bonds,baseline_2018,252,63,0.05,future_es,future_tail_event,86,0.40552009345826523,0.6452920991715995,1.9893800698936083e-11
bonds,baseline_2018,252,63,0.05,future_var,future_rv_ann,86,0.7303413942791617,0.7779863960611442,1.228112072334728e-18
bonds,baseline_2018,252,63,0.05,future_var,future_mdd,86,0.7328525916940432,0.7540299947972211,5.2962837648827715e-17
bonds,baseline_2018,252,63,0.05,future_var,future_tail_event,86,0.4173735440090968,0.5944704791211833,1.5937128919825883e-09
bonds,baseline_2018,252,63,0.05,future_rv_ann,future_mdd,86,0.8905714823946574,0.7614406681835952,1.7329661090558634e-17
bonds,baseline_2018,252,63,0.05,future_rv_ann,future_tail_event,86,0.4196459111226014,0.638469184887438,3.7568242348414334e-11
bonds,baseline_2018,252,63,0.05,future_mdd,future_tail_event,86,0.38207937395127556,0.6497748587668644,1.2986959449788884e-11
bonds,baseline_2018,504,21,0.025,dq_es,dr_es_concentration,76,0.9473019991616487,0.979204784706748,5.123210750717787e-53
bonds,baseline_2018,504,21,0.025,dq_es,current_es,76,0.15686112739874955,0.36036161542847084,0.0013854827619534354
bonds,baseline_2018,504,21,0.025,dq_es,current_rv_ann,76,0.22013412563456985,0.40147834124465326,0.0003250364150050782
bonds,baseline_2018,504,21,0.025,dq_es,current_hill_alpha,76,-0.7166477739101575,-0.6731530052486253,2.7080711258445783e-11
bonds,baseline_2018,504,21,0.025,dq_es,n_assets,76,0.15316551723369443,0.12910422067756688,0.26634864797954166
bonds,baseline_2018,504,21,0.025,dq_es,future_es,76,-0.23793126090877842,-0.36928890682817384,0.0010274650131668242
bonds,baseline_2018,504,21,0.025,dq_es,future_var,76,-0.30208135508600853,-0.3690425591158028,0.0010360948963538104
bonds,baseline_2018,504,21,0.025,dq_es,future_rv_ann,76,-0.29965627372965564,-0.35851803740395216,0.0014721620229918371
bonds,baseline_2018,504,21,0.025,dq_es,future_mdd,76,-0.277855471169162,-0.32364615011943276,0.004345766314926122
bonds,baseline_2018,504,21,0.025,dq_es,future_tail_event,76,-0.12200449625807319,-0.11481010401583859,0.3233614806181654
bonds,baseline_2018,504,21,0.025,dr_es_concentration,current_es,76,0.36113417176959123,0.4104799984099905,0.0002306022295682195
bonds,baseline_2018,504,21,0.025,dr_es_concentration,current_rv_ann,76,0.3935328285480648,0.4262200956937799,0.00012356907883399873
bonds,baseline_2018,504,21,0.025,dr_es_concentration,current_hill_alpha,76,-0.7096738411451791,-0.6701911899338722,3.555968217277473e-11
bonds,baseline_2018,504,21,0.025,dr_es_concentration,n_assets,76,0.2084599568894355,0.19738550848793068,0.08743108824591153
bonds,baseline_2018,504,21,0.025,dr_es_concentration,future_es,76,-0.1976494898315759,-0.34736842105263155,0.0021089498032343884
bonds,baseline_2018,504,21,0.025,dr_es_concentration,future_var,76,-0.26877202659050253,-0.35141490088858507,0.0018537656955779336
bonds,baseline_2018,504,21,0.025,dr_es_concentration,future_rv_ann,76,-0.28727427172191666,-0.3510047846889952,0.0018782998892784126
bonds,baseline_2018,504,21,0.025,dr_es_concentration,future_mdd,76,-0.2517581338443069,-0.3120710868079289,0.0060624874886750935
bonds,baseline_2018,504,21,0.025,dr_es_concentration,future_tail_event,76,-0.1348913347562248,-0.12809347517326694,0.27014187799780637
bonds,baseline_2018,504,21,0.025,current_es,current_rv_ann,76,0.9794571445673479,0.9696346674436308,5.237738567899423e-47
bonds,baseline_2018,504,21,0.025,current_es,current_hill_alpha,76,0.04088898324698363,0.06279816454171125,0.5899414516350734
bonds,baseline_2018,504,21,0.025,current_es,n_assets,76,0.1529491616312938,0.15013104428465016,0.19550262122436915
bonds,baseline_2018,504,21,0.025,current_es,future_es,76,0.036058834333596704,-0.0027362596967635934,0.9812842579671881
bonds,baseline_2018,504,21,0.025,current_es,future_var,76,0.00866908245189828,-0.025392489985966146,0.8276372162229841
bonds,baseline_2018,504,21,0.025,current_es,future_rv_ann,76,0.005077251465649793,-0.05873381439103053,0.6142761615483757
bonds,baseline_2018,504,21,0.025,current_es,future_mdd,76,-0.02256481560148124,-0.12771492134644072,0.27157184873592394
bonds,baseline_2018,504,21,0.025,current_es,future_tail_event,76,-0.1449721983773798,-0.2067216705326235,0.07318146578565414
bonds,baseline_2018,504,21,0.025,current_rv_ann,current_hill_alpha,76,0.06850004578988066,0.10224460976704071,0.37946543687845447
bonds,baseline_2018,504,21,0.025,current_rv_ann,n_assets,76,0.11328373100381717,0.1184313050927584,0.3082312718827879
bonds,baseline_2018,504,21,0.025,current_rv_ann,future_es,76,0.01952405376473484,-0.05290498974709501,0.6499085248321603
bonds,baseline_2018,504,21,0.025,current_rv_ann,future_var,76,-0.010752263473042529,-0.07278195488721804,0.5320943474758426
bonds,baseline_2018,504,21,0.025,current_rv_ann,future_rv_ann,76,-0.026901620476339726,-0.11114149008885851,0.3391649312235038
bonds,baseline_2018,504,21,0.025,current_rv_ann,future_mdd,76,-0.051854653830168844,-0.17449077238550922,0.13166822318419108
bonds,baseline_2018,504,21,0.025,current_rv_ann,future_tail_event,76,-0.16111864024830022,-0.19247553599333833,0.09575949668881319
bonds,baseline_2018,504,21,0.025,current_hill_alpha,n_assets,76,-0.06343472374390668,-0.05003237943561347,0.6677686822837209
bonds,baseline_2018,504,21,0.025,current_hill_alpha,future_es,76,0.15343945010951987,0.13545530040441528,0.24333664119259626
bonds,baseline_2018,504,21,0.025,current_hill_alpha,future_var,76,0.15642756859213808,0.12958734888735035,0.26454825906791607
bonds,baseline_2018,504,21,0.025,current_hill_alpha,future_rv_ann,76,0.11939048478409608,0.10498025149993813,0.3667774615342121
bonds,baseline_2018,504,21,0.025,current_hill_alpha,future_mdd,76,0.102293286364662,0.05602594268973897,0.6307254983052379
bonds,baseline_2018,504,21,0.025,current_hill_alpha,future_tail_event,76,-0.06783202698451102,-0.07247044892927942,0.5338558004572586
bonds,baseline_2018,504,21,0.025,n_assets,future_es,76,-0.18982594538714076,-0.17633105424921805,0.12758162898704437
bonds,baseline_2018,504,21,0.025,n_assets,future_var,76,-0.22948981773750946,-0.18159466780889622,0.11642617639705247
bonds,baseline_2018,504,21,0.025,n_assets,future_rv_ann,76,-0.22741469243779464,-0.18159466780889622,0.11642617639705247
bonds,baseline_2018,504,21,0.025,n_assets,future_mdd,76,-0.10195125998934704,-0.15001298645082733,0.19585828653906964
bonds,baseline_2018,504,21,0.025,n_assets,future_tail_event,76,-0.18687063686046176,-0.18687063686046268,0.10601340446141125
bonds,baseline_2018,504,21,0.025,future_es,future_var,76,0.9834528986862175,0.9917156527682844,1.038346647801179e-67
bonds,baseline_2018,504,21,0.025,future_es,future_rv_ann,76,0.9227426947292873,0.9013533834586466,1.306226835319436e-28
bonds,baseline_2018,504,21,0.025,future_es,future_mdd,76,0.8774134147808096,0.8552016404647984,8.13654134685198e-23
bonds,baseline_2018,504,21,0.025,future_es,future_tail_event,76,0.6058095851149526,0.7196036589576725,2.4100074180661716e-13
bonds,baseline_2018,504,21,0.025,future_var,future_rv_ann,76,0.9493134901403917,0.902282980177717,9.360440709765946e-29
bonds,baseline_2018,504,21,0.025,future_var,future_mdd,76,0.9193040876323629,0.8811483253588517,8.872094113827636e-26
bonds,baseline_2018,504,21,0.025,future_var,future_tail_event,76,0.6482791847886546,0.7209449518914239,2.073606368979344e-13
bonds,baseline_2018,504,21,0.025,future_rv_ann,future_mdd,76,0.8765154872628608,0.7561722488038278,2.8452059000167663e-15
bonds,baseline_2018,504,21,0.025,future_rv_ann,future_tail_event,76,0.6148647095609237,0.6444912546675892,3.3385569146729046e-10
bonds,baseline_2018,504,21,0.025,future_mdd,future_tail_event,76,0.5775201961731538,0.6485151334688436,2.384337925487714e-10
bonds,baseline_2018,504,21,0.05,dq_es,dr_es_concentration,76,0.79646069953219,0.7948598769651402,1.0169485491313606e-17
bonds,baseline_2018,504,21,0.05,dq_es,current_es,76,0.006580258570530114,0.11975851814699388,0.3028026843553195
bonds,baseline_2018,504,21,0.05,dq_es,current_rv_ann,76,0.2780464839910043,0.40929596719070405,0.00024138591426119225
bonds,baseline_2018,504,21,0.05,dq_es,current_hill_alpha,76,-0.7681634591144295,-0.7083397138991264,8.237911960535739e-13
bonds,baseline_2018,504,21,0.05,dq_es,n_assets,76,0.12747381027849428,0.12369491865243658,0.2870704070097182
bonds,baseline_2018,504,21,0.05,dq_es,future_es,76,-0.29668359903311514,-0.34668489405331515,0.00215504222046348
bonds,baseline_2018,504,21,0.05,dq_es,future_var,76,-0.3966244397409762,-0.3823376623376623,0.0006534988444679619
bonds,baseline_2018,504,21,0.05,dq_es,future_rv_ann,76,-0.3056235258053069,-0.34411483253588515,0.0023365537036184937
bonds,baseline_2018,504,21,0.05,dq_es,future_mdd,76,-0.27079651295828217,-0.30039644565960355,0.008374449270752848
bonds,baseline_2018,504,21,0.05,dq_es,future_tail_event,76,-0.23844881051858768,-0.24020605025360867,0.036611622986666044
bonds,baseline_2018,504,21,0.05,dr_es_concentration,current_es,76,0.5356903078425521,0.5403627953430871,4.695343909734545e-07
bonds,baseline_2018,504,21,0.05,dr_es_concentration,current_rv_ann,76,0.7078153591651319,0.7064935064935065,1.0021085404836302e-12
bonds,baseline_2018,504,21,0.05,dr_es_concentration,current_hill_alpha,76,-0.4499793757539234,-0.3529388181697594,0.0017651074033037555
bonds,baseline_2018,504,21,0.05,dr_es_concentration,n_assets,76,0.20173791443881434,0.19738550848793068,0.08743108824591153
bonds,baseline_2018,504,21,0.05,dr_es_concentration,future_es,76,-0.2216996267620174,-0.24295283663704714,0.03445489972340828
bonds,baseline_2018,504,21,0.05,dr_es_concentration,future_var,76,-0.37331640362615026,-0.2859876965140123,0.012265657436928321
bonds,baseline_2018,504,21,0.05,dr_es_concentration,future_rv_ann,76,-0.2662166177981839,-0.301244019138756,0.008183774543271656
bonds,baseline_2018,504,21,0.05,dr_es_concentration,future_mdd,76,-0.22620368856324724,-0.23562542720437457,0.04045836269650581
bonds,baseline_2018,504,21,0.05,dr_es_concentration,future_tail_event,76,-0.3265555646958972,-0.3309640037499344,0.0034976587858077993
bonds,baseline_2018,504,21,0.05,current_es,current_rv_ann,76,0.9370592633771037,0.9042055277997225,4.6487039580227267e-29
bonds,baseline_2018,504,21,0.05,current_es,current_hill_alpha,76,0.24211875090733803,0.3089499993428271,0.00661754618939658
bonds,baseline_2018,504,21,0.05,current_es,n_assets,76,0.13172533436429107,0.10266783679559435,0.37748539739350573
bonds,baseline_2018,504,21,0.05,current_es,future_es,76,0.0704438822486047,0.06372170524834339,0.5844731606156113
bonds,baseline_2018,504,21,0.05,current_es,future_var,76,-0.004642286516496401,0.015697965155600478,0.8929345661323573
bonds,baseline_2018,504,21,0.05,current_es,future_rv_ann,76,0.06415387473003874,0.03525205067172302,0.7624074179585774
bonds,baseline_2018,504,21,0.05,current_es,future_mdd,76,0.035065399112117715,-0.032394145865520495,0.7811673154431686
bonds,baseline_2018,504,21,0.05,current_es,future_tail_event,76,-0.21264481267985266,-0.2596369690897528,0.023516197563099743
bonds,baseline_2018,504,21,0.05,current_rv_ann,current_hill_alpha,76,0.06850004578988066,0.10224460976704071,0.37946543687845447
bonds,baseline_2018,504,21,0.05,current_rv_ann,n_assets,76,0.11328373100381717,0.1184313050927584,0.3082312718827879
bonds,baseline_2018,504,21,0.05,current_rv_ann,future_es,76,-0.010752263473042529,-0.07278195488721804,0.5320943474758426
bonds,baseline_2018,504,21,0.05,current_rv_ann,future_var,76,-0.10251617996128183,-0.14378673957621327,0.21527884043916215
bonds,baseline_2018,504,21,0.05,current_rv_ann,future_rv_ann,76,-0.026901620476339726,-0.11114149008885851,0.3391649312235038
bonds,baseline_2018,504,21,0.05,current_rv_ann,future_mdd,76,-0.051854653830168844,-0.17449077238550922,0.13166822318419108
bonds,baseline_2018,504,21,0.05,current_rv_ann,future_tail_event,76,-0.27853099691579564,-0.3067618828175808,0.007032914530448059
bonds,baseline_2018,504,21,0.05,current_hill_alpha,n_assets,76,-0.06343472374390668,-0.05003237943561347,0.6677686822837209
bonds,baseline_2018,504,21,0.05,current_hill_alpha,future_es,76,0.15642756859213808,0.12958734888735035,0.26454825906791607
bonds,baseline_2018,504,21,0.05,current_hill_alpha,future_var,76,0.13046117245177652,0.1390526692831754,0.23092768950404624
bonds,baseline_2018,504,21,0.05,current_hill_alpha,future_rv_ann,76,0.11939048478409608,0.10498025149993813,0.3667774615342121
bonds,baseline_2018,504,21,0.05,current_hill_alpha,future_mdd,76,0.102293286364662,0.05602594268973897,0.6307254983052379
bonds,baseline_2018,504,21,0.05,current_hill_alpha,future_tail_event,76,-0.045528742476833924,-0.03571815373322571,0.7593604276397264
bonds,baseline_2018,504,21,0.05,n_assets,future_es,76,-0.22948981773750946,-0.18159466780889622,0.11642617639705247
bonds,baseline_2018,504,21,0.05,n_assets,future_var,76,-0.30114952903601877,-0.18159466780889622,0.11642617639705247
bonds,baseline_2018,504,21,0.05,n_assets,future_rv_ann,76,-0.22741469243779464,-0.18159466780889622,0.11642617639705247
bonds,baseline_2018,504,21,0.05,n_assets,future_mdd,76,-0.10195125998934704,-0.15001298645082733,0.19585828653906964
bonds,baseline_2018,504,21,0.05,n_assets,future_tail_event,76,-0.1318094737632221,-0.13180947376322147,0.25637340848848683
bonds,baseline_2018,504,21,0.05,future_es,future_var,76,0.8260548035808565,0.925686944634313,5.7216770881945884e-33
bonds,baseline_2018,504,21,0.05,future_es,future_rv_ann,76,0.9493134901403917,0.902282980177717,9.360440709765946e-29
bonds,baseline_2018,504,21,0.05,future_es,future_mdd,76,0.9193040876323629,0.8811483253588517,8.872094113827636e-26
bonds,baseline_2018,504,21,0.05,future_es,future_tail_event,76,0.546576200285752,0.7678122865789154,5.859994957078245e-16
bonds,baseline_2018,504,21,0.05,future_var,future_rv_ann,76,0.8179772383200432,0.8322898154477103,1.2093882677327659e-20
bonds,baseline_2018,504,21,0.05,future_var,future_mdd,76,0.842391794341368,0.897799043062201,4.533202421079754e-28
bonds,baseline_2018,504,21,0.05,future_var,future_tail_event,76,0.5775106531356018,0.6818947572690603,1.1897810560521474e-11
bonds,baseline_2018,504,21,0.05,future_rv_ann,future_mdd,76,0.8765154872628608,0.7561722488038278,2.8452059000167663e-15
bonds,baseline_2018,504,21,0.05,future_rv_ann,future_tail_event,76,0.5765373354800816,0.7230383628540613,1.637051015347564e-13
bonds,baseline_2018,504,21,0.05,future_mdd,future_tail_event,76,0.45717168498891725,0.6443814698239124,3.369125215053758e-10
bonds,baseline_2018,504,63,0.025,dq_es,dr_es_concentration,74,0.9571575843865703,0.9813255664805418,2.722987564763393e-53
bonds,baseline_2018,504,63,0.025,dq_es,current_es,74,0.15740306301571805,0.36727760930861786,0.0012866269989549035
bonds,baseline_2018,504,63,0.025,dq_es,current_rv_ann,74,0.22030765703627883,0.41825289846762953,0.00020872352299395805
bonds,baseline_2018,504,63,0.025,dq_es,current_hill_alpha,74,-0.7624043912792671,-0.6727694846389873,5.193973194949461e-11
bonds,baseline_2018,504,63,0.025,dq_es,n_assets,74,0.15357987909720075,0.12892473596767012,0.2736272398021462
bonds,baseline_2018,504,63,0.025,dq_es,future_es,74,-0.3478225790479976,-0.330164793062478,0.004067713287180258
bonds,baseline_2018,504,63,0.025,dq_es,future_var,74,-0.5273491544078502,-0.5419805573811451,6.127783032420852e-07
bonds,baseline_2018,504,63,0.025,dq_es,future_rv_ann,74,-0.40024490915956,-0.3884348830529102,0.0006264452974651533
bonds,baseline_2018,504,63,0.025,dq_es,future_mdd,74,-0.3419689304401424,-0.24614124898702938,0.034516930113683314
bonds,baseline_2018,504,63,0.025,dq_es,future_tail_event,74,0.013203733165422915,0.013380434586568749,0.9099129874321609
bonds,baseline_2018,504,63,0.025,dr_es_concentration,current_es,74,0.3345593910948425,0.3918628910458698,0.0005549435277262482
bonds,baseline_2018,504,63,0.025,dr_es_concentration,current_rv_ann,74,0.37555496683542605,0.42619770455386885,0.00015300998973913194
bonds,baseline_2018,504,63,0.025,dr_es_concentration,current_hill_alpha,74,-0.7078597410458543,-0.6631598079446841,1.2129549365319526e-10
bonds,baseline_2018,504,63,0.025,dr_es_concentration,n_assets,74,0.21444855419720069,0.19999999999999998,0.08754679979411659
bonds,baseline_2018,504,63,0.025,dr_es_concentration,future_es,74,-0.2947643014805814,-0.3281466451357754,0.004313755098650836
bonds,baseline_2018,504,63,0.025,dr_es_concentration,future_var,74,-0.5137266668373343,-0.5515678549053629,3.5193185464535753e-07
bonds,baseline_2018,504,63,0.025,dr_es_concentration,future_rv_ann,74,-0.3882694913758056,-0.39035912624953717,0.0005853393072055139
bonds,baseline_2018,504,63,0.025,dr_es_concentration,future_mdd,74,-0.3131188269162159,-0.26017608690803584,0.025173990207641706
bonds,baseline_2018,504,63,0.025,dr_es_concentration,future_tail_event,74,0.0017804954486777913,0.02100069207966549,0.8590381124227762
bonds,baseline_2018,504,63,0.025,current_es,current_rv_ann,74,0.9822449117220619,0.972765017752494,1.8651497631306613e-47
bonds,baseline_2018,504,63,0.025,current_es,current_hill_alpha,74,0.15136703180210864,0.15144527154635484,0.19773000285813333
bonds,baseline_2018,504,63,0.025,current_es,n_assets,74,0.16359611226364962,0.16178165730258223,0.16848260312330232
bonds,baseline_2018,504,63,0.025,current_es,future_es,74,0.045020275733707454,-0.04975169738008142,0.6737880159104978
bonds,baseline_2018,504,63,0.025,current_es,future_var,74,-0.0666741798685889,-0.19176350249674434,0.10168126859957816
bonds,baseline_2018,504,63,0.025,current_es,future_rv_ann,74,-0.0352223367157386,-0.14802688149160687,0.20815906792283442
bonds,baseline_2018,504,63,0.025,current_es,future_mdd,74,-0.05647449915294768,-0.17127151425280232,0.14454988829970383
bonds,baseline_2018,504,63,0.025,current_es,future_tail_event,74,-0.15084050431294507,-0.20381670602807453,0.08154657370572058
bonds,baseline_2018,504,63,0.025,current_rv_ann,current_hill_alpha,74,0.14531485913746178,0.1532352149343279,0.19242090728990296
bonds,baseline_2018,504,63,0.025,current_rv_ann,n_assets,74,0.11854704992541794,0.1287671232876712,0.27421911072193006
bonds,baseline_2018,504,63,0.025,current_rv_ann,future_es,74,0.009809845987586904,-0.06889094730190898,0.5597407004011645
bonds,baseline_2018,504,63,0.025,current_rv_ann,future_var,74,-0.09753115175211513,-0.2251714520186725,0.05374691107235607
bonds,baseline_2018,504,63,0.025,current_rv_ann,future_rv_ann,74,-0.07658386768260823,-0.18246575342465748,0.11970776786536823
bonds,baseline_2018,504,63,0.025,current_rv_ann,future_mdd,74,-0.08114240965647669,-0.19086688342843613,0.10332154406896422
bonds,baseline_2018,504,63,0.025,current_rv_ann,future_tail_event,74,-0.17654335774998958,-0.19791561323563536,0.09096787208822832
bonds,baseline_2018,504,63,0.025,current_hill_alpha,n_assets,74,-0.0755795326101315,-0.057568785419191956,0.6261175069595608
bonds,baseline_2018,504,63,0.025,current_hill_alpha,future_es,74,0.2761576261654224,0.1473277930985833,0.21033911204192568
bonds,baseline_2018,504,63,0.025,current_hill_alpha,future_var,74,0.3238367341700151,0.2947200974316261,0.010803104050839014
bonds,baseline_2018,504,63,0.025,current_hill_alpha,future_rv_ann,74,0.25626369597760235,0.140669364217346,0.2319162753041963
bonds,baseline_2018,504,63,0.025,current_hill_alpha,future_mdd,74,0.2100307557904071,0.09375696185105332,0.4268756782936747
bonds,baseline_2018,504,63,0.025,current_hill_alpha,future_tail_event,74,-0.22462469410081837,-0.2483389902279997,0.03288641033646946
bonds,baseline_2018,504,63,0.025,n_assets,future_es,74,-0.15745463423791362,-0.1835956335857153,0.11739466793588967
bonds,baseline_2018,504,63,0.025,n_assets,future_var,74,-0.38442174368423426,-0.1890746997117718,0.10666181557026543
bonds,baseline_2018,504,63,0.025,n_assets,future_rv_ann,74,-0.2694469139801273,-0.18356164383561643,0.11746374726073221
bonds,baseline_2018,504,63,0.025,n_assets,future_mdd,74,-0.2984934480073597,-0.18356572160889711,0.11745545811907146
bonds,baseline_2018,504,63,0.025,n_assets,future_tail_event,74,-0.10500346039832734,-0.10500346039832746,0.3732722363622617
bonds,baseline_2018,504,63,0.025,future_es,future_var,74,0.8451997720916307,0.8195642995461916,4.383230598507472e-19
bonds,baseline_2018,504,63,0.025,future_es,future_rv_ann,74,0.9520625065502217,0.925650821272457,4.121706823271892e-32
bonds,baseline_2018,504,63,0.025,future_es,future_mdd,74,0.9033425746436863,0.8126009202679938,1.5046177870498322e-18
bonds,baseline_2018,504,63,0.025,future_es,future_tail_event,74,0.5027230157693658,0.7307048086581777,1.469932455160266e-13
bonds,baseline_2018,504,63,0.025,future_var,future_rv_ann,74,0.8963647654999266,0.8577311171883494,1.7047887842306935e-22
bonds,baseline_2018,504,63,0.025,future_var,future_mdd,74,0.8702751210721839,0.7503092156543428,1.4148243659977038e-14
bonds,baseline_2018,504,63,0.025,future_var,future_tail_event,74,0.44234052975285376,0.5034697058425724,4.823723389294385e-06
bonds,baseline_2018,504,63,0.025,future_rv_ann,future_mdd,74,0.8966751720524107,0.7650225478943765,2.1085176974014506e-15
bonds,baseline_2018,504,63,0.025,future_rv_ann,future_tail_event,74,0.4927809217039873,0.6102928395272486,7.798137943872587e-09
bonds,baseline_2018,504,63,0.025,future_mdd,future_tail_event,74,0.49310637694886966,0.6841286515094332,1.8283840641839924e-11
bonds,baseline_2018,504,63,0.05,dq_es,dr_es_concentration,74,0.7948820212467321,0.8025620140688632,8.159331365659193e-18
bonds,baseline_2018,504,63,0.05,dq_es,current_es,74,-0.02541677808311805,0.10151765835255071,0.3894325469728718
bonds,baseline_2018,504,63,0.05,dq_es,current_rv_ann,74,0.26140263843990164,0.41689744539059603,0.00021991093883214026
bonds,baseline_2018,504,63,0.05,dq_es,current_hill_alpha,74,-0.7808617178887969,-0.7046656426832056,2.4453037792760066e-12
bonds,baseline_2018,504,63,0.05,dq_es,n_assets,74,0.13105773788659753,0.12328767123287669,0.29532853785228347
bonds,baseline_2018,504,63,0.05,dq_es,future_es,74,-0.3979319129732762,-0.38975080775138404,0.0005980605388526176
bonds,baseline_2018,504,63,0.05,dq_es,future_var,74,-0.5218178628377285,-0.5606718131114264,2.0449741425982783e-07
bonds,baseline_2018,504,63,0.05,dq_es,future_rv_ann,74,-0.3854215023189734,-0.39346908552388,0.0005240725359885412
bonds,baseline_2018,504,63,0.05,dq_es,future_mdd,74,-0.28151026486745956,-0.2377986923657976,0.04133423140430702
bonds,baseline_2018,504,63,0.05,dq_es,future_tail_event,74,-0.1318877175804328,-0.14815626563250522,0.20775736039627718
bonds,baseline_2018,504,63,0.05,dr_es_concentration,current_es,74,0.507796308855245,0.5113657619042828,3.22475425398606e-06
bonds,baseline_2018,504,63,0.05,dr_es_concentration,current_rv_ann,74,0.6963645796982564,0.7020955201777118,3.174815269814647e-12
bonds,baseline_2018,504,63,0.05,dr_es_concentration,current_hill_alpha,74,-0.4020811137319499,-0.30639633876773026,0.007930073274290062
bonds,baseline_2018,504,63,0.05,dr_es_concentration,n_assets,74,0.21227489299844324,0.19999999999999998,0.08754679979411659
bonds,baseline_2018,504,63,0.05,dr_es_concentration,future_es,74,-0.2690946345626651,-0.29722664677768484,0.010119658997238578
bonds,baseline_2018,504,63,0.05,dr_es_concentration,future_var,74,-0.4996106598299408,-0.41903760588444605,0.00020248840023101696
bonds,baseline_2018,504,63,0.05,dr_es_concentration,future_rv_ann,74,-0.3149018476401703,-0.35176601258793033,0.0021166646836786812
bonds,baseline_2018,504,63,0.05,dr_es_concentration,future_mdd,74,-0.22409358247222147,-0.16691966504670264,0.15518727586518322
bonds,baseline_2018,504,63,0.05,dr_es_concentration,future_tail_event,74,-0.29665071677416766,-0.3191058029007805,0.00558560348489046
bonds,baseline_2018,504,63,0.05,current_es,current_rv_ann,74,0.9362654343661,0.8994526747191265,1.3563652239489685e-27
bonds,baseline_2018,504,63,0.05,current_es,current_hill_alpha,74,0.36463041861463913,0.40683319246539573,0.0003218453803044876
bonds,baseline_2018,504,63,0.05,current_es,n_assets,74,0.14039975202446037,0.11236121969999961,0.3405217000312556
bonds,baseline_2018,504,63,0.05,current_es,future_es,74,0.10939447499567344,-0.0071705829454035445,0.951650454695705
bonds,baseline_2018,504,63,0.05,current_es,future_var,74,-0.0269950696260361,-0.003711138675250548,0.9749656801802546
bonds,baseline_2018,504,63,0.05,current_es,future_rv_ann,74,0.06150171371234236,-0.05109213536523383,0.6655152787870827
bonds,baseline_2018,504,63,0.05,current_es,future_mdd,74,0.02915904535672458,-0.07180315495848193,0.5432246967768244
bonds,baseline_2018,504,63,0.05,current_es,future_tail_event,74,-0.3114626864239504,-0.3398603650291525,0.0030511196449597966
bonds,baseline_2018,504,63,0.05,current_rv_ann,current_hill_alpha,74,0.14531485913746178,0.1532352149343279,0.19242090728990296
bonds,baseline_2018,504,63,0.05,current_rv_ann,n_assets,74,0.11854704992541794,0.1287671232876712,0.27421911072193006
bonds,baseline_2018,504,63,0.05,current_rv_ann,future_es,74,-0.029487624943654443,-0.12959603145827894,0.27111595424680707
bonds,baseline_2018,504,63,0.05,current_rv_ann,future_var,74,-0.16449591912144082,-0.22962425482036022,0.049061496641354604
bonds,baseline_2018,504,63,0.05,current_rv_ann,future_rv_ann,74,-0.07658386768260823,-0.18246575342465748,0.11970776786536823
bonds,baseline_2018,504,63,0.05,current_rv_ann,future_mdd,74,-0.08114240965647669,-0.19086688342843613,0.10332154406896422
bonds,baseline_2018,504,63,0.05,current_rv_ann,future_tail_event,74,-0.33325617808035624,-0.35472028983167114,0.001928841129688422
bonds,baseline_2018,504,63,0.05,current_hill_alpha,n_assets,74,-0.0755795326101315,-0.057568785419191956,0.6261175069595608
bonds,baseline_2018,504,63,0.05,current_hill_alpha,future_es,74,0.3003286828136569,0.1719919585618031,0.14284298157454367
bonds,baseline_2018,504,63,0.05,current_hill_alpha,future_var,74,0.26920786448368084,0.3101729104168389,0.0071567571903783786
bonds,baseline_2018,504,63,0.05,current_hill_alpha,future_rv_ann,74,0.25626369597760235,0.140669364217346,0.2319162753041963
bonds,baseline_2018,504,63,0.05,current_hill_alpha,future_mdd,74,0.2100307557904071,0.09375696185105332,0.4268756782936747
bonds,baseline_2018,504,63,0.05,current_hill_alpha,future_tail_event,74,-0.16784669957974024,-0.17105216135263032,0.14507261495134452
bonds,baseline_2018,504,63,0.05,n_assets,future_es,74,-0.23849558907916446,-0.18358203542004206,0.1174223005232082
bonds,baseline_2018,504,63,0.05,n_assets,future_var,74,-0.4596469762580764,-0.20001777356481973,0.08751807150218785
bonds,baseline_2018,504,63,0.05,n_assets,future_rv_ann,74,-0.2694469139801273,-0.18356164383561643,0.11746374726073221
bonds,baseline_2018,504,63,0.05,n_assets,future_mdd,74,-0.2984934480073597,-0.18356572160889711,0.11745545811907146
bonds,baseline_2018,504,63,0.05,n_assets,future_tail_event,74,-0.0712289738617811,-0.07122897386178137,0.546462159882197
bonds,baseline_2018,504,63,0.05,future_es,future_var,74,0.7406168016354467,0.7976863203053185,1.791635647951266e-17
bonds,baseline_2018,504,63,0.05,future_es,future_rv_ann,74,0.971157048303904,0.942540828564795,5.1879275001185804e-36
bonds,baseline_2018,504,63,0.05,future_es,future_mdd,74,0.9310757990466043,0.8316325052093744,4.5366158350302466e-20
bonds,baseline_2018,504,63,0.05,future_es,future_tail_event,74,0.4288406867263417,0.6667772583924015,8.846490991799655e-11
bonds,baseline_2018,504,63,0.05,future_var,future_rv_ann,74,0.7408233951277122,0.769027980346516,1.2258676402682616e-15
bonds,baseline_2018,504,63,0.05,future_var,future_mdd,74,0.7670585666457832,0.7563964914789509,6.542589730785239e-15
bonds,baseline_2018,504,63,0.05,future_var,future_tail_event,74,0.4088373928512445,0.5228671300806471,1.7611500137138345e-06
bonds,baseline_2018,504,63,0.05,future_rv_ann,future_mdd,74,0.8966751720524107,0.7650225478943765,2.1085176974014506e-15
bonds,baseline_2018,504,63,0.05,future_rv_ann,future_tail_event,74,0.45931230998686945,0.6780998311641585,3.200581509044311e-11
bonds,baseline_2018,504,63,0.05,future_mdd,future_tail_event,74,0.35796664811689116,0.5456260604503498,4.972847870780246e-07
bonds,covid_2020_2021,252,21,0.025,dq_es,dr_es_concentration,12,-3.853344400480155e-15,,
bonds,covid_2020_2021,252,21,0.025,dq_es,current_es,12,1.139626598581038e-15,,
bonds,covid_2020_2021,252,21,0.025,dq_es,current_rv_ann,12,-1.9844439501655145e-15,,
bonds,covid_2020_2021,252,21,0.025,dq_es,current_hill_alpha,12,5.557773898706165e-17,,
bonds,covid_2020_2021,252,21,0.025,dq_es,n_assets,12,,,
bonds,covid_2020_2021,252,21,0.025,dq_es,future_es,12,4.539118879809686e-17,,
bonds,covid_2020_2021,252,21,0.025,dq_es,future_var,12,-1.807570438735425e-16,,
bonds,covid_2020_2021,252,21,0.025,dq_es,future_rv_ann,12,3.2659887978503247e-16,,
bonds,covid_2020_2021,252,21,0.025,dq_es,future_mdd,12,-5.973133320923652e-17,,
bonds,covid_2020_2021,252,21,0.025,dq_es,future_tail_event,12,7.850462293418875e-17,,
bonds,covid_2020_2021,252,21,0.025,dr_es_concentration,current_es,12,-0.1259283687864862,0.0640670825082023,0.8431946004212494
bonds,covid_2020_2021,252,21,0.025,dr_es_concentration,current_rv_ann,12,-0.29795289545113124,-0.7552447552447553,0.004508435484294225
bonds,covid_2020_2021,252,21,0.025,dr_es_concentration,current_hill_alpha,12,-0.5836108438665049,-0.5461542358744332,0.06619347758037193
bonds,covid_2020_2021,252,21,0.025,dr_es_concentration,n_assets,12,,,
bonds,covid_2020_2021,252,21,0.025,dr_es_concentration,future_es,12,0.2539679003940655,0.15384615384615385,0.6330906812462618
bonds,covid_2020_2021,252,21,0.025,dr_es_concentration,future_var,12,0.3382532842516464,0.25874125874125875,0.41677476889913845
bonds,covid_2020_2021,252,21,0.025,dr_es_concentration,future_rv_ann,12,0.21091773941408795,0.15384615384615385,0.6330906812462618
bonds,covid_2020_2021,252,21,0.025,dr_es_concentration,future_mdd,12,0.3011258909522152,0.3706293706293707,0.2356210035126457
bonds,covid_2020_2021,252,21,0.025,dr_es_concentration,future_tail_event,12,-0.05917840800377845,-0.05120915564991891,0.8744170680699109
bonds,covid_2020_2021,252,21,0.025,current_es,current_rv_ann,12,0.9821506312601621,0.5588073307659867,0.05893737177382145
bonds,covid_2020_2021,252,21,0.025,current_es,current_hill_alpha,12,0.712783185352989,0.2490990961690351,0.4349503095865648
bonds,covid_2020_2021,252,21,0.025,current_es,n_assets,12,,,
bonds,covid_2020_2021,252,21,0.025,current_es,future_es,12,-0.31510793818076205,-0.3737246479645134,0.23142544762530665
bonds,covid_2020_2021,252,21,0.025,current_es,future_var,12,-0.15494864821532778,-0.2705054594790764,0.395120909118701
bonds,covid_2020_2021,252,21,0.025,current_es,future_rv_ann,12,-0.10662080397117395,-0.4342324481111489,0.15839417349819546
bonds,covid_2020_2021,252,21,0.025,current_es,future_mdd,12,0.14870070604332555,-0.053389235423501914,0.8691104938617286
bonds,covid_2020_2021,252,21,0.025,current_es,future_tail_event,12,-0.4228982171972922,-0.5473503368998213,0.06548243687811883
bonds,covid_2020_2021,252,21,0.025,current_rv_ann,current_hill_alpha,12,0.7784868850971243,0.7376628640381956,0.0061744711803720384
bonds,covid_2020_2021,252,21,0.025,current_rv_ann,n_assets,12,,,
bonds,covid_2020_2021,252,21,0.025,current_rv_ann,future_es,12,-0.37939933472339926,-0.3636363636363637,0.2452650007307772
bonds,covid_2020_2021,252,21,0.025,current_rv_ann,future_var,12,-0.23636980306306093,-0.3846153846153847,0.21702022575997748
bonds,covid_2020_2021,252,21,0.025,current_rv_ann,future_rv_ann,12,-0.17243887697336713,-0.3916083916083916,0.2080634636953532
bonds,covid_2020_2021,252,21,0.025,current_rv_ann,future_mdd,12,0.059078158185291496,-0.32867132867132864,0.2969041156887642
bonds,covid_2020_2021,252,21,0.025,current_rv_ann,future_tail_event,12,-0.42747039147013727,-0.35846408954943243,0.2525452316945492
bonds,covid_2020_2021,252,21,0.025,current_hill_alpha,n_assets,12,,,
bonds,covid_2020_2021,252,21,0.025,current_hill_alpha,future_es,12,-0.22503014555984413,0.0709291215421342,0.826613457894019
bonds,covid_2020_2021,252,21,0.025,current_hill_alpha,future_var,12,-0.1298090701841509,0.028371648616853675,0.9302540281513663
bonds,covid_2020_2021,252,21,0.025,current_hill_alpha,future_rv_ann,12,-0.015518139499970274,0.05674329723370735,0.860956048900067
bonds,covid_2020_2021,252,21,0.025,current_hill_alpha,future_mdd,12,0.07785098233016743,0.014185824308426838,0.9650989383492281
bonds,covid_2020_2021,252,21,0.025,current_hill_alpha,future_tail_event,12,-0.1295763123653596,-0.15582225623949983,0.6286774596121808
bonds,covid_2020_2021,252,21,0.025,n_assets,future_es,12,,,
bonds,covid_2020_2021,252,21,0.025,n_assets,future_var,12,,,
bonds,covid_2020_2021,252,21,0.025,n_assets,future_rv_ann,12,,,
bonds,covid_2020_2021,252,21,0.025,n_assets,future_mdd,12,,,
bonds,covid_2020_2021,252,21,0.025,n_assets,future_tail_event,12,,,
bonds,covid_2020_2021,252,21,0.025,future_es,future_var,12,0.9108818123917874,0.9440559440559443,3.927261080965945e-06
bonds,covid_2020_2021,252,21,0.025,future_es,future_rv_ann,12,0.9266108015508837,0.9790209790209792,3.0898013985487064e-08
bonds,covid_2020_2021,252,21,0.025,future_es,future_mdd,12,0.6530816624606198,0.9020979020979022,5.9978574465377e-05
bonds,covid_2020_2021,252,21,0.025,future_es,future_tail_event,12,0.7598103000412068,0.7169281790988649,0.008690936968371105
bonds,covid_2020_2021,252,21,0.025,future_var,future_rv_ann,12,0.9754159865591151,0.9440559440559443,3.927261080965945e-06
bonds,covid_2020_2021,252,21,0.025,future_var,future_mdd,12,0.8828156724324615,0.9090909090909092,4.191044653034233e-05
bonds,covid_2020_2021,252,21,0.025,future_var,future_tail_event,12,0.6597017169112521,0.5633007121491082,0.05649957563270491
bonds,covid_2020_2021,252,21,0.025,future_rv_ann,future_mdd,12,0.8602692322319836,0.8951048951048951,8.36658642909172e-05
bonds,covid_2020_2021,252,21,0.025,future_rv_ann,future_tail_event,12,0.6700215748206876,0.7169281790988649,0.008690936968371105
bonds,covid_2020_2021,252,21,0.025,future_mdd,future_tail_event,12,0.4082720418617893,0.5633007121491082,0.05649957563270491
bonds,covid_2020_2021,252,21,0.05,dq_es,dr_es_concentration,12,-5.801174843332218e-16,,
bonds,covid_2020_2021,252,21,0.05,dq_es,current_es,12,1.5178228806413007e-15,,
bonds,covid_2020_2021,252,21,0.05,dq_es,current_rv_ann,12,-1.9844439501655145e-15,,
bonds,covid_2020_2021,252,21,0.05,dq_es,current_hill_alpha,12,5.557773898706165e-17,,
bonds,covid_2020_2021,252,21,0.05,dq_es,n_assets,12,,,
bonds,covid_2020_2021,252,21,0.05,dq_es,future_es,12,-1.807570438735425e-16,,
bonds,covid_2020_2021,252,21,0.05,dq_es,future_var,12,7.386594725505463e-17,,
bonds,covid_2020_2021,252,21,0.05,dq_es,future_rv_ann,12,3.2659887978503247e-16,,
bonds,covid_2020_2021,252,21,0.05,dq_es,future_mdd,12,-5.973133320923652e-17,,
bonds,covid_2020_2021,252,21,0.05,dq_es,future_tail_event,12,-9.383097129595136e-17,,
bonds,covid_2020_2021,252,21,0.05,dr_es_concentration,current_es,12,-0.3499308102485917,-0.4184818170985918,0.17576788717911696
bonds,covid_2020_2021,252,21,0.05,dr_es_concentration,current_rv_ann,12,-0.4404041273134546,-0.7832167832167832,0.0025862148333625915
bonds,covid_2020_2021,252,21,0.05,dr_es_concentration,current_hill_alpha,12,-0.5156989956219796,-0.5958046209539272,0.040922456978994964
bonds,covid_2020_2021,252,21,0.05,dr_es_concentration,n_assets,12,,,
bonds,covid_2020_2021,252,21,0.05,dr_es_concentration,future_es,12,0.37310526418637124,0.2797202797202798,0.37856866966230307
bonds,covid_2020_2021,252,21,0.05,dr_es_concentration,future_var,12,0.36890470853157525,0.35664335664335667,0.25513775175895714
bonds,covid_2020_2021,252,21,0.05,dr_es_concentration,future_rv_ann,12,0.23742123475088098,0.15384615384615385,0.6330906812462618
bonds,covid_2020_2021,252,21,0.05,dr_es_concentration,future_mdd,12,0.2985170904855809,0.3356643356643357,0.2861229029149875
bonds,covid_2020_2021,252,21,0.05,dr_es_concentration,future_tail_event,12,0.4809792718968817,0.4651705239840723,0.1275486589372921
bonds,covid_2020_2021,252,21,0.05,current_es,current_rv_ann,12,0.9901814623610173,0.8511494585056103,0.00044576225254147324
bonds,covid_2020_2021,252,21,0.05,current_es,current_hill_alpha,12,0.7914995429221187,0.6330935251798561,0.027119987075829403
bonds,covid_2020_2021,252,21,0.05,current_es,n_assets,12,,,
bonds,covid_2020_2021,252,21,0.05,current_es,future_es,12,-0.17631365670469976,-0.2979023104769636,0.34698838752090777
bonds,covid_2020_2021,252,21,0.05,current_es,future_var,12,0.22560152261817934,0.07802203369634761,0.8095425816425268
bonds,covid_2020_2021,252,21,0.05,current_es,future_rv_ann,12,-0.12045914819732735,-0.42557472925280515,0.16780286247333176
bonds,covid_2020_2021,252,21,0.05,current_es,future_mdd,12,0.13081573153658194,-0.25534483755168313,0.42313358554063685
bonds,covid_2020_2021,252,21,0.05,current_es,future_tail_event,12,-0.3530157126662928,-0.6208107287616166,0.031222585725550648
bonds,covid_2020_2021,252,21,0.05,current_rv_ann,current_hill_alpha,12,0.7784868850971243,0.7376628640381956,0.0061744711803720384
bonds,covid_2020_2021,252,21,0.05,current_rv_ann,n_assets,12,,,
bonds,covid_2020_2021,252,21,0.05,current_rv_ann,future_es,12,-0.23636980306306093,-0.3846153846153847,0.21702022575997748
bonds,covid_2020_2021,252,21,0.05,current_rv_ann,future_var,12,0.15365018415870768,-0.1958041958041958,0.5419358857313173
bonds,covid_2020_2021,252,21,0.05,current_rv_ann,future_rv_ann,12,-0.17243887697336713,-0.3916083916083916,0.2080634636953532
bonds,covid_2020_2021,252,21,0.05,current_rv_ann,future_mdd,12,0.059078158185291496,-0.32867132867132864,0.2969041156887642
bonds,covid_2020_2021,252,21,0.05,current_rv_ann,future_tail_event,12,-0.4016071635200716,-0.612066478926411,0.03440273389391842
bonds,covid_2020_2021,252,21,0.05,current_hill_alpha,n_assets,12,,,
bonds,covid_2020_2021,252,21,0.05,current_hill_alpha,future_es,12,-0.1298090701841509,0.028371648616853675,0.9302540281513663
bonds,covid_2020_2021,252,21,0.05,current_hill_alpha,future_var,12,0.11538853556537662,0.1134865944674147,0.7254572649395996
bonds,covid_2020_2021,252,21,0.05,current_hill_alpha,future_rv_ann,12,-0.015518139499970274,0.05674329723370735,0.860956048900067
bonds,covid_2020_2021,252,21,0.05,current_hill_alpha,future_mdd,12,0.07785098233016743,0.014185824308426838,0.9650989383492281
bonds,covid_2020_2021,252,21,0.05,current_hill_alpha,future_tail_event,12,-0.37962492268694653,-0.22349186235418195,0.4850216201618236
bonds,covid_2020_2021,252,21,0.05,n_assets,future_es,12,,,
bonds,covid_2020_2021,252,21,0.05,n_assets,future_var,12,,,
bonds,covid_2020_2021,252,21,0.05,n_assets,future_rv_ann,12,,,
bonds,covid_2020_2021,252,21,0.05,n_assets,future_mdd,12,,,
bonds,covid_2020_2021,252,21,0.05,n_assets,future_tail_event,12,,,
bonds,covid_2020_2021,252,21,0.05,future_es,future_var,12,0.6410777958712032,0.7972027972027973,0.0019003677255282707
bonds,covid_2020_2021,252,21,0.05,future_es,future_rv_ann,12,0.9754159865591151,0.9440559440559443,3.927261080965945e-06
bonds,covid_2020_2021,252,21,0.05,future_es,future_mdd,12,0.8828156724324615,0.9090909090909092,4.191044653034233e-05
bonds,covid_2020_2021,252,21,0.05,future_es,future_tail_event,12,0.9031789141181418,0.8568930704969754,0.00036987470986405877
bonds,covid_2020_2021,252,21,0.05,future_var,future_rv_ann,12,0.554418270421447,0.6293706293706295,0.02831967129576002
bonds,covid_2020_2021,252,21,0.05,future_var,future_mdd,12,0.8468921740022347,0.7552447552447553,0.004508435484294225
bonds,covid_2020_2021,252,21,0.05,future_var,future_tail_event,12,0.5211458627121967,0.612066478926411,0.03440273389391842
bonds,covid_2020_2021,252,21,0.05,future_rv_ann,future_mdd,12,0.8602692322319836,0.8951048951048951,8.36658642909172e-05
bonds,covid_2020_2021,252,21,0.05,future_rv_ann,future_tail_event,12,0.8266841038577841,0.8568930704969754,0.00036987470986405877
bonds,covid_2020_2021,252,21,0.05,future_mdd,future_tail_event,12,0.7335725685434544,0.8568930704969754,0.00036987470986405877
bonds,covid_2020_2021,252,63,0.025,dq_es,dr_es_concentration,10,3.766305944869818e-16,,
bonds,covid_2020_2021,252,63,0.025,dq_es,current_es,10,1.1701244457488246e-15,,
bonds,covid_2020_2021,252,63,0.025,dq_es,current_rv_ann,10,-4.605280451709585e-16,,
bonds,covid_2020_2021,252,63,0.025,dq_es,current_hill_alpha,10,-7.970738741263959e-16,,
bonds,covid_2020_2021,252,63,0.025,dq_es,n_assets,10,,,
bonds,covid_2020_2021,252,63,0.025,dq_es,future_es,10,-6.907493954842707e-16,,
bonds,covid_2020_2021,252,63,0.025,dq_es,future_var,10,-4.1316408359166477e-16,,
bonds,covid_2020_2021,252,63,0.025,dq_es,future_rv_ann,10,-2.011506820306684e-15,,
bonds,covid_2020_2021,252,63,0.025,dq_es,future_mdd,10,1.0443617288813292e-16,,
bonds,covid_2020_2021,252,63,0.025,dq_es,future_tail_event,10,1.4536231567507431e-16,,
bonds,covid_2020_2021,252,63,0.025,dr_es_concentration,current_es,10,-0.03463478948003453,0.3365809164030446,0.3416223374830007
bonds,covid_2020_2021,252,63,0.025,dr_es_concentration,current_rv_ann,10,-0.21217437368847708,-0.6121212121212121,0.059972142477255234
bonds,covid_2020_2021,252,63,0.025,dr_es_concentration,current_hill_alpha,10,-0.6162889888663924,-0.6150966989381312,0.058394588175008345
bonds,covid_2020_2021,252,63,0.025,dr_es_concentration,n_assets,10,,,
bonds,covid_2020_2021,252,63,0.025,dr_es_concentration,future_es,10,-0.22714087558147653,-0.5186074506036452,0.12457754635149115
bonds,covid_2020_2021,252,63,0.025,dr_es_concentration,future_var,10,0.5350116034335306,0.6055300708194983,0.06356596744736949
bonds,covid_2020_2021,252,63,0.025,dr_es_concentration,future_rv_ann,10,-0.0019050424155052372,0.006060606060606061,0.9867429111949892
bonds,covid_2020_2021,252,63,0.025,dr_es_concentration,future_mdd,10,0.15150581997684684,0.06079055436800646,0.8675109976588954
bonds,covid_2020_2021,252,63,0.025,dr_es_concentration,future_tail_event,10,0.053837328131330846,0.11396057645963793,0.7539236059777021
bonds,covid_2020_2021,252,63,0.025,current_es,current_rv_ann,10,0.9819015530397025,0.4861724348043977,0.15422798697153514
bonds,covid_2020_2021,252,63,0.025,current_es,current_hill_alpha,10,0.7485082580383345,0.4217273919733189,0.22477929226219379
bonds,covid_2020_2021,252,63,0.025,current_es,n_assets,10,,,
bonds,covid_2020_2021,252,63,0.025,current_es,future_es,10,-0.45533716122560774,-0.6349494314662162,0.04856646830629942
bonds,covid_2020_2021,252,63,0.025,current_es,future_var,10,0.3837277477574387,0.7171087882915773,0.01958338744775319
bonds,covid_2020_2021,252,63,0.025,current_es,future_rv_ann,10,0.24021934917801982,-0.08726171906745599,0.8105618752684849
bonds,covid_2020_2021,252,63,0.025,current_es,future_mdd,10,0.7670240846996158,0.862769657658613,0.0013104082576146465
bonds,covid_2020_2021,252,63,0.025,current_es,future_tail_event,10,-0.9991071281704231,-0.8204126541423669,0.0036415265707473174
bonds,covid_2020_2021,252,63,0.025,current_rv_ann,current_hill_alpha,10,0.8327918218654533,0.9257515973917329,0.00012147766516429082
bonds,covid_2020_2021,252,63,0.025,current_rv_ann,n_assets,10,,,
bonds,covid_2020_2021,252,63,0.025,current_rv_ann,future_es,10,-0.3776060992035628,0.06791288043619165,0.8521238597754572
bonds,covid_2020_2021,252,63,0.025,current_rv_ann,future_var,10,0.29113581093720853,0.0917469804271967,0.8009843299145075
bonds,covid_2020_2021,252,63,0.025,current_rv_ann,future_rv_ann,10,0.2587800022468651,0.12727272727272726,0.7260570147627894
bonds,covid_2020_2021,252,63,0.025,current_rv_ann,future_mdd,10,0.7159575216078147,0.6747751534848716,0.0323118085420257
bonds,covid_2020_2021,252,63,0.025,current_rv_ann,future_tail_event,10,-0.9847676094842231,-0.7977240352174655,0.005691829882963575
bonds,covid_2020_2021,252,63,0.025,current_hill_alpha,n_assets,10,,,
bonds,covid_2020_2021,252,63,0.025,current_hill_alpha,future_es,10,-0.38330774145870766,0.21519418355108638,0.5504628639983793
bonds,covid_2020_2021,252,63,0.025,current_hill_alpha,future_var,10,0.0702566164990151,0.0,1.0
bonds,covid_2020_2021,252,63,0.025,current_hill_alpha,future_rv_ann,10,0.07899830940723404,0.29201560454638553,0.4129566080316054
bonds,covid_2020_2021,252,63,0.025,current_hill_alpha,future_mdd,10,0.630355741790382,0.6418971899655195,0.045406462346489485
bonds,covid_2020_2021,252,63,0.025,current_hill_alpha,future_tail_event,10,-0.7507049865191492,-0.817795701209781,0.003845521074796428
bonds,covid_2020_2021,252,63,0.025,n_assets,future_es,10,,,
bonds,covid_2020_2021,252,63,0.025,n_assets,future_var,10,,,
bonds,covid_2020_2021,252,63,0.025,n_assets,future_rv_ann,10,,,
bonds,covid_2020_2021,252,63,0.025,n_assets,future_mdd,10,,,
bonds,covid_2020_2021,252,63,0.025,n_assets,future_tail_event,10,,,
bonds,covid_2020_2021,252,63,0.025,future_es,future_var,10,-0.4038761495293722,-0.7290038003196576,0.016755287745134788
bonds,covid_2020_2021,252,63,0.025,future_es,future_rv_ann,10,0.5720773744797005,0.6667810079189724,0.03522233335415511
bonds,covid_2020_2021,252,63,0.025,future_es,future_mdd,10,-0.759067243208797,-0.5139934754803066,0.12855960413883172
bonds,covid_2020_2021,252,63,0.025,future_es,future_tail_event,10,0.42574091909672135,0.116090865053143,0.7494461365041115
bonds,covid_2020_2021,252,63,0.025,future_var,future_rv_ann,10,-0.038055535342223785,-0.05504818825631803,0.8799463279714843
bonds,covid_2020_2021,252,63,0.025,future_var,future_mdd,10,0.703651496204229,0.7362101738323102,0.015187600580198381
bonds,covid_2020_2021,252,63,0.025,future_var,future_tail_event,10,-0.3519505243967218,-0.3450327796711771,0.32885697706637834
bonds,covid_2020_2021,252,63,0.025,future_rv_ann,future_mdd,10,-0.07543190476827434,0.024316221747202584,0.9468397049085097
bonds,covid_2020_2021,252,63,0.025,future_rv_ann,future_tail_event,10,-0.2657532927052083,-0.26590801173915524,0.4577392042902285
bonds,covid_2020_2021,252,63,0.025,future_mdd,future_tail_event,10,-0.742253529703971,-0.8001524245036219,0.005440459356914429
bonds,covid_2020_2021,252,63,0.05,dq_es,dr_es_concentration,10,-3.7929656355018444e-16,,
bonds,covid_2020_2021,252,63,0.05,dq_es,current_es,10,4.72487527901709e-16,,
bonds,covid_2020_2021,252,63,0.05,dq_es,current_rv_ann,10,-4.605280451709585e-16,,
bonds,covid_2020_2021,252,63,0.05,dq_es,current_hill_alpha,10,-7.970738741263959e-16,,
bonds,covid_2020_2021,252,63,0.05,dq_es,n_assets,10,,,
bonds,covid_2020_2021,252,63,0.05,dq_es,future_es,10,1.5048821191460544e-15,,
bonds,covid_2020_2021,252,63,0.05,dq_es,future_var,10,-2.9812359245455125e-16,,
bonds,covid_2020_2021,252,63,0.05,dq_es,future_rv_ann,10,-2.011506820306684e-15,,
bonds,covid_2020_2021,252,63,0.05,dq_es,future_mdd,10,1.0443617288813292e-16,,
bonds,covid_2020_2021,252,63,0.05,dq_es,future_tail_event,10,,,
bonds,covid_2020_2021,252,63,0.05,dr_es_concentration,current_es,10,-0.26414497022967764,-0.3168679964226736,0.3723546392472135
bonds,covid_2020_2021,252,63,0.05,dr_es_concentration,current_rv_ann,10,-0.3458130749173546,-0.709090909090909,0.021665923367532435
bonds,covid_2020_2021,252,63,0.05,dr_es_concentration,current_hill_alpha,10,-0.5948970207684835,-0.7145062664432837,0.020243458511722514
bonds,covid_2020_2021,252,63,0.05,dr_es_concentration,n_assets,10,,,
bonds,covid_2020_2021,252,63,0.05,dr_es_concentration,future_es,10,0.5235616372869261,0.6097674333191042,0.061239770697062615
bonds,covid_2020_2021,252,63,0.05,dr_es_concentration,future_var,10,0.49449616783272893,0.44985010232324774,0.1920756967225873
bonds,covid_2020_2021,252,63,0.05,dr_es_concentration,future_rv_ann,10,-0.1846835141687457,-0.18787878787878787,0.603217610029209
bonds,covid_2020_2021,252,63,0.05,dr_es_concentration,future_mdd,10,0.20538558322922582,-0.01823716631040194,0.960119464496727
bonds,covid_2020_2021,252,63,0.05,dr_es_concentration,future_tail_event,10,,,
bonds,covid_2020_2021,252,63,0.05,current_es,current_rv_ann,10,0.9908930751885384,0.8263420298865802,0.003208201430471882
bonds,covid_2020_2021,252,63,0.05,current_es,current_hill_alpha,10,0.8350762733528418,0.7961783439490446,0.005856072268620624
bonds,covid_2020_2021,252,63,0.05,current_es,n_assets,10,,,
bonds,covid_2020_2021,252,63,0.05,current_es,future_es,10,0.11260266137269699,0.0187532967677279,0.9589915874396198
bonds,covid_2020_2021,252,63,0.05,current_es,future_var,10,0.4769643840967483,0.4175447740552407,0.22989644309434587
bonds,covid_2020_2021,252,63,0.05,current_es,future_rv_ann,10,0.20146389003172893,0.06834407765979235,0.8511936891944489
bonds,covid_2020_2021,252,63,0.05,current_es,future_mdd,10,0.7791023439592478,0.8911776520880512,0.0005370054772969599
bonds,covid_2020_2021,252,63,0.05,current_es,future_tail_event,10,,,
bonds,covid_2020_2021,252,63,0.05,current_rv_ann,current_hill_alpha,10,0.8327918218654533,0.9257515973917329,0.00012147766516429082
bonds,covid_2020_2021,252,63,0.05,current_rv_ann,n_assets,10,,,
bonds,covid_2020_2021,252,63,0.05,current_rv_ann,future_es,10,0.10579991067174496,-0.26829767066040583,0.4535527319550734
bonds,covid_2020_2021,252,63,0.05,current_rv_ann,future_var,10,0.4195828198996971,0.06079055436800646,0.8675109976588954
bonds,covid_2020_2021,252,63,0.05,current_rv_ann,future_rv_ann,10,0.2587800022468651,0.12727272727272726,0.7260570147627894
bonds,covid_2020_2021,252,63,0.05,current_rv_ann,future_mdd,10,0.7159575216078147,0.6747751534848716,0.0323118085420257
bonds,covid_2020_2021,252,63,0.05,current_rv_ann,future_tail_event,10,,,
bonds,covid_2020_2021,252,63,0.05,current_hill_alpha,n_assets,10,,,
bonds,covid_2020_2021,252,63,0.05,current_hill_alpha,future_es,10,-0.16957735893981027,-0.28129945151591856,0.43108091429632656
bonds,covid_2020_2021,252,63,0.05,current_hill_alpha,future_var,10,0.25699165155691717,0.06855212708369623,0.8507449479010232
bonds,covid_2020_2021,252,63,0.05,current_hill_alpha,future_rv_ann,10,0.07899830940723404,0.29201560454638553,0.4129566080316054
bonds,covid_2020_2021,252,63,0.05,current_hill_alpha,future_mdd,10,0.630355741790382,0.6418971899655195,0.045406462346489485
bonds,covid_2020_2021,252,63,0.05,current_hill_alpha,future_tail_event,10,,,
bonds,covid_2020_2021,252,63,0.05,n_assets,future_es,10,,,
bonds,covid_2020_2021,252,63,0.05,n_assets,future_var,10,,,
bonds,covid_2020_2021,252,63,0.05,n_assets,future_rv_ann,10,,,
bonds,covid_2020_2021,252,63,0.05,n_assets,future_mdd,10,,,
bonds,covid_2020_2021,252,63,0.05,n_assets,future_tail_event,10,,,
bonds,covid_2020_2021,252,63,0.05,future_es,future_var,10,0.7336513600551958,0.8134594612376583,0.004201375132117587
bonds,covid_2020_2021,252,63,0.05,future_es,future_rv_ann,10,0.4691453241633867,0.36586045999146244,0.29847680928666376
bonds,covid_2020_2021,252,63,0.05,future_es,future_mdd,10,0.406056295285529,0.22630075237438613,0.5295492570167245
bonds,covid_2020_2021,252,63,0.05,future_es,future_tail_event,10,,,
bonds,covid_2020_2021,252,63,0.05,future_var,future_rv_ann,10,0.17928853650493953,0.16413449679361744,0.6504731396988412
bonds,covid_2020_2021,252,63,0.05,future_var,future_mdd,10,0.8401177725511672,0.6524390243902439,0.04087935687251631
bonds,covid_2020_2021,252,63,0.05,future_var,future_tail_event,10,,,
bonds,covid_2020_2021,252,63,0.05,future_rv_ann,future_mdd,10,-0.07543190476827434,0.024316221747202584,0.9468397049085097
bonds,covid_2020_2021,252,63,0.05,future_rv_ann,future_tail_event,10,,,
bonds,covid_2020_2021,252,63,0.05,future_mdd,future_tail_event,10,,,
bonds,full_2015,252,21,0.025,dq_es,dr_es_concentration,113,0.7492658652038273,0.7576587076066795,2.664457532354552e-22
bonds,full_2015,252,21,0.025,dq_es,current_es,113,0.2547318472761519,0.20453831222375668,0.02977078824357092
bonds,full_2015,252,21,0.025,dq_es,current_rv_ann,113,0.11961409862224473,0.028788674490979316,0.7621276910444302
bonds,full_2015,252,21,0.025,dq_es,current_hill_alpha,113,-0.4759187406627262,-0.6031989724257847,1.5450752772324387e-12
bonds,full_2015,252,21,0.025,dq_es,n_assets,113,,,
bonds,full_2015,252,21,0.025,dq_es,future_es,113,-0.07308480539770346,-0.2056000882675608,0.028914211325329342
bonds,full_2015,252,21,0.025,dq_es,future_var,113,-0.11841699702864653,-0.1860536618025504,0.048489803953398525
bonds,full_2015,252,21,0.025,dq_es,future_rv_ann,113,-0.1548157460547023,-0.22737397852584534,0.015437180519589647
bonds,full_2015,252,21,0.025,dq_es,future_mdd,113,0.004956912617786718,-0.09408012773375367,0.3216043647814197
bonds,full_2015,252,21,0.025,dq_es,future_tail_event,113,-0.03633781586794513,-0.004872466573500815,0.9591506627934296
bonds,full_2015,252,21,0.025,dr_es_concentration,current_es,113,0.4149425626823987,0.4253070421041309,2.656145270005626e-06
bonds,full_2015,252,21,0.025,dr_es_concentration,current_rv_ann,113,0.20032098418002486,0.2088175544317892,0.026445249406849426
bonds,full_2015,252,21,0.025,dr_es_concentration,current_hill_alpha,113,-0.5937696045809662,-0.6053979030294905,1.2204901554076877e-12
bonds,full_2015,252,21,0.025,dr_es_concentration,n_assets,113,,,
bonds,full_2015,252,21,0.025,dr_es_concentration,future_es,113,-0.08250952171887167,-0.17362302386886264,0.06589882553460012
bonds,full_2015,252,21,0.025,dr_es_concentration,future_var,113,-0.09396343013730114,-0.1655511127471989,0.07970869589191842
bonds,full_2015,252,21,0.025,dr_es_concentration,future_rv_ann,113,-0.1442644501385504,-0.24167493195485235,0.009913798038537876
bonds,full_2015,252,21,0.025,dr_es_concentration,future_mdd,113,-0.003270190130534636,-0.1347896874164689,0.15461808726934534
bonds,full_2015,252,21,0.025,dr_es_concentration,future_tail_event,113,-0.12355580306499313,-0.11881568963060643,0.21004917624011774
bonds,full_2015,252,21,0.025,current_es,current_rv_ann,113,0.956409365877197,0.9364705255560997,2.5147820265124883e-52
bonds,full_2015,252,21,0.025,current_es,current_hill_alpha,113,-0.059920153748698045,-0.027904722573481498,0.7692238623916517
bonds,full_2015,252,21,0.025,current_es,n_assets,113,,,
bonds,full_2015,252,21,0.025,current_es,future_es,113,0.052179731138687256,0.15308143239174532,0.10550303501577955
bonds,full_2015,252,21,0.025,current_es,future_var,113,0.07983704582783749,0.1467422088994074,0.12091230017641885
bonds,full_2015,252,21,0.025,current_es,future_rv_ann,113,0.08170260482768726,0.11054956873744402,0.24374842661040497
bonds,full_2015,252,21,0.025,current_es,future_mdd,113,0.0821685340564506,0.07030548259022007,0.45932169105376985
bonds,full_2015,252,21,0.025,current_es,future_tail_event,113,-0.08398945924184001,-0.12735287679269724,0.17888120463618282
bonds,full_2015,252,21,0.025,current_rv_ann,current_hill_alpha,113,0.1603645892221034,0.1942872613918521,0.03920478675604612
bonds,full_2015,252,21,0.025,current_rv_ann,n_assets,113,,,
bonds,full_2015,252,21,0.025,current_rv_ann,future_es,113,0.04689120552916995,0.20403054095415532,0.030187975541753138
bonds,full_2015,252,21,0.025,current_rv_ann,future_var,113,0.07860559218220017,0.19414132676824808,0.03935535428492664
bonds,full_2015,252,21,0.025,current_rv_ann,future_rv_ann,113,0.08107410502543094,0.15258832923015503,0.10664362347767735
bonds,full_2015,252,21,0.025,current_rv_ann,future_mdd,113,0.059386703246293616,0.11025350988089694,0.24502116394360188
bonds,full_2015,252,21,0.025,current_rv_ann,future_tail_event,113,-0.0886515768723327,-0.10620046965990011,0.2629082330032202
bonds,full_2015,252,21,0.025,current_hill_alpha,n_assets,113,,,
bonds,full_2015,252,21,0.025,current_hill_alpha,future_es,113,0.06352106067939532,0.1130070408463911,0.23336064165683854
bonds,full_2015,252,21,0.025,current_hill_alpha,future_var,113,0.06345085579005566,0.09194455815054553,0.3327595735645854
bonds,full_2015,252,21,0.025,current_hill_alpha,future_rv_ann,113,0.05047446119101665,0.048912874506939985,0.6069178757077702
bonds,full_2015,252,21,0.025,current_hill_alpha,future_mdd,113,-0.04026726955424235,0.004188372842558552,0.9648819517856209
bonds,full_2015,252,21,0.025,current_hill_alpha,future_tail_event,113,-0.09162106096532414,-0.10915075352801198,0.24980228028086998
bonds,full_2015,252,21,0.025,n_assets,future_es,113,,,
bonds,full_2015,252,21,0.025,n_assets,future_var,113,,,
bonds,full_2015,252,21,0.025,n_assets,future_rv_ann,113,,,
bonds,full_2015,252,21,0.025,n_assets,future_mdd,113,,,
bonds,full_2015,252,21,0.025,n_assets,future_tail_event,113,,,
bonds,full_2015,252,21,0.025,future_es,future_var,113,0.9745421137768369,0.9867256637168144,1.8107762757160765e-89
bonds,full_2015,252,21,0.025,future_es,future_rv_ann,113,0.9256847537483623,0.898529509614745,1.6899560187253995e-41
bonds,full_2015,252,21,0.025,future_es,future_mdd,113,0.9046284785660766,0.9185824073457982,1.4613435946769426e-46
bonds,full_2015,252,21,0.025,future_es,future_tail_event,113,0.653397124628868,0.7187600847147937,3.1362355162337103e-19
bonds,full_2015,252,21,0.025,future_var,future_rv_ann,113,0.9571833918325743,0.9068717146849425,1.827257219749398e-43
bonds,full_2015,252,21,0.025,future_var,future_mdd,113,0.9195773420892639,0.9317319848293301,1.1954672398545082e-50
bonds,full_2015,252,21,0.025,future_var,future_tail_event,113,0.6636123187655877,0.7105456837466246,1.2013859907822718e-18
bonds,full_2015,252,21,0.025,future_rv_ann,future_mdd,113,0.8819214550189372,0.8284899194889881,1.0173902964951118e-29
bonds,full_2015,252,21,0.025,future_rv_ann,future_tail_event,113,0.6479081229733722,0.6712339076846725,4.0987734550742255e-16
bonds,full_2015,252,21,0.025,future_mdd,future_tail_event,113,0.6711769077666133,0.7240407710514738,1.2894270920914007e-19
bonds,full_2015,252,21,0.05,dq_es,dr_es_concentration,113,0.7100466685676107,0.695926122622666,1.1726293464928604e-17
bonds,full_2015,252,21,0.05,dq_es,current_es,113,0.07685011962231904,0.1065881961494891,0.2611596221611705
bonds,full_2015,252,21,0.05,dq_es,current_rv_ann,113,0.11758921109018289,0.128764611179626,0.17407267885844355
bonds,full_2015,252,21,0.05,dq_es,current_hill_alpha,113,-0.6944265819519384,-0.6810407242266372,1.041569480502535e-16
bonds,full_2015,252,21,0.05,dq_es,n_assets,113,,,
bonds,full_2015,252,21,0.05,dq_es,future_es,113,-0.12622029142178978,-0.16722638968126297,0.07666643023777645
bonds,full_2015,252,21,0.05,dq_es,future_var,113,-0.12198296133457247,-0.1005213220571545,0.28943525074036747
bonds,full_2015,252,21,0.05,dq_es,future_rv_ann,113,-0.14879799232392033,-0.20808787040991597,0.02698883527523288
bonds,full_2015,252,21,0.05,dq_es,future_mdd,113,-0.005936125819514288,-0.0931350635559751,0.3265108826922902
bonds,full_2015,252,21,0.05,dq_es,future_tail_event,113,-0.05627281140627511,-0.06159212878626713,0.5169401529095521
bonds,full_2015,252,21,0.05,dr_es_concentration,current_es,113,0.5635542534186433,0.571434514076908,3.847089380127931e-11
bonds,full_2015,252,21,0.05,dr_es_concentration,current_rv_ann,113,0.49575797976221525,0.5082174462705437,9.119843737264986e-09
bonds,full_2015,252,21,0.05,dr_es_concentration,current_hill_alpha,113,-0.3719119693410525,-0.335177968113628,0.0002845949826724183
bonds,full_2015,252,21,0.05,dr_es_concentration,n_assets,113,,,
bonds,full_2015,252,21,0.05,dr_es_concentration,future_es,113,-0.017609866260481603,-0.04547874110053896,0.6324238870680234
bonds,full_2015,252,21,0.05,dr_es_concentration,future_var,113,0.0035559062710531,0.028561447867456253,0.7639499598793587
bonds,full_2015,252,21,0.05,dr_es_concentration,future_rv_ann,113,-0.07022783833952734,-0.14897864129349925,0.1152891028982115
bonds,full_2015,252,21,0.05,dr_es_concentration,future_mdd,113,0.046275388206904765,-0.054544547208729796,0.5661050960992348
bonds,full_2015,252,21,0.05,dr_es_concentration,future_tail_event,113,-0.143425629418191,-0.14379494486395755,0.12864324695452617
bonds,full_2015,252,21,0.05,current_es,current_rv_ann,113,0.9653159063446998,0.9551565333003862,1.6894169977288084e-60
bonds,full_2015,252,21,0.05,current_es,current_hill_alpha,113,0.15902102892225162,0.18867689147735317,0.04535186016933261
bonds,full_2015,252,21,0.05,current_es,n_assets,113,,,
bonds,full_2015,252,21,0.05,current_es,future_es,113,0.11366194050118464,0.23171794313179772,0.01352956361700851
bonds,full_2015,252,21,0.05,current_es,future_var,113,0.17615000835947128,0.28338826629694697,0.002353458628355579
bonds,full_2015,252,21,0.05,current_es,future_rv_ann,113,0.11307550664452973,0.18467648906539375,0.050207904282592176
bonds,full_2015,252,21,0.05,current_es,future_mdd,113,0.08148531895303818,0.1371401244664195,0.14748739809919945
bonds,full_2015,252,21,0.05,current_es,future_tail_event,113,-0.0704477362682733,-0.056707935576604314,0.5507801290777887
bonds,full_2015,252,21,0.05,current_rv_ann,current_hill_alpha,113,0.1603645892221034,0.1942872613918521,0.03920478675604612
bonds,full_2015,252,21,0.05,current_rv_ann,n_assets,113,,,
bonds,full_2015,252,21,0.05,current_rv_ann,future_es,113,0.07860559218220017,0.19414132676824808,0.03935535428492664
bonds,full_2015,252,21,0.05,current_rv_ann,future_var,113,0.1436717323348312,0.2582257635238539,0.005754450532671337
bonds,full_2015,252,21,0.05,current_rv_ann,future_rv_ann,113,0.08107410502543094,0.15258832923015503,0.10664362347767735
bonds,full_2015,252,21,0.05,current_rv_ann,future_mdd,113,0.059386703246293616,0.11025350988089694,0.24502116394360188
bonds,full_2015,252,21,0.05,current_rv_ann,future_tail_event,113,-0.07529734878954092,-0.05480486577833854,0.5642504200207912
bonds,full_2015,252,21,0.05,current_hill_alpha,n_assets,113,,,
bonds,full_2015,252,21,0.05,current_hill_alpha,future_es,113,0.06345085579005566,0.09194455815054553,0.3327595735645854
bonds,full_2015,252,21,0.05,current_hill_alpha,future_var,113,0.04526054282683789,0.06906032043479861,0.4673317915542037
bonds,full_2015,252,21,0.05,current_hill_alpha,future_rv_ann,113,0.05047446119101665,0.048912874506939985,0.6069178757077702
bonds,full_2015,252,21,0.05,current_hill_alpha,future_mdd,113,-0.04026726955424235,0.004188372842558552,0.9648819517856209
bonds,full_2015,252,21,0.05,current_hill_alpha,future_tail_event,113,-0.13812396568859678,-0.14978652943597767,0.11330841680976947
bonds,full_2015,252,21,0.05,n_assets,future_es,113,,,
bonds,full_2015,252,21,0.05,n_assets,future_var,113,,,
bonds,full_2015,252,21,0.05,n_assets,future_rv_ann,113,,,
bonds,full_2015,252,21,0.05,n_assets,future_mdd,113,,,
bonds,full_2015,252,21,0.05,n_assets,future_tail_event,113,,,
bonds,full_2015,252,21,0.05,future_es,future_var,113,0.7864914839720285,0.8246223966997139,3.132713172879673e-29
bonds,full_2015,252,21,0.05,future_es,future_rv_ann,113,0.9571833918325743,0.9068717146849425,1.827257219749398e-43
bonds,full_2015,252,21,0.05,future_es,future_mdd,113,0.9195773420892639,0.9317319848293301,1.1954672398545082e-50
bonds,full_2015,252,21,0.05,future_es,future_tail_event,113,0.5793124960259413,0.775407457398473,6.679430051777586e-24
bonds,full_2015,252,21,0.05,future_var,future_rv_ann,113,0.7724592448458072,0.7358274003593054,1.643279275340098e-20
bonds,full_2015,252,21,0.05,future_var,future_mdd,113,0.6999310603406883,0.7515969126355713,8.733985741166765e-22
bonds,full_2015,252,21,0.05,future_var,future_tail_event,113,0.5334602547087798,0.6343256247017599,4.597174318506265e-14
bonds,full_2015,252,21,0.05,future_rv_ann,future_mdd,113,0.8819214550189372,0.8284899194889881,1.0173902964951118e-29
bonds,full_2015,252,21,0.05,future_rv_ann,future_tail_event,113,0.5921299935860288,0.7254861935211746,1.0073439584029361e-19
bonds,full_2015,252,21,0.05,future_mdd,future_tail_event,113,0.546017652145819,0.7629271414291484,9.226745113196523e-23
bonds,full_2015,252,63,0.025,dq_es,dr_es_concentration,111,0.7449745741050828,0.7536408927506456,1.3721280663326346e-21
bonds,full_2015,252,63,0.025,dq_es,current_es,111,0.228953003029414,0.18127633250782488,0.056903441365820026
bonds,full_2015,252,63,0.025,dq_es,current_rv_ann,111,0.09539403138923136,0.0013215367199711596,0.9890169503974275
bonds,full_2015,252,63,0.025,dq_es,current_hill_alpha,111,-0.46850421582055707,-0.5934189469708134,6.721174451843325e-12
bonds,full_2015,252,63,0.025,dq_es,n_assets,111,,,
bonds,full_2015,252,63,0.025,dq_es,future_es,111,-0.13573893185483457,-0.2472360929142965,0.008895289159137211
bonds,full_2015,252,63,0.025,dq_es,future_var,111,-0.36519274110148864,-0.38255733831127403,3.41858322390255e-05
bonds,full_2015,252,63,0.025,dq_es,future_rv_ann,111,-0.21943771764986267,-0.29438479312264765,0.0017113483970882541
bonds,full_2015,252,63,0.025,dq_es,future_mdd,111,0.07746260402404835,0.06135235504257934,0.5223851808924648
bonds,full_2015,252,63,0.025,dq_es,future_tail_event,111,-0.03558408773346929,0.02000362576753259,0.834927270902826
bonds,full_2015,252,63,0.025,dr_es_concentration,current_es,111,0.37688635350364824,0.39396746574733255,1.8852721198870408e-05
bonds,full_2015,252,63,0.025,dr_es_concentration,current_rv_ann,111,0.16210228317408104,0.1701346308678867,0.07422435365822527
bonds,full_2015,252,63,0.025,dr_es_concentration,current_hill_alpha,111,-0.5662493007360621,-0.584101636709288,1.703976516582023e-11
bonds,full_2015,252,63,0.025,dr_es_concentration,n_assets,111,,,
bonds,full_2015,252,63,0.025,dr_es_concentration,future_es,111,-0.13552876452722473,-0.2821551280960333,0.002697609412757489
bonds,full_2015,252,63,0.025,dr_es_concentration,future_var,111,-0.24867034251226114,-0.2929741236466698,0.0018054172507302993
bonds,full_2015,252,63,0.025,dr_es_concentration,future_rv_ann,111,-0.22138896801625257,-0.35762187965573866,0.00011650247481280931
bonds,full_2015,252,63,0.025,dr_es_concentration,future_mdd,111,0.10212472313888238,-0.05004464354571156,0.6019408300693471
bonds,full_2015,252,63,0.025,dr_es_concentration,future_tail_event,111,-0.2269091043281041,-0.22019877406481217,0.020219112956918122
bonds,full_2015,252,63,0.025,current_es,current_rv_ann,111,0.9567655063635183,0.9333705176041275,2.544447182660545e-50
bonds,full_2015,252,63,0.025,current_es,current_hill_alpha,111,0.06982263111226776,0.024222007740169027,0.8007760364083896
bonds,full_2015,252,63,0.025,current_es,n_assets,111,,,
bonds,full_2015,252,63,0.025,current_es,future_es,111,-0.0035402607003977033,-0.07669367409845347,0.42368153756182436
bonds,full_2015,252,63,0.025,current_es,future_var,111,0.07004706059211245,0.08328853247536783,0.38480494187205927
bonds,full_2015,252,63,0.025,current_es,future_rv_ann,111,-0.007670586683863775,-0.08570444531408866,0.3711196988983757
bonds,full_2015,252,63,0.025,current_es,future_mdd,111,0.03702633228569916,-0.04704173493333567,0.6239381740728907
bonds,full_2015,252,63,0.025,current_es,future_tail_event,111,-0.16333721785829539,-0.1930133272260389,0.04239425423603381
bonds,full_2015,252,63,0.025,current_rv_ann,current_hill_alpha,111,0.28128976017322704,0.2528638314432297,0.007415404868486039
bonds,full_2015,252,63,0.025,current_rv_ann,n_assets,111,,,
bonds,full_2015,252,63,0.025,current_rv_ann,future_es,111,-0.009976783191591008,-0.059152229058926996,0.5374372245004824
bonds,full_2015,252,63,0.025,current_rv_ann,future_var,111,0.10713181129947247,0.1464713833927409,0.1250324117748795
bonds,full_2015,252,63,0.025,current_rv_ann,future_rv_ann,111,0.0007611336382168473,-0.04873639873639873,0.6114818572617258
bonds,full_2015,252,63,0.025,current_rv_ann,future_mdd,111,-0.011884732720264518,-0.07761597424295884,0.4181122175438887
bonds,full_2015,252,63,0.025,current_rv_ann,future_tail_event,111,-0.16541982598664526,-0.21668448848673755,0.022355058379254434
bonds,full_2015,252,63,0.025,current_hill_alpha,n_assets,111,,,
bonds,full_2015,252,63,0.025,current_hill_alpha,future_es,111,0.12468390026840108,0.05810355968257131,0.5446864847876738
bonds,full_2015,252,63,0.025,current_hill_alpha,future_var,111,0.1599974477719005,0.13402172762025055,0.16080842986181507
bonds,full_2015,252,63,0.025,current_hill_alpha,future_rv_ann,111,0.13016380394084215,0.05156098187314225,0.5909658080186561
bonds,full_2015,252,63,0.025,current_hill_alpha,future_mdd,111,-0.03393779855939329,-0.08842495668825272,0.35607067059643194
bonds,full_2015,252,63,0.025,current_hill_alpha,future_tail_event,111,-0.09021441074487002,-0.1499449394015288,0.11623391358607188
bonds,full_2015,252,63,0.025,n_assets,future_es,111,,,
bonds,full_2015,252,63,0.025,n_assets,future_var,111,,,
bonds,full_2015,252,63,0.025,n_assets,future_rv_ann,111,,,
bonds,full_2015,252,63,0.025,n_assets,future_mdd,111,,,
bonds,full_2015,252,63,0.025,n_assets,future_tail_event,111,,,
bonds,full_2015,252,63,0.025,future_es,future_var,111,0.7918786562726858,0.7970788732156023,1.2640273755316335e-25
bonds,full_2015,252,63,0.025,future_es,future_rv_ann,111,0.9497118497294081,0.9539432284707472,8.063400297247556e-59
bonds,full_2015,252,63,0.025,future_es,future_mdd,111,0.8640577538746884,0.8236094274883844,1.3133044355388088e-28
bonds,full_2015,252,63,0.025,future_es,future_tail_event,111,0.5538012818809306,0.6910978611738179,4.666021953544234e-17
bonds,full_2015,252,63,0.025,future_var,future_rv_ann,111,0.8602970512122111,0.8220861060590718,2.0086239552083087e-28
bonds,full_2015,252,63,0.025,future_var,future_mdd,111,0.6691183922562897,0.6347820368697673,7.355978720659694e-14
bonds,full_2015,252,63,0.025,future_var,future_tail_event,111,0.44888652007674484,0.48873709931193615,5.2620887050609675e-08
bonds,full_2015,252,63,0.025,future_rv_ann,future_mdd,111,0.849293100068632,0.7950262596282726,2.0606892848312993e-25
bonds,full_2015,252,63,0.025,future_rv_ann,future_tail_event,111,0.5778153995373629,0.6810920543515561,1.945855467857322e-16
bonds,full_2015,252,63,0.025,future_mdd,future_tail_event,111,0.5193673809670855,0.7384938826123321,2.2536100192364342e-20
bonds,full_2015,252,63,0.05,dq_es,dr_es_concentration,111,0.6905674738664728,0.6798762698255393,2.3056674398073197e-16
bonds,full_2015,252,63,0.05,dq_es,current_es,111,0.019539470849027574,0.059298197954979176,0.5364319713641381
bonds,full_2015,252,63,0.05,dq_es,current_rv_ann,111,0.06976708692280492,0.08734835357387893,0.3619801472635672
bonds,full_2015,252,63,0.05,dq_es,current_hill_alpha,111,-0.6714369878782236,-0.6637777311680737,2.023996134279841e-15
bonds,full_2015,252,63,0.05,dq_es,n_assets,111,,,
bonds,full_2015,252,63,0.05,dq_es,future_es,111,-0.2171743037057027,-0.3026335419454648,0.0012448282742234008
bonds,full_2015,252,63,0.05,dq_es,future_var,111,-0.2724584663965509,-0.2730689155131742,0.0037350236026757067
bonds,full_2015,252,63,0.05,dq_es,future_rv_ann,111,-0.21720661189571588,-0.2990588597345584,0.0014305577273057298
bonds,full_2015,252,63,0.05,dq_es,future_mdd,111,0.10488425216829586,0.04724411176425366,0.6224449592339941
bonds,full_2015,252,63,0.05,dq_es,future_tail_event,111,-0.16668973772679135,-0.1686281332854694,0.07686238185492819
bonds,full_2015,252,63,0.05,dr_es_concentration,current_es,111,0.5362439886261838,0.5478622591428907,4.87003282519321e-10
bonds,full_2015,252,63,0.05,dr_es_concentration,current_rv_ann,111,0.468633030427673,0.4841523341523341,7.29926520249241e-08
bonds,full_2015,252,63,0.05,dr_es_concentration,current_hill_alpha,111,-0.3017593706740123,-0.2989044971294432,0.0014391179073716947
bonds,full_2015,252,63,0.05,dr_es_concentration,n_assets,111,,,
bonds,full_2015,252,63,0.05,dr_es_concentration,future_es,111,-0.05967392895001248,-0.16390608627545958,0.08562252435590689
bonds,full_2015,252,63,0.05,dr_es_concentration,future_var,111,-0.08388263727077372,-0.05969343768808659,0.5337147410111729
bonds,full_2015,252,63,0.05,dr_es_concentration,future_rv_ann,111,-0.11256088221429944,-0.23070375570375568,0.01484832038078494
bonds,full_2015,252,63,0.05,dr_es_concentration,future_mdd,111,0.1680271712014075,0.011793767030247222,0.9022237130641407
bonds,full_2015,252,63,0.05,dr_es_concentration,future_tail_event,111,-0.2320274077877522,-0.18801075717184518,0.04814882372392327
bonds,full_2015,252,63,0.05,current_es,current_rv_ann,111,0.9639740662984313,0.9530855120370458,2.153992138874821e-58
bonds,full_2015,252,63,0.05,current_es,current_hill_alpha,111,0.2952040420592549,0.25238129802159925,0.007533154338673836
bonds,full_2015,252,63,0.05,current_es,n_assets,111,,,
bonds,full_2015,252,63,0.05,current_es,future_es,111,0.10039879267469023,0.06504969396868386,0.497580304406944
bonds,full_2015,252,63,0.05,current_es,future_var,111,0.16863595011889132,0.2211357251297801,0.019680206078881792
bonds,full_2015,252,63,0.05,current_es,future_rv_ann,111,0.0564374715917401,0.013382827890323693,0.8891285543718792
bonds,full_2015,252,63,0.05,current_es,future_mdd,111,0.03325057650523421,-0.0173123417905976,0.8568812550697293
bonds,full_2015,252,63,0.05,current_es,future_tail_event,111,-0.10575250818807148,-0.0929145623740426,0.3320791485472748
bonds,full_2015,252,63,0.05,current_rv_ann,current_hill_alpha,111,0.28128976017322704,0.2528638314432297,0.007415404868486039
bonds,full_2015,252,63,0.05,current_rv_ann,n_assets,111,,,
bonds,full_2015,252,63,0.05,current_rv_ann,future_es,111,0.03746710242573344,-0.010613792234188261,0.9119648710800794
bonds,full_2015,252,63,0.05,current_rv_ann,future_var,111,0.12463970869151417,0.16228015335035434,0.08881679435876552
bonds,full_2015,252,63,0.05,current_rv_ann,future_rv_ann,111,0.0007611336382168473,-0.04873639873639873,0.6114818572617258
bonds,full_2015,252,63,0.05,current_rv_ann,future_mdd,111,-0.011884732720264518,-0.07761597424295884,0.4181122175438887
bonds,full_2015,252,63,0.05,current_rv_ann,future_tail_event,111,-0.13382957472351475,-0.10973390496411196,0.2515894627531182
bonds,full_2015,252,63,0.05,current_hill_alpha,n_assets,111,,,
bonds,full_2015,252,63,0.05,current_hill_alpha,future_es,111,0.14306765797211476,0.081671432185967,0.3941329268632082
bonds,full_2015,252,63,0.05,current_hill_alpha,future_var,111,0.160724786328485,0.13343426472802425,0.16266780421591054
bonds,full_2015,252,63,0.05,current_hill_alpha,future_rv_ann,111,0.13016380394084215,0.05156098187314225,0.5909658080186561
bonds,full_2015,252,63,0.05,current_hill_alpha,future_mdd,111,-0.03393779855939329,-0.08842495668825272,0.35607067059643194
bonds,full_2015,252,63,0.05,current_hill_alpha,future_tail_event,111,-0.14253097503636114,-0.2023067900917679,0.03322309773504109
bonds,full_2015,252,63,0.05,n_assets,future_es,111,,,
bonds,full_2015,252,63,0.05,n_assets,future_var,111,,,
bonds,full_2015,252,63,0.05,n_assets,future_rv_ann,111,,,
bonds,full_2015,252,63,0.05,n_assets,future_mdd,111,,,
bonds,full_2015,252,63,0.05,n_assets,future_tail_event,111,,,
bonds,full_2015,252,63,0.05,future_es,future_var,111,0.775173436898006,0.8273275547199809,4.575275096833422e-29
bonds,full_2015,252,63,0.05,future_es,future_rv_ann,111,0.9749414768797242,0.9641219606395717,1.299114721179998e-64
bonds,full_2015,252,63,0.05,future_es,future_mdd,111,0.8511890250057115,0.810318198852161,4.694548556059281e-27
bonds,full_2015,252,63,0.05,future_es,future_tail_event,111,0.4593762039769574,0.605755075651653,1.8715359107321446e-12
bonds,full_2015,252,63,0.05,future_var,future_rv_ann,111,0.7676576497238222,0.7840001406318083,2.5955533244945857e-24
bonds,full_2015,252,63,0.05,future_var,future_mdd,111,0.6066341376000087,0.6424467392334694,2.953503890365093e-14
bonds,full_2015,252,63,0.05,future_var,future_tail_event,111,0.36476036171562465,0.5106407603271857,1.0295424359202154e-08
bonds,full_2015,252,63,0.05,future_rv_ann,future_mdd,111,0.849293100068632,0.7950262596282726,2.0606892848312993e-25
bonds,full_2015,252,63,0.05,future_rv_ann,future_tail_event,111,0.48014201807159623,0.6174361052647367,5.295985033834923e-13
bonds,full_2015,252,63,0.05,future_mdd,future_tail_event,111,0.3489822074441793,0.5289243839470045,2.408561817683847e-09
bonds,full_2015,504,21,0.025,dq_es,dr_es_concentration,103,0.8703606620466197,0.8051974867067333,1.173727192013009e-24
bonds,full_2015,504,21,0.025,dq_es,current_es,103,0.017912995076660415,0.0736216749511584,0.45986847492049376
bonds,full_2015,504,21,0.025,dq_es,current_rv_ann,103,-0.08141635264899524,-0.050128597722044706,0.6150647184466751
bonds,full_2015,504,21,0.025,dq_es,current_hill_alpha,103,-0.6196360750815425,-0.6702293489687058,9.712994979912087e-15
bonds,full_2015,504,21,0.025,dq_es,n_assets,103,,,
bonds,full_2015,504,21,0.025,dq_es,future_es,103,-0.20175484925309475,-0.30749212360928957,0.001580200116023726
bonds,full_2015,504,21,0.025,dq_es,future_var,103,-0.2392155418495977,-0.29437055000776097,0.0025423984727046475
bonds,full_2015,504,21,0.025,dq_es,future_rv_ann,103,-0.2522504543877985,-0.28275834297500596,0.0038041087647870155
bonds,full_2015,504,21,0.025,dq_es,future_mdd,103,-0.16080039935724466,-0.19297857531853516,0.05081771523017799
bonds,full_2015,504,21,0.025,dq_es,future_tail_event,103,-0.07994772292445913,-0.05374656698656024,0.5897481422158537
bonds,full_2015,504,21,0.025,dr_es_concentration,current_es,103,0.21816881487565765,0.24794688433433731,0.011561959016951196
bonds,full_2015,504,21,0.025,dr_es_concentration,current_rv_ann,103,0.07017873873565642,0.10355620963844837,0.297895936590257
bonds,full_2015,504,21,0.025,dr_es_concentration,current_hill_alpha,103,-0.6563960733934696,-0.6825667151647665,2.017905240441586e-15
bonds,full_2015,504,21,0.025,dr_es_concentration,n_assets,103,,,
bonds,full_2015,504,21,0.025,dr_es_concentration,future_es,103,-0.19967925399147998,-0.315676756139349,0.001161599150114091
bonds,full_2015,504,21,0.025,dr_es_concentration,future_var,103,-0.24296046105856853,-0.30949347625532664,0.0014668190511677988
bonds,full_2015,504,21,0.025,dr_es_concentration,future_rv_ann,103,-0.25802853172299045,-0.3033541273118658,0.0018401950301303765
bonds,full_2015,504,21,0.025,dr_es_concentration,future_mdd,103,-0.158364859781614,-0.22075297632122304,0.025040581452524434
bonds,full_2015,504,21,0.025,dr_es_concentration,future_tail_event,103,-0.11959138265525311,-0.14899107649390103,0.13308745152950271
bonds,full_2015,504,21,0.025,current_es,current_rv_ann,103,0.9766607258258612,0.971242487988483,9.171438264317614e-65
bonds,full_2015,504,21,0.025,current_es,current_hill_alpha,103,0.3151273061459114,0.2569003257921877,0.008804481667765792
bonds,full_2015,504,21,0.025,current_es,n_assets,103,,,
bonds,full_2015,504,21,0.025,current_es,future_es,103,0.07169492291092967,0.12468757489854636,0.20951483474122407
bonds,full_2015,504,21,0.025,current_es,future_var,103,0.07824904188704464,0.11156401262730538,0.2618882093695965
bonds,full_2015,504,21,0.025,current_es,future_rv_ann,103,0.05941891808299544,0.07624190906762379,0.4440080024044356
bonds,full_2015,504,21,0.025,current_es,future_mdd,103,0.07778124139101893,0.0687050620872376,0.4904546090417826
bonds,full_2015,504,21,0.025,current_es,future_tail_event,103,-0.09759346137633229,-0.0976497044202178,0.32645022326134854
bonds,full_2015,504,21,0.025,current_rv_ann,current_hill_alpha,103,0.45721437623589883,0.4248268511816254,7.724801360892431e-06
bonds,full_2015,504,21,0.025,current_rv_ann,n_assets,103,,,
bonds,full_2015,504,21,0.025,current_rv_ann,future_es,103,0.08857580959350564,0.12692747001713306,0.20138122118770782
bonds,full_2015,504,21,0.025,current_rv_ann,future_var,103,0.10219922171600439,0.11044238457145368,0.26674492586443127
bonds,full_2015,504,21,0.025,current_rv_ann,future_rv_ann,103,0.07304073810646963,0.050213065061722975,0.6144683226784318
bonds,full_2015,504,21,0.025,current_rv_ann,future_mdd,103,0.08863907357416098,0.05089399464042526,0.6096697006293239
bonds,full_2015,504,21,0.025,current_rv_ann,future_tail_event,103,-0.10949649331373558,-0.11596349796077024,0.24342125307449466
bonds,full_2015,504,21,0.025,current_hill_alpha,n_assets,103,,,
bonds,full_2015,504,21,0.025,current_hill_alpha,future_es,103,0.3150680948463742,0.24307058028526032,0.01336042579596732
bonds,full_2015,504,21,0.025,current_hill_alpha,future_var,103,0.3262258489703556,0.22571467496630687,0.021878774855550034
bonds,full_2015,504,21,0.025,current_hill_alpha,future_rv_ann,103,0.2834393931609283,0.149011352978998,0.13303407318025498
bonds,full_2015,504,21,0.025,current_hill_alpha,future_mdd,103,0.24746413293905864,0.11562362375352161,0.24481489594250275
bonds,full_2015,504,21,0.025,current_hill_alpha,future_tail_event,103,-0.0058850163310071495,-0.0477303598385573,0.632101250309793
bonds,full_2015,504,21,0.025,n_assets,future_es,103,,,
bonds,full_2015,504,21,0.025,n_assets,future_var,103,,,
bonds,full_2015,504,21,0.025,n_assets,future_rv_ann,103,,,
bonds,full_2015,504,21,0.025,n_assets,future_mdd,103,,,
bonds,full_2015,504,21,0.025,n_assets,future_tail_event,103,,,
bonds,full_2015,504,21,0.025,future_es,future_var,103,0.9795711102180138,0.9886768000702895,5.0873171762570034e-85
bonds,full_2015,504,21,0.025,future_es,future_rv_ann,103,0.9270417616170276,0.891776127926899,1.4541408562561909e-36
bonds,full_2015,504,21,0.025,future_es,future_mdd,103,0.9072236464763597,0.9138184773536002,2.578803757661733e-41
bonds,full_2015,504,21,0.025,future_es,future_tail_event,103,0.6788399672844713,0.7031204496608727,1.2321327713840008e-16
bonds,full_2015,504,21,0.025,future_var,future_rv_ann,103,0.9592774121883132,0.9038022229055924,5.157359212746645e-39
bonds,full_2015,504,21,0.025,future_var,future_mdd,103,0.9298426955000723,0.9263058472081888,1.303910966633125e-44
bonds,full_2015,504,21,0.025,future_var,future_tail_event,103,0.6889259948729385,0.6987167725231221,2.2878758501381597e-16
bonds,full_2015,504,21,0.025,future_rv_ann,future_mdd,103,0.8897408719528914,0.8176646311997541,5.80081769646071e-26
bonds,full_2015,504,21,0.025,future_rv_ann,future_tail_event,103,0.6889724356519867,0.6730286558862425,6.845060441884867e-15
bonds,full_2015,504,21,0.025,future_mdd,future_tail_event,103,0.6796177827737341,0.6994507187127472,2.0652608057447658e-16
bonds,full_2015,504,21,0.05,dq_es,dr_es_concentration,103,0.5831736905882969,0.5951544172560734,3.36006495258106e-11
bonds,full_2015,504,21,0.05,dq_es,current_es,103,-0.17020172034967646,-0.13512593325859795,0.17354770346775972
bonds,full_2015,504,21,0.05,dq_es,current_rv_ann,103,-0.05713619670999235,-0.04442516364275359,0.6558979176379316
bonds,full_2015,504,21,0.05,dq_es,current_hill_alpha,103,-0.7302726673844095,-0.7753952609922553,6.957977751986452e-22
bonds,full_2015,504,21,0.05,dq_es,n_assets,103,,,
bonds,full_2015,504,21,0.05,dq_es,future_es,103,-0.2557590748787721,-0.2956332645081931,0.002430957452996743
bonds,full_2015,504,21,0.05,dq_es,future_var,103,-0.3042941864385659,-0.3106246979747836,0.0014060496580541213
bonds,full_2015,504,21,0.05,dq_es,future_rv_ann,103,-0.2518396852922347,-0.2593243421341651,0.008165515468426275
bonds,full_2015,504,21,0.05,dq_es,future_mdd,103,-0.1586250224586972,-0.18959495672802357,0.05509435086786074
bonds,full_2015,504,21,0.05,dq_es,future_tail_event,103,-0.21258386735647994,-0.2092323948118437,0.03391349558230416
bonds,full_2015,504,21,0.05,dr_es_concentration,current_es,103,0.6415812118936427,0.6113454422321911,6.944020142372527e-12
bonds,full_2015,504,21,0.05,dr_es_concentration,current_rv_ann,103,0.6824517885846079,0.6453564995826562,1.8569866759125067e-13
bonds,full_2015,504,21,0.05,dr_es_concentration,current_hill_alpha,103,-0.1145994537584792,-0.18796461942767792,0.057258088915946644
bonds,full_2015,504,21,0.05,dr_es_concentration,n_assets,103,,,
bonds,full_2015,504,21,0.05,dr_es_concentration,future_es,103,-0.07800365911311447,-0.10765276984580241,0.279087466074829
bonds,full_2015,504,21,0.05,dr_es_concentration,future_var,103,-0.13207961132739446,-0.12045863901946142,0.2255044658891547
bonds,full_2015,504,21,0.05,dr_es_concentration,future_rv_ann,103,-0.11376083193093048,-0.15166058955322234,0.12619931444051669
bonds,full_2015,504,21,0.05,dr_es_concentration,future_mdd,103,-0.03502266803646462,-0.08015200105434257,0.4209221725268303
bonds,full_2015,504,21,0.05,dr_es_concentration,future_tail_event,103,-0.2148932445573899,-0.23800184909847222,0.015483351043384573
bonds,full_2015,504,21,0.05,current_es,current_rv_ann,103,0.9773167399924227,0.9778726139852519,1.9284795473842023e-70
bonds,full_2015,504,21,0.05,current_es,current_hill_alpha,103,0.5301829778031383,0.489777002194827,1.5161174733300285e-07
bonds,full_2015,504,21,0.05,current_es,n_assets,103,,,
bonds,full_2015,504,21,0.05,current_es,future_es,103,0.14318812318704113,0.18416427897742502,0.06257281489386275
bonds,full_2015,504,21,0.05,current_es,future_var,103,0.14540854382488413,0.1746246209514868,0.07769842550923349
bonds,full_2015,504,21,0.05,current_es,future_rv_ann,103,0.11993009425060584,0.12660779301782063,0.20252796020434075
bonds,full_2015,504,21,0.05,current_es,future_mdd,103,0.12313817581249598,0.12172537736723966,0.220627438843155
bonds,full_2015,504,21,0.05,current_es,future_tail_event,103,-0.09388915225013537,-0.09122326847003256,0.35944199796562526
bonds,full_2015,504,21,0.05,current_rv_ann,current_hill_alpha,103,0.45721437623589883,0.4248268511816254,7.724801360892431e-06
bonds,full_2015,504,21,0.05,current_rv_ann,n_assets,103,,,
bonds,full_2015,504,21,0.05,current_rv_ann,future_es,103,0.10219922171600439,0.11044238457145368,0.26674492586443127
bonds,full_2015,504,21,0.05,current_rv_ann,future_var,103,0.11605459983965835,0.11595571761191407,0.24345309459263034
bonds,full_2015,504,21,0.05,current_rv_ann,future_rv_ann,103,0.07304073810646963,0.050213065061722975,0.6144683226784318
bonds,full_2015,504,21,0.05,current_rv_ann,future_mdd,103,0.08863907357416098,0.05089399464042526,0.6096697006293239
bonds,full_2015,504,21,0.05,current_rv_ann,future_tail_event,103,-0.15521469145052919,-0.14973193253722566,0.13114770945117826
bonds,full_2015,504,21,0.05,current_hill_alpha,n_assets,103,,,
bonds,full_2015,504,21,0.05,current_hill_alpha,future_es,103,0.3262258489703556,0.22571467496630687,0.021878774855550034
bonds,full_2015,504,21,0.05,current_hill_alpha,future_var,103,0.2730055525274773,0.2367468553653124,0.01605207463782783
bonds,full_2015,504,21,0.05,current_hill_alpha,future_rv_ann,103,0.2834393931609283,0.149011352978998,0.13303407318025498
bonds,full_2015,504,21,0.05,current_hill_alpha,future_mdd,103,0.24746413293905864,0.11562362375352161,0.24481489594250275
bonds,full_2015,504,21,0.05,current_hill_alpha,future_tail_event,103,-0.024152186835956078,0.0035979801979788974,0.9712265597561218
bonds,full_2015,504,21,0.05,n_assets,future_es,103,,,
bonds,full_2015,504,21,0.05,n_assets,future_var,103,,,
bonds,full_2015,504,21,0.05,n_assets,future_rv_ann,103,,,
bonds,full_2015,504,21,0.05,n_assets,future_mdd,103,,,
bonds,full_2015,504,21,0.05,n_assets,future_tail_event,103,,,
bonds,full_2015,504,21,0.05,future_es,future_var,103,0.7953433923941007,0.8394433949830867,1.6743666646852304e-28
bonds,full_2015,504,21,0.05,future_es,future_rv_ann,103,0.9592774121883132,0.9038022229055924,5.157359212746645e-39
bonds,full_2015,504,21,0.05,future_es,future_mdd,103,0.9298426955000723,0.9263058472081888,1.303910966633125e-44
bonds,full_2015,504,21,0.05,future_es,future_tail_event,103,0.5911934195776228,0.8075062737269593,6.837609652085618e-25
bonds,full_2015,504,21,0.05,future_var,future_rv_ann,103,0.8010510377461634,0.7569301058735667,2.2703101804881748e-20
bonds,full_2015,504,21,0.05,future_var,future_mdd,103,0.7504660484653016,0.7713065061722972,1.54810874695642e-21
bonds,full_2015,504,21,0.05,future_var,future_tail_event,103,0.5452061814705366,0.6433896140464194,2.3181575278693283e-13
bonds,full_2015,504,21,0.05,future_rv_ann,future_mdd,103,0.8897408719528914,0.8176646311997541,5.80081769646071e-26
bonds,full_2015,504,21,0.05,future_rv_ann,future_tail_event,103,0.5945382937151513,0.7610828361280816,1.0656906124648943e-20
bonds,full_2015,504,21,0.05,future_mdd,future_tail_event,103,0.5522223447645719,0.7506212163874894,6.961211812742639e-20
bonds,full_2015,504,63,0.025,dq_es,dr_es_concentration,102,0.8768470275511375,0.8111466777820453,4.937204036170108e-25
bonds,full_2015,504,63,0.025,dq_es,current_es,102,0.035752620669379315,0.08497536616153056,0.39578702855941406
bonds,full_2015,504,63,0.025,dq_es,current_rv_ann,102,-0.06866082997094895,-0.03236327127783654,0.7467639299534282
bonds,full_2015,504,63,0.025,dq_es,current_hill_alpha,102,-0.6192785919235885,-0.6800050312413384,3.8566447104554175e-15
bonds,full_2015,504,63,0.025,dq_es,n_assets,102,,,
bonds,full_2015,504,63,0.025,dq_es,future_es,102,-0.26192930622583693,-0.26599778174594574,0.006888208324901448
bonds,full_2015,504,63,0.025,dq_es,future_var,102,-0.4776617801996317,-0.3985496866370331,3.342238305683762e-05
bonds,full_2015,504,63,0.025,dq_es,future_rv_ann,102,-0.32568898768105703,-0.2826808362920022,0.00399307064606942
bonds,full_2015,504,63,0.025,dq_es,future_mdd,102,-0.12435443312418254,-0.06520946722525453,0.5149431001623526
bonds,full_2015,504,63,0.025,dq_es,future_tail_event,102,-0.0858043625356226,-0.05620988686772831,0.5747024984732956
bonds,full_2015,504,63,0.025,dr_es_concentration,current_es,102,0.19893474464711572,0.22833192968142174,0.020988058392816335
bonds,full_2015,504,63,0.025,dr_es_concentration,current_rv_ann,102,0.05278668381326473,0.09061300190555892,0.36507731207113125
bonds,full_2015,504,63,0.025,dr_es_concentration,current_hill_alpha,102,-0.6533891571410453,-0.6882419039195908,1.321669453926957e-15
bonds,full_2015,504,63,0.025,dr_es_concentration,n_assets,102,,,
bonds,full_2015,504,63,0.025,dr_es_concentration,future_es,102,-0.3123145618699529,-0.3444896541362627,0.0003919195325469746
bonds,full_2015,504,63,0.025,dr_es_concentration,future_var,102,-0.518489712222916,-0.47678127212799737,4.0649992093252787e-07
bonds,full_2015,504,63,0.025,dr_es_concentration,future_rv_ann,102,-0.4033296701483427,-0.4005236046163154,3.0293470028959835e-05
bonds,full_2015,504,63,0.025,dr_es_concentration,future_mdd,102,-0.1923130670025341,-0.16363112034476035,0.10031631196151518
bonds,full_2015,504,63,0.025,dr_es_concentration,future_tail_event,102,-0.16032162390535995,-0.1925340476639726,0.05253625472002898
bonds,full_2015,504,63,0.025,current_es,current_rv_ann,102,0.9784859349372679,0.9731795779131003,1.2417517068615196e-65
bonds,full_2015,504,63,0.025,current_es,current_hill_alpha,102,0.34769566068159,0.30043719073727626,0.0021543939965167898
bonds,full_2015,504,63,0.025,current_es,n_assets,102,,,
bonds,full_2015,504,63,0.025,current_es,future_es,102,0.058150458636028836,0.013562745541453635,0.8923786039556318
bonds,full_2015,504,63,0.025,current_es,future_var,102,0.029573073714995644,0.023872087440068034,0.8117579369503432
bonds,full_2015,504,63,0.025,current_es,future_rv_ann,102,-0.013167497290071193,-0.036179235550769795,0.7180939919141447
bonds,full_2015,504,63,0.025,current_es,future_mdd,102,0.06219299048368726,-0.009279660278600256,0.926247641270324
bonds,full_2015,504,63,0.025,current_es,future_tail_event,102,-0.2271074041288561,-0.22725269958515762,0.021619117644742326
bonds,full_2015,504,63,0.025,current_rv_ann,current_hill_alpha,102,0.48075614705158093,0.45587858371335716,1.4726328132801913e-06
bonds,full_2015,504,63,0.025,current_rv_ann,n_assets,102,,,
bonds,full_2015,504,63,0.025,current_rv_ann,future_es,102,0.09777982966557976,0.030627334561246243,0.7599241668425697
bonds,full_2015,504,63,0.025,current_rv_ann,future_var,102,0.10578604913219261,0.08217032361519949,0.4116226927618587
bonds,full_2015,504,63,0.025,current_rv_ann,future_rv_ann,102,0.028978718174846662,-0.02730547183787482,0.7852961915473463
bonds,full_2015,504,63,0.025,current_rv_ann,future_mdd,102,0.08783200856395834,-0.02403745568406857,0.8104782859650571
bonds,full_2015,504,63,0.025,current_rv_ann,future_tail_event,102,-0.25483250236973176,-0.2618055568764072,0.00785941800918528
bonds,full_2015,504,63,0.025,current_hill_alpha,n_assets,102,,,
bonds,full_2015,504,63,0.025,current_hill_alpha,future_es,102,0.41431659015320804,0.2275915137112367,0.021419273493784193
bonds,full_2015,504,63,0.025,current_hill_alpha,future_var,102,0.4667210493178962,0.3619555545908736,0.0001854192301788695
bonds,full_2015,504,63,0.025,current_hill_alpha,future_rv_ann,102,0.3858210989757289,0.20202874218792904,0.04172107150873014
bonds,full_2015,504,63,0.025,current_hill_alpha,future_mdd,102,0.3334467194156296,0.08098269820022069,0.41843735237768276
bonds,full_2015,504,63,0.025,current_hill_alpha,future_tail_event,102,-0.11226068008377722,-0.15254201937976392,0.12587224371461433
bonds,full_2015,504,63,0.025,n_assets,future_es,102,,,
bonds,full_2015,504,63,0.025,n_assets,future_var,102,,,
bonds,full_2015,504,63,0.025,n_assets,future_rv_ann,102,,,
bonds,full_2015,504,63,0.025,n_assets,future_mdd,102,,,
bonds,full_2015,504,63,0.025,n_assets,future_tail_event,102,,,
bonds,full_2015,504,63,0.025,future_es,future_var,102,0.8142266477179079,0.7827902810120921,2.5324059244724995e-22
bonds,full_2015,504,63,0.025,future_es,future_rv_ann,102,0.9505134753132434,0.9506745005714161,1.2167049162607611e-52
bonds,full_2015,504,63,0.025,future_es,future_mdd,102,0.8835743331004747,0.8562744075147031,1.885904058346417e-30
bonds,full_2015,504,63,0.025,future_es,future_tail_event,102,0.5703862696124009,0.7168871277567405,2.379753577444523e-17
bonds,full_2015,504,63,0.025,future_var,future_rv_ann,102,0.8764811729939924,0.8105971515342638,5.6269252044931415e-25
bonds,full_2015,504,63,0.025,future_var,future_mdd,102,0.7552807813090703,0.689478506643971,1.121940707148701e-15
bonds,full_2015,504,63,0.025,future_var,future_tail_event,102,0.4486980688684347,0.4903641252637553,1.6803447816874018e-07
bonds,full_2015,504,63,0.025,future_rv_ann,future_mdd,102,0.8745982692677643,0.8264508140240906,1.07947097515758e-26
bonds,full_2015,504,63,0.025,future_rv_ann,future_tail_event,102,0.6072348890516641,0.7276904129521928,4.588227262160994e-18
bonds,full_2015,504,63,0.025,future_mdd,future_tail_event,102,0.5130689548098344,0.6957790566975445,4.807008502333717e-16
bonds,full_2015,504,63,0.05,dq_es,dr_es_concentration,102,0.5899579283456097,0.5991993259862822,2.867707466691322e-11
bonds,full_2015,504,63,0.05,dq_es,current_es,102,-0.18902297272442853,-0.15672025932813977,0.11571264186604885
bonds,full_2015,504,63,0.05,dq_es,current_rv_ann,102,-0.06773848493570188,-0.05098642359952729,0.6108065708306303
bonds,full_2015,504,63,0.05,dq_es,current_hill_alpha,102,-0.7191183483977944,-0.7649439197293957,8.116627958833699e-21
bonds,full_2015,504,63,0.05,dq_es,n_assets,102,,,
bonds,full_2015,504,63,0.05,dq_es,future_es,102,-0.40101549583003115,-0.37544036273947223,0.0001009616562162812
bonds,full_2015,504,63,0.05,dq_es,future_var,102,-0.4639435542157125,-0.4864684529725582,2.1733809206319215e-07
bonds,full_2015,504,63,0.05,dq_es,future_rv_ann,102,-0.3751272333006566,-0.32494585837795653,0.0008614441932170186
bonds,full_2015,504,63,0.05,dq_es,future_mdd,102,-0.16368908582718672,-0.09777267613108198,0.3282571261594419
bonds,full_2015,504,63,0.05,dq_es,future_tail_event,102,-0.1639454798676512,-0.1557688529496941,0.11796828746083317
bonds,full_2015,504,63,0.05,dr_es_concentration,current_es,102,0.6199834795441327,0.5849426891302083,1.0764240381518298e-10
bonds,full_2015,504,63,0.05,dr_es_concentration,current_rv_ann,102,0.673504167879529,0.6336011670841556,8.869687640029825e-13
bonds,full_2015,504,63,0.05,dr_es_concentration,current_hill_alpha,102,-0.0903675151384853,-0.16509772292207817,0.09726588999256044
bonds,full_2015,504,63,0.05,dr_es_concentration,n_assets,102,,,
bonds,full_2015,504,63,0.05,dr_es_concentration,future_es,102,-0.17888214873520794,-0.2362491025528272,0.016823772068419972
bonds,full_2015,504,63,0.05,dr_es_concentration,future_var,102,-0.3102091943860852,-0.2929724167960155,0.0028056112013603793
bonds,full_2015,504,63,0.05,dr_es_concentration,future_rv_ann,102,-0.23431274595566906,-0.27034622365720296,0.005994506822298943
bonds,full_2015,504,63,0.05,dr_es_concentration,future_mdd,102,-0.02504591993599601,-0.059875939364526475,0.5499725908594237
bonds,full_2015,504,63,0.05,dr_es_concentration,future_tail_event,102,-0.23884166688128106,-0.2577556211213608,0.008910415475501325
bonds,full_2015,504,63,0.05,current_es,current_rv_ann,102,0.9775822873207201,0.9777471207302728,1.225407774375082e-69
bonds,full_2015,504,63,0.05,current_es,current_hill_alpha,102,0.5636840919812556,0.5401150110030057,4.663289861088702e-09
bonds,full_2015,504,63,0.05,current_es,n_assets,102,,,
bonds,full_2015,504,63,0.05,current_es,future_es,102,0.15397715166287493,0.08971118031324667,0.36988874854515585
bonds,full_2015,504,63,0.05,current_es,future_var,102,0.09251743298392075,0.07280038029654554,0.4671329353807483
bonds,full_2015,504,63,0.05,current_es,future_rv_ann,102,0.08644333055320964,0.02614360620914337,0.794225217444313
bonds,full_2015,504,63,0.05,current_es,future_mdd,102,0.12564212667425304,0.022337965042298992,0.8236524582019444
bonds,full_2015,504,63,0.05,current_es,future_tail_event,102,-0.18795308428968582,-0.19084838868763337,0.05467889249621006
bonds,full_2015,504,63,0.05,current_rv_ann,current_hill_alpha,102,0.48075614705158093,0.45587858371335716,1.4726328132801913e-06
bonds,full_2015,504,63,0.05,current_rv_ann,n_assets,102,,,
bonds,full_2015,504,63,0.05,current_rv_ann,future_es,102,0.09746388268104919,0.026837364243177623,0.7888903592756261
bonds,full_2015,504,63,0.05,current_rv_ann,future_var,102,0.04453589979026337,0.01086821302584281,0.9136673176130471
bonds,full_2015,504,63,0.05,current_rv_ann,future_rv_ann,102,0.028978718174846662,-0.02730547183787482,0.7852961915473463
bonds,full_2015,504,63,0.05,current_rv_ann,future_mdd,102,0.08783200856395834,-0.02403745568406857,0.8104782859650571
bonds,full_2015,504,63,0.05,current_rv_ann,future_tail_event,102,-0.2530392641484778,-0.24341373184722012,0.013691407912688724
bonds,full_2015,504,63,0.05,current_hill_alpha,n_assets,102,,,
bonds,full_2015,504,63,0.05,current_hill_alpha,future_es,102,0.43795392806355177,0.2589418333156886,0.00859047463760854
bonds,full_2015,504,63,0.05,current_hill_alpha,future_var,102,0.34442747869255264,0.3144175691805757,0.0012892708000055966
bonds,full_2015,504,63,0.05,current_hill_alpha,future_rv_ann,102,0.3858210989757289,0.20202874218792904,0.04172107150873014
bonds,full_2015,504,63,0.05,current_hill_alpha,future_mdd,102,0.3334467194156296,0.08098269820022069,0.41843735237768276
bonds,full_2015,504,63,0.05,current_hill_alpha,future_tail_event,102,-0.11823960534663744,-0.08250739550224663,0.409700438437657
bonds,full_2015,504,63,0.05,n_assets,future_es,102,,,
bonds,full_2015,504,63,0.05,n_assets,future_var,102,,,
bonds,full_2015,504,63,0.05,n_assets,future_rv_ann,102,,,
bonds,full_2015,504,63,0.05,n_assets,future_mdd,102,,,
bonds,full_2015,504,63,0.05,n_assets,future_tail_event,102,,,
bonds,full_2015,504,63,0.05,future_es,future_var,102,0.7858196382572822,0.8344812767687662,1.2462946771359481e-27
bonds,full_2015,504,63,0.05,future_es,future_rv_ann,102,0.9760246233623692,0.9612650779162439,8.904528226965347e-58
bonds,full_2015,504,63,0.05,future_es,future_mdd,102,0.888683990597312,0.8543267686054637,3.5153562642909424e-30
bonds,full_2015,504,63,0.05,future_es,future_tail_event,102,0.4955658154246191,0.680075347544009,3.8221103278097514e-15
bonds,full_2015,504,63,0.05,future_var,future_rv_ann,102,0.7941102743923317,0.7960994314616711,1.5307365099545272e-23
bonds,full_2015,504,63,0.05,future_var,future_mdd,102,0.6832092486669719,0.7018049807619046,2.0934525415306198e-16
bonds,full_2015,504,63,0.05,future_var,future_tail_event,102,0.4062495517202598,0.5701062171388288,3.989959830250366e-10
bonds,full_2015,504,63,0.05,future_rv_ann,future_mdd,102,0.8745982692677643,0.8264508140240906,1.07947097515758e-26
bonds,full_2015,504,63,0.05,future_rv_ann,future_tail_event,102,0.5171949946122407,0.6911993858509443,8.919924539941525e-16
bonds,full_2015,504,63,0.05,future_mdd,future_tail_event,102,0.3963531448569474,0.5836418167112507,1.2106568322008427e-10
bonds,post_2024,252,21,0.025,dq_es,dr_es_concentration,16,,,
bonds,post_2024,252,21,0.025,dq_es,current_es,16,,,
bonds,post_2024,252,21,0.025,dq_es,current_rv_ann,16,,,
bonds,post_2024,252,21,0.025,dq_es,current_hill_alpha,16,,,
bonds,post_2024,252,21,0.025,dq_es,n_assets,16,,,
bonds,post_2024,252,21,0.025,dq_es,future_es,16,,,
bonds,post_2024,252,21,0.025,dq_es,future_var,16,,,
bonds,post_2024,252,21,0.025,dq_es,future_rv_ann,16,,,
bonds,post_2024,252,21,0.025,dq_es,future_mdd,16,,,
bonds,post_2024,252,21,0.025,dq_es,future_tail_event,16,,,
bonds,post_2024,252,21,0.025,dr_es_concentration,current_es,16,0.8773328721648358,0.8159066285938462,0.00011630758580236339
bonds,post_2024,252,21,0.025,dr_es_concentration,current_rv_ann,16,0.5179880266498897,0.37058823529411766,0.15765046473782054
bonds,post_2024,252,21,0.025,dr_es_concentration,current_hill_alpha,16,-0.698650650095497,-0.7225903354332068,0.0015669957433431063
bonds,post_2024,252,21,0.025,dr_es_concentration,n_assets,16,,,
bonds,post_2024,252,21,0.025,dr_es_concentration,future_es,16,0.010696304458951509,-0.055882352941176466,0.8371372217954723
bonds,post_2024,252,21,0.025,dr_es_concentration,future_var,16,-0.20440971422374823,-0.07647058823529412,0.7783409809607029
bonds,post_2024,252,21,0.025,dr_es_concentration,future_rv_ann,16,0.24158435226754948,0.26176470588235295,0.3274104118125859
bonds,post_2024,252,21,0.025,dr_es_concentration,future_mdd,16,0.05887808493285156,-0.044117647058823525,0.8711220048065985
bonds,post_2024,252,21,0.025,dr_es_concentration,future_tail_event,16,0.013364202102759374,-0.05601120336112039,0.836766394017058
bonds,post_2024,252,21,0.025,current_es,current_rv_ann,16,0.7196847358818801,0.7010316881059041,0.0024823066392184612
bonds,post_2024,252,21,0.025,current_es,current_hill_alpha,16,-0.7308102271349258,-0.828297940452886,7.395605853333822e-05
bonds,post_2024,252,21,0.025,current_es,n_assets,16,,,
bonds,post_2024,252,21,0.025,current_es,future_es,16,-0.08553873734786913,0.008836533883687867,0.9740898753622359
bonds,post_2024,252,21,0.025,current_es,future_var,16,-0.3522872847056975,-0.15316658731725635,0.5711712129173453
bonds,post_2024,252,21,0.025,current_es,future_rv_ann,16,0.1351718191954763,0.09131085013144127,0.7366301466579943
bonds,post_2024,252,21,0.025,current_es,future_mdd,16,-0.07162233525080765,-0.11045667354609832,0.6838341342569624
bonds,post_2024,252,21,0.025,current_es,future_tail_event,16,-0.20408189198889412,-0.15425782603427943,0.5683987335205283
bonds,post_2024,252,21,0.025,current_rv_ann,current_hill_alpha,16,-0.6432536402101764,-0.6784402131053124,0.0038633434818547926
bonds,post_2024,252,21,0.025,current_rv_ann,n_assets,16,,,
bonds,post_2024,252,21,0.025,current_rv_ann,future_es,16,0.08744032570400806,0.11176470588235293,0.6802736949858406
bonds,post_2024,252,21,0.025,current_rv_ann,future_var,16,-0.2120948394372496,-0.16764705882352943,0.5348568245819433
bonds,post_2024,252,21,0.025,current_rv_ann,future_rv_ann,16,-0.11692627477230838,-0.21764705882352942,0.41808684161130294
bonds,post_2024,252,21,0.025,current_rv_ann,future_mdd,16,-0.025319953268412593,-0.023529411764705882,0.931073583667659
bonds,post_2024,252,21,0.025,current_rv_ann,future_tail_event,16,-0.1333863205180295,-0.11202240672224079,0.6795729812936223
bonds,post_2024,252,21,0.025,current_hill_alpha,n_assets,16,,,
bonds,post_2024,252,21,0.025,current_hill_alpha,future_es,16,-0.12864814935966007,-0.07358353721315752,0.7865256035856114
bonds,post_2024,252,21,0.025,current_hill_alpha,future_var,16,0.13180913317229062,0.15305375740336766,0.5714582023783741
bonds,post_2024,252,21,0.025,current_hill_alpha,future_rv_ann,16,0.010239001100109337,-0.027961744140999858,0.918126984873784
bonds,post_2024,252,21,0.025,current_hill_alpha,future_mdd,16,0.0161781339735138,0.027961744140999858,0.918126984873784
bonds,post_2024,252,21,0.025,current_hill_alpha,future_tail_event,16,-0.009744400648744963,0.08407865032428542,0.7568789084449719
bonds,post_2024,252,21,0.025,n_assets,future_es,16,,,
bonds,post_2024,252,21,0.025,n_assets,future_var,16,,,
bonds,post_2024,252,21,0.025,n_assets,future_rv_ann,16,,,
bonds,post_2024,252,21,0.025,n_assets,future_mdd,16,,,
bonds,post_2024,252,21,0.025,n_assets,future_tail_event,16,,,
bonds,post_2024,252,21,0.025,future_es,future_var,16,0.8823189035460073,0.9,2.0510898633789e-06
bonds,post_2024,252,21,0.025,future_es,future_rv_ann,16,0.45074350300081306,0.4911764705882353,0.053350435677943356
bonds,post_2024,252,21,0.025,future_es,future_mdd,16,0.6446801555508368,0.7205882352941175,0.0016381911638796126
bonds,post_2024,252,21,0.025,future_es,future_tail_event,16,0.8499460037519408,0.8401680504168059,4.631061763571923e-05
bonds,post_2024,252,21,0.025,future_var,future_rv_ann,16,0.6121354747127193,0.6647058823529411,0.004967385937481994
bonds,post_2024,252,21,0.025,future_var,future_mdd,16,0.575391967823637,0.6970588235294117,0.0026905894025605953
bonds,post_2024,252,21,0.025,future_var,future_tail_event,16,0.8588701389072818,0.8401680504168059,4.631061763571923e-05
bonds,post_2024,252,21,0.025,future_rv_ann,future_mdd,16,0.5370721131285566,0.4735294117647058,0.06391907182682008
bonds,post_2024,252,21,0.025,future_rv_ann,future_tail_event,16,0.5838953225281946,0.5881176352917641,0.016566733117810817
bonds,post_2024,252,21,0.025,future_mdd,future_tail_event,16,0.571640466361304,0.5601120336112039,0.02403925806614611
bonds,post_2024,252,21,0.05,dq_es,dr_es_concentration,16,,,
bonds,post_2024,252,21,0.05,dq_es,current_es,16,,,
bonds,post_2024,252,21,0.05,dq_es,current_rv_ann,16,,,
bonds,post_2024,252,21,0.05,dq_es,current_hill_alpha,16,,,
bonds,post_2024,252,21,0.05,dq_es,n_assets,16,,,
bonds,post_2024,252,21,0.05,dq_es,future_es,16,,,
bonds,post_2024,252,21,0.05,dq_es,future_var,16,,,
bonds,post_2024,252,21,0.05,dq_es,future_rv_ann,16,,,
bonds,post_2024,252,21,0.05,dq_es,future_mdd,16,,,
bonds,post_2024,252,21,0.05,dq_es,future_tail_event,16,,,
bonds,post_2024,252,21,0.05,dr_es_concentration,current_es,16,0.8336391595578755,0.8264705882352942,7.923548582249693e-05
bonds,post_2024,252,21,0.05,dr_es_concentration,current_rv_ann,16,0.5320027612714037,0.488235294117647,0.05501502977813759
bonds,post_2024,252,21,0.05,dr_es_concentration,current_hill_alpha,16,-0.6410227247226506,-0.7579104332955225,0.000669783553054541
bonds,post_2024,252,21,0.05,dr_es_concentration,n_assets,16,,,
bonds,post_2024,252,21,0.05,dr_es_concentration,future_es,16,-0.29125027629951983,-0.08529411764705883,0.7534650694747832
bonds,post_2024,252,21,0.05,dr_es_concentration,future_var,16,-0.4693204770896684,-0.3411764705882353,0.1959326248678891
bonds,post_2024,252,21,0.05,dr_es_concentration,future_rv_ann,16,0.22322131183926142,0.21470588235294116,0.4245592336201027
bonds,post_2024,252,21,0.05,dr_es_concentration,future_mdd,16,0.009880358682928242,-0.10882352941176471,0.688288293957414
bonds,post_2024,252,21,0.05,dr_es_concentration,future_tail_event,16,0.06270938419059902,-0.01736833685729687,0.9490960327370411
bonds,post_2024,252,21,0.05,current_es,current_rv_ann,16,0.7305252571043025,0.6676470588235294,0.004711981947989975
bonds,post_2024,252,21,0.05,current_es,current_hill_alpha,16,-0.6089835149609877,-0.7196469939446807,0.001672559818927279
bonds,post_2024,252,21,0.05,current_es,n_assets,16,,,
bonds,post_2024,252,21,0.05,current_es,future_es,16,-0.4189265278334415,-0.19999999999999998,0.45768790507519974
bonds,post_2024,252,21,0.05,current_es,future_var,16,-0.6045532603407302,-0.4647058823529412,0.06974367557375584
bonds,post_2024,252,21,0.05,current_es,future_rv_ann,16,0.08708663845658865,0.10588235294117648,0.6963341050381157
bonds,post_2024,252,21,0.05,current_es,future_mdd,16,-0.12853787914960646,-0.10294117647058824,0.7044103818167706
bonds,post_2024,252,21,0.05,current_es,future_tail_event,16,-0.11654746207864664,-0.05210501057189061,0.8480222855211311
bonds,post_2024,252,21,0.05,current_rv_ann,current_hill_alpha,16,-0.6432536402101764,-0.6784402131053124,0.0038633434818547926
bonds,post_2024,252,21,0.05,current_rv_ann,n_assets,16,,,
bonds,post_2024,252,21,0.05,current_rv_ann,future_es,16,-0.2120948394372496,-0.16764705882352943,0.5348568245819433
bonds,post_2024,252,21,0.05,current_rv_ann,future_var,16,-0.5513597112227515,-0.5941176470588235,0.015232400876327998
bonds,post_2024,252,21,0.05,current_rv_ann,future_rv_ann,16,-0.11692627477230838,-0.21764705882352942,0.41808684161130294
bonds,post_2024,252,21,0.05,current_rv_ann,future_mdd,16,-0.025319953268412593,-0.023529411764705882,0.931073583667659
bonds,post_2024,252,21,0.05,current_rv_ann,future_tail_event,16,0.0772787203113917,0.1215783580010781,0.6537671093538482
bonds,post_2024,252,21,0.05,current_hill_alpha,n_assets,16,,,
bonds,post_2024,252,21,0.05,current_hill_alpha,future_es,16,0.13180913317229062,0.15305375740336766,0.5714582023783741
bonds,post_2024,252,21,0.05,current_hill_alpha,future_var,16,0.4496590327686908,0.6284034078003652,0.00913234822864467
bonds,post_2024,252,21,0.05,current_hill_alpha,future_rv_ann,16,0.010239001100109337,-0.027961744140999858,0.918126984873784
bonds,post_2024,252,21,0.05,current_hill_alpha,future_mdd,16,0.0161781339735138,0.027961744140999858,0.918126984873784
bonds,post_2024,252,21,0.05,current_hill_alpha,future_tail_event,16,-0.058114079566854486,-0.10428673077591608,0.7007118456196871
bonds,post_2024,252,21,0.05,n_assets,future_es,16,,,
bonds,post_2024,252,21,0.05,n_assets,future_var,16,,,
bonds,post_2024,252,21,0.05,n_assets,future_rv_ann,16,,,
bonds,post_2024,252,21,0.05,n_assets,future_mdd,16,,,
bonds,post_2024,252,21,0.05,n_assets,future_tail_event,16,,,
bonds,post_2024,252,21,0.05,future_es,future_var,16,0.7352623356035644,0.5441176470588236,0.029336337481376578
bonds,post_2024,252,21,0.05,future_es,future_rv_ann,16,0.6121354747127193,0.6647058823529411,0.004967385937481994
bonds,post_2024,252,21,0.05,future_es,future_mdd,16,0.575391967823637,0.6970588235294117,0.0026905894025605953
bonds,post_2024,252,21,0.05,future_es,future_tail_event,16,0.38437440219542757,0.5036817688616093,0.04668675434188126
bonds,post_2024,252,21,0.05,future_var,future_rv_ann,16,0.5787599367439553,0.5794117647058823,0.018662529417711946
bonds,post_2024,252,21,0.05,future_var,future_mdd,16,0.22576996586120482,0.1764705882352941,0.5132505967364669
bonds,post_2024,252,21,0.05,future_var,future_tail_event,16,-0.04777680058084125,-0.19105170543026556,0.47845669244315003
bonds,post_2024,252,21,0.05,future_rv_ann,future_mdd,16,0.5370721131285566,0.4735294117647058,0.06391907182682008
bonds,post_2024,252,21,0.05,future_rv_ann,future_tail_event,16,0.10868953902100577,0.15631503171567182,0.5631876595076646
bonds,post_2024,252,21,0.05,future_mdd,future_tail_event,16,0.5632662620406164,0.6773651374345779,0.0039419070498187695
bonds,post_2024,252,63,0.025,dq_es,dr_es_concentration,14,2.6365548559285687e-15,,
bonds,post_2024,252,63,0.025,dq_es,current_es,14,-2.824199432003921e-16,,
bonds,post_2024,252,63,0.025,dq_es,current_rv_ann,14,2.5339485920603394e-15,,
bonds,post_2024,252,63,0.025,dq_es,current_hill_alpha,14,1.216897704330311e-15,,
bonds,post_2024,252,63,0.025,dq_es,n_assets,14,,,
bonds,post_2024,252,63,0.025,dq_es,future_es,14,-1.6717549093675454e-16,,
bonds,post_2024,252,63,0.025,dq_es,future_var,14,7.6074067217599825e-16,,
bonds,post_2024,252,63,0.025,dq_es,future_rv_ann,14,-1.668621704596805e-15,,
bonds,post_2024,252,63,0.025,dq_es,future_mdd,14,-1.4958132418221513e-16,,
bonds,post_2024,252,63,0.025,dq_es,future_tail_event,14,7.73060086859169e-17,,
bonds,post_2024,252,63,0.025,dr_es_concentration,current_es,14,0.8759295974929683,0.7466978465979164,0.002153582078303538
bonds,post_2024,252,63,0.025,dr_es_concentration,current_rv_ann,14,0.42025069471131316,0.2175824175824176,0.4549193731700327
bonds,post_2024,252,63,0.025,dr_es_concentration,current_hill_alpha,14,-0.6886270813768608,-0.655665963314031,0.010900702611398465
bonds,post_2024,252,63,0.025,dr_es_concentration,n_assets,14,,,
bonds,post_2024,252,63,0.025,dr_es_concentration,future_es,14,-0.15328904826926426,-0.20750754117560524,0.47656345220906693
bonds,post_2024,252,63,0.025,dr_es_concentration,future_var,14,-0.20792518927202738,-0.31243143218319597,0.276798791058865
bonds,post_2024,252,63,0.025,dr_es_concentration,future_rv_ann,14,-0.03675512326472823,-0.1164835164835165,0.6916912502331573
bonds,post_2024,252,63,0.025,dr_es_concentration,future_mdd,14,0.21590367750385,-0.04845826733083824,0.8693338997325665
bonds,post_2024,252,63,0.025,dr_es_concentration,future_tail_event,14,-0.2167768782481708,-0.28069178610689477,0.33101707668768754
bonds,post_2024,252,63,0.025,current_es,current_rv_ann,14,0.7000899536250581,0.7202660644174592,0.00366755735629796
bonds,post_2024,252,63,0.025,current_es,current_hill_alpha,14,-0.7219206682042257,-0.8577733989670319,8.733663106853897e-05
bonds,post_2024,252,63,0.025,current_es,n_assets,14,,,
bonds,post_2024,252,63,0.025,current_es,future_es,14,-0.32614206903916865,-0.15708003044537225,0.5917573100568974
bonds,post_2024,252,63,0.025,current_es,future_var,14,-0.46488022587064637,-0.5071667911630265,0.06416023326224303
bonds,post_2024,252,63,0.025,current_es,future_rv_ann,14,-0.2947628593730022,-0.3414105198309057,0.2322202057732074
bonds,post_2024,252,63,0.025,current_es,future_mdd,14,0.1388798513073248,0.04856512141280354,0.8690480300808874
bonds,post_2024,252,63,0.025,current_es,future_tail_event,14,-0.4601847716476383,-0.41114645499140995,0.14416374642344082
bonds,post_2024,252,63,0.025,current_rv_ann,current_hill_alpha,14,-0.6172217619852371,-0.7040708330888924,0.004943998756614232
bonds,post_2024,252,63,0.025,current_rv_ann,n_assets,14,,,
bonds,post_2024,252,63,0.025,current_rv_ann,future_es,14,0.04064322727081149,0.1081688246553687,0.7128142653138133
bonds,post_2024,252,63,0.025,current_rv_ann,future_var,14,-0.3024815746506057,-0.25962611970152905,0.37005333670622587
bonds,post_2024,252,63,0.025,current_rv_ann,future_rv_ann,14,-0.437964002172047,-0.44175824175824174,0.11377750302872343
bonds,post_2024,252,63,0.025,current_rv_ann,future_mdd,14,0.09959083196048168,0.09030858911656217,0.7588224858199557
bonds,post_2024,252,63,0.025,current_rv_ann,future_tail_event,14,-0.1154561274171009,-0.06477502756312957,0.825872030672711
bonds,post_2024,252,63,0.025,current_hill_alpha,n_assets,14,,,
bonds,post_2024,252,63,0.025,current_hill_alpha,future_es,14,-0.17754557077161573,0.046409094766948725,0.8748189402016302
bonds,post_2024,252,63,0.025,current_hill_alpha,future_var,14,0.18314072113328103,0.4185022026431719,0.13641784734709553
bonds,post_2024,252,63,0.025,current_hill_alpha,future_rv_ann,14,0.016811588795996694,0.29702988270937647,0.3024093378872178
bonds,post_2024,252,63,0.025,current_hill_alpha,future_mdd,14,-0.07783481861682952,0.03307609507584956,0.9106250246836141
bonds,post_2024,252,63,0.025,current_hill_alpha,future_tail_event,14,-0.039251739360616024,0.2377698636841059,0.4130451052938303
bonds,post_2024,252,63,0.025,n_assets,future_es,14,,,
bonds,post_2024,252,63,0.025,n_assets,future_var,14,,,
bonds,post_2024,252,63,0.025,n_assets,future_rv_ann,14,,,
bonds,post_2024,252,63,0.025,n_assets,future_mdd,14,,,
bonds,post_2024,252,63,0.025,n_assets,future_tail_event,14,,,
bonds,post_2024,252,63,0.025,future_es,future_var,14,0.6141935718342703,0.590058490608348,0.026335330337251304
bonds,post_2024,252,63,0.025,future_es,future_rv_ann,14,0.5855977492734052,0.6225226235268158,0.0174229114991128
bonds,post_2024,252,63,0.025,future_es,future_mdd,14,0.3174606744218659,0.4933640392861691,0.07301288275261403
bonds,post_2024,252,63,0.025,future_es,future_tail_event,14,0.867342195158082,0.7156780854205469,0.003999233930511822
bonds,post_2024,252,63,0.025,future_var,future_rv_ann,14,0.37691248282503476,0.46864714827479403,0.09097205846523837
bonds,post_2024,252,63,0.025,future_var,future_mdd,14,0.6391760448307056,0.7012132156080106,0.005201353342816741
bonds,post_2024,252,63,0.025,future_var,future_tail_event,14,0.5401756902113564,0.6268478224399155,0.01643584435321532
bonds,post_2024,252,63,0.025,future_rv_ann,future_mdd,14,0.19747471222036575,0.367842302011363,0.19567796790799377
bonds,post_2024,252,63,0.025,future_rv_ann,future_tail_event,14,0.4418012635381377,0.45342519294190703,0.1034495813689184
bonds,post_2024,252,63,0.025,future_mdd,future_tail_event,14,0.15711932864725472,0.19475358394329945,0.5046467443155931
bonds,post_2024,252,63,0.05,dq_es,dr_es_concentration,14,-2.1036586949239895e-15,,
bonds,post_2024,252,63,0.05,dq_es,current_es,14,3.732696302295288e-15,,
bonds,post_2024,252,63,0.05,dq_es,current_rv_ann,14,2.5339485920603394e-15,,
bonds,post_2024,252,63,0.05,dq_es,current_hill_alpha,14,1.216897704330311e-15,,
bonds,post_2024,252,63,0.05,dq_es,n_assets,14,,,
bonds,post_2024,252,63,0.05,dq_es,future_es,14,2.1991814923183123e-16,,
bonds,post_2024,252,63,0.05,dq_es,future_var,14,-1.0229510304934005e-15,,
bonds,post_2024,252,63,0.05,dq_es,future_rv_ann,14,-1.668621704596805e-15,,
bonds,post_2024,252,63,0.05,dq_es,future_mdd,14,-1.4958132418221513e-16,,
bonds,post_2024,252,63,0.05,dq_es,future_tail_event,14,,,
bonds,post_2024,252,63,0.05,dr_es_concentration,current_es,14,0.8367073770453197,0.8197802197802198,0.00033143695693539925
bonds,post_2024,252,63,0.05,dr_es_concentration,current_rv_ann,14,0.4517226470847634,0.4153846153846154,0.1396659475175257
bonds,post_2024,252,63,0.05,dr_es_concentration,current_hill_alpha,14,-0.6288238051802828,-0.7524757028637538,0.0019010297319343975
bonds,post_2024,252,63,0.05,dr_es_concentration,n_assets,14,,,
bonds,post_2024,252,63,0.05,dr_es_concentration,future_es,14,-0.5621957329903488,-0.6776681768480589,0.007742459785859066
bonds,post_2024,252,63,0.05,dr_es_concentration,future_var,14,-0.8953984342758311,-0.8898700000753931,2.02377327377009e-05
bonds,post_2024,252,63,0.05,dr_es_concentration,future_rv_ann,14,-0.1401319303571552,-0.21318681318681318,0.4643028200397442
bonds,post_2024,252,63,0.05,dr_es_concentration,future_mdd,14,0.15596896368712868,-0.12114566832709557,0.6799367750140684
bonds,post_2024,252,63,0.05,dr_es_concentration,future_tail_event,14,,,
bonds,post_2024,252,63,0.05,current_es,current_rv_ann,14,0.7377714574566878,0.7142857142857143,0.00410440916188023
bonds,post_2024,252,63,0.05,current_es,current_hill_alpha,14,-0.6053422462622908,-0.770077473690976,0.0012729750843244465
bonds,post_2024,252,63,0.05,current_es,n_assets,14,,,
bonds,post_2024,252,63,0.05,current_es,future_es,14,-0.7063862523443956,-0.6820686195548645,0.007206605185109717
bonds,post_2024,252,63,0.05,current_es,future_var,14,-0.8270037861995492,-0.8215878961092118,0.00031328558406227544
bonds,post_2024,252,63,0.05,current_es,future_rv_ann,14,-0.39072847794026483,-0.4153846153846154,0.1396659475175257
bonds,post_2024,252,63,0.05,current_es,future_mdd,14,0.06176403626777457,0.017621188120304814,0.9523235697214838
bonds,post_2024,252,63,0.05,current_es,future_tail_event,14,,,
bonds,post_2024,252,63,0.05,current_rv_ann,current_hill_alpha,14,-0.6172217619852371,-0.7040708330888924,0.004943998756614232
bonds,post_2024,252,63,0.05,current_rv_ann,n_assets,14,,,
bonds,post_2024,252,63,0.05,current_rv_ann,future_es,14,-0.22622386291051103,-0.26402656240833466,0.3617015622403933
bonds,post_2024,252,63,0.05,current_rv_ann,future_var,14,-0.4689280238299041,-0.5088118069738014,0.06315901545933365
bonds,post_2024,252,63,0.05,current_rv_ann,future_rv_ann,14,-0.437964002172047,-0.44175824175824174,0.11377750302872343
bonds,post_2024,252,63,0.05,current_rv_ann,future_mdd,14,0.09959083196048168,0.09030858911656217,0.7588224858199557
bonds,post_2024,252,63,0.05,current_rv_ann,future_tail_event,14,,,
bonds,post_2024,252,63,0.05,current_hill_alpha,n_assets,14,,,
bonds,post_2024,252,63,0.05,current_hill_alpha,future_es,14,0.14574015010609276,0.41409691629955947,0.14102249065701558
bonds,post_2024,252,63,0.05,current_hill_alpha,future_var,14,0.6092448412463544,0.7640577962521249,0.00146557130265418
bonds,post_2024,252,63,0.05,current_hill_alpha,future_rv_ann,14,0.016811588795996694,0.29702988270937647,0.3024093378872178
bonds,post_2024,252,63,0.05,current_hill_alpha,future_mdd,14,-0.07783481861682952,0.03307609507584956,0.9106250246836141
bonds,post_2024,252,63,0.05,current_hill_alpha,future_tail_event,14,,,
bonds,post_2024,252,63,0.05,n_assets,future_es,14,,,
bonds,post_2024,252,63,0.05,n_assets,future_var,14,,,
bonds,post_2024,252,63,0.05,n_assets,future_rv_ann,14,,,
bonds,post_2024,252,63,0.05,n_assets,future_mdd,14,,,
bonds,post_2024,252,63,0.05,n_assets,future_tail_event,14,,,
bonds,post_2024,252,63,0.05,future_es,future_var,14,0.6155048642461192,0.5821392733349523,0.02894968733587863
bonds,post_2024,252,63,0.05,future_es,future_rv_ann,14,0.51084528785752,0.6094613148925725,0.020678061682736067
bonds,post_2024,252,63,0.05,future_es,future_mdd,14,0.3667613311239327,0.5887544923501222,0.026753167557614265
bonds,post_2024,252,63,0.05,future_es,future_tail_event,14,,,
bonds,post_2024,252,63,0.05,future_var,future_rv_ann,14,0.15031141782114862,0.20484631189854344,0.4823610538502715
bonds,post_2024,252,63,0.05,future_var,future_mdd,14,-0.1895192255180121,-0.04746136865342163,0.8720016407088511
bonds,post_2024,252,63,0.05,future_var,future_tail_event,14,,,
bonds,post_2024,252,63,0.05,future_rv_ann,future_mdd,14,0.19747471222036575,0.367842302011363,0.19567796790799377
bonds,post_2024,252,63,0.05,future_rv_ann,future_tail_event,14,,,
bonds,post_2024,252,63,0.05,future_mdd,future_tail_event,14,,,
bonds,shock_2022_2023,252,21,0.025,dq_es,dr_es_concentration,12,-9.74696206236499e-16,,
bonds,shock_2022_2023,252,21,0.025,dq_es,current_es,12,-3.426429747848314e-16,,
bonds,shock_2022_2023,252,21,0.025,dq_es,current_rv_ann,12,-8.039252909884383e-17,,
bonds,shock_2022_2023,252,21,0.025,dq_es,current_hill_alpha,12,-2.334647196542726e-16,,
bonds,shock_2022_2023,252,21,0.025,dq_es,n_assets,12,,,
bonds,shock_2022_2023,252,21,0.025,dq_es,future_es,12,-5.399439806245483e-16,,
bonds,shock_2022_2023,252,21,0.025,dq_es,future_var,12,4.2578523061896633e-16,,
bonds,shock_2022_2023,252,21,0.025,dq_es,future_rv_ann,12,5.481065050002547e-17,,
bonds,shock_2022_2023,252,21,0.025,dq_es,future_mdd,12,-2.213814697992359e-16,,
bonds,shock_2022_2023,252,21,0.025,dq_es,future_tail_event,12,0.0,,
bonds,shock_2022_2023,252,21,0.025,dr_es_concentration,current_es,12,0.9679589771967234,0.8701807952199048,0.0002325880303258696
bonds,shock_2022_2023,252,21,0.025,dr_es_concentration,current_rv_ann,12,0.9136546873867961,0.4685314685314686,0.124454791188834
bonds,shock_2022_2023,252,21,0.025,dr_es_concentration,current_hill_alpha,12,-0.8873305899550691,-0.912286317569255,3.523841915627469e-05
bonds,shock_2022_2023,252,21,0.025,dr_es_concentration,n_assets,12,,,
bonds,shock_2022_2023,252,21,0.025,dr_es_concentration,future_es,12,-0.6077207991001562,-0.7132867132867133,0.009201779777634754
bonds,shock_2022_2023,252,21,0.025,dr_es_concentration,future_var,12,-0.6206850089912267,-0.7552447552447553,0.004508435484294225
bonds,shock_2022_2023,252,21,0.025,dr_es_concentration,future_rv_ann,12,-0.5440019039133924,-0.6153846153846154,0.03316990109010588
bonds,shock_2022_2023,252,21,0.025,dr_es_concentration,future_mdd,12,-0.4571620551345962,-0.41958041958041964,0.1745190081300594
bonds,shock_2022_2023,252,21,0.025,dr_es_concentration,future_tail_event,12,-0.48261796144864744,-0.5853694070049635,0.04554128410546252
bonds,shock_2022_2023,252,21,0.025,current_es,current_rv_ann,12,0.9849583799550866,0.6842147381769412,0.014121331349722018
bonds,shock_2022_2023,252,21,0.025,current_es,current_hill_alpha,12,-0.8566412207894346,-0.8978873239436619,7.349650235560011e-05
bonds,shock_2022_2023,252,21,0.025,current_es,n_assets,12,,,
bonds,shock_2022_2023,252,21,0.025,current_es,future_es,12,-0.509115051408511,-0.6035124870073533,0.03773166904249375
bonds,shock_2022_2023,252,21,0.025,current_es,future_var,12,-0.5482107333300239,-0.6842147381769412,0.014121331349722018
bonds,shock_2022_2023,252,21,0.025,current_es,future_rv_ann,12,-0.5166730780763699,-0.4070200493770522,0.1891310499791825
bonds,shock_2022_2023,252,21,0.025,current_es,future_mdd,12,-0.47220847160132423,-0.44210798466817747,0.15013292547274038
bonds,shock_2022_2023,252,21,0.025,current_es,future_tail_event,12,-0.4077803473127461,-0.6153996627509052,0.03316438354917414
bonds,shock_2022_2023,252,21,0.025,current_rv_ann,current_hill_alpha,12,-0.7827890709239449,-0.5789509323035658,0.04855840198848817
bonds,shock_2022_2023,252,21,0.025,current_rv_ann,n_assets,12,,,
bonds,shock_2022_2023,252,21,0.025,current_rv_ann,future_es,12,-0.43582373165869553,-0.17482517482517487,0.5868236643627043
bonds,shock_2022_2023,252,21,0.025,current_rv_ann,future_var,12,-0.4913155891817971,-0.34965034965034975,0.2652387868927897
bonds,shock_2022_2023,252,21,0.025,current_rv_ann,future_rv_ann,12,-0.5029313907293917,-0.23076923076923078,0.470531995381542
bonds,shock_2022_2023,252,21,0.025,current_rv_ann,future_mdd,12,-0.4672498744549794,-0.3076923076923077,0.3305892594121097
bonds,shock_2022_2023,252,21,0.025,current_rv_ann,future_tail_event,12,-0.34066326044986567,-0.1951231356683212,0.543370100416294
bonds,shock_2022_2023,252,21,0.025,current_hill_alpha,n_assets,12,,,
bonds,shock_2022_2023,252,21,0.025,current_hill_alpha,future_es,12,0.38738500021624733,0.49473988760486526,0.10200808396231284
bonds,shock_2022_2023,252,21,0.025,current_hill_alpha,future_var,12,0.4057307449696657,0.5649157581871157,0.055640822459263835
bonds,shock_2022_2023,252,21,0.025,current_hill_alpha,future_rv_ann,12,0.28126098298010244,0.2912298629163391,0.3584094092936384
bonds,shock_2022_2023,252,21,0.025,current_hill_alpha,future_mdd,12,0.28571677141610213,0.2666683082125515,0.40211997565989877
bonds,shock_2022_2023,252,21,0.025,current_hill_alpha,future_tail_event,12,0.42564594195878036,0.41959067914834447,0.17450737145785433
bonds,shock_2022_2023,252,21,0.025,n_assets,future_es,12,,,
bonds,shock_2022_2023,252,21,0.025,n_assets,future_var,12,,,
bonds,shock_2022_2023,252,21,0.025,n_assets,future_rv_ann,12,,,
bonds,shock_2022_2023,252,21,0.025,n_assets,future_mdd,12,,,
bonds,shock_2022_2023,252,21,0.025,n_assets,future_tail_event,12,,,
bonds,shock_2022_2023,252,21,0.025,future_es,future_var,12,0.9828445369350527,0.9370629370629372,6.99316495321054e-06
bonds,shock_2022_2023,252,21,0.025,future_es,future_rv_ann,12,0.7525494154409265,0.7622377622377624,0.003950448972542651
bonds,shock_2022_2023,252,21,0.025,future_es,future_mdd,12,0.7570532426540403,0.6223776223776225,0.030675895061640132
bonds,shock_2022_2023,252,21,0.025,future_es,future_tail_event,12,0.8137519534201738,0.7526178090063818,0.00473274291802687
bonds,shock_2022_2023,252,21,0.025,future_var,future_rv_ann,12,0.7849377332604323,0.7692307692307694,0.0034464502618274493
bonds,shock_2022_2023,252,21,0.025,future_var,future_mdd,12,0.8401023781445071,0.6713286713286714,0.016831456186893395
bonds,shock_2022_2023,252,21,0.025,future_var,future_tail_event,12,0.8489040695067224,0.7526178090063818,0.00473274291802687
bonds,shock_2022_2023,252,21,0.025,future_rv_ann,future_mdd,12,0.7541231424799394,0.6223776223776225,0.030675895061640132
bonds,shock_2022_2023,252,21,0.025,future_rv_ann,future_tail_event,12,0.48781867672927776,0.5296199396711575,0.07657489937151392
bonds,shock_2022_2023,252,21,0.025,future_mdd,future_tail_event,12,0.7134806246187297,0.6411188743387696,0.024659399845547745
bonds,shock_2022_2023,252,21,0.05,dq_es,dr_es_concentration,12,6.466985985310472e-17,,
bonds,shock_2022_2023,252,21,0.05,dq_es,current_es,12,2.757109672820513e-16,,
bonds,shock_2022_2023,252,21,0.05,dq_es,current_rv_ann,12,-8.039252909884383e-17,,
bonds,shock_2022_2023,252,21,0.05,dq_es,current_hill_alpha,12,-2.334647196542726e-16,,
bonds,shock_2022_2023,252,21,0.05,dq_es,n_assets,12,,,
bonds,shock_2022_2023,252,21,0.05,dq_es,future_es,12,4.2578523061896633e-16,,
bonds,shock_2022_2023,252,21,0.05,dq_es,future_var,12,-9.576467471569989e-17,,
bonds,shock_2022_2023,252,21,0.05,dq_es,future_rv_ann,12,5.481065050002547e-17,,
bonds,shock_2022_2023,252,21,0.05,dq_es,future_mdd,12,-2.213814697992359e-16,,
bonds,shock_2022_2023,252,21,0.05,dq_es,future_tail_event,12,7.850462293418876e-17,,
bonds,shock_2022_2023,252,21,0.05,dr_es_concentration,current_es,12,0.9491811805664746,0.833626497322632,0.0007538511759524885
bonds,shock_2022_2023,252,21,0.05,dr_es_concentration,current_rv_ann,12,0.8996066808392347,0.5244755244755246,0.08001937592027472
bonds,shock_2022_2023,252,21,0.05,dr_es_concentration,current_hill_alpha,12,-0.8973114540176662,-0.8701807952199048,0.0002325880303258696
bonds,shock_2022_2023,252,21,0.05,dr_es_concentration,n_assets,12,,,
bonds,shock_2022_2023,252,21,0.05,dr_es_concentration,future_es,12,-0.6479131675743777,-0.8181818181818183,0.0011431050868040604
bonds,shock_2022_2023,252,21,0.05,dr_es_concentration,future_var,12,-0.6356384223757662,-0.7482517482517484,0.005124081698753058
bonds,shock_2022_2023,252,21,0.05,dr_es_concentration,future_rv_ann,12,-0.5570772054599457,-0.6573426573426573,0.020185498509854096
bonds,shock_2022_2023,252,21,0.05,dr_es_concentration,future_mdd,12,-0.49500325516037985,-0.5664335664335665,0.05484211977540786
bonds,shock_2022_2023,252,21,0.05,dr_es_concentration,future_tail_event,12,-0.7912661407331878,-0.7681373347487838,0.0035218413368912024
bonds,shock_2022_2023,252,21,0.05,current_es,current_rv_ann,12,0.9893392896782184,0.8126107032724816,0.0013161012937103185
bonds,shock_2022_2023,252,21,0.05,current_es,current_hill_alpha,12,-0.8505635826718263,-0.8260118204670394,0.0009301940692731452
bonds,shock_2022_2023,252,21,0.05,current_es,n_assets,12,,,
bonds,shock_2022_2023,252,21,0.05,current_es,future_es,12,-0.5318129207489943,-0.5919448657459025,0.04259018281345192
bonds,shock_2022_2023,252,21,0.05,current_es,future_var,12,-0.5609531469394595,-0.6304738215045117,0.02796025965102626
bonds,shock_2022_2023,252,21,0.05,current_es,future_rv_ann,12,-0.5006839045576597,-0.3362527048024062,0.2852260872486308
bonds,shock_2022_2023,252,21,0.05,current_es,future_mdd,12,-0.4693658152561094,-0.40280271929454914,0.19420166941805767
bonds,shock_2022_2023,252,21,0.05,current_es,future_tail_event,12,-0.7482241991393223,-0.6155870112510925,0.03309574201352415
bonds,shock_2022_2023,252,21,0.05,current_rv_ann,current_hill_alpha,12,-0.7827890709239449,-0.5789509323035658,0.04855840198848817
bonds,shock_2022_2023,252,21,0.05,current_rv_ann,n_assets,12,,,
bonds,shock_2022_2023,252,21,0.05,current_rv_ann,future_es,12,-0.4913155891817971,-0.34965034965034975,0.2652387868927897
bonds,shock_2022_2023,252,21,0.05,current_rv_ann,future_var,12,-0.538182082604329,-0.46153846153846156,0.13094806950717278
bonds,shock_2022_2023,252,21,0.05,current_rv_ann,future_rv_ann,12,-0.5029313907293917,-0.23076923076923078,0.470531995381542
bonds,shock_2022_2023,252,21,0.05,current_rv_ann,future_mdd,12,-0.4672498744549794,-0.3076923076923077,0.3305892594121097
bonds,shock_2022_2023,252,21,0.05,current_rv_ann,future_tail_event,12,-0.7130859678186735,-0.4096732451993513,0.18598346321221734
bonds,shock_2022_2023,252,21,0.05,current_hill_alpha,n_assets,12,,,
bonds,shock_2022_2023,252,21,0.05,current_hill_alpha,future_es,12,0.4057307449696657,0.5649157581871157,0.055640822459263835
bonds,shock_2022_2023,252,21,0.05,current_hill_alpha,future_var,12,0.4086920492682126,0.44210798466817747,0.15013292547274038
bonds,shock_2022_2023,252,21,0.05,current_hill_alpha,future_rv_ann,12,0.28126098298010244,0.2912298629163391,0.3584094092936384
bonds,shock_2022_2023,252,21,0.05,current_hill_alpha,future_mdd,12,0.28571677141610213,0.2666683082125515,0.40211997565989877
bonds,shock_2022_2023,252,21,0.05,current_hill_alpha,future_tail_event,12,0.5874380953203818,0.590975262226246,0.04301658191387234
bonds,shock_2022_2023,252,21,0.05,n_assets,future_es,12,,,
bonds,shock_2022_2023,252,21,0.05,n_assets,future_var,12,,,
bonds,shock_2022_2023,252,21,0.05,n_assets,future_rv_ann,12,,,
bonds,shock_2022_2023,252,21,0.05,n_assets,future_mdd,12,,,
bonds,shock_2022_2023,252,21,0.05,n_assets,future_tail_event,12,,,
bonds,shock_2022_2023,252,21,0.05,future_es,future_var,12,0.970801240346422,0.9020979020979022,5.9978574465377e-05
bonds,shock_2022_2023,252,21,0.05,future_es,future_rv_ann,12,0.7849377332604323,0.7692307692307694,0.0034464502618274493
bonds,shock_2022_2023,252,21,0.05,future_es,future_mdd,12,0.8401023781445071,0.6713286713286714,0.016831456186893395
bonds,shock_2022_2023,252,21,0.05,future_es,future_tail_event,12,0.6739416613640812,0.8193464903987026,0.0011092680040973718
bonds,shock_2022_2023,252,21,0.05,future_var,future_rv_ann,12,0.7866297411826566,0.7552447552447553,0.004508435484294225
bonds,shock_2022_2023,252,21,0.05,future_var,future_mdd,12,0.9048443815424742,0.8251748251748254,0.0009513628555555001
bonds,shock_2022_2023,252,21,0.05,future_var,future_tail_event,12,0.6258770915265418,0.665719023448946,0.018123290191835437
bonds,shock_2022_2023,252,21,0.05,future_rv_ann,future_mdd,12,0.7541231424799394,0.6223776223776225,0.030675895061640132
bonds,shock_2022_2023,252,21,0.05,future_rv_ann,future_tail_event,12,0.6916537151788059,0.7169281790988649,0.008690936968371105
bonds,shock_2022_2023,252,21,0.05,future_mdd,future_tail_event,12,0.4309044752179698,0.3072549338995135,0.3313127457838001
bonds,shock_2022_2023,252,63,0.025,dq_es,dr_es_concentration,10,-6.814027755412143e-16,,
bonds,shock_2022_2023,252,63,0.025,dq_es,current_es,10,-3.3791053851705584e-16,,
bonds,shock_2022_2023,252,63,0.025,dq_es,current_rv_ann,10,0.0,,
bonds,shock_2022_2023,252,63,0.025,dq_es,current_hill_alpha,10,-2.483468606359665e-16,,
bonds,shock_2022_2023,252,63,0.025,dq_es,n_assets,10,,,
bonds,shock_2022_2023,252,63,0.025,dq_es,future_es,10,-4.13292680189054e-16,,
bonds,shock_2022_2023,252,63,0.025,dq_es,future_var,10,8.716228083334478e-16,,
bonds,shock_2022_2023,252,63,0.025,dq_es,future_rv_ann,10,5.486313844338641e-17,,
bonds,shock_2022_2023,252,63,0.025,dq_es,future_mdd,10,0.0,,
bonds,shock_2022_2023,252,63,0.025,dq_es,future_tail_event,10,0.0,,
bonds,shock_2022_2023,252,63,0.025,dr_es_concentration,current_es,10,0.9806485297846249,0.8145934285312865,0.004106131521831071
bonds,shock_2022_2023,252,63,0.025,dr_es_concentration,current_rv_ann,10,0.9542787771324885,0.6363636363636362,0.04791172612997547
bonds,shock_2022_2023,252,63,0.025,dr_es_concentration,current_hill_alpha,10,-0.8459050447369164,-0.884162778312701,0.0006834186840270311
bonds,shock_2022_2023,252,63,0.025,dr_es_concentration,n_assets,10,,,
bonds,shock_2022_2023,252,63,0.025,dr_es_concentration,future_es,10,-0.6744362727171707,-0.6400757530925302,0.046221186749083945
bonds,shock_2022_2023,252,63,0.025,dr_es_concentration,future_var,10,-0.7703844645426429,-0.6523849021904634,0.04090178912869295
bonds,shock_2022_2023,252,63,0.025,dr_es_concentration,future_rv_ann,10,-0.6173212223653787,-0.4787878787878787,0.1615229280174558
bonds,shock_2022_2023,252,63,0.025,dr_es_concentration,future_mdd,10,-0.6116381922369478,-0.6261427099904666,0.05277824501366533
bonds,shock_2022_2023,252,63,0.025,dr_es_concentration,future_tail_event,10,-0.6672966349461645,-0.5918640302493726,0.07146084442365898
bonds,shock_2022_2023,252,63,0.025,current_es,current_rv_ann,10,0.992797749386602,0.8875420937728943,0.0006096659573243205
bonds,shock_2022_2023,252,63,0.025,current_es,current_hill_alpha,10,-0.8568333616922674,-0.8256919343389765,0.003253801065391104
bonds,shock_2022_2023,252,63,0.025,current_es,n_assets,10,,,
bonds,shock_2022_2023,252,63,0.025,current_es,future_es,10,-0.6646910263821919,-0.7407971974871922,0.014244795979257869
bonds,shock_2022_2023,252,63,0.025,current_es,future_var,10,-0.7993536603462483,-0.9074765669218104,0.0002863726819508823
bonds,shock_2022_2023,252,63,0.025,current_es,future_rv_ann,10,-0.669904429760205,-0.7112494861056755,0.021090925985548816
bonds,shock_2022_2023,252,63,0.025,current_es,future_mdd,10,-0.6921364207380211,-0.7896341463414634,0.006588982023424591
bonds,shock_2022_2023,252,63,0.025,current_es,future_tail_event,10,-0.7340781418500322,-0.8031948401350149,0.00513682300203863
bonds,shock_2022_2023,252,63,0.025,current_rv_ann,current_hill_alpha,10,-0.8211545358588005,-0.731720919982925,0.01615159536310789
bonds,shock_2022_2023,252,63,0.025,current_rv_ann,n_assets,10,,,
bonds,shock_2022_2023,252,63,0.025,current_rv_ann,future_es,10,-0.65632209228665,-0.6400757530925302,0.046221186749083945
bonds,shock_2022_2023,252,63,0.025,current_rv_ann,future_var,10,-0.8003827955769872,-0.8370221386594626,0.002523052086935284
bonds,shock_2022_2023,252,63,0.025,current_rv_ann,future_rv_ann,10,-0.70882323146968,-0.7939393939393938,0.0060999233136969115
bonds,shock_2022_2023,252,63,0.025,current_rv_ann,future_mdd,10,-0.7183004812183192,-0.8328305948416885,0.0027778892723005944
bonds,shock_2022_2023,252,63,0.025,current_rv_ann,future_tail_event,10,-0.7481948765444283,-0.80075721739621,0.005379107766972871
bonds,shock_2022_2023,252,63,0.025,current_hill_alpha,n_assets,10,,,
bonds,shock_2022_2023,252,63,0.025,current_hill_alpha,future_es,10,0.6118166896671103,0.5820684504262322,0.07749554112323752
bonds,shock_2022_2023,252,63,0.025,current_hill_alpha,future_var,10,0.7368765961823137,0.6997205840230238,0.024287516339098966
bonds,shock_2022_2023,252,63,0.025,current_hill_alpha,future_rv_ann,10,0.4549037908138525,0.4024465059906087,0.24891109857761312
bonds,shock_2022_2023,252,63,0.025,current_hill_alpha,future_mdd,10,0.6079321674544572,0.608565536790579,0.061893794889541644
bonds,shock_2022_2023,252,63,0.025,current_hill_alpha,future_tail_event,10,0.7042015035106162,0.59548402748845,0.06931063322628579
bonds,shock_2022_2023,252,63,0.025,n_assets,future_es,10,,,
bonds,shock_2022_2023,252,63,0.025,n_assets,future_var,10,,,
bonds,shock_2022_2023,252,63,0.025,n_assets,future_rv_ann,10,,,
bonds,shock_2022_2023,252,63,0.025,n_assets,future_mdd,10,,,
bonds,shock_2022_2023,252,63,0.025,n_assets,future_tail_event,10,,,
bonds,shock_2022_2023,252,63,0.025,future_es,future_var,10,0.9499973842799625,0.9125,0.0002304962166696787
bonds,shock_2022_2023,252,63,0.025,future_es,future_rv_ann,10,0.8439336032242626,0.8493312877573959,0.001872006578443667
bonds,shock_2022_2023,252,63,0.025,future_es,future_mdd,10,0.7725497169190836,0.6883240626651828,0.027759845563739446
bonds,shock_2022_2023,252,63,0.025,future_es,future_tail_event,10,0.8690816654363089,0.8838834764831844,0.0006897924370003265
bonds,shock_2022_2023,252,63,0.025,future_var,future_rv_ann,10,0.8596962723387607,0.8493312877573959,0.001872006578443667
bonds,shock_2022_2023,252,63,0.025,future_var,future_mdd,10,0.8871290239681183,0.7500571624557822,0.012467406714407537
bonds,shock_2022_2023,252,63,0.025,future_var,future_tail_event,10,0.9617201106118243,0.8838834764831844,0.0006897924370003265
bonds,shock_2022_2023,252,63,0.025,future_rv_ann,future_mdd,10,0.8926010889413987,0.8024353176576852,0.005211461766706415
bonds,shock_2022_2023,252,63,0.025,future_rv_ann,future_tail_event,10,0.8258611254257499,0.8703882797784892,0.001052825793366539
bonds,shock_2022_2023,252,63,0.025,future_mdd,future_tail_event,10,0.9253142376949712,0.8730378697119728,0.000972578804559831
bonds,shock_2022_2023,252,63,0.05,dq_es,dr_es_concentration,10,5.852969895109818e-16,,
bonds,shock_2022_2023,252,63,0.05,dq_es,current_es,10,0.0,,
bonds,shock_2022_2023,252,63,0.05,dq_es,current_rv_ann,10,0.0,,
bonds,shock_2022_2023,252,63,0.05,dq_es,current_hill_alpha,10,-2.483468606359665e-16,,
bonds,shock_2022_2023,252,63,0.05,dq_es,n_assets,10,,,
bonds,shock_2022_2023,252,63,0.05,dq_es,future_es,10,2.5590384441662e-16,,
bonds,shock_2022_2023,252,63,0.05,dq_es,future_var,10,-8.511615892141948e-17,,
bonds,shock_2022_2023,252,63,0.05,dq_es,future_rv_ann,10,5.486313844338641e-17,,
bonds,shock_2022_2023,252,63,0.05,dq_es,future_mdd,10,0.0,,
bonds,shock_2022_2023,252,63,0.05,dq_es,future_tail_event,10,-7.401486830834375e-17,,
bonds,shock_2022_2023,252,63,0.05,dr_es_concentration,current_es,10,0.9719600058401511,0.8909090909090909,0.0005421442248338665
bonds,shock_2022_2023,252,63,0.05,dr_es_concentration,current_rv_ann,10,0.9487523837912011,0.709090909090909,0.021665923367532435
bonds,shock_2022_2023,252,63,0.05,dr_es_concentration,current_hill_alpha,10,-0.8542616619146727,-0.7865999889816444,0.006949956582164408
bonds,shock_2022_2023,252,63,0.05,dr_es_concentration,n_assets,10,,,
bonds,shock_2022_2023,252,63,0.05,dr_es_concentration,future_es,10,-0.7694909789456252,-0.7477238187264795,0.012899731006897746
bonds,shock_2022_2023,252,63,0.05,dr_es_concentration,future_var,10,-0.7832369320341979,-0.7841981513472833,0.007245486403052556
bonds,shock_2022_2023,252,63,0.05,dr_es_concentration,future_rv_ann,10,-0.6399600758118604,-0.6727272727272726,0.0330412225454377
bonds,shock_2022_2023,252,63,0.05,dr_es_concentration,future_mdd,10,-0.6485915366362489,-0.7477238187264795,0.012899731006897746
bonds,shock_2022_2023,252,63,0.05,dr_es_concentration,future_tail_event,10,-0.575972120907078,-0.5222329678670935,0.12150291881711318
bonds,shock_2022_2023,252,63,0.05,current_es,current_rv_ann,10,0.9944900519404275,0.8909090909090909,0.0005421442248338665
bonds,shock_2022_2023,252,63,0.05,current_es,current_hill_alpha,10,-0.8592338393321481,-0.8231860349807906,0.0034339368139028716
bonds,shock_2022_2023,252,63,0.05,current_es,n_assets,10,,,
bonds,shock_2022_2023,252,63,0.05,current_es,future_es,10,-0.7638495998610195,-0.8206724839680872,0.0036217056383665742
bonds,shock_2022_2023,252,63,0.05,current_es,future_var,10,-0.8086755257330123,-0.8571468165888911,0.0015278398373375572
bonds,shock_2022_2023,252,63,0.05,current_es,future_rv_ann,10,-0.6745819602445156,-0.7212121212121211,0.018573155089460204
bonds,shock_2022_2023,252,63,0.05,current_es,future_mdd,10,-0.7041368314113421,-0.7963562622208846,0.005836997302932195
bonds,shock_2022_2023,252,63,0.05,current_es,future_tail_event,10,-0.5775110128942216,-0.5222329678670935,0.12150291881711318
bonds,shock_2022_2023,252,63,0.05,current_rv_ann,current_hill_alpha,10,-0.8211545358588005,-0.731720919982925,0.01615159536310789
bonds,shock_2022_2023,252,63,0.05,current_rv_ann,n_assets,10,,,
bonds,shock_2022_2023,252,63,0.05,current_rv_ann,future_es,10,-0.7679177267119344,-0.7659609850368815,0.00978703990340832
bonds,shock_2022_2023,252,63,0.05,current_rv_ann,future_var,10,-0.8187137249171862,-0.9118583155200968,0.0002371436370050654
bonds,shock_2022_2023,252,63,0.05,current_rv_ann,future_rv_ann,10,-0.70882323146968,-0.7939393939393938,0.0060999233136969115
bonds,shock_2022_2023,252,63,0.05,current_rv_ann,future_mdd,10,-0.7183004812183192,-0.8328305948416885,0.0027778892723005944
bonds,shock_2022_2023,252,63,0.05,current_rv_ann,future_tail_event,10,-0.5972662147223645,-0.5222329678670935,0.12150291881711318
bonds,shock_2022_2023,252,63,0.05,current_hill_alpha,n_assets,10,,,
bonds,shock_2022_2023,252,63,0.05,current_hill_alpha,future_es,10,0.6762510928423465,0.5596356443853062,0.09253160966944954
bonds,shock_2022_2023,252,63,0.05,current_hill_alpha,future_var,10,0.6829438028759782,0.620798009891897,0.05544885109713688
bonds,shock_2022_2023,252,63,0.05,current_hill_alpha,future_rv_ann,10,0.4549037908138525,0.4024465059906087,0.24891109857761312
bonds,shock_2022_2023,252,63,0.05,current_hill_alpha,future_mdd,10,0.6079321674544572,0.608565536790579,0.061893794889541644
bonds,shock_2022_2023,252,63,0.05,current_hill_alpha,future_tail_event,10,0.40563889582811313,0.46704629606937254,0.17354140270749208
bonds,shock_2022_2023,252,63,0.05,n_assets,future_es,10,,,
bonds,shock_2022_2023,252,63,0.05,n_assets,future_var,10,,,
bonds,shock_2022_2023,252,63,0.05,n_assets,future_rv_ann,10,,,
bonds,shock_2022_2023,252,63,0.05,n_assets,future_mdd,10,,,
bonds,shock_2022_2023,252,63,0.05,n_assets,future_tail_event,10,,,
bonds,shock_2022_2023,252,63,0.05,future_es,future_var,10,0.9447589406660032,0.9268292682926831,0.00011472940711253705
bonds,shock_2022_2023,252,63,0.05,future_es,future_rv_ann,10,0.9027655294538002,0.9240164263936982,0.00013295265816009116
bonds,shock_2022_2023,252,63,0.05,future_es,future_mdd,10,0.8849839212717945,0.7743902439024392,0.00854519759075829
bonds,shock_2022_2023,252,63,0.05,future_es,future_tail_event,10,0.5382583389767862,0.5238227218271837,0.12016976341187212
bonds,shock_2022_2023,252,63,0.05,future_var,future_rv_ann,10,0.9185987752084197,0.9483326481409007,2.9285883237761186e-05
bonds,shock_2022_2023,252,63,0.05,future_var,future_mdd,10,0.965189047147989,0.8536585365853661,0.0016752079402342047
bonds,shock_2022_2023,252,63,0.05,future_var,future_tail_event,10,0.4182194736415156,0.5238227218271837,0.12016976341187212
bonds,shock_2022_2023,252,63,0.05,future_rv_ann,future_mdd,10,0.8926010889413987,0.8024353176576852,0.005211461766706415
bonds,shock_2022_2023,252,63,0.05,future_rv_ann,future_tail_event,10,0.6044635955513978,0.5222329678670935,0.12150291881711318
bonds,shock_2022_2023,252,63,0.05,future_mdd,future_tail_event,10,0.3094592001114534,0.3492151478847891,0.32263276729911006
shares,baseline_2018,252,21,0.025,dq_es,dr_es_concentration,88,0.6671708200337435,0.7565196411711074,1.5453333458173032e-17
shares,baseline_2018,252,21,0.025,dq_es,current_es,88,0.9092651608920085,0.7766412611762299,6.024679415008675e-19
shares,baseline_2018,252,21,0.025,dq_es,current_rv_ann,88,0.8017191007069763,0.49974136032952243,7.161402160879737e-07
shares,baseline_2018,252,21,0.025,dq_es,current_hill_alpha,88,-0.6572231779107204,-0.8491672538414545,1.438252109261497e-25
shares,baseline_2018,252,21,0.025,dq_es,n_assets,88,,,
shares,baseline_2018,252,21,0.025,dq_es,future_es,88,-0.016973163876722284,0.04315288036458886,0.6897400435177965
shares,baseline_2018,252,21,0.025,dq_es,future_var,88,-0.021438993770097302,0.015306615136143387,0.8874402200667295
shares,baseline_2018,252,21,0.025,dq_es,future_rv_ann,88,0.07007477390145174,0.07672931433630852,0.4773683523667248
shares,baseline_2018,252,21,0.025,dq_es,future_mdd,88,-0.07407692835576345,-0.10379062494238767,0.33588730116041066
shares,baseline_2018,252,21,0.025,dq_es,future_tail_event,88,-0.06761663527254672,-0.1132250971775151,0.2935614532570522
shares,baseline_2018,252,21,0.025,dr_es_concentration,current_es,88,0.8356810733294822,0.9809987593379781,4.956921824841598e-63
shares,baseline_2018,252,21,0.025,dr_es_concentration,current_rv_ann,88,0.8040683273616117,0.8451445880736853,4.0802480219074664e-25
shares,baseline_2018,252,21,0.025,dr_es_concentration,current_hill_alpha,88,-0.48583597230856795,-0.6437253577945146,1.3348005808795286e-11
shares,baseline_2018,252,21,0.025,dr_es_concentration,n_assets,88,,,
shares,baseline_2018,252,21,0.025,dr_es_concentration,future_es,88,0.10220803796747413,0.27390722412031987,0.009813694838253293
shares,baseline_2018,252,21,0.025,dr_es_concentration,future_var,88,0.12162857509429321,0.27094854003029134,0.010669732685081194
shares,baseline_2018,252,21,0.025,dr_es_concentration,future_rv_ann,88,0.23688276625096258,0.3803317952872389,0.0002569961551056737
shares,baseline_2018,252,21,0.025,dr_es_concentration,future_mdd,88,0.1090306849310231,0.14631397273783947,0.1737493873682717
shares,baseline_2018,252,21,0.025,dr_es_concentration,future_tail_event,88,-0.08793696028652508,-0.11378735349551605,0.29115525464802705
shares,baseline_2018,252,21,0.025,current_es,current_rv_ann,88,0.9639857119854675,0.8567125938855025,1.8697700727939343e-26
shares,baseline_2018,252,21,0.025,current_es,current_hill_alpha,88,-0.5385614575821273,-0.6591383252339561,2.911101836123257e-12
shares,baseline_2018,252,21,0.025,current_es,n_assets,88,,,
shares,baseline_2018,252,21,0.025,current_es,future_es,88,0.0498947523778664,0.2430727870641952,0.022491608913654537
shares,baseline_2018,252,21,0.025,current_es,future_var,88,0.06517749445295379,0.24361040272811527,0.022186120829150537
shares,baseline_2018,252,21,0.025,current_es,future_rv_ann,88,0.17334341139539955,0.3528168894762096,0.0007475874011365897
shares,baseline_2018,252,21,0.025,current_es,future_mdd,88,0.03586612562415019,0.10838684319490473,0.3148073668117381
shares,baseline_2018,252,21,0.025,current_es,future_tail_event,88,-0.06420736698469114,-0.15559963234487204,0.14772431700399125
shares,baseline_2018,252,21,0.025,current_rv_ann,current_hill_alpha,88,-0.3668633660029315,-0.33433449438362994,0.0014543856373754886
shares,baseline_2018,252,21,0.025,current_rv_ann,n_assets,88,,,
shares,baseline_2018,252,21,0.025,current_rv_ann,future_es,88,0.03313070037504794,0.29969004261913995,0.004558895987267349
shares,baseline_2018,252,21,0.025,current_rv_ann,future_var,88,0.058828401571540144,0.3177415378112783,0.0025558570803862453
shares,baseline_2018,252,21,0.025,current_rv_ann,future_rv_ann,88,0.17243326526781885,0.4543693423972387,8.717682931387758e-06
shares,baseline_2018,252,21,0.025,current_rv_ann,future_mdd,88,0.05330496871727885,0.20268747138177595,0.058238398259902235
shares,baseline_2018,252,21,0.025,current_rv_ann,future_tail_event,88,-0.06605506106099686,-0.12970821777060884,0.2284083212545845
shares,baseline_2018,252,21,0.025,current_hill_alpha,n_assets,88,,,
shares,baseline_2018,252,21,0.025,current_hill_alpha,future_es,88,-0.12725876082775514,-0.15365170985859544,0.1529254215121722
shares,baseline_2018,252,21,0.025,current_hill_alpha,future_var,88,-0.11790464786529403,-0.12751022090128325,0.23645713755512035
shares,baseline_2018,252,21,0.025,current_hill_alpha,future_rv_ann,88,-0.10130470648982928,-0.14477346832592336,0.178373796546677
shares,baseline_2018,252,21,0.025,current_hill_alpha,future_mdd,88,-0.039700849385086015,-0.0153607670962104,0.8870446241589562
shares,baseline_2018,252,21,0.025,current_hill_alpha,future_tail_event,88,-0.039171715228533736,-0.03044445362723983,0.7782686006519028
shares,baseline_2018,252,21,0.025,n_assets,future_es,88,,,
shares,baseline_2018,252,21,0.025,n_assets,future_var,88,,,
shares,baseline_2018,252,21,0.025,n_assets,future_rv_ann,88,,,
shares,baseline_2018,252,21,0.025,n_assets,future_mdd,88,,,
shares,baseline_2018,252,21,0.025,n_assets,future_tail_event,88,,,
shares,baseline_2018,252,21,0.025,future_es,future_var,88,0.9862752283842056,0.9745165721531474,1.3130434372416509e-57
shares,baseline_2018,252,21,0.025,future_es,future_rv_ann,88,0.9164738585652397,0.8885210101792823,7.691172043127874e-31
shares,baseline_2018,252,21,0.025,future_es,future_mdd,88,0.8669310028943262,0.8610122926279455,5.545180109614452e-27
shares,baseline_2018,252,21,0.025,future_es,future_tail_event,88,0.42840538908627396,0.7140975888093085,5.700888281487435e-15
shares,baseline_2018,252,21,0.025,future_var,future_rv_ann,88,0.9329086477942033,0.904194991370505,1.5971877931028085e-33
shares,baseline_2018,252,21,0.025,future_var,future_mdd,88,0.9228161470507666,0.9103236941284212,1.0615952706835315e-34
shares,baseline_2018,252,21,0.025,future_var,future_tail_event,88,0.4810346525795136,0.6653984745560836,1.5286904104730002e-12
shares,baseline_2018,252,21,0.025,future_rv_ann,future_mdd,88,0.8719219949421858,0.7740128914092496,9.379409282079918e-19
shares,baseline_2018,252,21,0.025,future_rv_ann,future_tail_event,88,0.5024140135723077,0.5773654603291,3.892131279115905e-09
shares,baseline_2018,252,21,0.025,future_mdd,future_tail_event,88,0.5695671707597657,0.6344932674338446,3.191045787452835e-11
shares,baseline_2018,252,21,0.05,dq_es,dr_es_concentration,88,0.6118208968947775,0.7854869992249963,1.2981355344439402e-19
shares,baseline_2018,252,21,0.05,dq_es,current_es,88,0.8153593626353861,0.8095961058527292,1.3325206927893274e-21
shares,baseline_2018,252,21,0.05,dq_es,current_rv_ann,88,0.7451135603699718,0.6210599552255522,1.078069858487145e-10
shares,baseline_2018,252,21,0.05,dq_es,current_hill_alpha,88,-0.7315292689527196,-0.8195757836594304,1.6476044012608843e-22
shares,baseline_2018,252,21,0.05,dq_es,n_assets,88,,,
shares,baseline_2018,252,21,0.05,dq_es,future_es,88,0.026404729893953795,0.1464147196432367,0.17345005226907476
shares,baseline_2018,252,21,0.05,dq_es,future_var,88,0.004359251592554042,0.1429405324528703,0.18399249580293578
shares,baseline_2018,252,21,0.05,dq_es,future_rv_ann,88,0.10239416153391998,0.23742060768627068,0.025926701252863924
shares,baseline_2018,252,21,0.05,dq_es,future_mdd,88,-0.04002706485129482,0.01849336565948889,0.8642102072897172
shares,baseline_2018,252,21,0.05,dq_es,future_tail_event,88,0.003949005216821523,-0.03167967006856245,0.7695175537426717
shares,baseline_2018,252,21,0.05,dr_es_concentration,current_es,88,0.8553834569758382,0.9590457402508298,6.885521389650692e-49
shares,baseline_2018,252,21,0.05,dr_es_concentration,current_rv_ann,88,0.7835688294621069,0.8621922440209927,3.944191949524647e-27
shares,baseline_2018,252,21,0.05,dr_es_concentration,current_hill_alpha,88,-0.34884071453447535,-0.5073104720226643,4.552767471444768e-07
shares,baseline_2018,252,21,0.05,dr_es_concentration,n_assets,88,,,
shares,baseline_2018,252,21,0.05,dr_es_concentration,future_es,88,0.11071542077018086,0.29072593427494636,0.005998248785434224
shares,baseline_2018,252,21,0.05,dr_es_concentration,future_var,88,0.1556360398304896,0.26527772885773665,0.012494198934045261
shares,baseline_2018,252,21,0.05,dr_es_concentration,future_rv_ann,88,0.23240951577249214,0.4106935296396746,7.055564544597446e-05
shares,baseline_2018,252,21,0.05,dr_es_concentration,future_mdd,88,0.10977068064547173,0.1761649818604488,0.10062885535839408
shares,baseline_2018,252,21,0.05,dr_es_concentration,future_tail_event,88,-0.09295412558760906,-0.06084042366382844,0.5733699896532023
shares,baseline_2018,252,21,0.05,current_es,current_rv_ann,88,0.9751652340203931,0.9046660863749139,1.3052731905921548e-33
shares,baseline_2018,252,21,0.05,current_es,current_hill_alpha,88,-0.4501492501470662,-0.5511360949159541,2.632548600965835e-08
shares,baseline_2018,252,21,0.05,current_es,n_assets,88,,,
shares,baseline_2018,252,21,0.05,current_es,future_es,88,0.06722179079029207,0.257517382775633,0.015427352232659553
shares,baseline_2018,252,21,0.05,current_es,future_var,88,0.10921746872122429,0.24482732913430594,0.02150769867676587
shares,baseline_2018,252,21,0.05,current_es,future_rv_ann,88,0.18099863779570655,0.37672991306199327,0.00029716261777918096
shares,baseline_2018,252,21,0.05,current_es,future_mdd,88,0.0472650939015974,0.12601108782355971,0.24205854144062022
shares,baseline_2018,252,21,0.05,current_es,future_tail_event,88,-0.07665197266681235,-0.12437648390756975,0.2482698967294116
shares,baseline_2018,252,21,0.05,current_rv_ann,current_hill_alpha,88,-0.3668633660029315,-0.33433449438362994,0.0014543856373754886
shares,baseline_2018,252,21,0.05,current_rv_ann,n_assets,88,,,
shares,baseline_2018,252,21,0.05,current_rv_ann,future_es,88,0.058828401571540144,0.3177415378112783,0.0025558570803862453
shares,baseline_2018,252,21,0.05,current_rv_ann,future_var,88,0.11443514606874734,0.31337395653552186,0.0029495795350894063
shares,baseline_2018,252,21,0.05,current_rv_ann,future_rv_ann,88,0.17243326526781885,0.4543693423972387,8.717682931387758e-06
shares,baseline_2018,252,21,0.05,current_rv_ann,future_mdd,88,0.05330496871727885,0.20268747138177595,0.058238398259902235
shares,baseline_2018,252,21,0.05,current_rv_ann,future_tail_event,88,-0.08434913116183522,-0.15836404394849463,0.14057263563447062
shares,baseline_2018,252,21,0.05,current_hill_alpha,n_assets,88,,,
shares,baseline_2018,252,21,0.05,current_hill_alpha,future_es,88,-0.11790464786529403,-0.12751022090128325,0.23645713755512035
shares,baseline_2018,252,21,0.05,current_hill_alpha,future_var,88,-0.08127364293029377,-0.08919638095374009,0.40856510664925094
shares,baseline_2018,252,21,0.05,current_hill_alpha,future_rv_ann,88,-0.10130470648982928,-0.14477346832592336,0.178373796546677
shares,baseline_2018,252,21,0.05,current_hill_alpha,future_mdd,88,-0.039700849385086015,-0.0153607670962104,0.8870446241589562
shares,baseline_2018,252,21,0.05,current_hill_alpha,future_tail_event,88,-0.16230219032208773,-0.1561657721800565,0.14623787907964228
shares,baseline_2018,252,21,0.05,n_assets,future_es,88,,,
shares,baseline_2018,252,21,0.05,n_assets,future_var,88,,,
shares,baseline_2018,252,21,0.05,n_assets,future_rv_ann,88,,,
shares,baseline_2018,252,21,0.05,n_assets,future_mdd,88,,,
shares,baseline_2018,252,21,0.05,n_assets,future_tail_event,88,,,
shares,baseline_2018,252,21,0.05,future_es,future_var,88,0.9157521979204707,0.9495967031805855,4.2531744524690556e-45
shares,baseline_2018,252,21,0.05,future_es,future_rv_ann,88,0.9329086477942033,0.904194991370505,1.5971877931028085e-33
shares,baseline_2018,252,21,0.05,future_es,future_mdd,88,0.9228161470507666,0.9103236941284212,1.0615952706835315e-34
shares,baseline_2018,252,21,0.05,future_es,future_tail_event,88,0.39499894587095163,0.6155619335399113,1.7452402423084662e-10
shares,baseline_2018,252,21,0.05,future_var,future_rv_ann,88,0.8631476599581749,0.862438801028495,3.671711243384839e-27
shares,baseline_2018,252,21,0.05,future_var,future_mdd,88,0.950232823810378,0.9020992568067346,3.871469869725051e-33
shares,baseline_2018,252,21,0.05,future_var,future_tail_event,88,0.4532980605859137,0.4804604045217041,2.1641582407708907e-06
shares,baseline_2018,252,21,0.05,future_rv_ann,future_mdd,88,0.8719219949421858,0.7740128914092496,9.379409282079918e-19
shares,baseline_2018,252,21,0.05,future_rv_ann,future_tail_event,88,0.39993174690670436,0.4697238591692637,3.8933805917663305e-06
shares,baseline_2018,252,21,0.05,future_mdd,future_tail_event,88,0.45339890996881693,0.5430902524109392,4.5813083350547965e-08
shares,baseline_2018,252,63,0.025,dq_es,dr_es_concentration,86,0.6691603913028579,0.7634189763127195,1.2772856178426754e-17
shares,baseline_2018,252,63,0.025,dq_es,current_es,86,0.909213364519556,0.7838445284835946,4.55343355042262e-19
shares,baseline_2018,252,63,0.025,dq_es,current_rv_ann,86,0.8029317646066714,0.4980327834109629,1.0649655703794873e-06
shares,baseline_2018,252,63,0.025,dq_es,current_hill_alpha,86,-0.6529038345499061,-0.8524009603306579,2.2509287446845647e-25
shares,baseline_2018,252,63,0.025,dq_es,n_assets,86,,,
shares,baseline_2018,252,63,0.025,dq_es,future_es,86,-0.06316756567824934,-0.041022519720559716,0.7076468403179306
shares,baseline_2018,252,63,0.025,dq_es,future_var,86,-0.020802837447819127,-0.06620899490622406,0.5447289470167818
shares,baseline_2018,252,63,0.025,dq_es,future_rv_ann,86,-0.04448351899365147,-0.03148561187639756,0.7735118781263762
shares,baseline_2018,252,63,0.025,dq_es,future_mdd,86,-0.18842686762385252,-0.22318527906411778,0.03886808786080748
shares,baseline_2018,252,63,0.025,dq_es,future_tail_event,86,-0.157108230134529,-0.2458009359480979,0.02253498309076766
shares,baseline_2018,252,63,0.025,dr_es_concentration,current_es,86,0.8366275390361699,0.9796839662704372,2.1551214848869586e-60
shares,baseline_2018,252,63,0.025,dr_es_concentration,current_rv_ann,86,0.8041524681591672,0.8375206377659322,9.218629200118276e-24
shares,baseline_2018,252,63,0.025,dr_es_concentration,current_hill_alpha,86,-0.48855681153216524,-0.6507221441194697,1.1856989044416329e-11
shares,baseline_2018,252,63,0.025,dr_es_concentration,n_assets,86,,,
shares,baseline_2018,252,63,0.025,dr_es_concentration,future_es,86,-0.021335622143710507,0.17048821672855755,0.11654990651972173
shares,baseline_2018,252,63,0.025,dr_es_concentration,future_var,86,0.06772024164003536,0.1769090701501851,0.10321556313291615
shares,baseline_2018,252,63,0.025,dr_es_concentration,future_rv_ann,86,0.07985664372296644,0.24200198122552946,0.024776196509359947
shares,baseline_2018,252,63,0.025,dr_es_concentration,future_mdd,86,-0.04250935260519834,0.02970035475565098,0.7860378240843707
shares,baseline_2018,252,63,0.025,dr_es_concentration,future_tail_event,86,-0.12424817358459969,-0.16667793516109602,0.1250689443015731
shares,baseline_2018,252,63,0.025,current_es,current_rv_ann,86,0.9644603072348228,0.849645527943817,4.612638798148996e-25
shares,baseline_2018,252,63,0.025,current_es,current_hill_alpha,86,-0.5357719556420747,-0.666043449938833,2.5982826706264982e-12
shares,baseline_2018,252,63,0.025,current_es,n_assets,86,,,
shares,baseline_2018,252,63,0.025,current_es,future_es,86,-0.02388786269509004,0.1252709715516711,0.25045307239009335
shares,baseline_2018,252,63,0.025,current_es,future_var,86,0.06291411207866342,0.13450381986906929,0.21694060568374032
shares,baseline_2018,252,63,0.025,current_es,future_rv_ann,86,0.04292629945968157,0.20033152778296762,0.06439882106183241
shares,baseline_2018,252,63,0.025,current_es,future_mdd,86,-0.08891719642944082,-0.007946441299091717,0.9421124458723216
shares,baseline_2018,252,63,0.025,current_es,future_tail_event,86,-0.10529699523678504,-0.21144518727091166,0.05066265555949894
shares,baseline_2018,252,63,0.025,current_rv_ann,current_hill_alpha,86,-0.366057534432793,-0.33156085234173976,0.0018177935071344118
shares,baseline_2018,252,63,0.025,current_rv_ann,n_assets,86,,,
shares,baseline_2018,252,63,0.025,current_rv_ann,future_es,86,-0.02772113628057812,0.21506350651302214,0.0467489709956604
shares,baseline_2018,252,63,0.025,current_rv_ann,future_var,86,0.09249998605499092,0.21683132071317157,0.04492970011702358
shares,baseline_2018,252,63,0.025,current_rv_ann,future_rv_ann,86,0.05458911284081461,0.3081937827256003,0.0038909216535223125
shares,baseline_2018,252,63,0.025,current_rv_ann,future_mdd,86,-0.046744369710602335,0.13529322973190444,0.21422992948590333
shares,baseline_2018,252,63,0.025,current_rv_ann,future_tail_event,86,-0.049944137084268266,-0.1075654116446608,0.3242373363936918
shares,baseline_2018,252,63,0.025,current_hill_alpha,n_assets,86,,,
shares,baseline_2018,252,63,0.025,current_hill_alpha,future_es,86,-0.1112489180374866,-0.06390007043344333,0.5588762879452671
shares,baseline_2018,252,63,0.025,current_hill_alpha,future_var,86,-0.06396841147209353,-0.03608994186697424,0.7414797533059896
shares,baseline_2018,252,63,0.025,current_hill_alpha,future_rv_ann,86,-0.05526973634886719,-0.03995413959514248,0.714929633624521
shares,baseline_2018,252,63,0.025,current_hill_alpha,future_mdd,86,0.06023710516171096,0.1159589899822603,0.28768434376131613
shares,baseline_2018,252,63,0.025,current_hill_alpha,future_tail_event,86,0.08848956721732985,0.12309763067158616,0.25883177462537227
shares,baseline_2018,252,63,0.025,n_assets,future_es,86,,,
shares,baseline_2018,252,63,0.025,n_assets,future_var,86,,,
shares,baseline_2018,252,63,0.025,n_assets,future_rv_ann,86,,,
shares,baseline_2018,252,63,0.025,n_assets,future_mdd,86,,,
shares,baseline_2018,252,63,0.025,n_assets,future_tail_event,86,,,
shares,baseline_2018,252,63,0.025,future_es,future_var,86,0.8726964394689058,0.9680457517752279,3.104224773190699e-52
shares,baseline_2018,252,63,0.025,future_es,future_rv_ann,86,0.9524280625449164,0.9395818120846866,7.205912887761992e-41
shares,baseline_2018,252,63,0.025,future_es,future_mdd,86,0.8556230953523956,0.9192356768111337,9.306144908373889e-36
shares,baseline_2018,252,63,0.025,future_es,future_tail_event,86,0.3837045852679555,0.6803876819991509,5.773772192487833e-13
shares,baseline_2018,252,63,0.025,future_var,future_rv_ann,86,0.8985434094736704,0.9540483754843119,9.870980735671768e-46
shares,baseline_2018,252,63,0.025,future_var,future_mdd,86,0.9431413966353992,0.9197899613606921,7.049646294272387e-36
shares,baseline_2018,252,63,0.025,future_var,future_tail_event,86,0.5393799488998147,0.6130100075750398,3.525003090698553e-10
shares,baseline_2018,252,63,0.025,future_rv_ann,future_mdd,86,0.8830972830191324,0.8791229530278141,9.068717843634447e-29
shares,baseline_2018,252,63,0.025,future_rv_ann,future_tail_event,86,0.44079959865286344,0.577558426488449,5.820058190389218e-09
shares,baseline_2018,252,63,0.025,future_mdd,future_tail_event,86,0.5516279139718021,0.6497716206901019,1.2990993963340319e-11
shares,baseline_2018,252,63,0.05,dq_es,dr_es_concentration,86,0.6184017064029924,0.7856970410133421,3.305865367429159e-19
shares,baseline_2018,252,63,0.05,dq_es,current_es,86,0.816677754782695,0.8111693412907262,2.8584782526675847e-21
shares,baseline_2018,252,63,0.05,dq_es,current_rv_ann,86,0.7470644014752179,0.6179287515124028,2.32325210032669e-10
shares,baseline_2018,252,63,0.05,dq_es,current_hill_alpha,86,-0.7270856269679524,-0.8213341644738288,3.496976006257597e-22
shares,baseline_2018,252,63,0.05,dq_es,n_assets,86,,,
shares,baseline_2018,252,63,0.05,dq_es,future_es,86,-0.0532903477520903,0.05854801756783103,0.5923272310330243
shares,baseline_2018,252,63,0.05,dq_es,future_var,86,-0.09821082575235765,0.06939901275064736,0.5254749612034361
shares,baseline_2018,252,63,0.05,dq_es,future_rv_ann,86,-0.038210179419871405,0.11769118877947457,0.2804949431324282
shares,baseline_2018,252,63,0.05,dq_es,future_mdd,86,-0.18056315034611675,-0.07179794390481509,0.511224468726003
shares,baseline_2018,252,63,0.05,dq_es,future_tail_event,86,0.10246261823043741,0.10406861733326266,0.3403049733793688
shares,baseline_2018,252,63,0.05,dr_es_concentration,current_es,86,0.8571340024208534,0.9562013535038184,1.374690286247412e-46
shares,baseline_2018,252,63,0.05,dr_es_concentration,current_rv_ann,86,0.7846707514618018,0.8552573234586537,1.0534349108389094e-25
shares,baseline_2018,252,63,0.05,dr_es_concentration,current_hill_alpha,86,-0.3544942591870892,-0.5105335050487478,5.116827394389145e-07
shares,baseline_2018,252,63,0.05,dr_es_concentration,n_assets,86,,,
shares,baseline_2018,252,63,0.05,dr_es_concentration,future_es,86,-0.0016428566999257834,0.18178987755851625,0.09390081738390914
shares,baseline_2018,252,63,0.05,dr_es_concentration,future_var,86,0.09913586566001456,0.1962930292907464,0.07008275889100953
shares,baseline_2018,252,63,0.05,dr_es_concentration,future_rv_ann,86,0.08623908506766648,0.2752677013066654,0.01031360584406615
shares,baseline_2018,252,63,0.05,dr_es_concentration,future_mdd,86,-0.020499460632920033,0.05521171411374509,0.6136252272895715
shares,baseline_2018,252,63,0.05,dr_es_concentration,future_tail_event,86,-0.04944248289633717,-0.02530466493138114,0.8171058657846954
shares,baseline_2018,252,63,0.05,current_es,current_rv_ann,86,0.9752363547713406,0.8992498978556824,6.609976752289131e-32
shares,baseline_2018,252,63,0.05,current_es,current_hill_alpha,86,-0.4485977494688749,-0.5559377743623539,2.7488165462401097e-08
shares,baseline_2018,252,63,0.05,current_es,n_assets,86,,,
shares,baseline_2018,252,63,0.05,current_es,future_es,86,-0.010945121017479707,0.13351512796273465,0.22036963837921783
shares,baseline_2018,252,63,0.05,current_es,future_var,86,0.04726656041097661,0.14733509795834104,0.17582039780879763
shares,baseline_2018,252,63,0.05,current_es,future_rv_ann,86,0.048493273750994964,0.22172949100914455,0.04019295069856695
shares,baseline_2018,252,63,0.05,current_es,future_mdd,86,-0.07434945370719617,0.012591760892518107,0.9083920076668923
shares,baseline_2018,252,63,0.05,current_es,future_tail_event,86,-0.0028618632285994446,-0.052465840786020436,0.6313986552326398
shares,baseline_2018,252,63,0.05,current_rv_ann,current_hill_alpha,86,-0.366057534432793,-0.33156085234173976,0.0018177935071344118
shares,baseline_2018,252,63,0.05,current_rv_ann,n_assets,86,,,
shares,baseline_2018,252,63,0.05,current_rv_ann,future_es,86,0.0031956798491836165,0.22119906992731023,0.040684923651724214
shares,baseline_2018,252,63,0.05,current_rv_ann,future_var,86,0.07153997695727606,0.21891791197467866,0.042858213253210854
shares,baseline_2018,252,63,0.05,current_rv_ann,future_rv_ann,86,0.05458911284081461,0.3081937827256003,0.0038909216535223125
shares,baseline_2018,252,63,0.05,current_rv_ann,future_mdd,86,-0.046744369710602335,0.13529322973190444,0.21422992948590333
shares,baseline_2018,252,63,0.05,current_rv_ann,future_tail_event,86,-0.024460381422842292,-0.1228202029596304,0.25991488591484524
shares,baseline_2018,252,63,0.05,current_hill_alpha,n_assets,86,,,
shares,baseline_2018,252,63,0.05,current_hill_alpha,future_es,86,-0.09186997346101218,-0.04294733335052225,0.6945924654673833
shares,baseline_2018,252,63,0.05,current_hill_alpha,future_var,86,0.03589977371421212,-0.011154521422465188,0.9188104542870591
shares,baseline_2018,252,63,0.05,current_hill_alpha,future_rv_ann,86,-0.05526973634886719,-0.03995413959514248,0.714929633624521
shares,baseline_2018,252,63,0.05,current_hill_alpha,future_mdd,86,0.06023710516171096,0.1159589899822603,0.28768434376131613
shares,baseline_2018,252,63,0.05,current_hill_alpha,future_tail_event,86,-0.2123120383020157,-0.20248221647152712,0.06152787731053319
shares,baseline_2018,252,63,0.05,n_assets,future_es,86,,,
shares,baseline_2018,252,63,0.05,n_assets,future_var,86,,,
shares,baseline_2018,252,63,0.05,n_assets,future_rv_ann,86,,,
shares,baseline_2018,252,63,0.05,n_assets,future_mdd,86,,,
shares,baseline_2018,252,63,0.05,n_assets,future_tail_event,86,,,
shares,baseline_2018,252,63,0.05,future_es,future_var,86,0.8071782314361297,0.964282681554457,3.0860454929494014e-50
shares,baseline_2018,252,63,0.05,future_es,future_rv_ann,86,0.9674359273959454,0.9566140370257981,9.315131389180527e-47
shares,baseline_2018,252,63,0.05,future_es,future_mdd,86,0.9142183292246427,0.9315343791474251,1.1649101437154997e-38
shares,baseline_2018,252,63,0.05,future_es,future_tail_event,86,0.26908372302342926,0.3956336315751414,0.0001630354434378373
shares,baseline_2018,252,63,0.05,future_var,future_rv_ann,86,0.7973567588322625,0.94665981191619,4.4484037599001775e-43
shares,baseline_2018,252,63,0.05,future_var,future_mdd,86,0.9151504902668073,0.914927844838508,7.544271571740611e-35
shares,baseline_2018,252,63,0.05,future_var,future_tail_event,86,0.30505931831206096,0.34872872223130535,0.0009997378577260671
shares,baseline_2018,252,63,0.05,future_rv_ann,future_mdd,86,0.8830972830191324,0.8791229530278141,9.068717843634447e-29
shares,baseline_2018,252,63,0.05,future_rv_ann,future_tail_event,86,0.24535140080287235,0.31414815731885365,0.0032230916248350222
shares,baseline_2018,252,63,0.05,future_mdd,future_tail_event,86,0.32153833838639184,0.3758774909680139,0.00036183244402955106
shares,baseline_2018,504,21,0.025,dq_es,dr_es_concentration,76,0.7093792361499295,0.8339744646875348,8.595260297016908e-21
shares,baseline_2018,504,21,0.025,dq_es,current_es,76,0.8381677299841074,0.6102369626552206,4.8500331700634074e-09
shares,baseline_2018,504,21,0.025,dq_es,current_rv_ann,76,0.6557002825564506,0.4226363456553238,0.0001428160374489177
shares,baseline_2018,504,21,0.025,dq_es,current_hill_alpha,76,-0.7559368696288157,-0.6850100122223636,8.81427389890943e-12
shares,baseline_2018,504,21,0.025,dq_es,n_assets,76,,,
shares,baseline_2018,504,21,0.025,dq_es,future_es,76,-0.019636684847584605,-0.05913657154439102,0.6118454536222093
shares,baseline_2018,504,21,0.025,dq_es,future_var,76,-0.04567131802661652,-0.10223517261402174,0.37950965916344115
shares,baseline_2018,504,21,0.025,dq_es,future_rv_ann,76,-0.0027330818990989572,-0.07556033512335515,0.516512274771522
shares,baseline_2018,504,21,0.025,dq_es,future_mdd,76,-0.12664317595959806,-0.18757811859397466,0.10467394330934164
shares,baseline_2018,504,21,0.025,dq_es,future_tail_event,76,0.09631102143441304,0.1002526574337726,0.38886839115589333
shares,baseline_2018,504,21,0.025,dr_es_concentration,current_es,76,0.8338173230279159,0.7723401732087167,3.091021519972353e-16
shares,baseline_2018,504,21,0.025,dr_es_concentration,current_rv_ann,76,0.7492638404249398,0.6546548188653452,1.412783206738257e-10
shares,baseline_2018,504,21,0.025,dr_es_concentration,current_hill_alpha,76,-0.2757016645723853,-0.308510897137402,0.006699123801582733
shares,baseline_2018,504,21,0.025,dr_es_concentration,n_assets,76,,,
shares,baseline_2018,504,21,0.025,dr_es_concentration,future_es,76,-0.034842914703812296,0.03964456596035544,0.7338421459747441
shares,baseline_2018,504,21,0.025,dr_es_concentration,future_var,76,-0.0700517028431168,0.02583732057416268,0.8246654026772458
shares,baseline_2018,504,21,0.025,dr_es_concentration,future_rv_ann,76,-0.0011497907953614025,0.07319207108680793,0.529779695172992
shares,baseline_2018,504,21,0.025,dr_es_concentration,future_mdd,76,-0.160120284831456,-0.04483937115516063,0.7005222102001248
shares,baseline_2018,504,21,0.025,dr_es_concentration,future_tail_event,76,-0.11375770478563614,0.03478342834319587,0.7654745177070639
shares,baseline_2018,504,21,0.025,current_es,current_rv_ann,76,0.9455453902429377,0.8511355804878397,2.0998506140702835e-22
shares,baseline_2018,504,21,0.025,current_es,current_hill_alpha,76,-0.36550644304236596,-0.027872776502855957,0.8110989692903682
shares,baseline_2018,504,21,0.025,current_es,n_assets,76,,,
shares,baseline_2018,504,21,0.025,current_es,future_es,76,-0.027941935981391098,0.18681893886445994,0.1061118028620908
shares,baseline_2018,504,21,0.025,current_es,future_var,76,-0.03979972056079779,0.20362442552037577,0.07768634615053782
shares,baseline_2018,504,21,0.025,current_es,future_rv_ann,76,0.031974979732283366,0.32074236879236967,0.004729967014349481
shares,baseline_2018,504,21,0.025,current_es,future_mdd,76,-0.09585414043935221,0.10410636028656597,0.3708021287266142
shares,baseline_2018,504,21,0.025,current_es,future_tail_event,76,-0.015715445345141354,0.017118922337852033,0.8833083150703857
shares,baseline_2018,504,21,0.025,current_rv_ann,current_hill_alpha,76,-0.08431856729157398,0.23953499474939352,0.03715531127636498
shares,baseline_2018,504,21,0.025,current_rv_ann,n_assets,76,,,
shares,baseline_2018,504,21,0.025,current_rv_ann,future_es,76,-0.061714094970127,0.07313738892686263,0.5300880255872368
shares,baseline_2018,504,21,0.025,current_rv_ann,future_var,76,-0.058679339097630144,0.08869446343130553,0.44611431552719794
shares,baseline_2018,504,21,0.025,current_rv_ann,future_rv_ann,76,0.017378108081534248,0.22490772385509228,0.05078303013377711
shares,baseline_2018,504,21,0.025,current_rv_ann,future_mdd,76,-0.07788555912500221,0.03537935748462064,0.7615748326313525
shares,baseline_2018,504,21,0.025,current_rv_ann,future_tail_event,76,-0.07368784691822479,-0.1275392372583849,0.2722372098451458
shares,baseline_2018,504,21,0.025,current_hill_alpha,n_assets,76,,,
shares,baseline_2018,504,21,0.025,current_hill_alpha,future_es,76,-0.05791365454160542,0.18300566606217583,0.11356727771740595
shares,baseline_2018,504,21,0.025,current_hill_alpha,future_var,76,-0.03907553128876098,0.23738761884716922,0.03894055022065996
shares,baseline_2018,504,21,0.025,current_hill_alpha,future_rv_ann,76,-0.008788183735843136,0.293999012855491,0.009943542095314131
shares,baseline_2018,504,21,0.025,current_hill_alpha,future_mdd,76,0.0420357741441692,0.26890070215114925,0.018833511093017206
shares,baseline_2018,504,21,0.025,current_hill_alpha,future_tail_event,76,-0.23193718224372964,-0.15935320028801964,0.16913474987076446
shares,baseline_2018,504,21,0.025,n_assets,future_es,76,,,
shares,baseline_2018,504,21,0.025,n_assets,future_var,76,,,
shares,baseline_2018,504,21,0.025,n_assets,future_rv_ann,76,,,
shares,baseline_2018,504,21,0.025,n_assets,future_mdd,76,,,
shares,baseline_2018,504,21,0.025,n_assets,future_tail_event,76,,,
shares,baseline_2018,504,21,0.025,future_es,future_var,76,0.9863869126347022,0.9692959671907041,7.848215184107607e-47
shares,baseline_2018,504,21,0.025,future_es,future_rv_ann,76,0.9175417011633885,0.8550649350649351,8.404005502735098e-23
shares,baseline_2018,504,21,0.025,future_es,future_mdd,76,0.8635005152182564,0.8636773752563226,1.0240255446942794e-23
shares,baseline_2018,504,21,0.025,future_es,future_tail_event,76,0.4032941397562751,0.7536409474359106,3.96540213990614e-15
shares,baseline_2018,504,21,0.025,future_var,future_rv_ann,76,0.9311180537328596,0.8779220779220779,2.250924621099292e-25
shares,baseline_2018,504,21,0.025,future_var,future_mdd,76,0.9197198807837997,0.9126725905673275,1.768797928765236e-30
shares,baseline_2018,504,21,0.025,future_var,future_tail_event,76,0.45103560871889786,0.6865150330893922,7.614969826276796e-12
shares,baseline_2018,504,21,0.025,future_rv_ann,future_mdd,76,0.8650146406390753,0.7556801093643198,3.0358543336299733e-15
shares,baseline_2018,504,21,0.025,future_rv_ann,future_tail_event,76,0.4624819748474198,0.5534836755662922,2.152619899149426e-07
shares,baseline_2018,504,21,0.025,future_mdd,future_tail_event,76,0.5065387967219069,0.5925387530042666,1.712632268741067e-08
shares,baseline_2018,504,21,0.05,dq_es,dr_es_concentration,76,0.299372495445443,0.37533834586466164,0.0008349651040992709
shares,baseline_2018,504,21,0.05,dq_es,current_es,76,0.5752129137497723,0.47864159436423365,1.222703818632845e-05
shares,baseline_2018,504,21,0.05,dq_es,current_rv_ann,76,0.5737048485824178,0.4411483253588517,6.64270835355852e-05
shares,baseline_2018,504,21,0.05,dq_es,current_hill_alpha,76,-0.8252678312248292,-0.6557429482824287,1.2860216847322647e-10
shares,baseline_2018,504,21,0.05,dq_es,n_assets,76,,,
shares,baseline_2018,504,21,0.05,dq_es,future_es,76,0.0020108777313295302,-0.08328092959671907,0.47446224126689307
shares,baseline_2018,504,21,0.05,dq_es,future_var,76,-0.06808020563352873,-0.13074504442925497,0.2602675778683073
shares,baseline_2018,504,21,0.05,dq_es,future_rv_ann,76,0.029768605184849316,-0.051756664388243334,0.6570252138485491
shares,baseline_2018,504,21,0.05,dq_es,future_mdd,76,-0.0863325897386031,-0.16803827751196174,0.14678404735017542
shares,baseline_2018,504,21,0.05,dq_es,future_tail_event,76,0.19941529087237395,0.15338577978496218,0.18587923325947742
shares,baseline_2018,504,21,0.05,dr_es_concentration,current_es,76,0.844974529406503,0.9168016759917493,3.177598093984099e-31
shares,baseline_2018,504,21,0.05,dr_es_concentration,current_rv_ann,76,0.7768106614713562,0.8943267259056734,1.4638066312293582e-27
shares,baseline_2018,504,21,0.05,dr_es_concentration,current_hill_alpha,76,0.21112345965882895,0.29290480857410284,0.010236165583886767
shares,baseline_2018,504,21,0.05,dr_es_concentration,n_assets,76,,,
shares,baseline_2018,504,21,0.05,dr_es_concentration,future_es,76,-0.03275726195165976,0.12073820915926178,0.2988357376358936
shares,baseline_2018,504,21,0.05,dr_es_concentration,future_var,76,-0.05737474925689369,0.127136021872864,0.2737684206759256
shares,baseline_2018,504,21,0.05,dr_es_concentration,future_rv_ann,76,0.060265578741480814,0.2889678742310321,0.011352025300116857
shares,baseline_2018,504,21,0.05,dr_es_concentration,future_mdd,76,-0.07591220865083989,0.07073137388926862,0.5437423470108689
shares,baseline_2018,504,21,0.05,dr_es_concentration,future_tail_event,76,-0.21132973084139003,-0.22332969536690495,0.05247148778296077
shares,baseline_2018,504,21,0.05,current_es,current_rv_ann,76,0.9771743215497,0.9756987907738436,1.535155680314634e-50
shares,baseline_2018,504,21,0.05,current_es,current_hill_alpha,76,-0.08597723260009846,0.20607467743486033,0.07410477989612449
shares,baseline_2018,504,21,0.05,current_es,n_assets,76,,,
shares,baseline_2018,504,21,0.05,current_es,future_es,76,-0.03322319226518153,0.15208252201393133,0.1896905900711906
shares,baseline_2018,504,21,0.05,current_es,future_var,76,-0.03803300844059402,0.17503708462283016,0.1304448268408778
shares,baseline_2018,504,21,0.05,current_es,future_rv_ann,76,0.04907759056462036,0.2952921964202537,0.009607138647462397
shares,baseline_2018,504,21,0.05,current_es,future_mdd,76,-0.0700201560595939,0.0810997411530601,0.48615197633231555
shares,baseline_2018,504,21,0.05,current_es,future_tail_event,76,-0.15358534425972165,-0.1484885998079717,0.2004924876024849
shares,baseline_2018,504,21,0.05,current_rv_ann,current_hill_alpha,76,-0.08431856729157398,0.23953499474939352,0.03715531127636498
shares,baseline_2018,504,21,0.05,current_rv_ann,n_assets,76,,,
shares,baseline_2018,504,21,0.05,current_rv_ann,future_es,76,-0.058679339097630144,0.08869446343130553,0.44611431552719794
shares,baseline_2018,504,21,0.05,current_rv_ann,future_var,76,-0.043985069839489015,0.1143403964456596,0.3253581868963893
shares,baseline_2018,504,21,0.05,current_rv_ann,future_rv_ann,76,0.017378108081534248,0.22490772385509228,0.05078303013377711
shares,baseline_2018,504,21,0.05,current_rv_ann,future_mdd,76,-0.07788555912500221,0.03537935748462064,0.7615748326313525
shares,baseline_2018,504,21,0.05,current_rv_ann,future_tail_event,76,-0.13911766810110396,-0.19387962564819222,0.09331675423576595
shares,baseline_2018,504,21,0.05,current_hill_alpha,n_assets,76,,,
shares,baseline_2018,504,21,0.05,current_hill_alpha,future_es,76,-0.03907553128876098,0.23738761884716922,0.03894055022065996
shares,baseline_2018,504,21,0.05,current_hill_alpha,future_var,76,0.012593204522858103,0.29321939230500194,0.01015127703172944
shares,baseline_2018,504,21,0.05,current_hill_alpha,future_rv_ann,76,-0.008788183735843136,0.293999012855491,0.009943542095314131
shares,baseline_2018,504,21,0.05,current_hill_alpha,future_mdd,76,0.0420357741441692,0.26890070215114925,0.018833511093017206
shares,baseline_2018,504,21,0.05,current_hill_alpha,future_tail_event,76,-0.33089081697737716,-0.23694914599374536,0.03931371635587297
shares,baseline_2018,504,21,0.05,n_assets,future_es,76,,,
shares,baseline_2018,504,21,0.05,n_assets,future_var,76,,,
shares,baseline_2018,504,21,0.05,n_assets,future_rv_ann,76,,,
shares,baseline_2018,504,21,0.05,n_assets,future_mdd,76,,,
shares,baseline_2018,504,21,0.05,n_assets,future_tail_event,76,,,
shares,baseline_2018,504,21,0.05,future_es,future_var,76,0.9122907776276836,0.9509227614490773,1.9433719475463432e-39
shares,baseline_2018,504,21,0.05,future_es,future_rv_ann,76,0.9311180537328596,0.8779220779220779,2.250924621099292e-25
shares,baseline_2018,504,21,0.05,future_es,future_mdd,76,0.9197198807837997,0.9126725905673275,1.768797928765236e-30
shares,baseline_2018,504,21,0.05,future_es,future_tail_event,76,0.36362143784439405,0.6626265686710366,7.031876603883504e-11
shares,baseline_2018,504,21,0.05,future_var,future_rv_ann,76,0.8516942715873911,0.8477375256322625,4.539550160245705e-22
shares,baseline_2018,504,21,0.05,future_var,future_mdd,76,0.9478853740591767,0.895475051264525,9.979526381374215e-28
shares,baseline_2018,504,21,0.05,future_var,future_tail_event,76,0.43315928999358866,0.543599203557906,3.88560367520584e-07
shares,baseline_2018,504,21,0.05,future_rv_ann,future_mdd,76,0.8650146406390753,0.7556801093643198,3.0358543336299733e-15
shares,baseline_2018,504,21,0.05,future_rv_ann,future_tail_event,76,0.3439131986974042,0.44911356321036927,4.713038688221082e-05
shares,baseline_2018,504,21,0.05,future_mdd,future_tail_event,76,0.41275464114855126,0.5620054971321015,1.2737741455950156e-07
shares,baseline_2018,504,63,0.025,dq_es,dr_es_concentration,74,0.715345298954697,0.8410692227332762,6.769415109450641e-21
shares,baseline_2018,504,63,0.025,dq_es,current_es,74,0.8382578129027807,0.599670439126162,1.6446976876052826e-08
shares,baseline_2018,504,63,0.025,dq_es,current_rv_ann,74,0.6650845845344612,0.4442920716519967,7.325900345615538e-05
shares,baseline_2018,504,63,0.025,dq_es,current_hill_alpha,74,-0.7456324971186504,-0.6617621943236133,1.368678886099898e-10
shares,baseline_2018,504,63,0.025,dq_es,n_assets,74,,,
shares,baseline_2018,504,63,0.025,dq_es,future_es,74,-0.04897436790419944,-0.09977666871246753,0.39765746083422815
shares,baseline_2018,504,63,0.025,dq_es,future_var,74,-0.10554454209200441,-0.17488083141709548,0.13615040961975264
shares,baseline_2018,504,63,0.025,dq_es,future_rv_ann,74,-0.09114684527243493,-0.16727814777279476,0.15428962988711883
shares,baseline_2018,504,63,0.025,dq_es,future_mdd,74,-0.23901451554499714,-0.2877501804931629,0.012918761561093459
shares,baseline_2018,504,63,0.025,dq_es,future_tail_event,74,0.17185447699531645,0.14497849196779938,0.2177835638539882
shares,baseline_2018,504,63,0.025,dr_es_concentration,current_es,74,0.8345002424214593,0.7783565077002264,3.3197427925040486e-16
shares,baseline_2018,504,63,0.025,dr_es_concentration,current_rv_ann,74,0.7491803559043897,0.672802665679378,5.178502319421634e-11
shares,baseline_2018,504,63,0.025,dr_es_concentration,current_hill_alpha,74,-0.2757442370089913,-0.290676095994622,0.011990509783108434
shares,baseline_2018,504,63,0.025,dr_es_concentration,n_assets,74,,,
shares,baseline_2018,504,63,0.025,dr_es_concentration,future_es,74,-0.140473844877786,0.07151639241579925,0.5448404096938111
shares,baseline_2018,504,63,0.025,dr_es_concentration,future_var,74,-0.25518853186816104,0.000651735999759034,0.9956028837280235
shares,baseline_2018,504,63,0.025,dr_es_concentration,future_rv_ann,74,-0.1332224422144615,0.02676045908922621,0.8209497797893743
shares,baseline_2018,504,63,0.025,dr_es_concentration,future_mdd,74,-0.3506329804656327,-0.09284243891340652,0.43141924757752226
shares,baseline_2018,504,63,0.025,dr_es_concentration,future_tail_event,74,-0.013331974703063564,0.08037729735359517,0.4960215230097177
shares,baseline_2018,504,63,0.025,current_es,current_rv_ann,74,0.9490187228206687,0.8771739942071721,1.2233573332085564e-24
shares,baseline_2018,504,63,0.025,current_es,current_hill_alpha,74,-0.3503825151785375,0.027453834974208696,0.8163905309770938
shares,baseline_2018,504,63,0.025,current_es,n_assets,74,,,
shares,baseline_2018,504,63,0.025,current_es,future_es,74,-0.088902052378962,0.30813753748366546,0.007564874496720945
shares,baseline_2018,504,63,0.025,current_es,future_var,74,-0.10247233668235331,0.259484817424485,0.02557788136997617
shares,baseline_2018,504,63,0.025,current_es,future_rv_ann,74,-0.07319143815189007,0.2956807957127035,0.010536551012289438
shares,baseline_2018,504,63,0.025,current_es,future_mdd,74,-0.20211497039738144,0.16941490317923358,0.1490191304315297
shares,baseline_2018,504,63,0.025,current_es,future_tail_event,74,0.08361368561311729,0.1081150291793633,0.35919588372842126
shares,baseline_2018,504,63,0.025,current_rv_ann,current_hill_alpha,74,-0.08059136524559174,0.24654939905462175,0.034209110307396304
shares,baseline_2018,504,63,0.025,current_rv_ann,n_assets,74,,,
shares,baseline_2018,504,63,0.025,current_rv_ann,future_es,74,-0.11310406945048357,0.18717504858451522,0.1102932287276763
shares,baseline_2018,504,63,0.025,current_rv_ann,future_var,74,-0.06686872813852021,0.12689596158944647,0.28131115986183775
shares,baseline_2018,504,63,0.025,current_rv_ann,future_rv_ann,74,-0.07940890369420843,0.16069603850425762,0.17139581604508103
shares,baseline_2018,504,63,0.025,current_rv_ann,future_mdd,74,-0.1602135901428204,0.0848895932128962,0.47206994663259816
shares,baseline_2018,504,63,0.025,current_rv_ann,future_tail_event,74,0.016831537551299253,-0.07168785980185514,0.5438740261462194
shares,baseline_2018,504,63,0.025,current_hill_alpha,n_assets,74,,,
shares,baseline_2018,504,63,0.025,current_hill_alpha,future_es,74,-0.08589872128363824,0.40336292185186273,0.00036600321710085026
shares,baseline_2018,504,63,0.025,current_hill_alpha,future_var,74,-0.013178396953196543,0.4175355409404796,0.00021457742785252693
shares,baseline_2018,504,63,0.025,current_hill_alpha,future_rv_ann,74,-0.001459316818595493,0.43926659865221845,9.026317492760193e-05
shares,baseline_2018,504,63,0.025,current_hill_alpha,future_mdd,74,0.06993227508786938,0.47593934169468727,1.8207141087024252e-05
shares,baseline_2018,504,63,0.025,current_hill_alpha,future_tail_event,74,-0.3007444602499047,-0.19344744638797776,0.09865558846398444
shares,baseline_2018,504,63,0.025,n_assets,future_es,74,,,
shares,baseline_2018,504,63,0.025,n_assets,future_var,74,,,
shares,baseline_2018,504,63,0.025,n_assets,future_rv_ann,74,,,
shares,baseline_2018,504,63,0.025,n_assets,future_mdd,74,,,
shares,baseline_2018,504,63,0.025,n_assets,future_tail_event,74,,,
shares,baseline_2018,504,63,0.025,future_es,future_var,74,0.8687565331689339,0.955745526604838,5.402217614786238e-40
shares,baseline_2018,504,63,0.025,future_es,future_rv_ann,74,0.9525772258592319,0.9197144342801492,5.895457655511067e-31
shares,baseline_2018,504,63,0.025,future_es,future_mdd,74,0.8464987602731968,0.9210896845830375,3.2430413544983126e-31
shares,baseline_2018,504,63,0.025,future_es,future_tail_event,74,0.29909269516791065,0.5721902349525674,1.0048435600140542e-07
shares,baseline_2018,504,63,0.025,future_var,future_rv_ann,74,0.8879019277482146,0.9394774436526474,3.189879397446206e-35
shares,baseline_2018,504,63,0.025,future_var,future_mdd,74,0.9397997614549618,0.919389732245942,6.7783730323948515e-31
shares,baseline_2018,504,63,0.025,future_var,future_tail_event,74,0.40805614060070516,0.4982903603714827,6.24815822819909e-06
shares,baseline_2018,504,63,0.025,future_rv_ann,future_mdd,74,0.8711669773283942,0.8670823278835739,1.7484445278018153e-23
shares,baseline_2018,504,63,0.025,future_rv_ann,future_tail_event,74,0.3350760948802262,0.4656090288140693,2.9120020474192483e-05
shares,baseline_2018,504,63,0.025,future_mdd,future_tail_event,74,0.42332580970769557,0.46851938511975333,2.5550322066665737e-05
shares,baseline_2018,504,63,0.05,dq_es,dr_es_concentration,74,0.324285958939732,0.40294705664568664,0.0003716513721477701
shares,baseline_2018,504,63,0.05,dq_es,current_es,74,0.5823528555178912,0.4974081767192734,6.526939022170052e-06
shares,baseline_2018,504,63,0.05,dq_es,current_rv_ann,74,0.5849346845307922,0.4665383191410588,2.7932682557687917e-05
shares,baseline_2018,504,63,0.05,dq_es,current_hill_alpha,74,-0.8149878143548157,-0.630679852873482,1.7189191189189669e-09
shares,baseline_2018,504,63,0.05,dq_es,n_assets,74,,,
shares,baseline_2018,504,63,0.05,dq_es,future_es,74,-0.04171319172368673,-0.11710430849476032,0.3203966271339839
shares,baseline_2018,504,63,0.05,dq_es,future_var,74,-0.19915503220080083,-0.16861545790218732,0.15097505183211565
shares,baseline_2018,504,63,0.05,dq_es,future_rv_ann,74,-0.05796706155792047,-0.12722695298037762,0.28004785121808806
shares,baseline_2018,504,63,0.05,dq_es,future_mdd,74,-0.21102308484955182,-0.24667150463258877,0.034117467923627263
shares,baseline_2018,504,63,0.05,dq_es,future_tail_event,74,0.3213132422977727,0.292921625252831,0.011317908871101368
shares,baseline_2018,504,63,0.05,dr_es_concentration,current_es,74,0.8500812001996744,0.9245705001653738,6.79730212769433e-32
shares,baseline_2018,504,63,0.05,dr_es_concentration,current_rv_ann,74,0.7801064839416523,0.9022584228063678,5.148293673068345e-28
shares,baseline_2018,504,63,0.05,dr_es_concentration,current_hill_alpha,74,0.2026623939232365,0.29504727651755686,0.010711674200951407
shares,baseline_2018,504,63,0.05,dr_es_concentration,n_assets,74,,,
shares,baseline_2018,504,63,0.05,dr_es_concentration,future_es,74,-0.1335043585173919,0.16464507367348558,0.16097353180835364
shares,baseline_2018,504,63,0.05,dr_es_concentration,future_var,74,-0.17206184298300356,0.1166164352676173,0.32243083002459283
shares,baseline_2018,504,63,0.05,dr_es_concentration,future_rv_ann,74,-0.04377011336253944,0.22230285079600143,0.056954583759485346
shares,baseline_2018,504,63,0.05,dr_es_concentration,future_mdd,74,-0.20079546770875772,0.09772966252824529,0.4074580454271154
shares,baseline_2018,504,63,0.05,dr_es_concentration,future_tail_event,74,-0.12059448997980013,-0.1156554018525938,0.3264619594286896
shares,baseline_2018,504,63,0.05,current_es,current_rv_ann,74,0.9773118376095103,0.9804650500816618,1.3581863088678442e-52
shares,baseline_2018,504,63,0.05,current_es,current_hill_alpha,74,-0.07566126141139605,0.2208795128903928,0.05860308945634493
shares,baseline_2018,504,63,0.05,current_es,n_assets,74,,,
shares,baseline_2018,504,63,0.05,current_es,future_es,74,-0.10297694748571236,0.21730404647208482,0.06291576026762087
shares,baseline_2018,504,63,0.05,current_es,future_var,74,-0.107580667170163,0.16170360880537626,0.16869082130744525
shares,baseline_2018,504,63,0.05,current_es,future_rv_ann,74,-0.05181755175514718,0.23207938452258486,0.046625098546302014
shares,baseline_2018,504,63,0.05,current_es,future_mdd,74,-0.15942604496745297,0.12721792719687983,0.280082250170119
shares,baseline_2018,504,63,0.05,current_es,future_tail_event,74,-0.023498865126691457,-0.044319837707052744,0.7076996929351298
shares,baseline_2018,504,63,0.05,current_rv_ann,current_hill_alpha,74,-0.08059136524559174,0.24654939905462175,0.034209110307396304
shares,baseline_2018,504,63,0.05,current_rv_ann,n_assets,74,,,
shares,baseline_2018,504,63,0.05,current_rv_ann,future_es,74,-0.10989746507691042,0.15833592539743044,0.1778561322628096
shares,baseline_2018,504,63,0.05,current_rv_ann,future_var,74,-0.09704859244010916,0.09797024629099421,0.4062989307520092
shares,baseline_2018,504,63,0.05,current_rv_ann,future_rv_ann,74,-0.07940890369420843,0.16069603850425762,0.17139581604508103
shares,baseline_2018,504,63,0.05,current_rv_ann,future_mdd,74,-0.1602135901428204,0.0848895932128962,0.47206994663259816
shares,baseline_2018,504,63,0.05,current_rv_ann,future_tail_event,74,-0.03796994278109579,-0.12214075148918785,0.2998783397063241
shares,baseline_2018,504,63,0.05,current_hill_alpha,n_assets,74,,,
shares,baseline_2018,504,63,0.05,current_hill_alpha,future_es,74,-0.06124785506024666,0.4254818368620446,0.00015740112066277672
shares,baseline_2018,504,63,0.05,current_hill_alpha,future_var,74,0.06572095186237498,0.41919451391245893,0.00020126237608836231
shares,baseline_2018,504,63,0.05,current_hill_alpha,future_rv_ann,74,-0.001459316818595493,0.43926659865221845,9.026317492760193e-05
shares,baseline_2018,504,63,0.05,current_hill_alpha,future_mdd,74,0.06993227508786938,0.47593934169468727,1.8207141087024252e-05
shares,baseline_2018,504,63,0.05,current_hill_alpha,future_tail_event,74,-0.46414703315679046,-0.36338143955164204,0.0014613896616939932
shares,baseline_2018,504,63,0.05,n_assets,future_es,74,,,
shares,baseline_2018,504,63,0.05,n_assets,future_var,74,,,
shares,baseline_2018,504,63,0.05,n_assets,future_rv_ann,74,,,
shares,baseline_2018,504,63,0.05,n_assets,future_mdd,74,,,
shares,baseline_2018,504,63,0.05,n_assets,future_tail_event,74,,,
shares,baseline_2018,504,63,0.05,future_es,future_var,74,0.7863371721097896,0.9636681404069247,5.107338111492652e-43
shares,baseline_2018,504,63,0.05,future_es,future_rv_ann,74,0.9653073469323112,0.9409220851510196,1.3710480764242341e-35
shares,baseline_2018,504,63,0.05,future_es,future_mdd,74,0.9064208368435641,0.9329225851632038,1.1521743519659916e-33
shares,baseline_2018,504,63,0.05,future_es,future_tail_event,74,0.20468824530533794,0.3145580915049168,0.006342627585347442
shares,baseline_2018,504,63,0.05,future_var,future_rv_ann,74,0.7698491440373528,0.9353455637955767,3.197458481091049e-34
shares,baseline_2018,504,63,0.05,future_var,future_mdd,74,0.9069543630693521,0.907603101994374,7.479242921331684e-29
shares,baseline_2018,504,63,0.05,future_var,future_tail_event,74,0.2668539452428547,0.3102365664198005,0.007144311590661262
shares,baseline_2018,504,63,0.05,future_rv_ann,future_mdd,74,0.8711669773283942,0.8670823278835739,1.7484445278018153e-23
shares,baseline_2018,504,63,0.05,future_rv_ann,future_tail_event,74,0.17850510475551476,0.24103882816007868,0.03856452055614509
shares,baseline_2018,504,63,0.05,future_mdd,future_tail_event,74,0.2489017550139967,0.27347367638677994,0.018393884679068835
shares,covid_2020_2021,252,21,0.025,dq_es,dr_es_concentration,12,0.8952751748656471,0.7343158832057565,0.006537925003600066
shares,covid_2020_2021,252,21,0.025,dq_es,current_es,12,0.9018829156761097,0.7310055096700985,0.006912987222792622
shares,covid_2020_2021,252,21,0.025,dq_es,current_rv_ann,12,0.9018995698300025,0.7343158832057565,0.006537925003600066
shares,covid_2020_2021,252,21,0.025,dq_es,current_hill_alpha,12,-0.8809143903351213,-0.7585906232425551,0.004234495629282469
shares,covid_2020_2021,252,21,0.025,dq_es,n_assets,12,,,
shares,covid_2020_2021,252,21,0.025,dq_es,future_es,12,-0.3755266961280348,-0.3029053018223745,0.3385544301156803
shares,covid_2020_2021,252,21,0.025,dq_es,future_var,12,-0.29367664584129133,-0.2845474047422306,0.3700436626973286
shares,covid_2020_2021,252,21,0.025,dq_es,future_rv_ann,12,-0.2531254530096395,-0.201936867881583,0.5290934906090652
shares,covid_2020_2021,252,21,0.025,dq_es,future_mdd,12,-0.3609518672657823,-0.31208425036244647,0.32337202576554447
shares,covid_2020_2021,252,21,0.025,dq_es,future_tail_event,12,-0.5388053369799333,-0.57035182547203,0.05281735660079715
shares,covid_2020_2021,252,21,0.025,dr_es_concentration,current_es,12,0.9952373478526713,0.9842396880153765,7.45817475381804e-09
shares,covid_2020_2021,252,21,0.025,dr_es_concentration,current_rv_ann,12,0.994739912009186,0.8251748251748254,0.0009513628555555001
shares,covid_2020_2021,252,21,0.025,dr_es_concentration,current_hill_alpha,12,-0.9251408956385332,-0.9562186292818428,1.1769024781866443e-06
shares,covid_2020_2021,252,21,0.025,dr_es_concentration,n_assets,12,,,
shares,covid_2020_2021,252,21,0.025,dr_es_concentration,future_es,12,-0.3951960595653195,-0.25874125874125875,0.41677476889913845
shares,covid_2020_2021,252,21,0.025,dr_es_concentration,future_var,12,-0.3369027071142956,-0.3706293706293707,0.2356210035126457
shares,covid_2020_2021,252,21,0.025,dr_es_concentration,future_rv_ann,12,-0.23520580178857556,-0.10489510489510491,0.7456094809807079
shares,covid_2020_2021,252,21,0.025,dr_es_concentration,future_mdd,12,-0.39249036378016194,-0.4055944055944056,0.19083587400450033
shares,covid_2020_2021,252,21,0.025,dr_es_concentration,future_tail_event,12,-0.6281866040637178,-0.6276459144608478,0.02888823148339594
shares,covid_2020_2021,252,21,0.025,current_es,current_rv_ann,12,0.9980570861108654,0.8371291296643237,0.0006820012896813326
shares,covid_2020_2021,252,21,0.025,current_es,current_hill_alpha,12,-0.8945885177854856,-0.9719298245614036,1.3093296947121138e-07
shares,covid_2020_2021,252,21,0.025,current_es,n_assets,12,,,
shares,covid_2020_2021,252,21,0.025,current_es,future_es,12,-0.35349141344646157,-0.30472901372718064,0.3355078216764541
shares,covid_2020_2021,252,21,0.025,current_es,future_var,12,-0.28381897282158947,-0.3677763958776318,0.23952786899587408
shares,covid_2020_2021,252,21,0.025,current_es,future_rv_ann,12,-0.20827801490821915,-0.1120842349341354,0.7287361038413871
shares,covid_2020_2021,252,21,0.025,current_es,future_mdd,12,-0.346107563507665,-0.33975533714409795,0.2799203496864415
shares,covid_2020_2021,252,21,0.025,current_es,future_tail_event,12,-0.5944056032477653,-0.6771111667693442,0.01557195230250993
shares,covid_2020_2021,252,21,0.025,current_rv_ann,current_hill_alpha,12,-0.8902784137315458,-0.795097541564023,0.001993485774135288
shares,covid_2020_2021,252,21,0.025,current_rv_ann,n_assets,12,,,
shares,covid_2020_2021,252,21,0.025,current_rv_ann,future_es,12,-0.37554661131499184,-0.4265734265734266,0.16669998762494498
shares,covid_2020_2021,252,21,0.025,current_rv_ann,future_var,12,-0.29615213346856767,-0.43356643356643365,0.1591057694121953
shares,covid_2020_2021,252,21,0.025,current_rv_ann,future_rv_ann,12,-0.23208254933972913,-0.3356643356643357,0.2861229029149875
shares,covid_2020_2021,252,21,0.025,current_rv_ann,future_mdd,12,-0.3537260328362971,-0.32867132867132864,0.2969041156887642
shares,covid_2020_2021,252,21,0.025,current_rv_ann,future_tail_event,12,-0.6044543730099535,-0.6759263694193746,0.015824170380960845
shares,covid_2020_2021,252,21,0.025,current_hill_alpha,n_assets,12,,,
shares,covid_2020_2021,252,21,0.025,current_hill_alpha,future_es,12,0.4841937030250376,0.4238185133446995,0.1697534073256746
shares,covid_2020_2021,252,21,0.025,current_hill_alpha,future_var,12,0.4467714831534181,0.5008764248619176,0.09717377477992865
shares,covid_2020_2021,252,21,0.025,current_hill_alpha,future_rv_ann,12,0.2535637562452207,0.2031526758181204,0.5265630529109769
shares,covid_2020_2021,252,21,0.025,current_hill_alpha,future_mdd,12,0.4712223346915025,0.43782904271146644,0.15458641247553
shares,covid_2020_2021,252,21,0.025,current_hill_alpha,future_tail_event,12,0.6922074553328583,0.7254762501100116,0.007575166498185315
shares,covid_2020_2021,252,21,0.025,n_assets,future_es,12,,,
shares,covid_2020_2021,252,21,0.025,n_assets,future_var,12,,,
shares,covid_2020_2021,252,21,0.025,n_assets,future_rv_ann,12,,,
shares,covid_2020_2021,252,21,0.025,n_assets,future_mdd,12,,,
shares,covid_2020_2021,252,21,0.025,n_assets,future_tail_event,12,,,
shares,covid_2020_2021,252,21,0.025,future_es,future_var,12,0.920072371353944,0.8321678321678322,0.0007854416778536138
shares,covid_2020_2021,252,21,0.025,future_es,future_rv_ann,12,0.886771020290277,0.8111888111888113,0.0013633152527271922
shares,covid_2020_2021,252,21,0.025,future_es,future_mdd,12,0.8208408648716211,0.5104895104895105,0.08991373630263913
shares,covid_2020_2021,252,21,0.025,future_es,future_tail_event,12,0.7079114781584386,0.7724872793364281,0.003229165404820039
shares,covid_2020_2021,252,21,0.025,future_var,future_rv_ann,12,0.9049812454125342,0.8601398601398602,0.0003316683391269209
shares,covid_2020_2021,252,21,0.025,future_var,future_mdd,12,0.9626146531717732,0.8601398601398602,0.0003316683391269209
shares,covid_2020_2021,252,21,0.025,future_var,future_tail_event,12,0.5970166007449821,0.6759263694193746,0.015824170380960845
shares,covid_2020_2021,252,21,0.025,future_rv_ann,future_mdd,12,0.858671887223211,0.7342657342657343,0.006543490146837885
shares,covid_2020_2021,252,21,0.025,future_rv_ann,future_tail_event,12,0.5867817959383934,0.6276459144608478,0.02888823148339594
shares,covid_2020_2021,252,21,0.025,future_mdd,future_tail_event,12,0.5082724063771887,0.4345240946267408,0.15808320491707675
shares,covid_2020_2021,252,21,0.05,dq_es,dr_es_concentration,12,0.9862068688260235,0.8404128189727395,0.0006195680576432656
shares,covid_2020_2021,252,21,0.05,dq_es,current_es,12,0.9903883510684094,0.7946477644742239,0.0020138246744914423
shares,covid_2020_2021,252,21,0.05,dq_es,current_rv_ann,12,0.9897472579427979,0.8320918999730095,0.0007871137127470977
shares,covid_2020_2021,252,21,0.05,dq_es,current_hill_alpha,12,-0.8614587658316819,-0.8127116712293303,0.0013127971281830014
shares,covid_2020_2021,252,21,0.05,dq_es,n_assets,12,,,
shares,covid_2020_2021,252,21,0.05,dq_es,future_es,12,-0.2838565537651956,-0.3037135434901484,0.33720238349466014
shares,covid_2020_2021,252,21,0.05,dq_es,future_var,12,-0.1282375487354662,-0.09985102799676111,0.7575102951500747
shares,covid_2020_2021,252,21,0.05,dq_es,future_rv_ann,12,-0.2402037143231355,-0.19970205599352223,0.5337582737905764
shares,covid_2020_2021,252,21,0.05,dq_es,future_mdd,12,-0.35622977123101895,-0.30787400299001344,0.3302889590330703
shares,covid_2020_2021,252,21,0.05,dq_es,future_tail_event,12,-0.9933798748602596,-0.8955334711889903,8.203157296386727e-05
shares,covid_2020_2021,252,21,0.05,dr_es_concentration,current_es,12,0.9977616428581595,0.9790209790209792,3.0898013985487064e-08
shares,covid_2020_2021,252,21,0.05,dr_es_concentration,current_rv_ann,12,0.9962691110571794,0.8111888111888113,0.0013633152527271922
shares,covid_2020_2021,252,21,0.05,dr_es_concentration,current_hill_alpha,12,-0.8999060700311805,-0.9632238939652261,4.980487485963558e-07
shares,covid_2020_2021,252,21,0.05,dr_es_concentration,n_assets,12,,,
shares,covid_2020_2021,252,21,0.05,dr_es_concentration,future_es,12,-0.319506000995928,-0.3636363636363637,0.2452650007307772
shares,covid_2020_2021,252,21,0.05,dr_es_concentration,future_var,12,-0.16940501818223175,-0.21678321678321683,0.49855598552418856
shares,covid_2020_2021,252,21,0.05,dr_es_concentration,future_rv_ann,12,-0.23212102052685546,-0.1258741258741259,0.6966831093957659
shares,covid_2020_2021,252,21,0.05,dr_es_concentration,future_mdd,12,-0.37777387484938024,-0.37762237762237766,0.22620604493502663
shares,covid_2020_2021,252,21,0.05,dr_es_concentration,future_tail_event,12,-0.9850524166809688,-0.7526178090063818,0.00473274291802687
shares,covid_2020_2021,252,21,0.05,current_es,current_rv_ann,12,0.9964385004867027,0.8321678321678322,0.0007854416778536138
shares,covid_2020_2021,252,21,0.05,current_es,current_hill_alpha,12,-0.8767568964055176,-0.9562186292818428,1.1769024781866443e-06
shares,covid_2020_2021,252,21,0.05,current_es,n_assets,12,,,
shares,covid_2020_2021,252,21,0.05,current_es,future_es,12,-0.272444699244889,-0.31468531468531474,0.31913878550330455
shares,covid_2020_2021,252,21,0.05,current_es,future_var,12,-0.12108767473441344,-0.08391608391608392,0.7954145018538977
shares,covid_2020_2021,252,21,0.05,current_es,future_rv_ann,12,-0.20152610005694438,-0.06293706293706294,0.8459309212287789
shares,covid_2020_2021,252,21,0.05,current_es,future_mdd,12,-0.3349256342630785,-0.2937062937062937,0.35414764123292175
shares,covid_2020_2021,252,21,0.05,current_es,future_tail_event,12,-0.9893638896373392,-0.7526178090063818,0.00473274291802687
shares,covid_2020_2021,252,21,0.05,current_rv_ann,current_hill_alpha,12,-0.8902784137315458,-0.795097541564023,0.001993485774135288
shares,covid_2020_2021,252,21,0.05,current_rv_ann,n_assets,12,,,
shares,covid_2020_2021,252,21,0.05,current_rv_ann,future_es,12,-0.29615213346856767,-0.43356643356643365,0.1591057694121953
shares,covid_2020_2021,252,21,0.05,current_rv_ann,future_var,12,-0.12674362885250434,-0.006993006993006993,0.9827917689028476
shares,covid_2020_2021,252,21,0.05,current_rv_ann,future_rv_ann,12,-0.23208254933972913,-0.3356643356643357,0.2861229029149875
shares,covid_2020_2021,252,21,0.05,current_rv_ann,future_mdd,12,-0.3537260328362971,-0.32867132867132864,0.2969041156887642
shares,covid_2020_2021,252,21,0.05,current_rv_ann,future_tail_event,12,-0.9924344370352238,-0.7526178090063818,0.00473274291802687
shares,covid_2020_2021,252,21,0.05,current_hill_alpha,n_assets,12,,,
shares,covid_2020_2021,252,21,0.05,current_hill_alpha,future_es,12,0.4467714831534181,0.5008764248619176,0.09717377477992865
shares,covid_2020_2021,252,21,0.05,current_hill_alpha,future_var,12,0.2954311021406092,0.2206658375265791,0.4907024914340439
shares,covid_2020_2021,252,21,0.05,current_hill_alpha,future_rv_ann,12,0.2535637562452207,0.2031526758181204,0.5265630529109769
shares,covid_2020_2021,252,21,0.05,current_hill_alpha,future_mdd,12,0.4712223346915025,0.43782904271146644,0.15458641247553
shares,covid_2020_2021,252,21,0.05,current_hill_alpha,future_tail_event,12,0.8764454809645777,0.7539370349250519,0.00461906871994262
shares,covid_2020_2021,252,21,0.05,n_assets,future_es,12,,,
shares,covid_2020_2021,252,21,0.05,n_assets,future_var,12,,,
shares,covid_2020_2021,252,21,0.05,n_assets,future_rv_ann,12,,,
shares,covid_2020_2021,252,21,0.05,n_assets,future_mdd,12,,,
shares,covid_2020_2021,252,21,0.05,n_assets,future_tail_event,12,,,
shares,covid_2020_2021,252,21,0.05,future_es,future_var,12,0.868429352938527,0.6643356643356644,0.018452718028445437
shares,covid_2020_2021,252,21,0.05,future_es,future_rv_ann,12,0.9049812454125342,0.8601398601398602,0.0003316683391269209
shares,covid_2020_2021,252,21,0.05,future_es,future_mdd,12,0.9626146531717732,0.8601398601398602,0.0003316683391269209
shares,covid_2020_2021,252,21,0.05,future_es,future_tail_event,12,0.2844893136306055,0.2508726030021272,0.4315787458484175
shares,covid_2020_2021,252,21,0.05,future_var,future_rv_ann,12,0.7174122607478419,0.5944055944055945,0.04152149441031855
shares,covid_2020_2021,252,21,0.05,future_var,future_mdd,12,0.9180197545690537,0.8671328671328673,0.00025981184986148103
shares,covid_2020_2021,252,21,0.05,future_var,future_tail_event,12,0.11584598397578771,0.027874733666903025,0.9314730405130226
shares,covid_2020_2021,252,21,0.05,future_rv_ann,future_mdd,12,0.858671887223211,0.7342657342657343,0.006543490146837885
shares,covid_2020_2021,252,21,0.05,future_rv_ann,future_tail_event,12,0.24169958873283207,0.1951231356683212,0.543370100416294
shares,covid_2020_2021,252,21,0.05,future_mdd,future_tail_event,12,0.3511838137139191,0.30662207033593325,0.33236112488115044
shares,covid_2020_2021,252,63,0.025,dq_es,dr_es_concentration,10,0.8936655861012265,0.7680367542868648,0.009470144899196155
shares,covid_2020_2021,252,63,0.025,dq_es,current_es,10,0.8977078225854692,0.7628954044137586,0.01026860394539443
shares,covid_2020_2021,252,63,0.025,dq_es,current_rv_ann,10,0.8961553319686886,0.7680367542868648,0.009470144899196155
shares,covid_2020_2021,252,63,0.025,dq_es,current_hill_alpha,10,-0.896278927715025,-0.8077716046733915,0.004703112860902285
shares,covid_2020_2021,252,63,0.025,dq_es,n_assets,10,,,
shares,covid_2020_2021,252,63,0.025,dq_es,future_es,10,-0.5438824622115864,-0.6207874369249211,0.05545422088784906
shares,covid_2020_2021,252,63,0.025,dq_es,future_var,10,-0.39771387157630184,-0.4861588361460226,0.15424123390050942
shares,covid_2020_2021,252,63,0.025,dq_es,future_rv_ann,10,-0.30087321576196546,-0.12676334779491943,0.727118216349204
shares,covid_2020_2021,252,63,0.025,dq_es,future_mdd,10,-0.4119406756333937,-0.785333504543575,0.007104700743690203
shares,covid_2020_2021,252,63,0.025,dq_es,future_tail_event,10,-0.7448297886723542,-0.7869345938805027,0.006909476071378984
shares,covid_2020_2021,252,63,0.025,dr_es_concentration,current_es,10,0.9965205171543671,0.9726488698881034,2.3689349006384747e-06
shares,covid_2020_2021,252,63,0.025,dr_es_concentration,current_rv_ann,10,0.9971853028810271,0.7575757575757575,0.011143446799694208
shares,covid_2020_2021,252,63,0.025,dr_es_concentration,current_hill_alpha,10,-0.9230839722009845,-0.9361745372672995,6.718873258402915e-05
shares,covid_2020_2021,252,63,0.025,dr_es_concentration,n_assets,10,,,
shares,covid_2020_2021,252,63,0.025,dr_es_concentration,future_es,10,-0.6215923395511043,-0.6079055436800646,0.06225488170893071
shares,covid_2020_2021,252,63,0.025,dr_es_concentration,future_var,10,-0.44909365361044057,-0.5106406566912542,0.13150199306594584
shares,covid_2020_2021,252,63,0.025,dr_es_concentration,future_rv_ann,10,-0.323660437475302,-0.07878787878787878,0.8287173946974606
shares,covid_2020_2021,252,63,0.025,dr_es_concentration,future_mdd,10,-0.467725249292992,-0.7416447632896788,0.014075178336931775
shares,covid_2020_2021,252,63,0.025,dr_es_concentration,future_tail_event,10,-0.876217444057814,-0.8528028654224417,0.0017128741493214678
shares,covid_2020_2021,252,63,0.025,current_es,current_rv_ann,10,0.9984482743598148,0.7659609850368815,0.00978703990340832
shares,covid_2020_2021,252,63,0.025,current_es,current_hill_alpha,10,-0.8988702725243328,-0.9634146341463414,7.499152377865781e-06
shares,covid_2020_2021,252,63,0.025,current_es,n_assets,10,,,
shares,covid_2020_2021,252,63,0.025,current_es,future_es,10,-0.5900688406501834,-0.6158536585365855,0.057997675551202
shares,covid_2020_2021,252,63,0.025,current_es,future_var,10,-0.4257503409328384,-0.5396341463414634,0.10740597574584927
shares,covid_2020_2021,252,63,0.025,current_es,future_rv_ann,10,-0.30187788319550574,-0.06079055436800646,0.8675109976588954
shares,covid_2020_2021,252,63,0.025,current_es,future_mdd,10,-0.44889052686091924,-0.7286585365853658,0.01683310504958437
shares,covid_2020_2021,252,63,0.025,current_es,future_tail_event,10,-0.8368868421004917,-0.8553989227683017,0.0016004533168052792
shares,covid_2020_2021,252,63,0.025,current_rv_ann,current_hill_alpha,10,-0.8973806019212436,-0.7294866524160775,0.016646879953377023
shares,covid_2020_2021,252,63,0.025,current_rv_ann,n_assets,10,,,
shares,covid_2020_2021,252,63,0.025,current_rv_ann,future_es,10,-0.6217827789131958,-0.8389096502784891,0.0024139883688156136
shares,covid_2020_2021,252,63,0.025,current_rv_ann,future_var,10,-0.45951029121704123,-0.7781190959104827,0.008033138495996352
shares,covid_2020_2021,252,63,0.025,current_rv_ann,future_rv_ann,10,-0.34230724835637943,-0.5636363636363636,0.08972402831709127
shares,covid_2020_2021,252,63,0.025,current_rv_ann,future_mdd,10,-0.47605461574678215,-0.8024353176576852,0.005211461766706415
shares,covid_2020_2021,252,63,0.025,current_rv_ann,future_tail_event,10,-0.8525284824726652,-0.8528028654224417,0.0017128741493214678
shares,covid_2020_2021,252,63,0.025,current_hill_alpha,n_assets,10,,,
shares,covid_2020_2021,252,63,0.025,current_hill_alpha,future_es,10,0.5910385388165424,0.6646341463414636,0.036033163617833285
shares,covid_2020_2021,252,63,0.025,current_hill_alpha,future_var,10,0.38666551770206614,0.5701219512195123,0.08528960481360975
shares,covid_2020_2021,252,63,0.025,current_hill_alpha,future_rv_ann,10,0.24382674446558497,0.09726488698881035,0.7892345325825416
shares,covid_2020_2021,252,63,0.025,current_hill_alpha,future_mdd,10,0.39395663041826817,0.7469512195121952,0.013045161539648539
shares,covid_2020_2021,252,63,0.025,current_hill_alpha,future_tail_event,10,0.9113725451175443,0.8553989227683017,0.0016004533168052792
shares,covid_2020_2021,252,63,0.025,n_assets,future_es,10,,,
shares,covid_2020_2021,252,63,0.025,n_assets,future_var,10,,,
shares,covid_2020_2021,252,63,0.025,n_assets,future_rv_ann,10,,,
shares,covid_2020_2021,252,63,0.025,n_assets,future_mdd,10,,,
shares,covid_2020_2021,252,63,0.025,n_assets,future_tail_event,10,,,
shares,covid_2020_2021,252,63,0.025,future_es,future_var,10,0.966389581570186,0.978658536585366,8.845226311624794e-07
shares,covid_2020_2021,252,63,0.025,future_es,future_rv_ann,10,0.9105148080830517,0.7781190959104828,0.008033138495996336
shares,covid_2020_2021,252,63,0.025,future_es,future_mdd,10,0.920477261030375,0.8323170731707318,0.002810335336848375
shares,covid_2020_2021,252,63,0.025,future_es,future_tail_event,10,0.7310821743408269,0.8553989227683017,0.0016004533168052792
shares,covid_2020_2021,252,63,0.025,future_var,future_rv_ann,10,0.9710017275140259,0.8267515394048879,0.003179714086010416
shares,covid_2020_2021,252,63,0.025,future_var,future_mdd,10,0.9489331594779183,0.7560975609756098,0.011395545811518725
shares,covid_2020_2021,252,63,0.025,future_var,future_tail_event,10,0.5349375994647217,0.7841156792042765,0.007255789526699558
shares,covid_2020_2021,252,63,0.025,future_rv_ann,future_mdd,10,0.9303417964590499,0.41337576970244394,0.23506197663269415
shares,covid_2020_2021,252,63,0.025,future_rv_ann,future_tail_event,10,0.44434130074502237,0.42640143271122083,0.21913836052287258
shares,covid_2020_2021,252,63,0.025,future_mdd,future_tail_event,10,0.5416590502091149,0.8553989227683017,0.0016004533168052792
shares,covid_2020_2021,252,63,0.05,dq_es,dr_es_concentration,10,0.9893509383247198,0.8876253645985945,0.0006079255649158403
shares,covid_2020_2021,252,63,0.05,dq_es,current_es,10,0.9918870553152992,0.8739695897586163,0.0009454497241255402
shares,covid_2020_2021,252,63,0.05,dq_es,current_rv_ann,10,0.9896725830841919,0.8739695897586163,0.0009454497241255402
shares,covid_2020_2021,252,63,0.05,dq_es,current_hill_alpha,10,-0.8722342739469335,-0.842386719158953,0.002222040446736331
shares,covid_2020_2021,252,63,0.05,dq_es,n_assets,10,,,
shares,covid_2020_2021,252,63,0.05,dq_es,future_es,10,-0.5308343758878378,-0.8193464903987026,0.003723673539501653
shares,covid_2020_2021,252,63,0.05,dq_es,future_var,10,-0.5363261135936133,-0.5200314339611523,0.12336424110771503
shares,covid_2020_2021,252,63,0.05,dq_es,future_rv_ann,10,-0.2976547019076507,-0.31408282131950266,0.3768031578344553
shares,covid_2020_2021,252,63,0.05,dq_es,future_mdd,10,-0.44123372274819156,-0.8629327366994154,0.0013044590806297776
shares,covid_2020_2021,252,63,0.05,dq_es,future_tail_event,10,-0.9929088903227167,-0.898717034272917,0.0004067595836748597
shares,covid_2020_2021,252,63,0.05,dr_es_concentration,current_es,10,0.9987876382254918,0.9757575757575757,1.4675461874042197e-06
shares,covid_2020_2021,252,63,0.05,dr_es_concentration,current_rv_ann,10,0.9976241284437632,0.7333333333333332,0.01580059625057158
shares,covid_2020_2021,252,63,0.05,dr_es_concentration,current_hill_alpha,10,-0.8972728503101133,-0.9483326481409007,2.9285883237761186e-05
shares,covid_2020_2021,252,63,0.05,dr_es_concentration,n_assets,10,,,
shares,covid_2020_2021,252,63,0.05,dr_es_concentration,future_es,10,-0.547765285108425,-0.6727272727272726,0.0330412225454377
shares,covid_2020_2021,252,63,0.05,dr_es_concentration,future_var,10,-0.4945647122679707,-0.20310096011589898,0.5735942072694421
shares,covid_2020_2021,252,63,0.05,dr_es_concentration,future_rv_ann,10,-0.30976459681696455,-0.07878787878787878,0.8287173946974606
shares,covid_2020_2021,252,63,0.05,dr_es_concentration,future_mdd,10,-0.45717281374273877,-0.7477238187264795,0.012899731006897746
shares,covid_2020_2021,252,63,0.05,dr_es_concentration,future_tail_event,10,-0.98808778639503,-0.7977240352174655,0.005691829882963575
shares,covid_2020_2021,252,63,0.05,current_es,current_rv_ann,10,0.9967361069564911,0.7696969696969697,0.009221952722215994
shares,covid_2020_2021,252,63,0.05,current_es,current_hill_alpha,10,-0.8803753996500389,-0.960490759014502,1.0163235882999591e-05
shares,covid_2020_2021,252,63,0.05,current_es,n_assets,10,,,
shares,covid_2020_2021,252,63,0.05,current_es,future_es,10,-0.5321374480246683,-0.6363636363636362,0.04791172612997547
shares,covid_2020_2021,252,63,0.05,current_es,future_var,10,-0.4939999308576243,-0.12309149097933272,0.734780145679172
shares,covid_2020_2021,252,63,0.05,current_es,future_rv_ann,10,-0.2969241305720511,-0.05454545454545454,0.8810361811618526
shares,covid_2020_2021,252,63,0.05,current_es,future_mdd,10,-0.4453283980666959,-0.7173285415424762,0.019528343138302953
shares,covid_2020_2021,252,63,0.05,current_es,future_tail_event,10,-0.9908112847390871,-0.7977240352174655,0.005691829882963575
shares,covid_2020_2021,252,63,0.05,current_rv_ann,current_hill_alpha,10,-0.8973806019212436,-0.7294866524160775,0.016646879953377023
shares,covid_2020_2021,252,63,0.05,current_rv_ann,n_assets,10,,,
shares,covid_2020_2021,252,63,0.05,current_rv_ann,future_es,10,-0.5716833374116163,-0.8666666666666665,0.0011735381801554687
shares,covid_2020_2021,252,63,0.05,current_rv_ann,future_var,10,-0.529316917174671,-0.4923659639173309,0.14826610416882355
shares,covid_2020_2021,252,63,0.05,current_rv_ann,future_rv_ann,10,-0.34230724835637943,-0.5636363636363636,0.08972402831709127
shares,covid_2020_2021,252,63,0.05,current_rv_ann,future_mdd,10,-0.47605461574678215,-0.8024353176576852,0.005211461766706415
shares,covid_2020_2021,252,63,0.05,current_rv_ann,future_tail_event,10,-0.9925511435580847,-0.7977240352174655,0.005691829882963575
shares,covid_2020_2021,252,63,0.05,current_hill_alpha,n_assets,10,,,
shares,covid_2020_2021,252,63,0.05,current_hill_alpha,future_es,10,0.5069699150768233,0.6990913752320743,0.024470990757150354
shares,covid_2020_2021,252,63,0.05,current_hill_alpha,future_var,10,0.3940185928613079,0.22532581423568765,0.5313720407843754
shares,covid_2020_2021,252,63,0.05,current_hill_alpha,future_rv_ann,10,0.24382674446558497,0.09726488698881035,0.7892345325825416
shares,covid_2020_2021,252,63,0.05,current_hill_alpha,future_mdd,10,0.39395663041826817,0.7469512195121952,0.013045161539648539
shares,covid_2020_2021,252,63,0.05,current_hill_alpha,future_tail_event,10,0.8889736191769199,0.8001524245036219,0.005440459356914429
shares,covid_2020_2021,252,63,0.05,n_assets,future_es,10,,,
shares,covid_2020_2021,252,63,0.05,n_assets,future_var,10,,,
shares,covid_2020_2021,252,63,0.05,n_assets,future_rv_ann,10,,,
shares,covid_2020_2021,252,63,0.05,n_assets,future_mdd,10,,,
shares,covid_2020_2021,252,63,0.05,n_assets,future_tail_event,10,,,
shares,covid_2020_2021,252,63,0.05,future_es,future_var,10,0.8561890922303701,0.7508580949739296,0.012321379986995354
shares,covid_2020_2021,252,63,0.05,future_es,future_rv_ann,10,0.9505990304781063,0.709090909090909,0.021665923367532435
shares,covid_2020_2021,252,63,0.05,future_es,future_mdd,10,0.9511699864348552,0.8753839828992931,0.0009053258282579358
shares,covid_2020_2021,252,63,0.05,future_es,future_tail_event,10,0.5298151928390928,0.7217503175777069,0.01844338955367056
shares,covid_2020_2021,252,63,0.05,future_var,future_rv_ann,10,0.8260881261804319,0.6031483057987304,0.06489858621670086
shares,covid_2020_2021,252,63,0.05,future_var,future_mdd,10,0.8407651561700246,0.7037573376128325,0.023132844033419662
shares,covid_2020_2021,252,63,0.05,future_var,future_tail_event,10,0.5220720509079174,0.5014858873767987,0.13974610146421668
shares,covid_2020_2021,252,63,0.05,future_rv_ann,future_mdd,10,0.9303417964590499,0.41337576970244394,0.23506197663269415
shares,covid_2020_2021,252,63,0.05,future_rv_ann,future_tail_event,10,0.30141525066641506,0.11396057645963793,0.7539236059777021
shares,covid_2020_2021,252,63,0.05,future_mdd,future_tail_event,10,0.4424970204886255,0.8001524245036219,0.005440459356914429
shares,full_2015,252,21,0.025,dq_es,dr_es_concentration,124,0.7005185843265198,0.6786542913234263,4.67918827925822e-18
shares,full_2015,252,21,0.025,dq_es,current_es,124,0.9022408730178292,0.6414766227178363,1.001608118796837e-15
shares,full_2015,252,21,0.025,dq_es,current_rv_ann,124,0.8089770037312879,0.43647146987776714,4.0281305450485017e-07
shares,full_2015,252,21,0.025,dq_es,current_hill_alpha,124,-0.6003047403851518,-0.8259124795081288,3.7707025060431214e-32
shares,full_2015,252,21,0.025,dq_es,n_assets,124,,,
shares,full_2015,252,21,0.025,dq_es,future_es,124,0.008400474796160677,0.022302369026914546,0.8057874753228198
shares,full_2015,252,21,0.025,dq_es,future_var,124,0.008266894874136468,0.022631312522886738,0.8029807820098147
shares,full_2015,252,21,0.025,dq_es,future_rv_ann,124,0.058022173647720846,0.07732365111986303,0.39332758526819134
shares,full_2015,252,21,0.025,dq_es,future_mdd,124,-0.012702351615550375,-0.03812820611090997,0.6741708636678561
shares,full_2015,252,21,0.025,dq_es,future_tail_event,124,-0.21745016183661434,-0.21557791597400905,0.016189856087495607
shares,full_2015,252,21,0.025,dr_es_concentration,current_es,124,0.8763547618518468,0.9677010981875993,7.308891796284793e-75
shares,full_2015,252,21,0.025,dr_es_concentration,current_rv_ann,124,0.8556364794517825,0.893740361919748,2.6964707167303166e-44
shares,full_2015,252,21,0.025,dr_es_concentration,current_hill_alpha,124,-0.40138339354804464,-0.5038981756668078,2.4317587969480215e-09
shares,full_2015,252,21,0.025,dr_es_concentration,n_assets,124,,,
shares,full_2015,252,21,0.025,dr_es_concentration,future_es,124,0.1456800437329527,0.3455357985837923,8.475932743010991e-05
shares,full_2015,252,21,0.025,dr_es_concentration,future_var,124,0.17835784935995455,0.36579071597167584,2.944062371416613e-05
shares,full_2015,252,21,0.025,dr_es_concentration,future_rv_ann,124,0.26234753919299403,0.4685507474429582,4.062877083882537e-08
shares,full_2015,252,21,0.025,dr_es_concentration,future_mdd,124,0.19053581045412035,0.24928402832415417,0.005238091761589711
shares,full_2015,252,21,0.025,dr_es_concentration,future_tail_event,124,-0.2323511501557556,-0.24066145898665572,0.007093058308346064
shares,full_2015,252,21,0.025,current_es,current_rv_ann,124,0.9708832871233316,0.9308981551883189,3.377691489182935e-55
shares,full_2015,252,21,0.025,current_es,current_hill_alpha,124,-0.48951636438459056,-0.527040224445704,3.209983886067329e-10
shares,full_2015,252,21,0.025,current_es,n_assets,124,,,
shares,full_2015,252,21,0.025,current_es,future_es,124,0.09322588060233511,0.3192401062938697,0.00030157395351644426
shares,full_2015,252,21,0.025,current_es,future_var,124,0.1157905374861293,0.3414024739704832,0.00010426322897918923
shares,full_2015,252,21,0.025,current_es,future_rv_ann,124,0.18722412791508455,0.4607782617896054,7.238978975493456e-08
shares,full_2015,252,21,0.025,current_es,future_mdd,124,0.11754861895530248,0.21247410431717365,0.017828171795210675
shares,full_2015,252,21,0.025,current_es,future_tail_event,124,-0.22032055561403016,-0.2848611751180942,0.001342849517466536
shares,full_2015,252,21,0.025,current_rv_ann,current_hill_alpha,124,-0.32764265643773705,-0.3001513965329219,0.0007067739518783931
shares,full_2015,252,21,0.025,current_rv_ann,n_assets,124,,,
shares,full_2015,252,21,0.025,current_rv_ann,future_es,124,0.09741300074861624,0.37365224232887484,1.9151761683855088e-05
shares,full_2015,252,21,0.025,current_rv_ann,future_var,124,0.1307935163645257,0.3998678206136899,4.202727477017046e-06
shares,full_2015,252,21,0.025,current_rv_ann,future_rv_ann,124,0.2075944767366141,0.5286105428796223,2.7822930206662873e-10
shares,full_2015,252,21,0.025,current_rv_ann,future_mdd,124,0.1520599629448147,0.28966797797010224,0.0011016471436422807
shares,full_2015,252,21,0.025,current_rv_ann,future_tail_event,124,-0.1910867516634652,-0.2457918389262937,0.005929634660313922
shares,full_2015,252,21,0.025,current_hill_alpha,n_assets,124,,,
shares,full_2015,252,21,0.025,current_hill_alpha,future_es,124,-0.06585956543527345,0.060117150162316314,0.5071661913022993
shares,full_2015,252,21,0.025,current_hill_alpha,future_var,124,-0.04647739624092773,0.05447054453974064,0.5479321647586086
shares,full_2015,252,21,0.025,current_hill_alpha,future_rv_ann,124,-0.042525341061870836,-0.0036353564626950435,0.9680359161396914
shares,full_2015,252,21,0.025,current_hill_alpha,future_mdd,124,0.001798590144436385,0.10694557739346511,0.23711505457847987
shares,full_2015,252,21,0.025,current_hill_alpha,future_tail_event,124,0.16387750224948652,0.22366397133756952,0.012520940105717015
shares,full_2015,252,21,0.025,n_assets,future_es,124,,,
shares,full_2015,252,21,0.025,n_assets,future_var,124,,,
shares,full_2015,252,21,0.025,n_assets,future_rv_ann,124,,,
shares,full_2015,252,21,0.025,n_assets,future_mdd,124,,,
shares,full_2015,252,21,0.025,n_assets,future_tail_event,124,,,
shares,full_2015,252,21,0.025,future_es,future_var,124,0.985481750097252,0.981601888276947,1.3644939497486789e-89
shares,full_2015,252,21,0.025,future_es,future_rv_ann,124,0.9598560715022986,0.8934885916601101,3.0909273479790173e-44
shares,full_2015,252,21,0.025,future_es,future_mdd,124,0.8494957704037693,0.7918804091266718,6.700276901226025e-28
shares,full_2015,252,21,0.025,future_es,future_tail_event,124,0.37752308635252113,0.581598525884418,1.408312628597459e-12
shares,full_2015,252,21,0.025,future_var,future_rv_ann,124,0.9734710586314149,0.9071785995279307,1.0711137171471523e-47
shares,full_2015,252,21,0.025,future_var,future_mdd,124,0.9124250197324888,0.8438961447678992,8.676248012352534e-35
shares,full_2015,252,21,0.025,future_var,future_tail_event,124,0.4064294465270374,0.5358915046040066,1.4199537543939767e-10
shares,full_2015,252,21,0.025,future_rv_ann,future_mdd,124,0.8895764862650485,0.7264327301337529,1.3201870642376792e-21
shares,full_2015,252,21,0.025,future_rv_ann,future_tail_event,124,0.3820994889972751,0.41043039517104074,2.197182725005527e-06
shares,full_2015,252,21,0.025,future_mdd,future_tail_event,124,0.44832588777076643,0.468263769036051,4.151515203432227e-08
shares,full_2015,252,21,0.05,dq_es,dr_es_concentration,124,0.6591629043473567,0.7640837587757631,5.599721209354946e-25
shares,full_2015,252,21,0.05,dq_es,current_es,124,0.814716623802967,0.7645257289791647,5.068521679167768e-25
shares,full_2015,252,21,0.05,dq_es,current_rv_ann,124,0.763543871438011,0.6519115796093253,2.395092224139214e-16
shares,full_2015,252,21,0.05,dq_es,current_hill_alpha,124,-0.669230964432213,-0.711989825590581,1.859955622171723e-20
shares,full_2015,252,21,0.05,dq_es,n_assets,124,,,
shares,full_2015,252,21,0.05,dq_es,future_es,124,0.03667758778915737,0.2134074744189634,0.01732104863383419
shares,full_2015,252,21,0.05,dq_es,future_var,124,0.03492388652888692,0.1890518505119093,0.03547682139314105
shares,full_2015,252,21,0.05,dq_es,future_rv_ann,124,0.0825078790377868,0.275408868646979,0.0019624038382317164
shares,full_2015,252,21,0.05,dq_es,future_mdd,124,0.01871793035349582,0.1295773201158558,0.1514715044674567
shares,full_2015,252,21,0.05,dq_es,future_tail_event,124,-0.07824471724174609,-0.10839514007419665,0.2307819008078148
shares,full_2015,252,21,0.05,dr_es_concentration,current_es,124,0.8930112340707607,0.9569485368203594,2.1690351080501028e-67
shares,full_2015,252,21,0.05,dr_es_concentration,current_rv_ann,124,0.8342832207881071,0.916569630212431,2.1370546028557665e-50
shares,full_2015,252,21,0.05,dr_es_concentration,current_hill_alpha,124,-0.2583417798616657,-0.340820176493513,0.00010732518838190667
shares,full_2015,252,21,0.05,dr_es_concentration,n_assets,124,,,
shares,full_2015,252,21,0.05,dr_es_concentration,future_es,124,0.18429096300968437,0.4085413060582218,2.4714387634785883e-06
shares,full_2015,252,21,0.05,dr_es_concentration,future_var,124,0.2549595564247634,0.3812179386309991,1.2527807343024911e-05
shares,full_2015,252,21,0.05,dr_es_concentration,future_rv_ann,124,0.2743954480701905,0.514618410700236,9.698954443582017e-10
shares,full_2015,252,21,0.05,dr_es_concentration,future_mdd,124,0.20418878485534783,0.2911660110149488,0.001034997055616292
shares,full_2015,252,21,0.05,dr_es_concentration,future_tail_event,124,-0.10944032630384341,-0.11469138912158816,0.20465344966557425
shares,full_2015,252,21,0.05,current_es,current_rv_ann,124,0.9801122087189297,0.9612791760974185,3.839350163798427e-70
shares,full_2015,252,21,0.05,current_es,current_hill_alpha,124,-0.39066592307462406,-0.4208936771926088,1.1303750747079436e-06
shares,full_2015,252,21,0.05,current_es,n_assets,124,,,
shares,full_2015,252,21,0.05,current_es,future_es,124,0.13113590329019095,0.37084875530119876,2.2354129237906845e-05
shares,full_2015,252,21,0.05,current_es,future_var,124,0.18770785955064917,0.3565696053011857,4.80697188500527e-05
shares,full_2015,252,21,0.05,current_es,future_rv_ann,124,0.21210136045728342,0.49093901903284914,7.086640480818273e-09
shares,full_2015,252,21,0.05,current_es,future_mdd,124,0.14020284725882776,0.24400130949989252,0.0063147959162610425
shares,full_2015,252,21,0.05,current_es,future_tail_event,124,-0.112642589529538,-0.18897819403339597,0.03554984278510894
shares,full_2015,252,21,0.05,current_rv_ann,current_hill_alpha,124,-0.32764265643773705,-0.3001513965329219,0.0007067739518783931
shares,full_2015,252,21,0.05,current_rv_ann,n_assets,124,,,
shares,full_2015,252,21,0.05,current_rv_ann,future_es,124,0.1307935163645257,0.3998678206136899,4.202727477017046e-06
shares,full_2015,252,21,0.05,current_rv_ann,future_var,124,0.19464274672253398,0.3956443745082612,5.413602337820347e-06
shares,full_2015,252,21,0.05,current_rv_ann,future_rv_ann,124,0.2075944767366141,0.5286105428796223,2.7822930206662873e-10
shares,full_2015,252,21,0.05,current_rv_ann,future_mdd,124,0.1520599629448147,0.28966797797010224,0.0011016471436422807
shares,full_2015,252,21,0.05,current_rv_ann,future_tail_event,124,-0.07545968589014836,-0.16887629736800774,0.06079662643356985
shares,full_2015,252,21,0.05,current_hill_alpha,n_assets,124,,,
shares,full_2015,252,21,0.05,current_hill_alpha,future_es,124,-0.04647739624092773,0.05447054453974064,0.5479321647586086
shares,full_2015,252,21,0.05,current_hill_alpha,future_var,124,0.0053047342759004155,0.0823258732798715,0.3633491351805178
shares,full_2015,252,21,0.05,current_hill_alpha,future_rv_ann,124,-0.042525341061870836,-0.0036353564626950435,0.9680359161396914
shares,full_2015,252,21,0.05,current_hill_alpha,future_mdd,124,0.001798590144436385,0.10694557739346511,0.23711505457847987
shares,full_2015,252,21,0.05,current_hill_alpha,future_tail_event,124,0.05827757820165268,0.08896391759948895,0.32581562850290857
shares,full_2015,252,21,0.05,n_assets,future_es,124,,,
shares,full_2015,252,21,0.05,n_assets,future_var,124,,,
shares,full_2015,252,21,0.05,n_assets,future_rv_ann,124,,,
shares,full_2015,252,21,0.05,n_assets,future_mdd,124,,,
shares,full_2015,252,21,0.05,n_assets,future_tail_event,124,,,
shares,full_2015,252,21,0.05,future_es,future_var,124,0.9144585332129769,0.925872541306058,2.097700377736821e-53
shares,full_2015,252,21,0.05,future_es,future_rv_ann,124,0.9734710586314149,0.9071785995279307,1.0711137171471523e-47
shares,full_2015,252,21,0.05,future_es,future_mdd,124,0.9124250197324888,0.8438961447678992,8.676248012352534e-35
shares,full_2015,252,21,0.05,future_es,future_tail_event,124,0.3728971878563872,0.6010009406332041,1.5855326532596998e-13
shares,full_2015,252,21,0.05,future_var,future_rv_ann,124,0.8889639863507299,0.8409630212431155,2.4591733467106907e-34
shares,full_2015,252,21,0.05,future_var,future_mdd,124,0.9527945889153899,0.8662092840283241,1.444292659168839e-38
shares,full_2015,252,21,0.05,future_var,future_tail_event,124,0.40768427602155766,0.5025650239855418,2.7202301906508047e-09
shares,full_2015,252,21,0.05,future_rv_ann,future_mdd,124,0.8895764862650485,0.7264327301337529,1.3201870642376792e-21
shares,full_2015,252,21,0.05,future_rv_ann,future_tail_event,124,0.3460295812562554,0.4501862793473362,1.5546692838110239e-07
shares,full_2015,252,21,0.05,future_mdd,future_tail_event,124,0.41383102280065653,0.5323667235210726,1.9704440943173e-10
shares,full_2015,252,63,0.025,dq_es,dr_es_concentration,122,0.7035871194639313,0.6879041556801225,2.0805829519733494e-18
shares,full_2015,252,63,0.025,dq_es,current_es,122,0.902881395278054,0.6497766814797867,5.625349345787912e-16
shares,full_2015,252,63,0.025,dq_es,current_rv_ann,122,0.811094336127575,0.4395792990462592,4.07015607854588e-07
shares,full_2015,252,63,0.025,dq_es,current_hill_alpha,122,-0.5980037143889185,-0.8290823547431998,4.389875333192476e-32
shares,full_2015,252,63,0.025,dq_es,n_assets,122,,,
shares,full_2015,252,63,0.025,dq_es,future_es,122,-0.0015957091586910285,-0.031433945581693205,0.731064400464261
shares,full_2015,252,63,0.025,dq_es,future_var,122,0.0745521304066161,-0.01583895914053356,0.8625281164094538
shares,full_2015,252,63,0.025,dq_es,future_rv_ann,122,0.013786379610824333,0.007688064232604844,0.9330210539907913
shares,full_2015,252,63,0.025,dq_es,future_mdd,122,-0.08950593068724085,-0.15635329052043878,0.08546989975937451
shares,full_2015,252,63,0.025,dq_es,future_tail_event,122,-0.30227511353085323,-0.2816109454091182,0.0016761273218873674
shares,full_2015,252,63,0.025,dr_es_concentration,current_es,122,0.8773043466596182,0.9661010066718564,2.012453817836663e-72
shares,full_2015,252,63,0.025,dr_es_concentration,current_rv_ann,122,0.8557442503466713,0.8885801051480234,1.9846946123196652e-42
shares,full_2015,252,63,0.025,dr_es_concentration,current_hill_alpha,122,-0.40720510642738283,-0.5196991984396654,8.566499057633473e-10
shares,full_2015,252,63,0.025,dr_es_concentration,n_assets,122,,,
shares,full_2015,252,63,0.025,dr_es_concentration,future_es,122,0.08138826951947546,0.3186551361704728,0.0003473668445168387
shares,full_2015,252,63,0.025,dr_es_concentration,future_var,122,0.2264879681714007,0.36509670153562795,3.553051635495783e-05
shares,full_2015,252,63,0.025,dr_es_concentration,future_rv_ann,122,0.18559806103936094,0.41626655123074735,1.8537448908549044e-06
shares,full_2015,252,63,0.025,dr_es_concentration,future_mdd,122,0.1112021224383374,0.17778636954868124,0.05009684648182024
shares,full_2015,252,63,0.025,dr_es_concentration,future_tail_event,122,-0.260184907357633,-0.2500615915250062,0.005471775425593972
shares,full_2015,252,63,0.025,current_es,current_rv_ann,122,0.9713102406453066,0.9277455087133615,3.3753161083663256e-53
shares,full_2015,252,63,0.025,current_es,current_hill_alpha,122,-0.49044284865395654,-0.5433959581816827,9.982350887757023e-11
shares,full_2015,252,63,0.025,current_es,n_assets,122,,,
shares,full_2015,252,63,0.025,current_es,future_es,122,0.06492362720299877,0.29009517226456183,0.0011902205426513996
shares,full_2015,252,63,0.025,current_es,future_var,122,0.20309654538845914,0.327676096161335,0.00022933326406947784
shares,full_2015,252,63,0.025,current_es,future_rv_ann,122,0.13226893631391617,0.40020699158434025,4.940420169668449e-06
shares,full_2015,252,63,0.025,current_es,future_mdd,122,0.04406432505532001,0.14027493931410645,0.12330042697445992
shares,full_2015,252,63,0.025,current_es,future_tail_event,122,-0.2389109895832665,-0.29330653301996384,0.0010426866470893686
shares,full_2015,252,63,0.025,current_rv_ann,current_hill_alpha,122,-0.3308040126683813,-0.3101208424684733,0.0005084801913886956
shares,full_2015,252,63,0.025,current_rv_ann,n_assets,122,,,
shares,full_2015,252,63,0.025,current_rv_ann,future_es,122,0.07953238749539539,0.33661596276378286,0.00015003074375949504
shares,full_2015,252,63,0.025,current_rv_ann,future_var,122,0.2551249646820871,0.3937047168974904,7.243354830919128e-06
shares,full_2015,252,63,0.025,current_rv_ann,future_rv_ann,122,0.16250131571795182,0.4648421623086303,6.893147673089364e-08
shares,full_2015,252,63,0.025,current_rv_ann,future_mdd,122,0.1005751270702558,0.23013323819462947,0.01077040158826423
shares,full_2015,252,63,0.025,current_rv_ann,future_tail_event,122,-0.1787953091559709,-0.23478689332347866,0.009238427411088464
shares,full_2015,252,63,0.025,current_hill_alpha,n_assets,122,,,
shares,full_2015,252,63,0.025,current_hill_alpha,future_es,122,-0.028158885861985776,0.09070117553268804,0.320435370497707
shares,full_2015,252,63,0.025,current_hill_alpha,future_var,122,0.013119063613280808,0.1039229945038251,0.2546457170523102
shares,full_2015,252,63,0.025,current_hill_alpha,future_rv_ann,122,0.008334174760191637,0.06316499176355173,0.4894470830815636
shares,full_2015,252,63,0.025,current_hill_alpha,future_mdd,122,0.08664890655974897,0.19520066442464146,0.031190169992394316
shares,full_2015,252,63,0.025,current_hill_alpha,future_tail_event,122,0.2053521799932757,0.2813803067054881,0.0016915516173467598
shares,full_2015,252,63,0.025,n_assets,future_es,122,,,
shares,full_2015,252,63,0.025,n_assets,future_var,122,,,
shares,full_2015,252,63,0.025,n_assets,future_rv_ann,122,,,
shares,full_2015,252,63,0.025,n_assets,future_mdd,122,,,
shares,full_2015,252,63,0.025,n_assets,future_tail_event,122,,,
shares,full_2015,252,63,0.025,future_es,future_var,122,0.8736614958763215,0.9451699415598575,3.665104041574078e-60
shares,full_2015,252,63,0.025,future_es,future_rv_ann,122,0.9709103497469052,0.9478987336789861,1.858492464330296e-61
shares,full_2015,252,63,0.025,future_es,future_mdd,122,0.8595018195706813,0.8555410156012545,4.1765396188622225e-36
shares,full_2015,252,63,0.025,future_es,future_tail_event,122,0.3087654081342092,0.48413818410872467,1.6069092456393835e-08
shares,full_2015,252,63,0.025,future_var,future_rv_ann,122,0.9094137381639315,0.9537139703648934,1.8210756141034392e-64
shares,full_2015,252,63,0.025,future_var,future_mdd,122,0.9402872580805391,0.8745631648925779,1.5778866182451252e-39
shares,full_2015,252,63,0.025,future_var,future_tail_event,122,0.3866232934252772,0.4254932365277607,1.0311526239725418e-06
shares,full_2015,252,63,0.025,future_rv_ann,future_mdd,122,0.8998966410477465,0.843980490241302,2.9498491479145407e-34
shares,full_2015,252,63,0.025,future_rv_ann,future_tail_event,122,0.31447149940474667,0.3594481399359448,4.780233991865958e-05
shares,full_2015,252,63,0.025,future_mdd,future_tail_event,122,0.42464286798769657,0.4920012308165044,8.647106096205329e-09
shares,full_2015,252,63,0.05,dq_es,dr_es_concentration,122,0.6663806000136089,0.7744516422674229,1.2833238248763576e-25
shares,full_2015,252,63,0.05,dq_es,current_es,122,0.8175908164157583,0.7749894744633505,1.1316952377513719e-25
shares,full_2015,252,63,0.05,dq_es,current_rv_ann,122,0.766701224146115,0.6579724334742254,1.8071574600623223e-16
shares,full_2015,252,63,0.05,dq_es,current_hill_alpha,122,-0.6662563887018034,-0.7116561190765994,4.030939652994433e-20
shares,full_2015,252,63,0.05,dq_es,n_assets,122,,,
shares,full_2015,252,63,0.05,dq_es,future_es,122,0.015280486810292765,0.18320921587352748,0.04339267795483578
shares,full_2015,252,63,0.05,dq_es,future_var,122,0.03907110574481094,0.23012069942633834,0.010774813781552317
shares,full_2015,252,63,0.05,dq_es,future_rv_ann,122,0.01764100802825414,0.23458563624339507,0.00930047843657266
shares,full_2015,252,63,0.05,dq_es,future_mdd,122,-0.07932053015316692,0.05588560883798596,0.5409346332602638
shares,full_2015,252,63,0.05,dq_es,future_tail_event,122,-0.2146958101841634,-0.1351579748077224,0.1377240126284088
shares,full_2015,252,63,0.05,dr_es_concentration,current_es,122,0.8940754246465383,0.9548754665597249,4.102640427099874e-65
shares,full_2015,252,63,0.05,dr_es_concentration,current_rv_ann,122,0.835043701781537,0.9124052858195564,2.2080736091658146e-48
shares,full_2015,252,63,0.05,dr_es_concentration,current_hill_alpha,122,-0.26670893001298607,-0.35322228246116105,6.58702835177311e-05
shares,full_2015,252,63,0.05,dr_es_concentration,n_assets,122,,,
shares,full_2015,252,63,0.05,dr_es_concentration,future_es,122,0.1497241190097162,0.3961211377103626,6.2891673479724515e-06
shares,full_2015,252,63,0.05,dr_es_concentration,future_var,122,0.2967172657311396,0.4178531362243767,1.6779689771818473e-06
shares,full_2015,252,63,0.05,dr_es_concentration,future_rv_ann,122,0.2144815564840607,0.47601785731988194,2.99844817529809e-08
shares,full_2015,252,63,0.05,dr_es_concentration,future_mdd,122,0.15230022434100982,0.23030837764531034,0.010708938384336222
shares,full_2015,252,63,0.05,dr_es_concentration,future_tail_event,122,-0.24292073350614318,-0.25595113925976043,0.004433776892066053
shares,full_2015,252,63,0.05,current_es,current_rv_ann,122,0.9801407055756098,0.9597068154761896,5.301065452417414e-68
shares,full_2015,252,63,0.05,current_es,current_hill_alpha,122,-0.39365146612623825,-0.4360694646991892,5.151261154926616e-07
shares,full_2015,252,63,0.05,current_es,n_assets,122,,,
shares,full_2015,252,63,0.05,current_es,future_es,122,0.11559213510803405,0.3375837119614028,0.00014318334275358285
shares,full_2015,252,63,0.05,current_es,future_var,122,0.2231330503833589,0.35710898406947267,5.396387436484449e-05
shares,full_2015,252,63,0.05,current_es,future_rv_ann,122,0.15744217033012786,0.4326205280780193,6.476316147200412e-07
shares,full_2015,252,63,0.05,current_es,future_mdd,122,0.07588830729571669,0.177490565243307,0.050485929619488425
shares,full_2015,252,63,0.05,current_es,future_tail_event,122,-0.21601908892066626,-0.3189692532682068,0.0003424548299379004
shares,full_2015,252,63,0.05,current_rv_ann,current_hill_alpha,122,-0.3308040126683813,-0.3101208424684733,0.0005084801913886956
shares,full_2015,252,63,0.05,current_rv_ann,n_assets,122,,,
shares,full_2015,252,63,0.05,current_rv_ann,future_es,122,0.13216708307028774,0.3696683404985746,2.783175347461185e-05
shares,full_2015,252,63,0.05,current_rv_ann,future_var,122,0.2506252895548746,0.3873620973155578,1.0439710932904878e-05
shares,full_2015,252,63,0.05,current_rv_ann,future_rv_ann,122,0.16250131571795182,0.4648421623086303,6.893147673089364e-08
shares,full_2015,252,63,0.05,current_rv_ann,future_mdd,122,0.1005751270702558,0.23013323819462947,0.01077040158826423
shares,full_2015,252,63,0.05,current_rv_ann,future_tail_event,122,-0.1625417137207716,-0.2552948542872995,0.0045399967434583705
shares,full_2015,252,63,0.05,current_hill_alpha,n_assets,122,,,
shares,full_2015,252,63,0.05,current_hill_alpha,future_es,122,-0.007435313905717169,0.09939784954502456,0.27602909585106666
shares,full_2015,252,63,0.05,current_hill_alpha,future_var,122,0.08088105482111327,0.08596210630799707,0.3464732040528965
shares,full_2015,252,63,0.05,current_hill_alpha,future_rv_ann,122,0.008334174760191637,0.06316499176355173,0.4894470830815636
shares,full_2015,252,63,0.05,current_hill_alpha,future_mdd,122,0.08664890655974897,0.19520066442464146,0.031190169992394316
shares,full_2015,252,63,0.05,current_hill_alpha,future_tail_event,122,0.06688461141541434,0.12503571619300147,0.16998907885046805
shares,full_2015,252,63,0.05,n_assets,future_es,122,,,
shares,full_2015,252,63,0.05,n_assets,future_var,122,,,
shares,full_2015,252,63,0.05,n_assets,future_rv_ann,122,,,
shares,full_2015,252,63,0.05,n_assets,future_mdd,122,,,
shares,full_2015,252,63,0.05,n_assets,future_tail_event,122,,,
shares,full_2015,252,63,0.05,future_es,future_var,122,0.8268286773685849,0.93659432862276,1.7354092638937423e-56
shares,full_2015,252,63,0.05,future_es,future_rv_ann,122,0.982782523570632,0.969246351604637,6.405941460539114e-75
shares,full_2015,252,63,0.05,future_es,future_mdd,122,0.9174442323320754,0.8845740137149974,1.4612814904315883e-41
shares,full_2015,252,63,0.05,future_es,future_tail_event,122,0.2117055473658802,0.2913967867548618,0.0011282679745815067
shares,full_2015,252,63,0.05,future_var,future_rv_ann,122,0.814481892284217,0.9229826167232539,1.3473532232815693e-51
shares,full_2015,252,63,0.05,future_var,future_mdd,122,0.9180131676656365,0.8806758567888697,9.509133539790424e-41
shares,full_2015,252,63,0.05,future_var,future_tail_event,122,0.21612189547056215,0.21986091475942598,0.014962088430329397
shares,full_2015,252,63,0.05,future_rv_ann,future_mdd,122,0.8998966410477465,0.843980490241302,2.9498491479145407e-34
shares,full_2015,252,63,0.05,future_rv_ann,future_tail_event,122,0.17037910720465382,0.17260294775722307,0.05728497413772305
shares,full_2015,252,63,0.05,future_mdd,future_tail_event,122,0.2664598098949081,0.3609626988428028,4.4171039263459875e-05
shares,full_2015,504,21,0.025,dq_es,dr_es_concentration,112,0.7423241082993149,0.7757841252916003,9.797055532898829e-24
shares,full_2015,504,21,0.025,dq_es,current_es,112,0.8555401648310016,0.5931892155867393,5.514145270350634e-12
shares,full_2015,504,21,0.025,dq_es,current_rv_ann,112,0.7466900997590165,0.49466821909249253,2.9605274085993485e-08
shares,full_2015,504,21,0.025,dq_es,current_hill_alpha,112,-0.6393303461112183,-0.832849339625207,5.0224007079220336e-30
shares,full_2015,504,21,0.025,dq_es,n_assets,112,,,
shares,full_2015,504,21,0.025,dq_es,future_es,112,0.09633301307385671,0.11162567476434762,0.24129806003804435
shares,full_2015,504,21,0.025,dq_es,future_var,112,0.09385273208826617,0.08673610758482533,0.3631674025859375
shares,full_2015,504,21,0.025,dq_es,future_rv_ann,112,0.14595360538482055,0.16298372206402414,0.08597769772770142
shares,full_2015,504,21,0.025,dq_es,future_mdd,112,0.06558913926103957,0.002914916198089749,0.9756662500669797
shares,full_2015,504,21,0.025,dq_es,future_tail_event,112,0.0617470348327932,0.06899413189843918,0.4697806907541374
shares,full_2015,504,21,0.025,dr_es_concentration,current_es,112,0.8925148577188721,0.9059649335355245,7.237080216235122e-43
shares,full_2015,504,21,0.025,dr_es_concentration,current_rv_ann,112,0.846860175561652,0.865488434072505,8.26183015144733e-35
shares,full_2015,504,21,0.025,dr_es_concentration,current_hill_alpha,112,-0.10118980855279876,-0.5080349922602642,1.078583485055385e-08
shares,full_2015,504,21,0.025,dr_es_concentration,n_assets,112,,,
shares,full_2015,504,21,0.025,dr_es_concentration,future_es,112,0.1689924390553662,0.348037038302525,0.00016976286651485654
shares,full_2015,504,21,0.025,dr_es_concentration,future_var,112,0.19716303993184084,0.3433816243550757,0.00021005673016450955
shares,full_2015,504,21,0.025,dr_es_concentration,future_rv_ann,112,0.2802370846591998,0.47408343868520864,1.2913750399514902e-07
shares,full_2015,504,21,0.025,dr_es_concentration,future_mdd,112,0.19936485418218702,0.24328595346294463,0.009744379149685489
shares,full_2015,504,21,0.025,dr_es_concentration,future_tail_event,112,0.009976693200936818,0.027804209217439913,0.7710457292952655
shares,full_2015,504,21,0.025,current_es,current_rv_ann,112,0.9717420495546221,0.9647013801996108,1.4241653733320703e-65
shares,full_2015,504,21,0.025,current_es,current_hill_alpha,112,-0.21705600983149995,-0.2650525701085565,0.00473865903367886
shares,full_2015,504,21,0.025,current_es,n_assets,112,,,
shares,full_2015,504,21,0.025,current_es,future_es,112,0.13470416004300745,0.43982476781511415,1.2215674292613673e-06
shares,full_2015,504,21,0.025,current_es,future_var,112,0.15466635113097157,0.4481863904325301,7.218657967185557e-07
shares,full_2015,504,21,0.025,current_es,future_rv_ann,112,0.24146857078400646,0.5794728381409303,2.171209998893306e-11
shares,full_2015,504,21,0.025,current_es,future_mdd,112,0.14811710598100827,0.3346657203650167,0.0003102190772398504
shares,full_2015,504,21,0.025,current_es,future_tail_event,112,0.03202468749393706,0.04387308524930796,0.6460032805982969
shares,full_2015,504,21,0.025,current_rv_ann,current_hill_alpha,112,-0.02655443723464294,-0.18278681711338596,0.053728730559370844
shares,full_2015,504,21,0.025,current_rv_ann,n_assets,112,,,
shares,full_2015,504,21,0.025,current_rv_ann,future_es,112,0.11308246550236287,0.4190043393583217,4.265973413095583e-06
shares,full_2015,504,21,0.025,current_rv_ann,future_var,112,0.14239945906247178,0.42574401202719786,2.8717631883016086e-06
shares,full_2015,504,21,0.025,current_rv_ann,future_rv_ann,112,0.2322784003006058,0.5688317900707283,6.022529123590617e-11
shares,full_2015,504,21,0.025,current_rv_ann,future_mdd,112,0.15732390553263279,0.3152270475279325,0.0007108363315452706
shares,full_2015,504,21,0.025,current_rv_ann,future_tail_event,112,0.018842532161627477,-0.0037263373178012256,0.9688955151400852
shares,full_2015,504,21,0.025,current_hill_alpha,n_assets,112,,,
shares,full_2015,504,21,0.025,current_hill_alpha,future_es,112,-0.012734268930081758,0.062152217257579495,0.5150412940919209
shares,full_2015,504,21,0.025,current_hill_alpha,future_var,112,0.021256127685325026,0.08417549743099317,0.37755868640843626
shares,full_2015,504,21,0.025,current_hill_alpha,future_rv_ann,112,0.05874965922166555,0.05695292880538853,0.5508707378016624
shares,full_2015,504,21,0.025,current_hill_alpha,future_mdd,112,0.07139492956574206,0.12522296123432172,0.1883241183022631
shares,full_2015,504,21,0.025,current_hill_alpha,future_tail_event,112,-0.0997999310927427,-0.016056407039234676,0.8665600187439046
shares,full_2015,504,21,0.025,n_assets,future_es,112,,,
shares,full_2015,504,21,0.025,n_assets,future_var,112,,,
shares,full_2015,504,21,0.025,n_assets,future_rv_ann,112,,,
shares,full_2015,504,21,0.025,n_assets,future_mdd,112,,,
shares,full_2015,504,21,0.025,n_assets,future_tail_event,112,,,
shares,full_2015,504,21,0.025,future_es,future_var,112,0.9854576822924632,0.9823435951754537,6.491114688437506e-82
shares,full_2015,504,21,0.025,future_es,future_rv_ann,112,0.9594461523603225,0.8960604093347457,1.354556668857271e-40
shares,full_2015,504,21,0.025,future_es,future_mdd,112,0.8469051563538061,0.7835873167731575,1.759964770283213e-24
shares,full_2015,504,21,0.025,future_es,future_tail_event,112,0.42930982840216897,0.7042777530644316,4.5919492290760065e-18
shares,full_2015,504,21,0.025,future_var,future_rv_ann,112,0.9732687003675484,0.9130249086001299,1.2032530980915754e-44
shares,full_2015,504,21,0.025,future_var,future_mdd,112,0.9105745436784691,0.8360952608740221,1.875498259048957e-30
shares,full_2015,504,21,0.025,future_var,future_tail_event,112,0.46536700016177224,0.6687342278792507,7.78643685058774e-16
shares,full_2015,504,21,0.025,future_rv_ann,future_mdd,112,0.8874254755507451,0.723972392113985,1.899490158243961e-19
shares,full_2015,504,21,0.025,future_rv_ann,future_tail_event,112,0.4508351685758478,0.5580906736737682,1.6266117454423426e-10
shares,full_2015,504,21,0.025,future_mdd,future_tail_event,112,0.5116109129843126,0.5586639563380452,1.543977965747405e-10
shares,full_2015,504,21,0.05,dq_es,dr_es_concentration,112,0.6628019556494862,0.6758095791545562,2.966884331006002e-16
shares,full_2015,504,21,0.05,dq_es,current_es,112,0.7348212269794205,0.7091420078941046,2.1430045736439228e-18
shares,full_2015,504,21,0.05,dq_es,current_rv_ann,112,0.7410025510499633,0.6550351508349722,4.688007270163548e-15
shares,full_2015,504,21,0.05,dq_es,current_hill_alpha,112,-0.6156456219412444,-0.7337424998238371,3.5253551166755064e-20
shares,full_2015,504,21,0.05,dq_es,n_assets,112,,,
shares,full_2015,504,21,0.05,dq_es,future_es,112,0.13535041533260697,0.20995669147493948,0.02629190105748426
shares,full_2015,504,21,0.05,dq_es,future_var,112,0.12630972352276357,0.15455252121144392,0.10372158963417454
shares,full_2015,504,21,0.05,dq_es,future_rv_ann,112,0.19064762868377352,0.31495639250467855,0.0007188134126914537
shares,full_2015,504,21,0.05,dq_es,future_mdd,112,0.10523452456541571,0.11834248763960338,0.21396321419448922
shares,full_2015,504,21,0.05,dq_es,future_tail_event,112,0.1972619310730635,0.16723229416616142,0.0780019043146132
shares,full_2015,504,21,0.05,dr_es_concentration,current_es,112,0.9176230042280024,0.959509674427743,2.345855438607915e-62
shares,full_2015,504,21,0.05,dr_es_concentration,current_rv_ann,112,0.860806587161254,0.9406669627908566,1.8833682357596414e-53
shares,full_2015,504,21,0.05,dr_es_concentration,current_hill_alpha,112,0.14052121883035076,-0.12655589303143233,0.18362718956880372
shares,full_2015,504,21,0.05,dr_es_concentration,n_assets,112,,,
shares,full_2015,504,21,0.05,dr_es_concentration,future_es,112,0.2156565390195761,0.4136057675880685,5.821569823701456e-06
shares,full_2015,504,21,0.05,dr_es_concentration,future_var,112,0.2826486808203547,0.4047562100659446,9.580320630884491e-06
shares,full_2015,504,21,0.05,dr_es_concentration,future_rv_ann,112,0.3073412800410145,0.5622544162367172,1.1113329141322111e-10
shares,full_2015,504,21,0.05,dr_es_concentration,future_mdd,112,0.23260991099191627,0.3124935934670448,0.0007952603653195915
shares,full_2015,504,21,0.05,dr_es_concentration,future_tail_event,112,0.012864046617394041,-0.04741520299540581,0.6195802353147453
shares,full_2015,504,21,0.05,current_es,current_rv_ann,112,0.9827419712672616,0.9831546579916512,4.994636504536963e-83
shares,full_2015,504,21,0.05,current_es,current_hill_alpha,112,0.008272720282176517,-0.2088356054819513,0.027123250486751325
shares,full_2015,504,21,0.05,current_es,n_assets,112,,,
shares,full_2015,504,21,0.05,current_es,future_es,112,0.17620151353540817,0.43547174660863297,1.597596166570645e-06
shares,full_2015,504,21,0.05,current_es,future_var,112,0.2275089195883605,0.41787468514127346,4.554754263687447e-06
shares,full_2015,504,21,0.05,current_es,future_rv_ann,112,0.270719558415222,0.5750010679716666,3.3483915900748216e-11
shares,full_2015,504,21,0.05,current_es,future_mdd,112,0.18340155131008504,0.3212531500649129,0.0005529472449001084
shares,full_2015,504,21,0.05,current_es,future_tail_event,112,-0.013669350721353182,0.0011357225894696125,0.9905177464148406
shares,full_2015,504,21,0.05,current_rv_ann,current_hill_alpha,112,-0.02655443723464294,-0.18278681711338596,0.053728730559370844
shares,full_2015,504,21,0.05,current_rv_ann,n_assets,112,,,
shares,full_2015,504,21,0.05,current_rv_ann,future_es,112,0.14239945906247178,0.42574401202719786,2.8717631883016086e-06
shares,full_2015,504,21,0.05,current_rv_ann,future_var,112,0.19547537744593005,0.40981310007858684,7.2195504869745974e-06
shares,full_2015,504,21,0.05,current_rv_ann,future_rv_ann,112,0.2322784003006058,0.5688317900707283,6.022529123590617e-11
shares,full_2015,504,21,0.05,current_rv_ann,future_mdd,112,0.15732390553263279,0.3152270475279325,0.0007108363315452706
shares,full_2015,504,21,0.05,current_rv_ann,future_tail_event,112,-0.007490712723315406,-0.01334439844780882,0.8889399037823433
shares,full_2015,504,21,0.05,current_hill_alpha,n_assets,112,,,
shares,full_2015,504,21,0.05,current_hill_alpha,future_es,112,0.021256127685325026,0.08417549743099317,0.37755868640843626
shares,full_2015,504,21,0.05,current_hill_alpha,future_var,112,0.1003689761565932,0.14670366981083463,0.12270656752992644
shares,full_2015,504,21,0.05,current_hill_alpha,future_rv_ann,112,0.05874965922166555,0.05695292880538853,0.5508707378016624
shares,full_2015,504,21,0.05,current_hill_alpha,future_mdd,112,0.07139492956574206,0.12522296123432172,0.1883241183022631
shares,full_2015,504,21,0.05,current_hill_alpha,future_tail_event,112,-0.2578034439435657,-0.23174631147456468,0.013946940205526807
shares,full_2015,504,21,0.05,n_assets,future_es,112,,,
shares,full_2015,504,21,0.05,n_assets,future_var,112,,,
shares,full_2015,504,21,0.05,n_assets,future_rv_ann,112,,,
shares,full_2015,504,21,0.05,n_assets,future_mdd,112,,,
shares,full_2015,504,21,0.05,n_assets,future_tail_event,112,,,
shares,full_2015,504,21,0.05,future_es,future_var,112,0.9127689619340784,0.9207981685857792,8.656290940795696e-47
shares,full_2015,504,21,0.05,future_es,future_rv_ann,112,0.9732687003675484,0.9130249086001299,1.2032530980915754e-44
shares,full_2015,504,21,0.05,future_es,future_mdd,112,0.9105745436784691,0.8360952608740221,1.875498259048957e-30
shares,full_2015,504,21,0.05,future_es,future_tail_event,112,0.3360940312844728,0.5993622366664771,2.9129402295986327e-12
shares,full_2015,504,21,0.05,future_var,future_rv_ann,112,0.8875736811728225,0.8435610072778215,1.789456629161845e-31
shares,full_2015,504,21,0.05,future_var,future_mdd,112,0.9523678104854041,0.8609696928281,4.473100087194951e-34
shares,full_2015,504,21,0.05,future_var,future_tail_event,112,0.37164847566951575,0.48352150120464726,6.652297833580688e-08
shares,full_2015,504,21,0.05,future_rv_ann,future_mdd,112,0.8874254755507451,0.723972392113985,1.899490158243961e-19
shares,full_2015,504,21,0.05,future_rv_ann,future_tail_event,112,0.3224054859108238,0.45228993036935,5.547451270643582e-07
shares,full_2015,504,21,0.05,future_mdd,future_tail_event,112,0.3638596629213608,0.49203920234154647,3.5927663768425243e-08
shares,full_2015,504,63,0.025,dq_es,dr_es_concentration,110,0.7560154190353907,0.789702883859296,1.1683618407201905e-24
shares,full_2015,504,63,0.025,dq_es,current_es,110,0.861113917130745,0.6154731740958614,8.37501410870131e-13
shares,full_2015,504,63,0.025,dq_es,current_rv_ann,110,0.7587609655296655,0.5233531470962378,4.460394119703489e-09
shares,full_2015,504,63,0.025,dq_es,current_hill_alpha,110,-0.6330143209383731,-0.8280987042656769,6.567563864193217e-29
shares,full_2015,504,63,0.025,dq_es,n_assets,110,,,
shares,full_2015,504,63,0.025,dq_es,future_es,110,0.11023356650043689,0.09108432731480137,0.3439667151831648
shares,full_2015,504,63,0.025,dq_es,future_var,110,0.16373470518256344,0.12624422074358013,0.18877892738862947
shares,full_2015,504,63,0.025,dq_es,future_rv_ann,110,0.13447461512193373,0.13609988007596535,0.15627037774701644
shares,full_2015,504,63,0.025,dq_es,future_mdd,110,0.022934051808971866,-0.03874796303981857,0.6877571508228604
shares,full_2015,504,63,0.025,dq_es,future_tail_event,110,0.014750783060359126,-0.004948542513459541,0.9590799558616265
shares,full_2015,504,63,0.025,dr_es_concentration,current_es,110,0.894360377439058,0.9115218291857669,1.767206177320589e-43
shares,full_2015,504,63,0.025,dr_es_concentration,current_rv_ann,110,0.8465296803916122,0.8717850460969727,2.97225936480397e-35
shares,full_2015,504,63,0.025,dr_es_concentration,current_hill_alpha,110,-0.11828513797587191,-0.5208388047881296,5.444831850967176e-09
shares,full_2015,504,63,0.025,dr_es_concentration,n_assets,110,,,
shares,full_2015,504,63,0.025,dr_es_concentration,future_es,110,0.17868608662279994,0.2825086741947525,0.002787112837396703
shares,full_2015,504,63,0.025,dr_es_concentration,future_var,110,0.2971688574486356,0.3648966992190203,8.877562660714785e-05
shares,full_2015,504,63,0.025,dr_es_concentration,future_rv_ann,110,0.28535091164269016,0.4021684737281067,1.3297567865366666e-05
shares,full_2015,504,63,0.025,dr_es_concentration,future_mdd,110,0.1939771601278832,0.16943253493339316,0.07680362608621119
shares,full_2015,504,63,0.025,dr_es_concentration,future_tail_event,110,-0.04855368954380402,-0.05613537158200979,0.5602388796603252
shares,full_2015,504,63,0.025,current_es,current_rv_ann,110,0.9731260224317747,0.9676029217668103,2.1786913018956532e-66
shares,full_2015,504,63,0.025,current_es,current_hill_alpha,110,-0.22167105737529022,-0.28937034161477543,0.0021683389157800105
shares,full_2015,504,63,0.025,current_es,n_assets,110,,,
shares,full_2015,504,63,0.025,current_es,future_es,110,0.13814979782931733,0.42344713128362943,4.042515015853058e-06
shares,full_2015,504,63,0.025,current_es,future_var,110,0.2605672286059661,0.5048214215148077,1.868697022696623e-08
shares,full_2015,504,63,0.025,current_es,future_rv_ann,110,0.23151689766037614,0.5394112648295697,1.2001235559445697e-09
shares,full_2015,504,63,0.025,current_es,future_mdd,110,0.14568959887297409,0.33581161044438,0.000335115482909687
shares,full_2015,504,63,0.025,current_es,future_tail_event,110,0.03034297280033748,0.022279386456704544,0.8172934070353235
shares,full_2015,504,63,0.025,current_rv_ann,current_hill_alpha,110,-0.038626683148212666,-0.2134430756859715,0.025162149730461554
shares,full_2015,504,63,0.025,current_rv_ann,n_assets,110,,,
shares,full_2015,504,63,0.025,current_rv_ann,future_es,110,0.12035963833803877,0.42227968295171914,4.324593375663913e-06
shares,full_2015,504,63,0.025,current_rv_ann,future_var,110,0.28172120249662125,0.5031818855839525,2.112600590790253e-08
shares,full_2015,504,63,0.025,current_rv_ann,future_rv_ann,110,0.22325667502254123,0.5320064017311723,2.2173857060860353e-09
shares,full_2015,504,63,0.025,current_rv_ann,future_mdd,110,0.16830240920545242,0.33703919107779107,0.0003176587147726055
shares,full_2015,504,63,0.025,current_rv_ann,future_tail_event,110,0.03841931942551756,-0.0006101670824131499,0.994952311336601
shares,full_2015,504,63,0.025,current_hill_alpha,n_assets,110,,,
shares,full_2015,504,63,0.025,current_hill_alpha,future_es,110,-0.03547209460475487,0.1420782189142157,0.1387055526875978
shares,full_2015,504,63,0.025,current_hill_alpha,future_var,110,0.050914103944296144,0.0965285556116421,0.31577410547675444
shares,full_2015,504,63,0.025,current_hill_alpha,future_rv_ann,110,0.050260352618952134,0.12306652163423891,0.20024182152303147
shares,full_2015,504,63,0.025,current_hill_alpha,future_mdd,110,0.13164241362439366,0.2473145043203741,0.0091921988920725
shares,full_2015,504,63,0.025,current_hill_alpha,future_tail_event,110,-0.0850797674823272,0.04180869843605504,0.6645252539090961
shares,full_2015,504,63,0.025,n_assets,future_es,110,,,
shares,full_2015,504,63,0.025,n_assets,future_var,110,,,
shares,full_2015,504,63,0.025,n_assets,future_rv_ann,110,,,
shares,full_2015,504,63,0.025,n_assets,future_mdd,110,,,
shares,full_2015,504,63,0.025,n_assets,future_tail_event,110,,,
shares,full_2015,504,63,0.025,future_es,future_var,110,0.8695281540742537,0.9382129621970823,1.378874780842405e-51
shares,full_2015,504,63,0.025,future_es,future_rv_ann,110,0.9702834236121107,0.9497314029755893,2.7218104213630763e-56
shares,full_2015,504,63,0.025,future_es,future_mdd,110,0.8553385171328078,0.8676342303601572,1.4799422975869794e-34
shares,full_2015,504,63,0.025,future_es,future_tail_event,110,0.3420871192270555,0.6019746071376518,3.5037802213255987e-12
shares,full_2015,504,63,0.025,future_var,future_rv_ann,110,0.9058771442521061,0.9541055684046053,2.2411519504606766e-58
shares,full_2015,504,63,0.025,future_var,future_mdd,110,0.938145073397953,0.8851998554732119,1.102271746015115e-37
shares,full_2015,504,63,0.025,future_var,future_tail_event,110,0.41470174375236246,0.5262987680722596,3.523746135799954e-09
shares,full_2015,504,63,0.025,future_rv_ann,future_mdd,110,0.8962614743259387,0.8538846136160823,2.0961191794861534e-32
shares,full_2015,504,63,0.025,future_rv_ann,future_tail_event,110,0.35185969323136923,0.4740998230350175,1.6783511421675328e-07
shares,full_2015,504,63,0.025,future_mdd,future_tail_event,110,0.44932913501526395,0.5503806334651886,4.701097393676613e-10
shares,full_2015,504,63,0.05,dq_es,dr_es_concentration,110,0.6861730795713317,0.7037594730982653,9.947441570310708e-18
shares,full_2015,504,63,0.05,dq_es,current_es,110,0.7482743013654877,0.7303691949593227,1.3751160710426986e-19
shares,full_2015,504,63,0.05,dq_es,current_rv_ann,110,0.7536522460327104,0.6821647063343934,2.299971865165003e-16
shares,full_2015,504,63,0.05,dq_es,current_hill_alpha,110,-0.6076251733097169,-0.733409124607814,8.163014687431263e-20
shares,full_2015,504,63,0.05,dq_es,n_assets,110,,,
shares,full_2015,504,63,0.05,dq_es,future_es,110,0.16362850619928807,0.2123557868221432,0.025931841640752098
shares,full_2015,504,63,0.05,dq_es,future_var,110,0.1634298418642007,0.24383019401522588,0.010259265527551045
shares,full_2015,504,63,0.05,dq_es,future_rv_ann,110,0.18604612393804615,0.28786861005710035,0.0022920167608683527
shares,full_2015,504,63,0.05,dq_es,future_mdd,110,0.07654769528690396,0.07737738324728795,0.4216997678662442
shares,full_2015,504,63,0.05,dq_es,future_tail_event,110,0.16793264067930921,0.17750091542247404,0.06357639521232089
shares,full_2015,504,63,0.05,dr_es_concentration,current_es,110,0.9187356961892247,0.9606778808702978,6.333543262002379e-62
shares,full_2015,504,63,0.05,dr_es_concentration,current_rv_ann,110,0.8618689381845929,0.940968825372495,1.2633899164069067e-52
shares,full_2015,504,63,0.05,dr_es_concentration,current_hill_alpha,110,0.11853722080126873,-0.15985570021584833,0.09528117984537868
shares,full_2015,504,63,0.05,dr_es_concentration,n_assets,110,,,
shares,full_2015,504,63,0.05,dr_es_concentration,future_es,110,0.24087941400049015,0.4150958709235667,6.513533253992334e-06
shares,full_2015,504,63,0.05,dr_es_concentration,future_var,110,0.36068256514909997,0.4387984204738687,1.626065223958597e-06
shares,full_2015,504,63,0.05,dr_es_concentration,future_rv_ann,110,0.31745207912058926,0.5168045443274801,7.472903462847124e-09
shares,full_2015,504,63,0.05,dr_es_concentration,future_mdd,110,0.2507677858598865,0.29966052184430786,0.0014708095016982782
shares,full_2015,504,63,0.05,dr_es_concentration,future_tail_event,110,-0.040238811340398487,-0.07496865477171676,0.4363378907707144
shares,full_2015,504,63,0.05,current_es,current_rv_ann,110,0.982716987622693,0.9842747592743071,3.782086289219112e-83
shares,full_2015,504,63,0.05,current_es,current_hill_alpha,110,-0.003998086406542228,-0.23653853929136512,0.012849627949462426
shares,full_2015,504,63,0.05,current_es,n_assets,110,,,
shares,full_2015,504,63,0.05,current_es,future_es,110,0.19620998972482445,0.4503275429096991,7.963934086042492e-07
shares,full_2015,504,63,0.05,current_es,future_var,110,0.31100413710770775,0.47622203587466994,1.4520757152656356e-07
shares,full_2015,504,63,0.05,current_es,future_rv_ann,110,0.2620195999620506,0.5297260257383053,2.6709148065079755e-09
shares,full_2015,504,63,0.05,current_es,future_mdd,110,0.19590245489843267,0.32830188680579914,0.0004626465441623882
shares,full_2015,504,63,0.05,current_es,future_tail_event,110,-0.010177523352630438,0.006615060240330893,0.9453179481327993
shares,full_2015,504,63,0.05,current_rv_ann,current_hill_alpha,110,-0.038626683148212666,-0.2134430756859715,0.025162149730461554
shares,full_2015,504,63,0.05,current_rv_ann,n_assets,110,,,
shares,full_2015,504,63,0.05,current_rv_ann,future_es,110,0.17317285761003773,0.4615367277137272,3.8781639164628505e-07
shares,full_2015,504,63,0.05,current_rv_ann,future_var,110,0.29199487429945664,0.47415783043160536,1.6717424601961893e-07
shares,full_2015,504,63,0.05,current_rv_ann,future_rv_ann,110,0.22325667502254123,0.5320064017311723,2.2173857060860353e-09
shares,full_2015,504,63,0.05,current_rv_ann,future_mdd,110,0.16830240920545242,0.33703919107779107,0.0003176587147726055
shares,full_2015,504,63,0.05,current_rv_ann,future_tail_event,110,-0.009230726295970224,-0.023152084561853702,0.8102686867731932
shares,full_2015,504,63,0.05,current_hill_alpha,n_assets,110,,,
shares,full_2015,504,63,0.05,current_hill_alpha,future_es,110,-0.000734397392997118,0.14202639582033913,0.13885108207854194
shares,full_2015,504,63,0.05,current_hill_alpha,future_var,110,0.13854096799098123,0.10493905465336129,0.2752495952171617
shares,full_2015,504,63,0.05,current_hill_alpha,future_rv_ann,110,0.050260352618952134,0.12306652163423891,0.20024182152303147
shares,full_2015,504,63,0.05,current_hill_alpha,future_mdd,110,0.13164241362439366,0.2473145043203741,0.0091921988920725
shares,full_2015,504,63,0.05,current_hill_alpha,future_tail_event,110,-0.3268481288318846,-0.25199058302181443,0.007914193922688455
shares,full_2015,504,63,0.05,n_assets,future_es,110,,,
shares,full_2015,504,63,0.05,n_assets,future_var,110,,,
shares,full_2015,504,63,0.05,n_assets,future_rv_ann,110,,,
shares,full_2015,504,63,0.05,n_assets,future_mdd,110,,,
shares,full_2015,504,63,0.05,n_assets,future_tail_event,110,,,
shares,full_2015,504,63,0.05,future_es,future_var,110,0.8190899149272086,0.9388463584733971,8.03984445770385e-52
shares,full_2015,504,63,0.05,future_es,future_rv_ann,110,0.9822658284275283,0.971150855370205,4.5577432869268063e-69
shares,full_2015,504,63,0.05,future_es,future_mdd,110,0.9143603154541425,0.8960483307773928,6.977414532599467e-40
shares,full_2015,504,63,0.05,future_es,future_tail_event,110,0.16951086134846038,0.25908985941296,0.0062731605520069495
shares,full_2015,504,63,0.05,future_var,future_rv_ann,110,0.8068317748841125,0.9282667897575044,3.340700417691351e-48
shares,full_2015,504,63,0.05,future_var,future_mdd,110,0.9147368879263387,0.8929978720767764,3.0596545566947407e-39
shares,full_2015,504,63,0.05,future_var,future_tail_event,110,0.20241192441322128,0.24916839243201272,0.008665271383031426
shares,full_2015,504,63,0.05,future_rv_ann,future_mdd,110,0.8962614743259387,0.8538846136160823,2.0961191794861534e-32
shares,full_2015,504,63,0.05,future_rv_ann,future_tail_event,110,0.14768845182164822,0.18962659736375415,0.047239976501728315
shares,full_2015,504,63,0.05,future_mdd,future_tail_event,110,0.17018039989247136,0.20727001858284141,0.029803985922651613
shares,post_2024,252,21,0.025,dq_es,dr_es_concentration,16,,,
shares,post_2024,252,21,0.025,dq_es,current_es,16,,,
shares,post_2024,252,21,0.025,dq_es,current_rv_ann,16,,,
shares,post_2024,252,21,0.025,dq_es,current_hill_alpha,16,,,
shares,post_2024,252,21,0.025,dq_es,n_assets,16,,,
shares,post_2024,252,21,0.025,dq_es,future_es,16,,,
shares,post_2024,252,21,0.025,dq_es,future_var,16,,,
shares,post_2024,252,21,0.025,dq_es,future_rv_ann,16,,,
shares,post_2024,252,21,0.025,dq_es,future_mdd,16,,,
shares,post_2024,252,21,0.025,dq_es,future_tail_event,16,,,
shares,post_2024,252,21,0.025,dr_es_concentration,current_es,16,0.7616491811092677,0.5591813869661719,0.02432567984557706
shares,post_2024,252,21,0.025,dr_es_concentration,current_rv_ann,16,0.7781803920062943,0.6558823529411765,0.005800736962231502
shares,post_2024,252,21,0.025,dr_es_concentration,current_hill_alpha,16,-0.11283464898115066,-0.2899459043528299,0.2760128445332203
shares,post_2024,252,21,0.025,dr_es_concentration,n_assets,16,,,
shares,post_2024,252,21,0.025,dr_es_concentration,future_es,16,0.3982186208051558,0.5323529411764706,0.033768622960234626
shares,post_2024,252,21,0.025,dr_es_concentration,future_var,16,0.4053181448401033,0.5,0.04858028888702393
shares,post_2024,252,21,0.025,dr_es_concentration,future_rv_ann,16,0.45478591654749045,0.42352941176470593,0.10210932208599745
shares,post_2024,252,21,0.025,dr_es_concentration,future_mdd,16,0.33242401616683515,0.2323529411764706,0.38651134990798475
shares,post_2024,252,21,0.025,dr_es_concentration,future_tail_event,16,0.04227814820228028,-0.04099600308453939,0.8801775191832785
shares,post_2024,252,21,0.025,current_es,current_rv_ann,16,0.8789088656033586,0.858003186350211,2.1262856325957274e-05
shares,post_2024,252,21,0.025,current_es,current_hill_alpha,16,0.42454235106179083,0.4494047619047619,0.0807457289212358
shares,post_2024,252,21,0.025,current_es,n_assets,16,,,
shares,post_2024,252,21,0.025,current_es,future_es,16,0.4198066790212419,0.5503054919349629,0.027190959569006405
shares,post_2024,252,21,0.025,current_es,future_var,16,0.437209658111042,0.5769331770285901,0.019295238421974635
shares,post_2024,252,21,0.025,current_es,future_rv_ann,16,0.5804418201700191,0.6449817056011931,0.006980423028405488
shares,post_2024,252,21,0.025,current_es,future_mdd,16,0.4215631751791052,0.42012569814389644,0.10518994010148253
shares,post_2024,252,21,0.025,current_es,future_tail_event,16,-0.009771163531179695,-0.04123930494211613,0.8794712153070998
shares,post_2024,252,21,0.025,current_rv_ann,current_hill_alpha,16,0.24579391006940507,0.19526969068659975,0.468610373887431
shares,post_2024,252,21,0.025,current_rv_ann,n_assets,16,,,
shares,post_2024,252,21,0.025,current_rv_ann,future_es,16,0.46122681999073806,0.5647058823529412,0.022663204844184645
shares,post_2024,252,21,0.025,current_rv_ann,future_var,16,0.47286633825989155,0.5647058823529412,0.022663204844184645
shares,post_2024,252,21,0.025,current_rv_ann,future_rv_ann,16,0.552813585209575,0.5088235294117647,0.04413521823498383
shares,post_2024,252,21,0.025,current_rv_ann,future_mdd,16,0.44774016487790175,0.4970588235294117,0.05013355780377417
shares,post_2024,252,21,0.025,current_rv_ann,future_tail_event,16,0.10218505100706535,0.04099600308453939,0.8801775191832785
shares,post_2024,252,21,0.025,current_hill_alpha,n_assets,16,,,
shares,post_2024,252,21,0.025,current_hill_alpha,future_es,16,0.21793663472901303,0.16864200559297252,0.5324002961141762
shares,post_2024,252,21,0.025,current_hill_alpha,future_var,16,0.2788525322038547,0.23964916584264512,0.37134021199155554
shares,post_2024,252,21,0.025,current_hill_alpha,future_rv_ann,16,0.49263989021267096,0.4290015931751055,0.09729102458910929
shares,post_2024,252,21,0.025,current_hill_alpha,future_mdd,16,0.36757950494925345,0.24260779751971484,0.3652832412157597
shares,post_2024,252,21,0.025,current_hill_alpha,future_tail_event,16,0.10570680887730301,0.08247860988423227,0.761379307262201
shares,post_2024,252,21,0.025,n_assets,future_es,16,,,
shares,post_2024,252,21,0.025,n_assets,future_var,16,,,
shares,post_2024,252,21,0.025,n_assets,future_rv_ann,16,,,
shares,post_2024,252,21,0.025,n_assets,future_mdd,16,,,
shares,post_2024,252,21,0.025,n_assets,future_tail_event,16,,,
shares,post_2024,252,21,0.025,future_es,future_var,16,0.9807226134275113,0.976470588235294,1.0061504401171986e-10
shares,post_2024,252,21,0.025,future_es,future_rv_ann,16,0.8343728845291131,0.8264705882352942,7.923548582249693e-05
shares,post_2024,252,21,0.025,future_es,future_mdd,16,0.8351539635821796,0.7441176470588236,0.0009482827857378686
shares,post_2024,252,21,0.025,future_es,future_tail_event,16,0.8230639890709046,0.5739440431835515,0.02008022834833349
shares,post_2024,252,21,0.025,future_var,future_rv_ann,16,0.8767136069327125,0.8558823529411764,2.3449156927289165e-05
shares,post_2024,252,21,0.025,future_var,future_mdd,16,0.8822112713528919,0.8117647058823528,0.00013432237477471032
shares,post_2024,252,21,0.025,future_var,future_tail_event,16,0.8297139952171876,0.5739440431835515,0.02008022834833349
shares,post_2024,252,21,0.025,future_rv_ann,future_mdd,16,0.6928046246480909,0.5529411764705882,0.026314499870666502
shares,post_2024,252,21,0.025,future_rv_ann,future_tail_event,16,0.6826926177726812,0.5739440431835515,0.02008022834833349
shares,post_2024,252,21,0.025,future_mdd,future_tail_event,16,0.7010651508643352,0.5329480400990121,0.03353292578624218
shares,post_2024,252,21,0.05,dq_es,dr_es_concentration,16,0.4960540222807686,0.6558823529411765,0.005800736962231502
shares,post_2024,252,21,0.05,dq_es,current_es,16,0.3062634851524578,0.3343155319328576,0.20566080793022962
shares,post_2024,252,21,0.05,dq_es,current_rv_ann,16,0.1587313081538803,0.11470588235294117,0.6722910465997229
shares,post_2024,252,21,0.05,dq_es,current_hill_alpha,16,-0.06315731657750846,0.10355210869743926,0.7027303322607512
shares,post_2024,252,21,0.05,dq_es,n_assets,16,,,
shares,post_2024,252,21,0.05,dq_es,future_es,16,0.009405113171568957,0.34411764705882353,0.19185563142554293
shares,post_2024,252,21,0.05,dq_es,future_var,16,0.05247976113423464,0.4147058823529412,0.11022940391770164
shares,post_2024,252,21,0.05,dq_es,future_rv_ann,16,0.10257826941004597,0.44705882352941173,0.0825369233953715
shares,post_2024,252,21,0.05,dq_es,future_mdd,16,0.10710063979874612,0.16764705882352943,0.5348568245819433
shares,post_2024,252,21,0.05,dq_es,future_tail_event,16,-0.22351880082275472,0.15631503171567182,0.5631876595076646
shares,post_2024,252,21,0.05,dr_es_concentration,current_es,16,0.9391908835625753,0.8424162302449099,4.2203847192333175e-05
shares,post_2024,252,21,0.05,dr_es_concentration,current_rv_ann,16,0.6597341374085396,0.5264705882352941,0.036166514972245475
shares,post_2024,252,21,0.05,dr_es_concentration,current_hill_alpha,16,0.6143251533933225,0.6183540205075659,0.01067239982733261
shares,post_2024,252,21,0.05,dr_es_concentration,n_assets,16,,,
shares,post_2024,252,21,0.05,dr_es_concentration,future_es,16,0.40409578170582816,0.5647058823529412,0.022663204844184645
shares,post_2024,252,21,0.05,dr_es_concentration,future_var,16,0.42294297835729233,0.5911764705882353,0.01587557955564148
shares,post_2024,252,21,0.05,dr_es_concentration,future_rv_ann,16,0.6522380972641555,0.75,0.000819764027255587
shares,post_2024,252,21,0.05,dr_es_concentration,future_mdd,16,0.35932968482926597,0.2676470588235294,0.3162544185483094
shares,post_2024,252,21,0.05,dr_es_concentration,future_tail_event,16,0.13730399793006037,0.15631503171567182,0.5631876595076646
shares,post_2024,252,21,0.05,current_es,current_rv_ann,16,0.8232664778247787,0.8188521398884089,0.00010475984439437391
shares,post_2024,252,21,0.05,current_es,current_hill_alpha,16,0.5872349798777633,0.5688945076278223,0.021462160465444642
shares,post_2024,252,21,0.05,current_es,n_assets,16,,,
shares,post_2024,252,21,0.05,current_es,future_es,16,0.43681335582411585,0.5581743903196169,0.024638544788982326
shares,post_2024,252,21,0.05,current_es,future_var,16,0.44566080513419304,0.592047770207087,0.015682878318004766
shares,post_2024,252,21,0.05,current_es,future_rv_ann,16,0.6271068597019214,0.6730493308075591,0.00427032094813738
shares,post_2024,252,21,0.05,current_es,future_mdd,16,0.42041110851870633,0.34757033275838933,0.1871407605040969
shares,post_2024,252,21,0.05,current_es,future_tail_event,16,0.17783722503470453,0.17393935009518308,0.5194072589972409
shares,post_2024,252,21,0.05,current_rv_ann,current_hill_alpha,16,0.24579391006940507,0.19526969068659975,0.468610373887431
shares,post_2024,252,21,0.05,current_rv_ann,n_assets,16,,,
shares,post_2024,252,21,0.05,current_rv_ann,future_es,16,0.47286633825989155,0.5647058823529412,0.022663204844184645
shares,post_2024,252,21,0.05,current_rv_ann,future_var,16,0.464455014555912,0.5588235294117647,0.02443651142450573
shares,post_2024,252,21,0.05,current_rv_ann,future_rv_ann,16,0.552813585209575,0.5088235294117647,0.04413521823498383
shares,post_2024,252,21,0.05,current_rv_ann,future_mdd,16,0.44774016487790175,0.4970588235294117,0.05013355780377417
shares,post_2024,252,21,0.05,current_rv_ann,future_tail_event,16,0.26018527084787746,0.2257883791448593,0.4004430873143219
shares,post_2024,252,21,0.05,current_hill_alpha,n_assets,16,,,
shares,post_2024,252,21,0.05,current_hill_alpha,future_es,16,0.2788525322038547,0.23964916584264512,0.37134021199155554
shares,post_2024,252,21,0.05,current_hill_alpha,future_var,16,0.3337569942301193,0.29290453602989963,0.2709186461599994
shares,post_2024,252,21,0.05,current_hill_alpha,future_rv_ann,16,0.49263989021267096,0.4290015931751055,0.09729102458910929
shares,post_2024,252,21,0.05,current_hill_alpha,future_mdd,16,0.36757950494925345,0.24260779751971484,0.3652832412157597
shares,post_2024,252,21,0.05,current_hill_alpha,future_tail_event,16,0.08075173297815687,0.12229989761755714,0.6518330091355671
shares,post_2024,252,21,0.05,n_assets,future_es,16,,,
shares,post_2024,252,21,0.05,n_assets,future_var,16,,,
shares,post_2024,252,21,0.05,n_assets,future_rv_ann,16,,,
shares,post_2024,252,21,0.05,n_assets,future_mdd,16,,,
shares,post_2024,252,21,0.05,n_assets,future_tail_event,16,,,
shares,post_2024,252,21,0.05,future_es,future_var,16,0.9763006372730378,0.9441176470588234,3.9339291951072346e-08
shares,post_2024,252,21,0.05,future_es,future_rv_ann,16,0.8767136069327125,0.8558823529411764,2.3449156927289165e-05
shares,post_2024,252,21,0.05,future_es,future_mdd,16,0.8822112713528919,0.8117647058823528,0.00013432237477471032
shares,post_2024,252,21,0.05,future_es,future_tail_event,16,0.7980891447946677,0.6426284637199843,0.007258498472787479
shares,post_2024,252,21,0.05,future_var,future_rv_ann,16,0.8841118116637328,0.8588235294117647,2.0464395736214237e-05
shares,post_2024,252,21,0.05,future_var,future_mdd,16,0.8945856083926759,0.7911764705882354,0.0002619464480824597
shares,post_2024,252,21,0.05,future_var,future_tail_event,16,0.7811755374371842,0.6426284637199843,0.007258498472787479
shares,post_2024,252,21,0.05,future_rv_ann,future_mdd,16,0.6928046246480909,0.5529411764705882,0.026314499870666502
shares,post_2024,252,21,0.05,future_rv_ann,future_tail_event,16,0.6596314308362,0.5731551162907967,0.02029147351949518
shares,post_2024,252,21,0.05,future_mdd,future_tail_event,16,0.6407418089152687,0.5731551162907967,0.02029147351949518
shares,post_2024,252,63,0.025,dq_es,dr_es_concentration,14,-6.861660821404722e-15,,
shares,post_2024,252,63,0.025,dq_es,current_es,14,4.7417028864292605e-15,,
shares,post_2024,252,63,0.025,dq_es,current_rv_ann,14,2.9142338712118254e-15,,
shares,post_2024,252,63,0.025,dq_es,current_hill_alpha,14,3.782051432628629e-17,,
shares,post_2024,252,63,0.025,dq_es,n_assets,14,,,
shares,post_2024,252,63,0.025,dq_es,future_es,14,-1.9072771616089894e-16,,
shares,post_2024,252,63,0.025,dq_es,future_var,14,1.6378036935388085e-17,,
shares,post_2024,252,63,0.025,dq_es,future_rv_ann,14,-3.9561582351846003e-16,,
shares,post_2024,252,63,0.025,dq_es,future_mdd,14,2.9732045002046397e-16,,
shares,post_2024,252,63,0.025,dq_es,future_tail_event,14,-1.6024689053196368e-17,,
shares,post_2024,252,63,0.025,dr_es_concentration,current_es,14,0.6614296849563622,0.37748712277689894,0.18331524782858422
shares,post_2024,252,63,0.025,dr_es_concentration,current_rv_ann,14,0.6451043654369008,0.49890109890109896,0.06936352739715487
shares,post_2024,252,63,0.025,dr_es_concentration,current_hill_alpha,14,-0.24216628302433407,-0.4353657606465459,0.11972484547772604
shares,post_2024,252,63,0.025,dr_es_concentration,n_assets,14,,,
shares,post_2024,252,63,0.025,dr_es_concentration,future_es,14,0.498839275349639,0.3602264923116091,0.20580557361958035
shares,post_2024,252,63,0.025,dr_es_concentration,future_var,14,0.5669738399451173,0.4928252011379682,0.07337514482611687
shares,post_2024,252,63,0.025,dr_es_concentration,future_rv_ann,14,0.5490594804621802,0.3362637362637363,0.2397922022572531
shares,post_2024,252,63,0.025,dr_es_concentration,future_mdd,14,0.4334051668776048,0.2351648351648352,0.4183338961985912
shares,post_2024,252,63,0.025,dr_es_concentration,future_tail_event,14,0.4177335790143999,0.32225169331774484,0.26116286647441006
shares,post_2024,252,63,0.025,current_es,current_rv_ann,14,0.8545900806459391,0.8145774754659398,0.00038846239371939135
shares,post_2024,252,63,0.025,current_es,current_hill_alpha,14,0.4177847611714345,0.4661490107484188,0.09294386713195664
shares,post_2024,252,63,0.025,current_es,n_assets,14,,,
shares,post_2024,252,63,0.025,current_es,future_es,14,0.5073656491546404,0.43285265283781743,0.12211970397389178
shares,post_2024,252,63,0.025,current_es,future_var,14,0.6380690509381026,0.3795784801808553,0.18070249445159672
shares,post_2024,252,63,0.025,current_es,future_rv_ann,14,0.7337956703402574,0.4348828256552578,0.12018255933116528
shares,post_2024,252,63,0.025,current_es,future_mdd,14,0.48363086464981825,0.33775163616880427,0.23758786021284095
shares,post_2024,252,63,0.025,current_es,future_tail_event,14,0.23127076392415752,0.0,1.0
shares,post_2024,252,63,0.025,current_rv_ann,current_hill_alpha,14,0.21526929621099156,0.16795836451338828,0.5659992346873671
shares,post_2024,252,63,0.025,current_rv_ann,n_assets,14,,,
shares,post_2024,252,63,0.025,current_rv_ann,future_es,14,0.3769015644807229,0.39779612647907747,0.1589577200709164
shares,post_2024,252,63,0.025,current_rv_ann,future_var,14,0.5078988148101438,0.38011629863556295,0.18003449338846897
shares,post_2024,252,63,0.025,current_rv_ann,future_rv_ann,14,0.4949721806352955,0.2175824175824176,0.4549193731700327
shares,post_2024,252,63,0.025,current_rv_ann,future_mdd,14,0.250113964995483,0.23076923076923075,0.4273358616774501
shares,post_2024,252,63,0.025,current_rv_ann,future_tail_event,14,0.14656559888912288,0.07161148740394328,0.8077921832116881
shares,post_2024,252,63,0.025,current_hill_alpha,n_assets,14,,,
shares,post_2024,252,63,0.025,current_hill_alpha,future_es,14,0.11914133595917928,0.2755555555555555,0.34031346961660824
shares,post_2024,252,63,0.025,current_hill_alpha,future_var,14,0.17079868349171914,-0.0822222222222222,0.7799095241781531
shares,post_2024,252,63,0.025,current_hill_alpha,future_rv_ann,14,0.3828335885758014,0.37569634167468435,0.18557169184306455
shares,post_2024,252,63,0.025,current_hill_alpha,future_mdd,14,0.07812771775257828,0.22541780500481057,0.43842608631925195
shares,post_2024,252,63,0.025,current_hill_alpha,future_tail_event,14,-0.12166786042076741,-0.10801234497346433,0.7132136866738148
shares,post_2024,252,63,0.025,n_assets,future_es,14,,,
shares,post_2024,252,63,0.025,n_assets,future_var,14,,,
shares,post_2024,252,63,0.025,n_assets,future_rv_ann,14,,,
shares,post_2024,252,63,0.025,n_assets,future_mdd,14,,,
shares,post_2024,252,63,0.025,n_assets,future_tail_event,14,,,
shares,post_2024,252,63,0.025,future_es,future_var,14,0.959903951136746,0.8755555555555553,4.079628540026446e-05
shares,post_2024,252,63,0.025,future_es,future_rv_ann,14,0.8850866722938023,0.8884113491366064,2.1828772279561452e-05
shares,post_2024,252,63,0.025,future_es,future_mdd,14,0.8847834860639539,0.9060911769801209,8.066570166581267e-06
shares,post_2024,252,63,0.025,future_es,future_tail_event,14,0.9417295665570024,0.8640987597877147,6.743352441784941e-05
shares,post_2024,252,63,0.025,future_var,future_rv_ann,14,0.911866200173675,0.7160330276623394,0.003972764123839653
shares,post_2024,252,63,0.025,future_var,future_mdd,14,0.8416857948386233,0.8486317364886986,0.00012430737995275905
shares,post_2024,252,63,0.025,future_var,future_tail_event,14,0.8374933716615598,0.8640987597877147,6.743352441784941e-05
shares,post_2024,252,63,0.025,future_rv_ann,future_mdd,14,0.7797892259206771,0.7978021978021977,0.0006282758224581759
shares,post_2024,252,63,0.025,future_rv_ann,future_tail_event,14,0.7234930201562387,0.7519206177414045,0.0019242193074184223
shares,post_2024,252,63,0.025,future_mdd,future_tail_event,14,0.8383242145035642,0.8235321051453478,0.0002946674427994376
shares,post_2024,252,63,0.05,dq_es,dr_es_concentration,14,0.4642978621313996,0.6043956043956044,0.022056861754616085
shares,post_2024,252,63,0.05,dq_es,current_es,14,0.2422288576670454,0.20704896041358153,0.47756011863403813
shares,post_2024,252,63,0.05,dq_es,current_rv_ann,14,0.021427958732253324,-0.059340659340659345,0.8403017626906827
shares,post_2024,252,63,0.05,dq_es,current_hill_alpha,14,-0.0935583174359379,0.055249462010982985,0.8511960962286454
shares,post_2024,252,63,0.05,dq_es,n_assets,14,,,
shares,post_2024,252,63,0.05,dq_es,future_es,14,0.4475703750123276,0.6431733663911257,0.01308834151977415
shares,post_2024,252,63,0.05,dq_es,future_var,14,0.38109003995483337,0.5780219780219781,0.030383014145236965
shares,post_2024,252,63,0.05,dq_es,future_rv_ann,14,0.5093005514718447,0.7846153846153847,0.0008900739749078555
shares,post_2024,252,63,0.05,dq_es,future_mdd,14,0.5855157040065272,0.6967032967032967,0.005628677002967549
shares,post_2024,252,63,0.05,dq_es,future_tail_event,14,0.3873233312884878,0.6556121685429589,0.01090947526639278
shares,post_2024,252,63,0.05,dr_es_concentration,current_es,14,0.9232372114087365,0.781940222838526,0.0009525185202995432
shares,post_2024,252,63,0.05,dr_es_concentration,current_rv_ann,14,0.5376022189454781,0.3318681318681319,0.24637718314961166
shares,post_2024,252,63,0.05,dr_es_concentration,current_hill_alpha,14,0.629841549220486,0.6895132858970676,0.006366050312755343
shares,post_2024,252,63,0.05,dr_es_concentration,n_assets,14,,,
shares,post_2024,252,63,0.05,dr_es_concentration,future_es,14,0.5976228020467771,0.6123362871805922,0.019925070226862834
shares,post_2024,252,63,0.05,dr_es_concentration,future_var,14,0.6988513827685372,0.5384615384615385,0.04697614585955518
shares,post_2024,252,63,0.05,dr_es_concentration,future_rv_ann,14,0.8212337683265686,0.8197802197802198,0.00033143695693539925
shares,post_2024,252,63,0.05,dr_es_concentration,future_mdd,14,0.5158870180506215,0.5428571428571429,0.044863966439248656
shares,post_2024,252,63,0.05,dr_es_concentration,future_tail_event,14,0.35284947550186,0.3366657081707087,0.2391954465820382
shares,post_2024,252,63,0.05,current_es,current_rv_ann,14,0.7767826618132756,0.7334819555076878,0.0028314899499775055
shares,post_2024,252,63,0.05,current_es,current_hill_alpha,14,0.6039340204327703,0.629017867828557,0.015956930829253153
shares,post_2024,252,63,0.05,current_es,n_assets,14,,,
shares,post_2024,252,63,0.05,current_es,future_es,14,0.5899744879406887,0.39514348785871967,0.16201140945904313
shares,post_2024,252,63,0.05,current_es,future_var,14,0.7434846160992933,0.38105819310159156,0.17886844765623594
shares,post_2024,252,63,0.05,current_es,future_rv_ann,14,0.7544342953302344,0.48678532182342044,0.07752336855125326
shares,post_2024,252,63,0.05,current_es,future_mdd,14,0.4566955430204412,0.32819462874067706,0.2519638833763164
shares,post_2024,252,63,0.05,current_es,future_tail_event,14,0.3166185324306509,0.14206656045715385,0.6280490713337505
shares,post_2024,252,63,0.05,current_rv_ann,current_hill_alpha,14,0.21526929621099156,0.16795836451338828,0.5659992346873671
shares,post_2024,252,63,0.05,current_rv_ann,n_assets,14,,,
shares,post_2024,252,63,0.05,current_rv_ann,future_es,14,0.48715729757462123,0.3370052228008295,0.23869212214252447
shares,post_2024,252,63,0.05,current_rv_ann,future_var,14,0.6318073726739101,0.4197802197802198,0.13510107382914271
shares,post_2024,252,63,0.05,current_rv_ann,future_rv_ann,14,0.4949721806352955,0.2175824175824176,0.4549193731700327
shares,post_2024,252,63,0.05,current_rv_ann,future_mdd,14,0.250113964995483,0.23076923076923075,0.4273358616774501
shares,post_2024,252,63,0.05,current_rv_ann,future_tail_event,14,0.3016459268566268,0.23035022137995856,0.42819904902133055
shares,post_2024,252,63,0.05,current_hill_alpha,n_assets,14,,,
shares,post_2024,252,63,0.05,current_hill_alpha,future_es,14,0.1851269334222927,0.29900497238329293,0.299051078894318
shares,post_2024,252,63,0.05,current_hill_alpha,future_var,14,0.33193793287634066,0.24751758980920377,0.39356363387618876
shares,post_2024,252,63,0.05,current_hill_alpha,future_rv_ann,14,0.3828335885758014,0.37569634167468435,0.18557169184306455
shares,post_2024,252,63,0.05,current_hill_alpha,future_mdd,14,0.07812771775257828,0.22541780500481057,0.43842608631925195
shares,post_2024,252,63,0.05,current_hill_alpha,future_tail_event,14,-0.13480859010046886,-0.08908708063747478,0.7619982468793184
shares,post_2024,252,63,0.05,n_assets,future_es,14,,,
shares,post_2024,252,63,0.05,n_assets,future_var,14,,,
shares,post_2024,252,63,0.05,n_assets,future_rv_ann,14,,,
shares,post_2024,252,63,0.05,n_assets,future_mdd,14,,,
shares,post_2024,252,63,0.05,n_assets,future_tail_event,14,,,
shares,post_2024,252,63,0.05,future_es,future_var,14,0.9505871837361562,0.9493415099814217,2.1866864851307274e-07
shares,post_2024,252,63,0.05,future_es,future_rv_ann,14,0.9170792653225331,0.8590329208648595,8.30344387269091e-05
shares,post_2024,252,63,0.05,future_es,future_mdd,14,0.8586361488746157,0.8920726485904312,1.8015990029709604e-05
shares,post_2024,252,63,0.05,future_es,future_tail_event,14,0.8519631013517412,0.8346410426857788,0.00020463446007014526
shares,post_2024,252,63,0.05,future_var,future_rv_ann,14,0.9175324448889239,0.7626373626373627,0.0015142307860533152
shares,post_2024,252,63,0.05,future_var,future_mdd,14,0.7419456171852958,0.8065934065934066,0.0004911128961691055
shares,post_2024,252,63,0.05,future_var,future_tail_event,14,0.7324303824751949,0.7619276553337091,0.0015390197333295572
shares,post_2024,252,63,0.05,future_rv_ann,future_mdd,14,0.7797892259206771,0.7978021978021977,0.0006282758224581759
shares,post_2024,252,63,0.05,future_rv_ann,future_tail_event,14,0.700866844060074,0.6910506641398756,0.006202403580113661
shares,post_2024,252,63,0.05,future_mdd,future_tail_event,14,0.8044072100107256,0.7973661509306258,0.0006358041095661984
shares,shock_2022_2023,252,21,0.025,dq_es,dr_es_concentration,12,0.9614522419474817,0.9929823694376382,1.3246975672310749e-10
shares,shock_2022_2023,252,21,0.025,dq_es,current_es,12,0.9186891334050702,0.6890502381874481,0.013192648197342427
shares,shock_2022_2023,252,21,0.025,dq_es,current_rv_ann,12,0.875257431577857,0.6056488210754388,0.036879648297599016
shares,shock_2022_2023,252,21,0.025,dq_es,current_hill_alpha,12,-0.9278892734116844,-0.9788975131335582,3.1811385416647665e-08
shares,shock_2022_2023,252,21,0.025,dq_es,n_assets,12,,,
shares,shock_2022_2023,252,21,0.025,dq_es,future_es,12,0.07715257265467992,0.21127284456119963,0.5097974095241316
shares,shock_2022_2023,252,21,0.025,dq_es,future_var,12,0.010690097765522558,0.13380613488875975,0.6784466863299407
shares,shock_2022_2023,252,21,0.025,dq_es,future_rv_ann,12,0.03920832505597849,0.1690182756489597,0.599497869823576
shares,shock_2022_2023,252,21,0.025,dq_es,future_mdd,12,-0.17371636253372089,-0.19014556010507966,0.553900040754205
shares,shock_2022_2023,252,21,0.025,dq_es,future_tail_event,12,-0.059161929398584404,0.0,1.0
shares,shock_2022_2023,252,21,0.025,dr_es_concentration,current_es,12,0.844351574428505,0.6912323252351664,0.012788700217859494
shares,shock_2022_2023,252,21,0.025,dr_es_concentration,current_rv_ann,12,0.7872320830294022,0.6083916083916086,0.035805997052029234
shares,shock_2022_2023,252,21,0.025,dr_es_concentration,current_hill_alpha,12,-0.9107342566360447,-0.9790209790209792,3.0898013985487064e-08
shares,shock_2022_2023,252,21,0.025,dr_es_concentration,n_assets,12,,,
shares,shock_2022_2023,252,21,0.025,dr_es_concentration,future_es,12,0.13173382347108734,0.2027972027972028,0.5273023541661082
shares,shock_2022_2023,252,21,0.025,dr_es_concentration,future_var,12,0.09196890675349821,0.1258741258741259,0.6966831093957659
shares,shock_2022_2023,252,21,0.025,dr_es_concentration,future_rv_ann,12,0.11485950702118099,0.10489510489510491,0.7456094809807079
shares,shock_2022_2023,252,21,0.025,dr_es_concentration,future_mdd,12,-0.10727872171037121,-0.22377622377622378,0.48445166145539886
shares,shock_2022_2023,252,21,0.025,dr_es_concentration,future_tail_event,12,-0.01680351798511831,-0.04828045495852676,0.8815533219813625
shares,shock_2022_2023,252,21,0.025,current_es,current_rv_ann,12,0.9945544830736608,0.8912335563945799,9.96154017035981e-05
shares,shock_2022_2023,252,21,0.025,current_es,current_hill_alpha,12,-0.7443109995706951,-0.6982499122933914,0.011551504384579064
shares,shock_2022_2023,252,21,0.025,current_es,n_assets,12,,,
shares,shock_2022_2023,252,21,0.025,current_es,future_es,12,0.06563203226409631,-0.11929897998982567,0.711912996765272
shares,shock_2022_2023,252,21,0.025,current_es,future_var,12,-0.057665778108196085,-0.19649243763030108,0.5404881628848959
shares,shock_2022_2023,252,21,0.025,current_es,future_rv_ann,12,-0.07886296152667635,-0.10877259940248811,0.7364954924535465
shares,shock_2022_2023,252,21,0.025,current_es,future_mdd,12,-0.18940259812549365,-0.44561677819728995,0.1465429478427938
shares,shock_2022_2023,252,21,0.025,current_es,future_tail_event,12,-0.08097568609524283,-0.21802571240017912,0.4960366598696091
shares,shock_2022_2023,252,21,0.025,current_rv_ann,current_hill_alpha,12,-0.6796912394476387,-0.6363636363636365,0.026096891052703127
shares,shock_2022_2023,252,21,0.025,current_rv_ann,n_assets,12,,,
shares,shock_2022_2023,252,21,0.025,current_rv_ann,future_es,12,0.0661247087790017,-0.11188811188811189,0.729194990751066
shares,shock_2022_2023,252,21,0.025,current_rv_ann,future_var,12,-0.0729385510085854,-0.20979020979020982,0.5128409431818262
shares,shock_2022_2023,252,21,0.025,current_rv_ann,future_rv_ann,12,-0.10811321137372096,-0.15384615384615385,0.6330906812462618
shares,shock_2022_2023,252,21,0.025,current_rv_ann,future_mdd,12,-0.19090038325002615,-0.37762237762237766,0.22620604493502663
shares,shock_2022_2023,252,21,0.025,current_rv_ann,future_tail_event,12,-0.0827113113135609,-0.28968272975116055,0.36108560529212674
shares,shock_2022_2023,252,21,0.025,current_hill_alpha,n_assets,12,,,
shares,shock_2022_2023,252,21,0.025,current_hill_alpha,future_es,12,-0.012068063383733266,-0.2657342657342658,0.40383308831471165
shares,shock_2022_2023,252,21,0.025,current_hill_alpha,future_var,12,-0.012939536777310311,-0.17482517482517487,0.5868236643627043
shares,shock_2022_2023,252,21,0.025,current_hill_alpha,future_rv_ann,12,-0.10749051157346903,-0.14685314685314685,0.6487957097846664
shares,shock_2022_2023,252,21,0.025,current_hill_alpha,future_mdd,12,0.18747051311867055,0.1328671328671329,0.6805975082860818
shares,shock_2022_2023,252,21,0.025,current_hill_alpha,future_tail_event,12,0.1197339506415352,0.0,1.0
shares,shock_2022_2023,252,21,0.025,n_assets,future_es,12,,,
shares,shock_2022_2023,252,21,0.025,n_assets,future_var,12,,,
shares,shock_2022_2023,252,21,0.025,n_assets,future_rv_ann,12,,,
shares,shock_2022_2023,252,21,0.025,n_assets,future_mdd,12,,,
shares,shock_2022_2023,252,21,0.025,n_assets,future_tail_event,12,,,
shares,shock_2022_2023,252,21,0.025,future_es,future_var,12,0.9564188484146313,0.9580419580419581,9.543581826838402e-07
shares,shock_2022_2023,252,21,0.025,future_es,future_rv_ann,12,0.7796606706300588,0.7062937062937064,0.010245193941127854
shares,shock_2022_2023,252,21,0.025,future_es,future_mdd,12,0.8134095436271824,0.8531468531468532,0.0004181179404149972
shares,shock_2022_2023,252,21,0.025,future_es,future_tail_event,12,0.9302656203631618,0.8690481892534816,0.00024243082443224903
shares,shock_2022_2023,252,21,0.025,future_var,future_rv_ann,12,0.887777527796589,0.7342657342657343,0.006543490146837885
shares,shock_2022_2023,252,21,0.025,future_var,future_mdd,12,0.895507274391982,0.8601398601398602,0.0003316683391269209
shares,shock_2022_2023,252,21,0.025,future_var,future_tail_event,12,0.9208396301892826,0.8690481892534816,0.00024243082443224903
shares,shock_2022_2023,252,21,0.025,future_rv_ann,future_mdd,12,0.8490145802324411,0.6783216783216784,0.0153173290532817
shares,shock_2022_2023,252,21,0.025,future_rv_ann,future_tail_event,12,0.8004848186756726,0.8690481892534816,0.00024243082443224903
shares,shock_2022_2023,252,21,0.025,future_mdd,future_tail_event,12,0.8099993568283543,0.8690481892534816,0.00024243082443224903
shares,shock_2022_2023,252,21,0.05,dq_es,dr_es_concentration,12,0.9304657108448722,0.9718550849815182,1.3266867995787963e-07
shares,shock_2022_2023,252,21,0.05,dq_es,current_es,12,0.7885413931417357,0.6056488210754388,0.036879648297599016
shares,shock_2022_2023,252,21,0.05,dq_es,current_rv_ann,12,0.732555757139973,0.6056488210754388,0.036879648297599016
shares,shock_2022_2023,252,21,0.05,dq_es,current_hill_alpha,12,-0.9761648251659888,-0.9788975131335582,3.1811385416647665e-08
shares,shock_2022_2023,252,21,0.05,dq_es,n_assets,12,,,
shares,shock_2022_2023,252,21,0.05,dq_es,future_es,12,0.06277975684234634,0.13380613488875975,0.6784466863299407
shares,shock_2022_2023,252,21,0.05,dq_es,future_var,12,0.06407814028864436,0.1126788504326398,0.7273453279440116
shares,shock_2022_2023,252,21,0.05,dq_es,future_rv_ann,12,0.14127284108493166,0.1690182756489597,0.599497869823576
shares,shock_2022_2023,252,21,0.05,dq_es,future_mdd,12,-0.13075761039687542,-0.19014556010507966,0.553900040754205
shares,shock_2022_2023,252,21,0.05,dq_es,future_tail_event,12,-0.3184493582628217,-0.2219011527246921,0.4882155722155125
shares,shock_2022_2023,252,21,0.05,dr_es_concentration,current_es,12,0.8191699079862778,0.5804195804195805,0.04785597684206059
shares,shock_2022_2023,252,21,0.05,dr_es_concentration,current_rv_ann,12,0.7829782541874155,0.5804195804195805,0.04785597684206059
shares,shock_2022_2023,252,21,0.05,dr_es_concentration,current_hill_alpha,12,-0.8694421289614276,-0.9860139860139862,4.1168959116543284e-09
shares,shock_2022_2023,252,21,0.05,dr_es_concentration,n_assets,12,,,
shares,shock_2022_2023,252,21,0.05,dr_es_concentration,future_es,12,0.13664922613560307,0.15384615384615385,0.6330906812462618
shares,shock_2022_2023,252,21,0.05,dr_es_concentration,future_var,12,0.0864248225046034,0.06993006993006995,0.8290236405313092
shares,shock_2022_2023,252,21,0.05,dr_es_concentration,future_rv_ann,12,0.15270530368362437,0.10489510489510491,0.7456094809807079
shares,shock_2022_2023,252,21,0.05,dr_es_concentration,future_mdd,12,-0.03699195517160501,-0.16083916083916086,0.6175234895401425
shares,shock_2022_2023,252,21,0.05,dr_es_concentration,future_tail_event,12,-0.1525704560043832,-0.1713786140993951,0.594333596405789
shares,shock_2022_2023,252,21,0.05,current_es,current_rv_ann,12,0.9944841110075819,1.0,0.0
shares,shock_2022_2023,252,21,0.05,current_es,current_hill_alpha,12,-0.7427744542450253,-0.6363636363636365,0.026096891052703127
shares,shock_2022_2023,252,21,0.05,current_es,n_assets,12,,,
shares,shock_2022_2023,252,21,0.05,current_es,future_es,12,-0.07636861292809337,-0.20979020979020982,0.5128409431818262
shares,shock_2022_2023,252,21,0.05,current_es,future_var,12,-0.200455851022632,-0.18881118881118883,0.5567370561768314
shares,shock_2022_2023,252,21,0.05,current_es,future_rv_ann,12,-0.09282368969453848,-0.15384615384615385,0.6330906812462618
shares,shock_2022_2023,252,21,0.05,current_es,future_mdd,12,-0.19929517135738734,-0.37762237762237766,0.22620604493502663
shares,shock_2022_2023,252,21,0.05,current_es,future_tail_event,12,-0.2594157140177076,-0.4651705239840723,0.1275486589372921
shares,shock_2022_2023,252,21,0.05,current_rv_ann,current_hill_alpha,12,-0.6796912394476387,-0.6363636363636365,0.026096891052703127
shares,shock_2022_2023,252,21,0.05,current_rv_ann,n_assets,12,,,
shares,shock_2022_2023,252,21,0.05,current_rv_ann,future_es,12,-0.0729385510085854,-0.20979020979020982,0.5128409431818262
shares,shock_2022_2023,252,21,0.05,current_rv_ann,future_var,12,-0.21785386226998105,-0.18881118881118883,0.5567370561768314
shares,shock_2022_2023,252,21,0.05,current_rv_ann,future_rv_ann,12,-0.10811321137372096,-0.15384615384615385,0.6330906812462618
shares,shock_2022_2023,252,21,0.05,current_rv_ann,future_mdd,12,-0.19090038325002615,-0.37762237762237766,0.22620604493502663
shares,shock_2022_2023,252,21,0.05,current_rv_ann,future_tail_event,12,-0.21467533980613837,-0.4651705239840723,0.1275486589372921
shares,shock_2022_2023,252,21,0.05,current_hill_alpha,n_assets,12,,,
shares,shock_2022_2023,252,21,0.05,current_hill_alpha,future_es,12,-0.012939536777310311,-0.17482517482517487,0.5868236643627043
shares,shock_2022_2023,252,21,0.05,current_hill_alpha,future_var,12,-0.01259743049409829,-0.11188811188811189,0.729194990751066
shares,shock_2022_2023,252,21,0.05,current_hill_alpha,future_rv_ann,12,-0.10749051157346903,-0.14685314685314685,0.6487957097846664
shares,shock_2022_2023,252,21,0.05,current_hill_alpha,future_mdd,12,0.18747051311867055,0.1328671328671329,0.6805975082860818
shares,shock_2022_2023,252,21,0.05,current_hill_alpha,future_tail_event,12,0.351166562660332,0.1713786140993951,0.594333596405789
shares,shock_2022_2023,252,21,0.05,n_assets,future_es,12,,,
shares,shock_2022_2023,252,21,0.05,n_assets,future_var,12,,,
shares,shock_2022_2023,252,21,0.05,n_assets,future_rv_ann,12,,,
shares,shock_2022_2023,252,21,0.05,n_assets,future_mdd,12,,,
shares,shock_2022_2023,252,21,0.05,n_assets,future_tail_event,12,,,
shares,shock_2022_2023,252,21,0.05,future_es,future_var,12,0.9475437705312573,0.8951048951048951,8.36658642909172e-05
shares,shock_2022_2023,252,21,0.05,future_es,future_rv_ann,12,0.887777527796589,0.7342657342657343,0.006543490146837885
shares,shock_2022_2023,252,21,0.05,future_es,future_mdd,12,0.895507274391982,0.8601398601398602,0.0003316683391269209
shares,shock_2022_2023,252,21,0.05,future_es,future_tail_event,12,0.833845202955848,0.8568930704969754,0.00036987470986405877
shares,shock_2022_2023,252,21,0.05,future_var,future_rv_ann,12,0.9172034282213176,0.8531468531468532,0.0004181179404149972
shares,shock_2022_2023,252,21,0.05,future_var,future_mdd,12,0.8956779989531082,0.8181818181818183,0.0011431050868040604
shares,shock_2022_2023,252,21,0.05,future_var,future_tail_event,12,0.6805075263486827,0.661031797240524,0.01925720925832866
shares,shock_2022_2023,252,21,0.05,future_rv_ann,future_mdd,12,0.8490145802324411,0.6783216783216784,0.0153173290532817
shares,shock_2022_2023,252,21,0.05,future_rv_ann,future_tail_event,12,0.6065199664072711,0.612066478926411,0.03440273389391842
shares,shock_2022_2023,252,21,0.05,future_mdd,future_tail_event,12,0.7191338221785217,0.8568930704969754,0.00036987470986405877
shares,shock_2022_2023,252,63,0.025,dq_es,dr_es_concentration,10,0.9415036558050403,0.9999999999999999,6.646897422032013e-64
shares,shock_2022_2023,252,63,0.025,dq_es,current_es,10,0.9141120093484318,0.47561859798890127,0.16471614517440153
shares,shock_2022_2023,252,63,0.025,dq_es,current_rv_ann,10,0.8724188168253318,0.33333333333333326,0.34659350708733405
shares,shock_2022_2023,252,63,0.025,dq_es,current_hill_alpha,10,-0.9225812111803227,-0.9757575757575757,1.4675461874042197e-06
shares,shock_2022_2023,252,63,0.025,dq_es,n_assets,10,,,
shares,shock_2022_2023,252,63,0.025,dq_es,future_es,10,0.14350590928649085,0.270801280154532,0.4491852064013532
shares,shock_2022_2023,252,63,0.025,dq_es,future_var,10,-0.019398948900536093,0.26829767066040583,0.4535527319550734
shares,shock_2022_2023,252,63,0.025,dq_es,future_rv_ann,10,-0.019399577118454227,0.2121212121212121,0.5563057751029299
shares,shock_2022_2023,252,63,0.025,dq_es,future_mdd,10,-0.4841034326392051,-0.2006088294144213,0.5784061446498445
shares,shock_2022_2023,252,63,0.025,dq_es,future_tail_event,10,-0.3207769150960145,-0.18993429409939655,0.5991855935510638
shares,shock_2022_2023,252,63,0.025,dr_es_concentration,current_es,10,0.8113180444796529,0.47561859798890127,0.16471614517440153
shares,shock_2022_2023,252,63,0.025,dr_es_concentration,current_rv_ann,10,0.7533354526527014,0.33333333333333326,0.34659350708733405
shares,shock_2022_2023,252,63,0.025,dr_es_concentration,current_hill_alpha,10,-0.8988193379355061,-0.9757575757575757,1.4675461874042197e-06
shares,shock_2022_2023,252,63,0.025,dr_es_concentration,n_assets,10,,,
shares,shock_2022_2023,252,63,0.025,dr_es_concentration,future_es,10,0.34417768929143094,0.270801280154532,0.4491852064013532
shares,shock_2022_2023,252,63,0.025,dr_es_concentration,future_var,10,0.2440469242917542,0.26829767066040583,0.4535527319550734
shares,shock_2022_2023,252,63,0.025,dr_es_concentration,future_rv_ann,10,0.23257093549053437,0.2121212121212121,0.5563057751029299
shares,shock_2022_2023,252,63,0.025,dr_es_concentration,future_mdd,10,-0.21928165274396028,-0.2006088294144213,0.5784061446498445
shares,shock_2022_2023,252,63,0.025,dr_es_concentration,future_tail_event,10,-0.23894297069283132,-0.18993429409939655,0.5991855935510638
shares,shock_2022_2023,252,63,0.025,current_es,current_rv_ann,10,0.995014445206509,0.8109906863144085,0.004414185067148126
shares,shock_2022_2023,252,63,0.025,current_es,current_hill_alpha,10,-0.7248099875805052,-0.4756185979889012,0.16471614517440156
shares,shock_2022_2023,252,63,0.025,current_es,n_assets,10,,,
shares,shock_2022_2023,252,63,0.025,current_es,future_es,10,0.07290787719449605,-0.28484200765539025,0.4250491471640212
shares,shock_2022_2023,252,63,0.025,current_es,future_var,10,-0.1569284730715268,-0.23926380368098163,0.5055578643945143
shares,shock_2022_2023,252,63,0.025,current_es,future_rv_ann,10,-0.16720878666092848,-0.1768325556625402,0.6250493381834633
shares,shock_2022_2023,252,63,0.025,current_es,future_mdd,10,-0.43737784336278157,-0.40978784889415865,0.23955943374573738
shares,shock_2022_2023,252,63,0.025,current_es,future_tail_event,10,-0.26448202682723526,-0.03821919651404743,0.9165175222981161
shares,shock_2022_2023,252,63,0.025,current_rv_ann,current_hill_alpha,10,-0.6588715464148774,-0.3696969696969697,0.2930500752928223
shares,shock_2022_2023,252,63,0.025,current_rv_ann,n_assets,10,,,
shares,shock_2022_2023,252,63,0.025,current_rv_ann,future_es,10,0.04251045579665776,-0.6031483057987304,0.06489858621670086
shares,shock_2022_2023,252,63,0.025,current_rv_ann,future_var,10,-0.19597734631395103,-0.6158651076522952,0.05799168590199236
shares,shock_2022_2023,252,63,0.025,current_rv_ann,future_rv_ann,10,-0.21397764019708743,-0.5636363636363636,0.08972402831709127
shares,shock_2022_2023,252,63,0.025,current_rv_ann,future_mdd,10,-0.43055895932861216,-0.6686960980480711,0.034509541651785346
shares,shock_2022_2023,252,63,0.025,current_rv_ann,future_tail_event,10,-0.24301474359958664,-0.3418817293789138,0.33358700175210276
shares,shock_2022_2023,252,63,0.025,current_hill_alpha,n_assets,10,,,
shares,shock_2022_2023,252,63,0.025,current_hill_alpha,future_es,10,-0.25557581372840815,-0.3015741528993652,0.39710062168415194
shares,shock_2022_2023,252,63,0.025,current_hill_alpha,future_var,10,-0.11760874089851503,-0.2804930193267879,0.4324594956517145
shares,shock_2022_2023,252,63,0.025,current_hill_alpha,future_rv_ann,10,-0.16223125699744173,-0.22424242424242422,0.5334005612725948
shares,shock_2022_2023,252,63,0.025,current_hill_alpha,future_mdd,10,0.4608906677898755,0.12158110873601292,0.7379379712336097
shares,shock_2022_2023,252,63,0.025,current_hill_alpha,future_tail_event,10,0.2450395572930418,0.11396057645963793,0.7539236059777021
shares,shock_2022_2023,252,63,0.025,n_assets,future_es,10,,,
shares,shock_2022_2023,252,63,0.025,n_assets,future_var,10,,,
shares,shock_2022_2023,252,63,0.025,n_assets,future_rv_ann,10,,,
shares,shock_2022_2023,252,63,0.025,n_assets,future_mdd,10,,,
shares,shock_2022_2023,252,63,0.025,n_assets,future_tail_event,10,,,
shares,shock_2022_2023,252,63,0.025,future_es,future_var,10,0.9021976940551256,0.99075480923614,3.16093248035648e-08
shares,shock_2022_2023,252,63,0.025,future_es,future_rv_ann,10,0.8757182971123139,0.9662682041877618,5.438097117033142e-06
shares,shock_2022_2023,252,63,0.025,future_es,future_mdd,10,0.6258525882483786,0.7037573376128325,0.023132844033419662
shares,shock_2022_2023,252,63,0.025,future_es,future_tail_event,10,0.656209230505216,0.6557892373388906,0.039506834000588784
shares,shock_2022_2023,252,63,0.025,future_var,future_rv_ann,10,0.9546230487646332,0.9756278933105667,1.4989656502287172e-06
shares,shock_2022_2023,252,63,0.025,future_var,future_mdd,10,0.7505662945250372,0.6789022571231583,0.030875216513767987
shares,shock_2022_2023,252,63,0.025,future_var,future_tail_event,10,0.6470364183001424,0.6497263407388062,0.04201390767763935
shares,shock_2022_2023,252,63,0.025,future_rv_ann,future_mdd,10,0.6629021400234834,0.7051704306688749,0.022737736615376838
shares,shock_2022_2023,252,63,0.025,future_rv_ann,future_tail_event,10,0.6045394811204516,0.7217503175777069,0.01844338955367056
shares,shock_2022_2023,252,63,0.025,future_mdd,future_tail_event,10,0.6856802740172532,0.8001524245036219,0.005440459356914429
shares,shock_2022_2023,252,63,0.05,dq_es,dr_es_concentration,10,0.9035039527319934,0.9757575757575757,1.4675461874042197e-06
shares,shock_2022_2023,252,63,0.05,dq_es,current_es,10,0.7416504658609975,0.33333333333333326,0.34659350708733405
shares,shock_2022_2023,252,63,0.05,dq_es,current_rv_ann,10,0.6946656217510807,0.33333333333333326,0.34659350708733405
shares,shock_2022_2023,252,63,0.05,dq_es,current_hill_alpha,10,-0.977057619188289,-0.9757575757575757,1.4675461874042197e-06
shares,shock_2022_2023,252,63,0.05,dq_es,n_assets,10,,,
shares,shock_2022_2023,252,63,0.05,dq_es,future_es,10,0.25207082047351953,0.49240349038085235,0.1482304153537173
shares,shock_2022_2023,252,63,0.05,dq_es,future_var,10,0.08813133682215836,0.395138603392042,0.25841872523187825
shares,shock_2022_2023,252,63,0.05,dq_es,future_rv_ann,10,0.22184601931169826,0.2121212121212121,0.5563057751029299
shares,shock_2022_2023,252,63,0.05,dq_es,future_mdd,10,-0.3603041513985175,-0.2006088294144213,0.5784061446498445
shares,shock_2022_2023,252,63,0.05,dq_es,future_tail_event,10,0.12201459216281953,0.1740776559556978,0.6305360755569764
shares,shock_2022_2023,252,63,0.05,dr_es_concentration,current_es,10,0.7697847261136924,0.2727272727272727,0.44583834154275137
shares,shock_2022_2023,252,63,0.05,dr_es_concentration,current_rv_ann,10,0.7424249889428824,0.2727272727272727,0.44583834154275137
shares,shock_2022_2023,252,63,0.05,dr_es_concentration,current_hill_alpha,10,-0.8360008281435503,-0.9757575757575757,1.4675461874042197e-06
shares,shock_2022_2023,252,63,0.05,dr_es_concentration,n_assets,10,,,
shares,shock_2022_2023,252,63,0.05,dr_es_concentration,future_es,10,0.30093459512182985,0.5227987675648555,0.12102739408380091
shares,shock_2022_2023,252,63,0.05,dr_es_concentration,future_var,10,0.19266277529343157,0.43769199144964654,0.20584999674311066
shares,shock_2022_2023,252,63,0.05,dr_es_concentration,future_rv_ann,10,0.19380161150246017,0.2121212121212121,0.5563057751029299
shares,shock_2022_2023,252,63,0.05,dr_es_concentration,future_mdd,10,-0.14840460069554187,-0.12158110873601292,0.7379379712336097
shares,shock_2022_2023,252,63,0.05,dr_es_concentration,future_tail_event,10,0.11268157745317725,0.1740776559556978,0.6305360755569764
shares,shock_2022_2023,252,63,0.05,current_es,current_rv_ann,10,0.995681915497453,0.9999999999999999,6.646897422032013e-64
shares,shock_2022_2023,252,63,0.05,current_es,current_hill_alpha,10,-0.7112645569772701,-0.3696969696969697,0.2930500752928223
shares,shock_2022_2023,252,63,0.05,current_es,n_assets,10,,,
shares,shock_2022_2023,252,63,0.05,current_es,future_es,10,-0.11354302447661782,-0.47416632407045034,0.16619192808155497
shares,shock_2022_2023,252,63,0.05,current_es,future_var,10,-0.32469112393709304,-0.5714312110592608,0.08441186126257032
shares,shock_2022_2023,252,63,0.05,current_es,future_rv_ann,10,-0.2145724669677614,-0.5636363636363636,0.08972402831709127
shares,shock_2022_2023,252,63,0.05,current_es,future_mdd,10,-0.4676872887744854,-0.6686960980480711,0.034509541651785346
shares,shock_2022_2023,252,63,0.05,current_es,future_tail_event,10,0.12242879648921785,-0.058025885318565944,0.8734948923712951
shares,shock_2022_2023,252,63,0.05,current_rv_ann,current_hill_alpha,10,-0.6588715464148774,-0.3696969696969697,0.2930500752928223
shares,shock_2022_2023,252,63,0.05,current_rv_ann,n_assets,10,,,
shares,shock_2022_2023,252,63,0.05,current_rv_ann,future_es,10,-0.10431237905629565,-0.47416632407045034,0.16619192808155497
shares,shock_2022_2023,252,63,0.05,current_rv_ann,future_var,10,-0.3229699824442367,-0.5714312110592608,0.08441186126257032
shares,shock_2022_2023,252,63,0.05,current_rv_ann,future_rv_ann,10,-0.21397764019708743,-0.5636363636363636,0.08972402831709127
shares,shock_2022_2023,252,63,0.05,current_rv_ann,future_mdd,10,-0.43055895932861216,-0.6686960980480711,0.034509541651785346
shares,shock_2022_2023,252,63,0.05,current_rv_ann,future_tail_event,10,0.1450932528121453,-0.058025885318565944,0.8734948923712951
shares,shock_2022_2023,252,63,0.05,current_hill_alpha,n_assets,10,,,
shares,shock_2022_2023,252,63,0.05,current_hill_alpha,future_es,10,-0.1734895455132023,-0.5106406566912542,0.13150199306594584
shares,shock_2022_2023,252,63,0.05,current_hill_alpha,future_var,10,-0.0006611676932463869,-0.41337576970244394,0.23506197663269415
shares,shock_2022_2023,252,63,0.05,current_hill_alpha,future_rv_ann,10,-0.16223125699744173,-0.22424242424242422,0.5334005612725948
shares,shock_2022_2023,252,63,0.05,current_hill_alpha,future_mdd,10,0.4608906677898755,0.12158110873601292,0.7379379712336097
shares,shock_2022_2023,252,63,0.05,current_hill_alpha,future_tail_event,10,-0.04938408362212858,-0.2901294265928297,0.4161202535070595
shares,shock_2022_2023,252,63,0.05,n_assets,future_es,10,,,
shares,shock_2022_2023,252,63,0.05,n_assets,future_var,10,,,
shares,shock_2022_2023,252,63,0.05,n_assets,future_rv_ann,10,,,
shares,shock_2022_2023,252,63,0.05,n_assets,future_mdd,10,,,
shares,shock_2022_2023,252,63,0.05,n_assets,future_tail_event,10,,,
shares,shock_2022_2023,252,63,0.05,future_es,future_var,10,0.9207075783915523,0.9878048780487806,9.535706421584424e-08
shares,shock_2022_2023,252,63,0.05,future_es,future_rv_ann,10,0.9539484956036107,0.8753839828992931,0.0009053258282579358
shares,shock_2022_2023,252,63,0.05,future_es,future_mdd,10,0.7473711101751723,0.6829268292682927,0.029516797435020545
shares,shock_2022_2023,252,63,0.05,future_es,future_tail_event,10,0.6046293479924555,0.5238227218271837,0.12016976341187212
shares,shock_2022_2023,252,63,0.05,future_var,future_rv_ann,10,0.9161631851000437,0.8632258720256917,0.0012938147605104583
shares,shock_2022_2023,252,63,0.05,future_var,future_mdd,10,0.8286538297154011,0.7560975609756098,0.011395545811518725
shares,shock_2022_2023,252,63,0.05,future_var,future_tail_event,10,0.3347444083558055,0.5238227218271837,0.12016976341187212
shares,shock_2022_2023,252,63,0.05,future_rv_ann,future_mdd,10,0.6629021400234834,0.7051704306688749,0.022737736615376838
shares,shock_2022_2023,252,63,0.05,future_rv_ann,future_tail_event,10,0.47203932878172145,0.5222329678670935,0.12150291881711318
shares,shock_2022_2023,252,63,0.05,future_mdd,future_tail_event,10,0.4594410933347924,0.5238227218271837,0.12016976341187212
