market,period,window,horizon,tail_prob,dependent,spec_name,param,coef,t_hac,pvalue_hac,r2,n_obs
bonds,baseline_2018,252,21,0.025,future_es,dq_only,dq_es,0.002217575892133659,0.19348834767958104,0.8465765308369853,0.0006156089619268057,88
bonds,baseline_2018,252,21,0.025,future_es,dr_only,dr_es_concentration,0.004082805220528746,0.183873974032709,0.8541123223869631,0.00044359948794547854,88
bonds,baseline_2018,252,21,0.025,future_es,dq_dr,dq_es,0.002490859848182073,0.1386604837983394,0.8897184457305182,0.0006183226227834959,88
bonds,baseline_2018,252,21,0.025,future_es,dq_dr,dr_es_concentration,-0.0006732695748367726,-0.021601340975510627,0.9827659638384759,0.0006183226227834959,88
bonds,baseline_2018,252,21,0.025,future_es,dq_dr_current_es,dq_es,0.002293837565407183,0.12979950245583124,0.8967250565678984,0.003776534052567948,88
bonds,baseline_2018,252,21,0.025,future_es,dq_dr_current_es,dr_es_concentration,-0.007273994059837228,-0.2447514344839889,0.8066488999627345,0.003776534052567948,88
bonds,baseline_2018,252,21,0.025,future_es,full,dq_es,0.033789771863811435,1.0311143059957695,0.3024872198432833,0.07000181758797619,88
bonds,baseline_2018,252,21,0.025,future_es,full,dr_es_concentration,-0.07729283333406284,-1.4521832895979416,0.14645064779011793,0.07000181758797619,88
bonds,baseline_2018,252,21,0.025,future_var,dq_only,dq_es,-0.0015302129932999405,-0.2145616757015344,0.8301090763529052,0.0007416008398910545,88
bonds,baseline_2018,252,21,0.025,future_var,dr_only,dr_es_concentration,-0.0014834161598718423,-0.10641653446977122,0.9152518749573207,0.0001481556495577241,88
bonds,baseline_2018,252,21,0.025,future_var,dq_dr,dq_es,-0.004125573290324992,-0.3345865001575475,0.7379370298525383,0.0013608153202094853,88
bonds,baseline_2018,252,21,0.025,future_var,dq_dr,dr_es_concentration,0.006393998202428893,0.27970553201012094,0.7797034337465576,0.0013608153202094853,88
bonds,baseline_2018,252,21,0.025,future_var,dq_dr_current_es,dq_es,-0.004300649903542657,-0.35895739533235227,0.7196269616479156,0.007670174812969388,88
bonds,baseline_2018,252,21,0.025,future_var,dq_dr_current_es,dr_es_concentration,0.0005285068917983259,0.0239544704307036,0.9808889256074022,0.007670174812969388,88
bonds,baseline_2018,252,21,0.025,future_var,full,dq_es,0.019251421278975254,0.9062236073952388,0.3648175101535023,0.08170968776955567,88
bonds,baseline_2018,252,21,0.025,future_var,full,dr_es_concentration,-0.05272557342985152,-1.4723651007518355,0.14092231207887784,0.08170968776955567,88
bonds,baseline_2018,252,21,0.025,future_rv_ann,dq_only,dq_es,-0.006943691625013078,-0.12299796963477108,0.9021087057561612,0.00037136974052209837,88
bonds,baseline_2018,252,21,0.025,future_rv_ann,dr_only,dr_es_concentration,0.002439040503438619,0.02148804667206673,0.98285633863673,9.740683933667782e-06,88
bonds,baseline_2018,252,21,0.025,future_rv_ann,dq_dr,dq_es,-0.03526732790582297,-0.37730171281997127,0.7059493994457342,0.002164876547559147,88
bonds,baseline_2018,252,21,0.025,future_rv_ann,dq_dr,dr_es_concentration,0.06977885870926537,0.38259296080704563,0.7020215903349645,0.002164876547559147,88
bonds,baseline_2018,252,21,0.025,future_rv_ann,dq_dr_current_es,dq_es,-0.037537045539044675,-0.4284037464963946,0.668357197509672,0.02795372109925698,88
bonds,baseline_2018,252,21,0.025,future_rv_ann,dq_dr_current_es,dr_es_concentration,-0.006262188753173442,-0.037673844660664695,0.9699477301247306,0.02795372109925698,88
bonds,baseline_2018,252,21,0.025,future_rv_ann,full,dq_es,0.04120060171001996,0.334087429191864,0.7383135856876227,0.15188826937214672,88
bonds,baseline_2018,252,21,0.025,future_rv_ann,full,dr_es_concentration,-0.33049266594127646,-1.595824193254674,0.11052805020310609,0.15188826937214672,88
bonds,baseline_2018,252,21,0.025,future_mdd,dq_only,dq_es,0.00029539425781748295,0.01855820348628233,0.9851935458744708,4.943402297175048e-06,88
bonds,baseline_2018,252,21,0.025,future_mdd,dr_only,dr_es_concentration,0.018874064699640265,0.6788643154752659,0.497223837823613,0.004290209491736197,88
bonds,baseline_2018,252,21,0.025,future_mdd,dq_dr,dq_es,-0.032742355491169356,-0.9624485589411509,0.3358243313959631,0.017953193972420456,88
bonds,baseline_2018,252,21,0.025,future_mdd,dq_dr,dr_es_concentration,0.08139267320589627,1.315249678355918,0.1884260041644339,0.017953193972420456,88
bonds,baseline_2018,252,21,0.025,future_mdd,dq_dr_current_es,dq_es,-0.03281171137807364,-0.9680388129103258,0.33302498603355213,0.018130307231339127,88
bonds,baseline_2018,252,21,0.025,future_mdd,dq_dr_current_es,dr_es_concentration,0.0790690827245534,1.2578151428441622,0.20845861794893183,0.018130307231339127,88
bonds,baseline_2018,252,21,0.025,future_mdd,full,dq_es,0.02058522380138858,0.4129288618136362,0.6796587344858813,0.07670349151584965,88
bonds,baseline_2018,252,21,0.025,future_mdd,full,dr_es_concentration,-0.03980582584889462,-0.5098392167971617,0.6101641085133097,0.07670349151584965,88
bonds,baseline_2018,252,21,0.025,future_tail_event,dq_only,dq_es,0.3795009308626276,1.1521025314102595,0.2492789430461273,0.01746793872554453,88
bonds,baseline_2018,252,21,0.025,future_tail_event,dr_only,dr_es_concentration,0.3946012449288194,0.5292854742578212,0.5966074305859765,0.00401475117589245,88
bonds,baseline_2018,252,21,0.025,future_tail_event,dq_dr,dq_es,0.9749766935095855,1.74076394253233,0.08172496478113754,0.02995106878959486,88
bonds,baseline_2018,252,21,0.025,future_tail_event,dq_dr,dr_es_concentration,-1.4670298225332996,-1.188813082515456,0.23451322877890124,0.02995106878959486,88
bonds,baseline_2018,252,21,0.025,future_tail_event,dq_dr_current_es,dq_es,0.9873111155432923,1.739472005465487,0.08195177224481896,0.04194374571884252,88
bonds,baseline_2018,252,21,0.025,future_tail_event,dq_dr_current_es,dr_es_concentration,-1.0537967588435677,-0.8028853830688811,0.42204098524230127,0.04194374571884252,88
bonds,baseline_2018,252,21,0.025,future_tail_event,full,dq_es,1.9772024507735664,2.2923385121841435,0.02188611714103268,0.12612488067147876,88
bonds,baseline_2018,252,21,0.025,future_tail_event,full,dr_es_concentration,-2.728443505199409,-1.676642314207624,0.09361244711746776,0.12612488067147876,88
bonds,baseline_2018,252,21,0.05,future_es,dq_only,dq_es,-0.002708610194974817,-0.4352809608742033,0.6633585028115114,0.002185356004226202,88
bonds,baseline_2018,252,21,0.05,future_es,dr_only,dr_es_concentration,0.0025427257383546582,0.13080442809303247,0.8959300199849878,0.00024010027358289943,88
bonds,baseline_2018,252,21,0.05,future_es,dq_dr,dq_es,-0.009728403162480213,-1.4659241983113853,0.14266893874767264,0.01018236911478032,88
bonds,baseline_2018,252,21,0.05,future_es,dq_dr,dr_es_concentration,0.024710440861019346,0.9942905647955477,0.32008142784311866,0.01018236911478032,88
bonds,baseline_2018,252,21,0.05,future_es,dq_dr_current_es,dq_es,-0.007139059916543855,-0.5748118105245342,0.5654185782883236,0.011077792897748462,88
bonds,baseline_2018,252,21,0.05,future_es,dq_dr_current_es,dr_es_concentration,0.013292598218365197,0.23379060498129925,0.8151475436188282,0.011077792897748462,88
bonds,baseline_2018,252,21,0.05,future_es,full,dq_es,0.005826847036233322,0.32253341051495293,0.747048631013441,0.0743595264852076,88
bonds,baseline_2018,252,21,0.05,future_es,full,dr_es_concentration,-0.054922608970275434,-0.8735916273309949,0.3823406874655221,0.0743595264852076,88
bonds,baseline_2018,252,21,0.05,future_var,dq_only,dq_es,-0.003641784809260019,-1.2436801877630468,0.2136172905457966,0.01403053742704996,88
bonds,baseline_2018,252,21,0.05,future_var,dr_only,dr_es_concentration,-0.006498080774257991,-0.6777208015997709,0.49794873467303735,0.005569040756045918,88
bonds,baseline_2018,252,21,0.05,future_var,dq_dr,dq_es,-0.005091947865954055,-1.0666309518745483,0.28613851798618417,0.015242612286317181,88
bonds,baseline_2018,252,21,0.05,future_var,dq_dr,dr_es_concentration,0.0051047329482720154,0.31833194946701915,0.7502331516448787,0.015242612286317181,88
bonds,baseline_2018,252,21,0.05,future_var,dq_dr_current_es,dq_es,0.001170298270037522,0.15050748195759792,0.8803642482291598,0.033843180494687486,88
bonds,baseline_2018,252,21,0.05,future_var,dq_dr_current_es,dr_es_concentration,-0.02250896449509815,-0.6829568012266953,0.4946341399250024,0.033843180494687486,88
bonds,baseline_2018,252,21,0.05,future_var,full,dq_es,0.016810616803250265,1.5727858888228774,0.11576840418337125,0.21020271185385064,88
bonds,baseline_2018,252,21,0.05,future_var,full,dr_es_concentration,-0.08186622839963567,-2.0405918710195685,0.04129141085274354,0.21020271185385064,88
bonds,baseline_2018,252,21,0.05,future_rv_ann,dq_only,dq_es,-0.009975777856163572,-0.19418156877400125,0.8460337141768497,0.0007209114752547707,88
bonds,baseline_2018,252,21,0.05,future_rv_ann,dr_only,dr_es_concentration,0.04577613220032226,0.28137759555145014,0.77842080039221,0.0018924788186561736,88
bonds,baseline_2018,252,21,0.05,future_rv_ann,dq_dr,dq_es,-0.06515923634555836,-1.4049804883487294,0.1600270803820556,0.012739577094216692,88
bonds,baseline_2018,252,21,0.05,future_rv_ann,dq_dr,dr_es_concentration,0.1942518239242727,0.9943317035152982,0.3200614058545911,0.012739577094216692,88
bonds,baseline_2018,252,21,0.05,future_rv_ann,dq_dr_current_es,dq_es,-0.001368417233288106,-0.016605895899068707,0.9867510209603869,0.025956335601002856,88
bonds,baseline_2018,252,21,0.05,future_rv_ann,dq_dr_current_es,dr_es_concentration,-0.08703708430099745,-0.24017076578670465,0.8101978760053563,0.025956335601002856,88
bonds,baseline_2018,252,21,0.05,future_rv_ann,full,dq_es,0.049501127971377866,0.45437189970634106,0.6495611740485846,0.15232844257325495,88
bonds,baseline_2018,252,21,0.05,future_rv_ann,full,dr_es_concentration,-0.5069924728931796,-1.30411720865078,0.1921936223344819,0.15232844257325495,88
bonds,baseline_2018,252,21,0.05,future_mdd,dq_only,dq_es,0.0049217317852735115,0.38764437270440083,0.6982792269388144,0.0012906856409828915,88
bonds,baseline_2018,252,21,0.05,future_mdd,dr_only,dr_es_concentration,0.02720169394795452,0.7180504344527474,0.47272619007348127,0.00491519703070864,88
bonds,baseline_2018,252,21,0.05,future_mdd,dq_dr,dq_es,-0.007955741115655909,-0.5244183624974733,0.5999875875781921,0.006104572787522855,88
bonds,baseline_2018,252,21,0.05,future_mdd,dq_dr,dr_es_concentration,0.045330116433743864,0.9317371226246238,0.3514723965545157,0.006104572787522855,88
bonds,baseline_2018,252,21,0.05,future_mdd,dq_dr_current_es,dq_es,-0.013315258894090902,-0.4647403651165579,0.6421173982324619,0.006790781491892828,88
bonds,baseline_2018,252,21,0.05,future_mdd,dq_dr_current_es,dr_es_concentration,0.06896318660731557,0.5531938748524573,0.5801306607341601,0.006790781491892828,88
bonds,baseline_2018,252,21,0.05,future_mdd,full,dq_es,0.031230536287805182,0.7924172418316274,0.4281174292348282,0.08205926846738953,88
bonds,baseline_2018,252,21,0.05,future_mdd,full,dr_es_concentration,-0.11204408763293511,-0.773467354481375,0.4392458417355064,0.08205926846738953,88
bonds,baseline_2018,252,21,0.05,future_tail_event,dq_only,dq_es,0.27318532950297014,0.8063299382090746,0.42005263256938374,0.006983494260206724,88
bonds,baseline_2018,252,21,0.05,future_tail_event,dr_only,dr_es_concentration,0.04008310034265994,0.038156884509446494,0.9695625970192283,1.874325804596122e-05,88
bonds,baseline_2018,252,21,0.05,future_tail_event,dq_dr,dq_es,0.7423245950798318,1.3870528311816694,0.1654256536567773,0.01820397910679783,88
bonds,baseline_2018,252,21,0.05,future_tail_event,dq_dr,dr_es_concentration,-1.6514216489405609,-1.0357123700054065,0.3003363496720507,0.01820397910679783,88
bonds,baseline_2018,252,21,0.05,future_tail_event,dq_dr_current_es,dq_es,1.0842074290792412,1.4100683714211821,0.15851949537120502,0.023107779931554773,88
bonds,baseline_2018,252,21,0.05,future_tail_event,dq_dr_current_es,dr_es_concentration,-3.158971645240217,-1.1441364003635413,0.25256707388767463,0.023107779931554773,88
bonds,baseline_2018,252,21,0.05,future_tail_event,full,dq_es,2.4454598599542745,2.7791614426557048,0.00544994314646572,0.17017997385938888,88
bonds,baseline_2018,252,21,0.05,future_tail_event,full,dr_es_concentration,-8.474407288282455,-2.7913677496791713,0.005248580150383324,0.17017997385938888,88
bonds,baseline_2018,252,63,0.025,future_es,dq_only,dq_es,-0.009124602200533988,-1.171217262918255,0.24151145805730911,0.010855524417195617,86
bonds,baseline_2018,252,63,0.025,future_es,dr_only,dr_es_concentration,-0.0003732193084619452,-0.014202647010891955,0.9886683081911365,3.790549773619034e-06,86
bonds,baseline_2018,252,63,0.025,future_es,dq_dr,dq_es,-0.0382001289809988,-1.718550909199991,0.08569617699599041,0.044707625647690485,86
bonds,baseline_2018,252,63,0.025,future_es,dq_dr,dr_es_concentration,0.07276285311007342,1.182903535112612,0.23684738046408105,0.044707625647690485,86
bonds,baseline_2018,252,63,0.025,future_es,dq_dr_current_es,dq_es,-0.03824318951655218,-1.7420600089010532,0.08149794434486442,0.04473788828894898,86
bonds,baseline_2018,252,63,0.025,future_es,dq_dr_current_es,dr_es_concentration,0.07222117364226065,1.0994189107515195,0.27158538592850934,0.04473788828894898,86
bonds,baseline_2018,252,63,0.025,future_es,full,dq_es,0.012316051032613006,0.42067101467884505,0.6739953295715002,0.1579882556679788,86
bonds,baseline_2018,252,63,0.025,future_es,full,dr_es_concentration,0.0007278652478935094,0.010949810766761906,0.9912634896280414,0.1579882556679788,86
bonds,baseline_2018,252,63,0.025,future_var,dq_only,dq_es,-0.0103122851503606,-2.026862026409288,0.042676524968558185,0.06933486096603103,86
bonds,baseline_2018,252,63,0.025,future_var,dr_only,dr_es_concentration,-0.013968992201462173,-1.0165776845710897,0.30935437443817526,0.026553577406160822,86
bonds,baseline_2018,252,63,0.025,future_var,dq_dr,dq_es,-0.020132756986346957,-2.232148626820364,0.025605141476923523,0.08864627386022939,86
bonds,baseline_2018,252,63,0.025,future_var,dq_dr,dr_es_concentration,0.024576185844157772,0.9871380338142169,0.323574974568948,0.08864627386022939,86
bonds,baseline_2018,252,63,0.025,future_var,dq_dr_current_es,dq_es,-0.02058514741529076,-2.4561768776005946,0.014042402205942673,0.1053492432594707,86
bonds,baseline_2018,252,63,0.025,future_var,dq_dr_current_es,dr_es_concentration,0.018885346107844026,0.7342946591595804,0.4627691722695666,0.1053492432594707,86
bonds,baseline_2018,252,63,0.025,future_var,full,dq_es,0.002079169264570844,0.14142720671525041,0.8875324624250407,0.2807356988007471,86
bonds,baseline_2018,252,63,0.025,future_var,full,dr_es_concentration,-0.012449312941082558,-0.43703761461511503,0.6620840692723982,0.2807356988007471,86
bonds,baseline_2018,252,63,0.025,future_rv_ann,dq_only,dq_es,-0.0475972167850676,-1.15234584068309,0.24917898688286355,0.022158943617609395,86
bonds,baseline_2018,252,63,0.025,future_rv_ann,dr_only,dr_es_concentration,-0.04406927344893526,-0.37652567519921765,0.7065261314293652,0.00396468587970733,86
bonds,baseline_2018,252,63,0.025,future_rv_ann,dq_dr,dq_es,-0.12762837770847016,-1.5808356616484744,0.11391561824213577,0.041399236892937785,86
bonds,baseline_2018,252,63,0.025,future_rv_ann,dq_dr,dr_es_concentration,0.2002816888054023,0.866561529286516,0.38618229986155783,0.041399236892937785,86
bonds,baseline_2018,252,63,0.025,future_rv_ann,dq_dr_current_es,dq_es,-0.12983087353760328,-1.6575272848325169,0.09741291722964962,0.04733861771026027,86
bonds,baseline_2018,252,63,0.025,future_rv_ann,dq_dr_current_es,dr_es_concentration,0.17257542010126778,0.7249303262436128,0.468494775121831,0.04733861771026027,86
bonds,baseline_2018,252,63,0.025,future_rv_ann,full,dq_es,0.010154586329907154,0.09331920855339611,0.9256499724512057,0.19508407664816718,86
bonds,baseline_2018,252,63,0.025,future_rv_ann,full,dr_es_concentration,-0.0907002398779511,-0.387196097270764,0.6986110391804586,0.19508407664816718,86
bonds,baseline_2018,252,63,0.025,future_mdd,dq_only,dq_es,-0.012427264151965002,-0.5388939157875263,0.5899600556196232,0.0030656770707092607,86
bonds,baseline_2018,252,63,0.025,future_mdd,dr_only,dr_es_concentration,0.03659451326429447,0.5105917179170734,0.6096369764017404,0.005548279917407917,86
bonds,baseline_2018,252,63,0.025,future_mdd,dq_dr,dq_es,-0.11512718666710534,-1.871261155950832,0.06130889178779438,0.06736747205759708,86
bonds,baseline_2018,252,63,0.025,future_mdd,dq_dr,dr_es_concentration,0.25701131514514264,1.58708966371846,0.11249233856815707,0.06736747205759708,86
bonds,baseline_2018,252,63,0.025,future_mdd,dq_dr_current_es,dq_es,-0.11345247030314055,-1.8570204107364054,0.06330825026527175,0.07433667194593507,86
bonds,baseline_2018,252,63,0.025,future_mdd,dq_dr_current_es,dr_es_concentration,0.2780783886757599,1.5991074459501537,0.10979673050515318,0.07433667194593507,86
bonds,baseline_2018,252,63,0.025,future_mdd,full,dq_es,0.06463014459526412,0.7240610379958,0.4690282630306196,0.2610612262205326,86
bonds,baseline_2018,252,63,0.025,future_mdd,full,dr_es_concentration,0.08130931242682057,0.43591485041881245,0.6628985101272913,0.2610612262205326,86
bonds,baseline_2018,252,63,0.025,future_tail_event,dq_only,dq_es,0.7079342606449529,1.8641301101151053,0.062303435065537136,0.04980922301073254,86
bonds,baseline_2018,252,63,0.025,future_tail_event,dr_only,dr_es_concentration,0.5591328861458427,0.628199128000317,0.5298735014747108,0.0064849263241592014,86
bonds,baseline_2018,252,63,0.025,future_tail_event,dq_dr,dq_es,2.0620982830450103,3.1969748993149945,0.0013887701087173761,0.10578162785524947,86
bonds,baseline_2018,252,63,0.025,future_tail_event,dq_dr,dr_es_concentration,-3.388858217180898,-2.3661113049989484,0.017976039151074114,0.10578162785524947,86
bonds,baseline_2018,252,63,0.025,future_tail_event,dq_dr_current_es,dq_es,2.1386123436376137,3.4560752056735127,0.0005481023738434313,0.17861517372452762,86
bonds,baseline_2018,252,63,0.025,future_tail_event,dq_dr_current_es,dr_es_concentration,-2.426350550023341,-1.5797219246357395,0.11417056239443638,0.17861517372452762,86
bonds,baseline_2018,252,63,0.025,future_tail_event,full,dq_es,2.306507123730649,2.76932099320587,0.005617326240699796,0.34484331734073126,86
bonds,baseline_2018,252,63,0.025,future_tail_event,full,dr_es_concentration,-2.8566936279626667,-1.5625306378439494,0.11816303407263135,0.34484331734073126,86
bonds,baseline_2018,252,63,0.05,future_es,dq_only,dq_es,-0.005532469009591261,-0.843219968936942,0.39910543230436724,0.009343801812983554,86
bonds,baseline_2018,252,63,0.05,future_es,dr_only,dr_es_concentration,-0.0029456446402446766,-0.12406028763568616,0.9012675410628708,0.00033770118857923137,86
bonds,baseline_2018,252,63,0.05,future_es,dq_dr,dq_es,-0.0127869420699674,-1.5993992436830866,0.10973192024741645,0.018667747047809602,86
bonds,baseline_2018,252,63,0.05,future_es,dq_dr,dr_es_concentration,0.02554122108383677,0.7416371477705455,0.45830721008937636,0.018667747047809602,86
bonds,baseline_2018,252,63,0.05,future_es,dq_dr_current_es,dq_es,-0.01614831159180388,-0.9595526112164551,0.3372804289979593,0.02019709796689806,86
bonds,baseline_2018,252,63,0.05,future_es,dq_dr_current_es,dr_es_concentration,0.0397806065324432,0.4913497020535877,0.6231791323127528,0.02019709796689806,86
bonds,baseline_2018,252,63,0.05,future_es,full,dq_es,0.006840690079120212,0.339206246820373,0.734454363671232,0.20040244268752816,86
bonds,baseline_2018,252,63,0.05,future_es,full,dr_es_concentration,-0.018088027279998326,-0.22118628618202305,0.8249473868726609,0.20040244268752816,86
bonds,baseline_2018,252,63,0.05,future_var,dq_only,dq_es,-0.005745909608606609,-1.8197424262799595,0.06879823909933942,0.0492376666151908,86
bonds,baseline_2018,252,63,0.05,future_var,dr_only,dr_es_concentration,-0.009894436715727864,-0.8388461134452793,0.4015556699291558,0.018614367314295555,86
bonds,baseline_2018,252,63,0.05,future_var,dq_dr,dq_es,-0.007993763337028604,-1.5116398560578226,0.1306255066501161,0.053611057648607185,86
bonds,baseline_2018,252,63,0.05,future_var,dq_dr,dr_es_concentration,0.007914141876870662,0.3887440708617804,0.6974654777095386,0.053611057648607185,86
bonds,baseline_2018,252,63,0.05,future_var,dq_dr_current_es,dq_es,-0.002738066088043612,-0.34543078481862455,0.7297705369023133,0.07187647324694513,86
bonds,baseline_2018,252,63,0.05,future_var,dq_dr_current_es,dr_es_concentration,-0.014349967571170682,-0.40138855814599206,0.6881340720725414,0.07187647324694513,86
bonds,baseline_2018,252,63,0.05,future_var,full,dq_es,0.0009739949688924954,0.10332214803620993,0.9177072980988874,0.36499539460891484,86
bonds,baseline_2018,252,63,0.05,future_var,full,dr_es_concentration,-0.02604842637195087,-0.8720316349099418,0.3831911197527592,0.36499539460891484,86
bonds,baseline_2018,252,63,0.05,future_rv_ann,dq_only,dq_es,-0.028987009294981922,-0.6382737347021499,0.5232955064255531,0.0075157655323124795,86
bonds,baseline_2018,252,63,0.05,future_rv_ann,dr_only,dr_es_concentration,-0.024534046677718455,-0.15028184131707464,0.8805422588143208,0.0006864217292951169,86
bonds,baseline_2018,252,63,0.05,future_rv_ann,dq_dr,dq_es,-0.05995774113724116,-1.1837051356667274,0.2365298053073014,0.012495104252841505,86
bonds,baseline_2018,252,63,0.05,future_rv_ann,dq_dr,dr_es_concentration,0.10904035379660679,0.48061334126180894,0.630791331712697,0.012495104252841505,86
bonds,baseline_2018,252,63,0.05,future_rv_ann,dq_dr_current_es,dq_es,-0.05338888527893999,-0.5463256088334386,0.584842135931601,0.012666237685590831,86
bonds,baseline_2018,252,63,0.05,future_rv_ann,dq_dr_current_es,dr_es_concentration,0.08121346064634594,0.17162729325898823,0.8637305489117194,0.012666237685590831,86
bonds,baseline_2018,252,63,0.05,future_rv_ann,full,dq_es,0.045679360113586816,0.38771123875529206,0.6982297378120321,0.19770551936446212,86
bonds,baseline_2018,252,63,0.05,future_rv_ann,full,dr_es_concentration,-0.23436610746401423,-0.5039699707782005,0.6142824792228898,0.19770551936446212,86
bonds,baseline_2018,252,63,0.05,future_mdd,dq_only,dq_es,0.011354226001275478,0.43111373791718877,0.6663856720684629,0.0023402964986565244,86
bonds,baseline_2018,252,63,0.05,future_mdd,dr_only,dr_es_concentration,0.03690893934892713,0.3768961240213623,0.7062508019754553,0.0031528636483740824,86
bonds,baseline_2018,252,63,0.05,future_mdd,dq_dr,dq_es,0.00237172110390457,0.0608877377719504,0.951448615167271,0.003190363328894774,86
bonds,baseline_2018,252,63,0.05,future_mdd,dq_dr,dr_es_concentration,0.03162519752447757,0.20808435243900977,0.835163104697936,0.003190363328894774,86
bonds,baseline_2018,252,63,0.05,future_mdd,dq_dr_current_es,dq_es,-0.0429576410562319,-0.5792245049754898,0.5624376981108766,0.019729164424836965,86
bonds,baseline_2018,252,63,0.05,future_mdd,dq_dr_current_es,dr_es_concentration,0.22364879259325524,0.6652215341240814,0.5059088090905268,0.019729164424836965,86
bonds,baseline_2018,252,63,0.05,future_mdd,full,dq_es,0.06112515387430836,0.8109727056194185,0.41738134532723026,0.28264247403306175,86
bonds,baseline_2018,252,63,0.05,future_mdd,full,dr_es_concentration,-0.012672753307054939,-0.04076820822846357,0.967480684436409,0.28264247403306175,86
bonds,baseline_2018,252,63,0.05,future_tail_event,dq_only,dq_es,0.09271220168672029,0.3553746405419739,0.722308944517294,0.0011126217958730145,86
bonds,baseline_2018,252,63,0.05,future_tail_event,dr_only,dr_es_concentration,-0.3078294871629511,-0.4151892314006897,0.6780033813554389,0.0015637972923936427,86
bonds,baseline_2018,252,63,0.05,future_tail_event,dq_dr,dq_es,0.4905437223335933,0.8294616331454852,0.4068432383364984,0.013002420024582184,86
bonds,baseline_2018,252,63,0.05,future_tail_event,dq_dr,dr_es_concentration,-1.400667248798621,-0.8811151440962839,0.3782555012755848,0.013002420024582184,86
bonds,baseline_2018,252,63,0.05,future_tail_event,dq_dr_current_es,dq_es,0.8135940379820501,1.0282776151726158,0.3038192576453209,0.01899209294827564,86
bonds,baseline_2018,252,63,0.05,future_tail_event,dq_dr_current_es,dr_es_concentration,-2.7691683713110704,-0.9467971283008532,0.34374216538932956,0.01899209294827564,86
bonds,baseline_2018,252,63,0.05,future_tail_event,full,dq_es,1.5026100000788385,1.880217280513259,0.06007847143194737,0.22149710494089558,86
bonds,baseline_2018,252,63,0.05,future_tail_event,full,dr_es_concentration,-6.498484809486855,-2.0882287990582156,0.03677720064813089,0.22149710494089558,86
bonds,baseline_2018,504,21,0.025,future_es,dq_only,dq_es,-0.020606194996849923,-2.4250016401745644,0.0153083175927095,0.056611284917641225,76
bonds,baseline_2018,504,21,0.025,future_es,dr_only,dr_es_concentration,-0.05676398009923953,-2.2080969215223436,0.027237517568223027,0.039065320830682704,76
bonds,baseline_2018,504,21,0.025,future_es,dq_dr,dq_es,-0.04278636857662775,-1.2207807027681241,0.22216906208623277,0.06411174363455108,76
bonds,baseline_2018,504,21,0.025,future_es,dq_dr,dr_es_concentration,0.07764389776140053,0.7134737518798506,0.4755526497797473,0.06411174363455108,76
bonds,baseline_2018,504,21,0.025,future_es,dq_dr_current_es,dq_es,-0.03813582247524026,-1.050250647097582,0.2936028893331847,0.06458533323068605,76
bonds,baseline_2018,504,21,0.025,future_es,dq_dr_current_es,dr_es_concentration,0.059949547644873286,0.5149619750084772,0.6065795917790551,0.06458533323068605,76
bonds,baseline_2018,504,21,0.025,future_es,full,dq_es,-0.35282638101746777,-3.2922656792781044,0.0009938367706541383,0.5214332825803121,76
bonds,baseline_2018,504,21,0.025,future_es,full,dr_es_concentration,0.4889546223705414,2.532532880605841,0.011324174855037453,0.5214332825803121,76
bonds,baseline_2018,504,21,0.025,future_var,dq_only,dq_es,-0.016337950554767146,-2.750570095776351,0.005949166190877492,0.09125314509059901,76
bonds,baseline_2018,504,21,0.025,future_var,dr_only,dr_es_concentration,-0.04820460903817973,-2.5515386938210836,0.010724841447756253,0.0722384022775655,76
bonds,baseline_2018,504,21,0.025,future_var,dq_dr,dq_es,-0.025020361970054483,-1.0867595943463848,0.2771430690140456,0.09420017097873701,76
bonds,baseline_2018,504,21,0.025,future_var,dq_dr,dr_es_concentration,0.03039364240438644,0.40993659677078687,0.6818524584327736,0.09420017097873701,76
bonds,baseline_2018,504,21,0.025,future_var,dq_dr_current_es,dq_es,-0.02136536107383171,-0.8689589498928546,0.3848695841107558,0.09495026293100661,76
bonds,baseline_2018,504,21,0.025,future_var,dq_dr_current_es,dr_es_concentration,0.016487132475435325,0.20034345438961113,0.8412119796928719,0.09495026293100661,76
bonds,baseline_2018,504,21,0.025,future_var,full,dq_es,-0.20093006178065187,-3.0424363868625854,0.0023467141244605987,0.517306502996264,76
bonds,baseline_2018,504,21,0.025,future_var,full,dr_es_concentration,0.2528629311945094,2.079862823770022,0.037538116764101494,0.517306502996264,76
bonds,baseline_2018,504,21,0.025,future_rv_ann,dq_only,dq_es,-0.10434151502750141,-2.577953525365516,0.00993873640173882,0.08979388238554242,76
bonds,baseline_2018,504,21,0.025,future_rv_ann,dr_only,dr_es_concentration,-0.3317121187421771,-2.5168494322494843,0.011840941906912572,0.08252650719335808,76
bonds,baseline_2018,504,21,0.025,future_rv_ann,dq_dr,dq_es,-0.09338284074391504,-0.6147866363502583,0.5386956358292667,0.08990714825227519,76
bonds,baseline_2018,504,21,0.025,future_rv_ann,dq_dr,dr_es_concentration,-0.03836192636702504,-0.07569923394908726,0.9396583854665637,0.08990714825227519,76
bonds,baseline_2018,504,21,0.025,future_rv_ann,dq_dr_current_es,dq_es,-0.023922498069432682,-0.14333580379489855,0.8860249804223561,0.09644286405657587,76
bonds,baseline_2018,504,21,0.025,future_rv_ann,dq_dr_current_es,dr_es_concentration,-0.30264392587880123,-0.5266294979041407,0.598450903434564,0.09644286405657587,76
bonds,baseline_2018,504,21,0.025,future_rv_ann,full,dq_es,-1.1352224960625206,-3.202985430127368,0.001360108619756016,0.5535871898130593,76
bonds,baseline_2018,504,21,0.025,future_rv_ann,full,dr_es_concentration,1.1094484819706225,1.5847611636608143,0.11302060928200575,0.5535871898130593,76
bonds,baseline_2018,504,21,0.025,future_mdd,dq_only,dq_es,-0.03548331893183631,-2.272814900093855,0.023037336751340502,0.07720366285863722,76
bonds,baseline_2018,504,21,0.025,future_mdd,dr_only,dr_es_concentration,-0.10661532498075516,-2.2765151551203955,0.02281519458694042,0.06338215795676805,76
bonds,baseline_2018,504,21,0.025,future_mdd,dq_dr,dq_es,-0.048987179573023364,-0.927204905458817,0.35382015638114594,0.07848232519467102,76
bonds,baseline_2018,504,21,0.025,future_mdd,dq_dr,dr_es_concentration,0.04727160367962416,0.29035344645671035,0.7715458546258862,0.07848232519467102,76
bonds,baseline_2018,504,21,0.025,future_mdd,dq_dr_current_es,dq_es,-0.05015228343024919,-0.8775227072038619,0.38020279078649455,0.07849599636076254,76
bonds,baseline_2018,504,21,0.025,future_mdd,dq_dr_current_es,dr_es_concentration,0.05170457888778872,0.27761492412114225,0.7813079745272449,0.07849599636076254,76
bonds,baseline_2018,504,21,0.025,future_mdd,full,dq_es,-0.39071000320003274,-2.758198918051421,0.005812081848877865,0.4392363290487129,76
bonds,baseline_2018,504,21,0.025,future_mdd,full,dr_es_concentration,0.45166004453005015,1.6750404932710472,0.09392628701704225,0.4392363290487129,76
bonds,baseline_2018,504,21,0.025,future_tail_event,dq_only,dq_es,-0.3151206140814525,-1.0479120898913743,0.29467911156125026,0.014885097107186107,76
bonds,baseline_2018,504,21,0.025,future_tail_event,dr_only,dr_es_concentration,-1.155356128513104,-1.1088183384957888,0.2675085576868089,0.01819567219231577,76
bonds,baseline_2018,504,21,0.025,future_tail_event,dq_dr,dq_es,0.14543744343207082,0.13898254896669385,0.8894639391104591,0.018521042529350384,76
bonds,baseline_2018,504,21,0.025,future_tail_event,dq_dr,dr_es_concentration,-1.6122291650310603,-0.43815867189814556,0.6612712652226876,0.018521042529350384,76
bonds,baseline_2018,504,21,0.025,future_tail_event,dq_dr_current_es,dq_es,-0.6022655019322456,-0.470456066439308,0.638029215531474,0.032284992025312764,76
bonds,baseline_2018,504,21,0.025,future_tail_event,dq_dr_current_es,dr_es_concentration,1.2326233340096078,0.26002727198432524,0.7948427369694658,0.032284992025312764,76
bonds,baseline_2018,504,21,0.025,future_tail_event,full,dq_es,-3.2022416779415614,-1.4608231317362812,0.14406398600849613,0.13513388469799503,76
bonds,baseline_2018,504,21,0.025,future_tail_event,full,dr_es_concentration,3.5535425401180643,0.7007062727806626,0.4834863405884786,0.13513388469799503,76
bonds,baseline_2018,504,21,0.05,future_es,dq_only,dq_es,-0.021567166560724937,-2.652949954366104,0.007979170029536334,0.08802115793524212,76
bonds,baseline_2018,504,21,0.05,future_es,dr_only,dr_es_concentration,-0.05154138044329222,-1.9780084430903275,0.04792775418559195,0.049150724506417776,76
bonds,baseline_2018,504,21,0.05,future_es,dq_dr,dq_es,-0.023878525886474926,-1.5515810155139083,0.12076250856086221,0.08860389564438931,76
bonds,baseline_2018,504,21,0.05,future_es,dq_dr,dr_es_concentration,0.009280997297279048,0.18342306721031218,0.8544660778759965,0.08860389564438931,76
bonds,baseline_2018,504,21,0.05,future_es,dq_dr_current_es,dq_es,-0.005315202675609816,-0.2271835032003146,0.8202810548828674,0.0999889087358693,76
bonds,baseline_2018,504,21,0.05,future_es,dq_dr_current_es,dr_es_concentration,-0.06568482729125964,-0.6977257148964677,0.4853487433244439,0.0999889087358693,76
bonds,baseline_2018,504,21,0.05,future_es,full,dq_es,-0.10513557564367836,-1.397863604444153,0.16215402985629845,0.34091142117968865,76
bonds,baseline_2018,504,21,0.05,future_es,full,dr_es_concentration,0.06396243227487286,0.42155852723550696,0.6733472830638789,0.34091142117968865,76
bonds,baseline_2018,504,21,0.05,future_var,dq_only,dq_es,-0.01484090731739688,-3.281876296911889,0.0010311883255297236,0.15731094619984343,76
bonds,baseline_2018,504,21,0.05,future_var,dr_only,dr_es_concentration,-0.044673459479274875,-2.1799348246398944,0.029262293072247605,0.1393651372163629,76
bonds,baseline_2018,504,21,0.05,future_var,dq_dr,dq_es,-0.010160892281870788,-1.3548375680760656,0.17546931431302937,0.16632810733959447,76
bonds,baseline_2018,504,21,0.05,future_var,dq_dr,dr_es_concentration,-0.018792061628863696,-0.547196215195319,0.5842439361301293,0.16632810733959447,76
bonds,baseline_2018,504,21,0.05,future_var,dq_dr_current_es,dq_es,0.004999702956250131,0.2710456506833285,0.7863559217483429,0.19498913328709633,76
bonds,baseline_2018,504,21,0.05,future_var,dq_dr_current_es,dr_es_concentration,-0.08001636453889427,-0.9826038854755395,0.3258024313696749,0.19498913328709633,76
bonds,baseline_2018,504,21,0.05,future_var,full,dq_es,-0.016334453250759662,-0.5893273795499393,0.5556416814683449,0.4566459579354287,76
bonds,baseline_2018,504,21,0.05,future_var,full,dr_es_concentration,-0.04387827306459731,-0.690426844239622,0.48992580019862597,0.4566459579354287,76
bonds,baseline_2018,504,21,0.05,future_rv_ann,dq_only,dq_es,-0.14303635758125494,-2.8646010628526195,0.0041753489542914,0.09340573952566711,76
bonds,baseline_2018,504,21,0.05,future_rv_ann,dr_only,dr_es_concentration,-0.39846148834623685,-2.130911100114875,0.033096466747758645,0.07087128759190431,76
bonds,baseline_2018,504,21,0.05,future_rv_ann,dq_dr,dq_es,-0.11979384055084816,-1.2312309968586281,0.21823648135361795,0.09482736203387931,76
bonds,baseline_2018,504,21,0.05,future_rv_ann,dq_dr,dr_es_concentration,-0.09332765154166187,-0.26150241114337913,0.7937050903701965,0.09482736203387931,76
bonds,baseline_2018,504,21,0.05,future_rv_ann,dq_dr_current_es,dq_es,0.11176652628726462,0.7264132821953527,0.4675854511277322,0.13756694944132097,76
bonds,baseline_2018,504,21,0.05,future_rv_ann,dq_dr_current_es,dr_es_concentration,-1.0284572964256844,-1.6210011797051809,0.10501738569351839,0.13756694944132097,76
bonds,baseline_2018,504,21,0.05,future_rv_ann,full,dq_es,-0.6072708668769863,-1.4458581557809813,0.14821699050171738,0.41408270144559567,76
bonds,baseline_2018,504,21,0.05,future_rv_ann,full,dr_es_concentration,0.08241838679739355,0.09162797563350637,0.9269936236019171,0.41408270144559567,76
bonds,baseline_2018,504,21,0.05,future_mdd,dq_only,dq_es,-0.046480869826439286,-2.254848123165716,0.024142863477511666,0.07333075143036538,76
bonds,baseline_2018,504,21,0.05,future_mdd,dr_only,dr_es_concentration,-0.12417163283633512,-1.8957062239551856,0.057998901861394635,0.051168108719618965,76
bonds,baseline_2018,504,21,0.05,future_mdd,dq_dr,dq_es,-0.042545841551794396,-1.152253765469879,0.24921680986864758,0.0736337012184376,76
bonds,baseline_2018,504,21,0.05,future_mdd,dq_dr,dr_es_concentration,-0.01580065305070868,-0.1313733723261395,0.8954799518848543,0.0736337012184376,76
bonds,baseline_2018,504,21,0.05,future_mdd,dq_dr_current_es,dq_es,0.0020523826175738655,0.03141635756605326,0.9749374961389509,0.0854204482575529,76
bonds,baseline_2018,504,21,0.05,future_mdd,dq_dr_current_es,dr_es_concentration,-0.19590540111027654,-0.7261788094499033,0.46772916079003335,0.0854204482575529,76
bonds,baseline_2018,504,21,0.05,future_mdd,full,dq_es,-0.16794048445486442,-1.2660933039963032,0.20547967962809444,0.3125549820337544,76
bonds,baseline_2018,504,21,0.05,future_mdd,full,dr_es_concentration,0.009008250186116992,0.029250783036873704,0.9766645795341977,0.3125549820337544,76
bonds,baseline_2018,504,21,0.05,future_tail_event,dq_only,dq_es,-0.9175341576105899,-2.304900941115232,0.021172121899168794,0.056857835237729026,76
bonds,baseline_2018,504,21,0.05,future_tail_event,dr_only,dr_es_concentration,-4.018608514016517,-3.0088500670440506,0.0026223849568277843,0.10663853683385616,76
bonds,baseline_2018,504,21,0.05,future_tail_event,dq_dr,dq_es,0.22772755783571214,0.303150561289846,0.7617751235623963,0.10791922387363395,76
bonds,baseline_2018,504,21,0.05,future_tail_event,dq_dr,dr_es_concentration,-4.59866658001576,-1.8053584392734001,0.07101861029507342,0.10791922387363395,76
bonds,baseline_2018,504,21,0.05,future_tail_event,dq_dr_current_es,dq_es,-0.01881428475865976,-0.016898683257031557,0.9865174432265388,0.10863594185848424,76
bonds,baseline_2018,504,21,0.05,future_tail_event,dq_dr_current_es,dr_es_concentration,-3.603035985443819,-0.8802459133674824,0.37872610582531163,0.10863594185848424,76
bonds,baseline_2018,504,21,0.05,future_tail_event,full,dq_es,-4.63100858142091,-1.9766440862290509,0.04808187514229736,0.24685387253956814,76
bonds,baseline_2018,504,21,0.05,future_tail_event,full,dr_es_concentration,3.424683951361331,0.7467654727308443,0.45520514064723183,0.24685387253956814,76
bonds,baseline_2018,504,63,0.025,future_es,dq_only,dq_es,-0.02855700460477495,-2.211348249007521,0.027011730573275054,0.1209805464956003,74
bonds,baseline_2018,504,63,0.025,future_es,dr_only,dr_es_concentration,-0.08132320533478571,-2.4661730440144156,0.013656534125929175,0.08688599342733527,74
bonds,baseline_2018,504,63,0.025,future_es,dq_dr,dq_es,-0.0643179995842092,-1.0499310383477625,0.2937498200041927,0.13834424680003365,74
bonds,baseline_2018,504,63,0.025,future_es,dq_dr,dr_es_concentration,0.12554830983616144,0.6892615711599035,0.49065867643622774,0.13834424680003365,74
bonds,baseline_2018,504,63,0.025,future_es,dq_dr_current_es,dq_es,-0.0598345286267515,-0.9220428534243422,0.35650622329159976,0.13879652010314725,74
bonds,baseline_2018,504,63,0.025,future_es,dq_dr_current_es,dr_es_concentration,0.10853202564562775,0.5474029433538206,0.5841019335939835,0.13879652010314725,74
bonds,baseline_2018,504,63,0.025,future_es,full,dq_es,-0.17977606242143573,-2.2538654403098524,0.024204634415896348,0.2971297434012129,74
bonds,baseline_2018,504,63,0.025,future_es,full,dr_es_concentration,0.300659916494641,1.4027667057124542,0.1606864183408856,0.2971297434012129,74
bonds,baseline_2018,504,63,0.025,future_var,dq_only,dq_es,-0.018897451811906663,-3.348549393356127,0.0008123579910961963,0.278097130654675,74
bonds,baseline_2018,504,63,0.025,future_var,dr_only,dr_es_concentration,-0.06186169627017916,-3.5673347695345052,0.00036063063405075143,0.26391508821979714,74
bonds,baseline_2018,504,63,0.025,future_var,dq_dr,dq_es,-0.015227995957706294,-0.5960376917522991,0.5511500472049351,0.27905681012507166,74
bonds,baseline_2018,504,63,0.025,future_var,dq_dr,dr_es_concentration,-0.01288258284698743,-0.15344702650773426,0.8780457621811281,0.27905681012507166,74
bonds,baseline_2018,504,63,0.025,future_var,dq_dr_current_es,dq_es,-0.010846874760146154,-0.39390235985079186,0.6936531280322245,0.28132376326031616,74
bonds,baseline_2018,504,63,0.025,future_var,dq_dr_current_es,dr_es_concentration,-0.02951041518453268,-0.31912988019907096,0.749628026240069,0.28132376326031616,74
bonds,baseline_2018,504,63,0.025,future_var,full,dq_es,-0.052424632722428276,-1.4643334366946748,0.14310286549160092,0.5114491486786072,74
bonds,baseline_2018,504,63,0.025,future_var,full,dr_es_concentration,0.04361605143572039,0.5094604250199278,0.6104295312603182,0.5114491486786072,74
bonds,baseline_2018,504,63,0.025,future_rv_ann,dq_only,dq_es,-0.12032341090155978,-2.637008200624721,0.008364080954890968,0.16019598730814422,74
bonds,baseline_2018,504,63,0.025,future_rv_ann,dr_only,dr_es_concentration,-0.39223135352734906,-3.0512130053354607,0.002279188216862881,0.1507531979332266,74
bonds,baseline_2018,504,63,0.025,future_rv_ann,dq_dr,dq_es,-0.10257457093307926,-0.45957241624521705,0.645823161992679,0.16051501190342976,74
bonds,baseline_2018,504,63,0.025,future_rv_ann,dq_dr,dr_es_concentration,-0.0623119368148652,-0.08827445267113397,0.9296585434886826,0.16051501190342976,74
bonds,baseline_2018,504,63,0.025,future_rv_ann,dq_dr_current_es,dq_es,-0.06264132794201692,-0.2804981583411352,0.7790953382096686,0.16319111301172107,74
bonds,baseline_2018,504,63,0.025,future_rv_ann,dq_dr_current_es,dr_es_concentration,-0.2138720601731563,-0.2987218261068139,0.7651523022034881,0.16319111301172107,74
bonds,baseline_2018,504,63,0.025,future_rv_ann,full,dq_es,-0.5509408540388421,-1.9490461234307952,0.05128991681605696,0.3885389328693353,74
bonds,baseline_2018,504,63,0.025,future_rv_ann,full,dr_es_concentration,0.6018311478738773,0.7907408195037713,0.42909525075398136,0.3885389328693353,74
bonds,baseline_2018,504,63,0.025,future_mdd,dq_only,dq_es,-0.0719884710162974,-1.8768238454811124,0.060542241125582215,0.11694274938637483,74
bonds,baseline_2018,504,63,0.025,future_mdd,dr_only,dr_es_concentration,-0.22149820064655795,-1.948174892778977,0.051394039934913004,0.09804339976938725,74
bonds,baseline_2018,504,63,0.025,future_mdd,dq_dr,dq_es,-0.1061099467114374,-0.6543451127684371,0.5128894875661432,0.11934731076288785,74
bonds,baseline_2018,504,63,0.025,future_mdd,dq_dr,dr_es_concentration,0.11979234932093226,0.23317649713321426,0.8156243554405203,0.11934731076288785,74
bonds,baseline_2018,504,63,0.025,future_mdd,dq_dr_current_es,dq_es,-0.13026251591051485,-0.7394538438626969,0.4596314571284872,0.12134374984700169,74
bonds,baseline_2018,504,63,0.025,future_mdd,dq_dr_current_es,dr_es_concentration,0.21145949411183093,0.36402586920069024,0.7158386919268718,0.12134374984700169,74
bonds,baseline_2018,504,63,0.025,future_mdd,full,dq_es,-0.2701782335377152,-1.5740467716816915,0.11547663684241236,0.27743241922322004,74
bonds,baseline_2018,504,63,0.025,future_mdd,full,dr_es_concentration,0.5409960474054817,1.0706048322005204,0.284347149812758,0.27743241922322004,74
bonds,baseline_2018,504,63,0.025,future_tail_event,dq_only,dq_es,0.03741315386081885,0.08942933806081287,0.9287407084749342,0.00017433856950366255,74
bonds,baseline_2018,504,63,0.025,future_tail_event,dr_only,dr_es_concentration,0.016953257971356384,0.012269443857933882,0.9902106457904108,3.170164042831658e-06,74
bonds,baseline_2018,504,63,0.025,future_tail_event,dq_dr,dq_es,0.3886041997920481,0.21248330315129843,0.8317300025435878,0.0015802713672284918,74
bonds,baseline_2018,504,63,0.025,future_tail_event,dq_dr,dr_es_concentration,-1.2329478604165218,-0.20131116057722862,0.8404552763266777,0.0015802713672284918,74
bonds,baseline_2018,504,63,0.025,future_tail_event,dq_dr_current_es,dq_es,-0.8535498110260864,-0.4279897032360173,0.6686586169806708,0.03072618827850171,74
bonds,baseline_2018,504,63,0.025,future_tail_event,dq_dr_current_es,dr_es_concentration,3.481445487294459,0.499061910902661,0.6177357695791672,0.03072618827850171,74
bonds,baseline_2018,504,63,0.025,future_tail_event,full,dq_es,-2.907335121094288,-1.2202714059858724,0.222362005633291,0.18350538104964198,74
bonds,baseline_2018,504,63,0.025,future_tail_event,full,dr_es_concentration,3.624037366061402,0.5374652483483777,0.5909462834406597,0.18350538104964198,74
bonds,baseline_2018,504,63,0.05,future_es,dq_only,dq_es,-0.02742442626740505,-2.7527738292861192,0.005909270475530687,0.15834980736257098,74
bonds,baseline_2018,504,63,0.05,future_es,dr_only,dr_es_concentration,-0.060525107986707155,-2.3434496249201273,0.01910634219028787,0.07241192235041438,74
bonds,baseline_2018,504,63,0.05,future_es,dq_dr,dq_es,-0.03444973268208635,-1.618760393877759,0.1054988268449662,0.16440471144289637,74
bonds,baseline_2018,504,63,0.05,future_es,dq_dr,dr_es_concentration,0.028844588682949774,0.45379159020760085,0.6499788371376056,0.16440471144289637,74
bonds,baseline_2018,504,63,0.05,future_es,dq_dr_current_es,dq_es,-0.02397817313117154,-0.8721415495591403,0.38313116169482864,0.1685205375836042,74
bonds,baseline_2018,504,63,0.05,future_es,dq_dr_current_es,dr_es_concentration,-0.013211981589298673,-0.13253056955787126,0.8945646452656472,0.1685205375836042,74
bonds,baseline_2018,504,63,0.05,future_es,full,dq_es,-0.021524841070321328,-0.38260324472754603,0.7020139640597315,0.3150885392472579,74
bonds,baseline_2018,504,63,0.05,future_es,full,dr_es_concentration,0.0008306652561818645,0.007896941986142577,0.9936992173996804,0.3150885392472579,74
bonds,baseline_2018,504,63,0.05,future_var,dq_only,dq_es,-0.015335488392388468,-4.135445958996208,3.542659796012136e-05,0.27229388197653404,74
bonds,baseline_2018,504,63,0.05,future_var,dr_only,dr_es_concentration,-0.047919482501934216,-2.551639638446907,0.010721735008549468,0.2496108114157084,74
bonds,baseline_2018,504,63,0.05,future_var,dq_dr,dq_es,-0.009953088880081031,-1.2977243603356068,0.1943820696355648,0.29183857297127913,74
bonds,baseline_2018,504,63,0.05,future_var,dq_dr,dr_es_concentration,-0.022099121503849826,-0.6339474190034308,0.5261151377826538,0.29183857297127913,74
bonds,baseline_2018,504,63,0.05,future_var,dq_dr_current_es,dq_es,0.0015607290332495614,0.09804131809990994,0.9218994842895909,0.3192021723653665,74
bonds,baseline_2018,504,63,0.05,future_var,dq_dr_current_es,dr_es_concentration,-0.06834167876759148,-0.9776546554036157,0.3282451556804479,0.3192021723653665,74
bonds,baseline_2018,504,63,0.05,future_var,full,dq_es,0.010675957718014967,0.4874240356896946,0.6259578637787742,0.6054043647440146,74
bonds,baseline_2018,504,63,0.05,future_var,full,dr_es_concentration,-0.0614152516196471,-1.3305838201093478,0.18332598925551458,0.6054043647440146,74
bonds,baseline_2018,504,63,0.05,future_rv_ann,dq_only,dq_es,-0.15702857348214294,-2.806914879312116,0.005001845678158106,0.14854973444981434,74
bonds,baseline_2018,504,63,0.05,future_rv_ann,dr_only,dr_es_concentration,-0.4187161458212919,-2.558605000470822,0.010509307742516254,0.09916317364719307,74
bonds,baseline_2018,504,63,0.05,future_rv_ann,dq_dr,dq_es,-0.14951887494264718,-1.1982503187640652,0.23081958136285363,0.1487477019064125,74
bonds,baseline_2018,504,63,0.05,future_rv_ann,dq_dr,dr_es_concentration,-0.030833411771482074,-0.07751043324058705,0.9382174917190476,0.1487477019064125,74
bonds,baseline_2018,504,63,0.05,future_rv_ann,dq_dr_current_es,dq_es,-0.024114511286326728,-0.17180851907952083,0.8635880678618839,0.16563777993730877,74
bonds,baseline_2018,504,63,0.05,future_rv_ann,dq_dr_current_es,dr_es_concentration,-0.5344907139063746,-1.0067945631680089,0.31403350787388795,0.16563777993730877,74
bonds,baseline_2018,504,63,0.05,future_rv_ann,full,dq_es,-0.07046824729161778,-0.21400678256515576,0.8305417679891537,0.34533634629821464,74
bonds,baseline_2018,504,63,0.05,future_rv_ann,full,dr_es_concentration,-0.23327468612732696,-0.36944742306307593,0.7117942556882618,0.34533634629821464,74
bonds,baseline_2018,504,63,0.05,future_mdd,dq_only,dq_es,-0.0803135757919091,-1.7095774346325223,0.08734404133938445,0.07924802922574725,74
bonds,baseline_2018,504,63,0.05,future_mdd,dr_only,dr_es_concentration,-0.20865360852301298,-1.5786419092495267,0.11441821612507232,0.05021793370523431,74
bonds,baseline_2018,504,63,0.05,future_mdd,dq_dr,dq_es,-0.0801126877807355,-0.8258949211035937,0.40886370193632615,0.079248318129293,74
bonds,baseline_2018,504,63,0.05,future_mdd,dq_dr,dr_es_concentration,-0.0008248084441597817,-0.0027653330797706367,0.9977935862422729,0.079248318129293,74
bonds,baseline_2018,504,63,0.05,future_mdd,dq_dr_current_es,dq_es,-0.049254865654280854,-0.34162638927187033,0.7326320750423923,0.0813339273493332,74
bonds,baseline_2018,504,63,0.05,future_mdd,dq_dr_current_es,dr_es_concentration,-0.12475803523810047,-0.22971389268187511,0.8183140987711406,0.0813339273493332,74
bonds,baseline_2018,504,63,0.05,future_mdd,full,dq_es,0.23326282300011378,1.006546638870191,0.31415268838534105,0.2887133156145937,74
bonds,baseline_2018,504,63,0.05,future_mdd,full,dr_es_concentration,-0.34811784868431034,-0.819715868736703,0.4123781015213003,0.2887133156145937,74
bonds,baseline_2018,504,63,0.05,future_tail_event,dq_only,dq_es,-0.4524945370376957,-0.862346068356915,0.38849710894586,0.017394370048576135,74
bonds,baseline_2018,504,63,0.05,future_tail_event,dr_only,dr_es_concentration,-3.3216673931325946,-2.384845264123593,0.017086306387796596,0.08800164776262731,74
bonds,baseline_2018,504,63,0.05,future_tail_event,dq_dr,dq_es,0.9683802826464117,1.137692779605138,0.25524878946400753,0.11733174726172235,74
bonds,baseline_2018,504,63,0.05,future_tail_event,dq_dr,dr_es_concentration,-5.8338451484621405,-2.291276708420917,0.021947414832959013,0.11733174726172235,74
bonds,baseline_2018,504,63,0.05,future_tail_event,dq_dr_current_es,dq_es,0.3124080904426062,0.30964326383062896,0.7568322523375756,0.12384870241403201,74
bonds,baseline_2018,504,63,0.05,future_tail_event,dq_dr_current_es,dr_es_concentration,-3.1992862306694296,-0.9580009376421488,0.3380622857486071,0.12384870241403201,74
bonds,baseline_2018,504,63,0.05,future_tail_event,full,dq_es,-4.496428944887304,-1.952664032807328,0.050859418235183126,0.2460237779430643,74
bonds,baseline_2018,504,63,0.05,future_tail_event,full,dr_es_concentration,2.5767515592683847,0.6525201665992609,0.514065667627075,0.2460237779430643,74
bonds,full_2015,252,21,0.025,future_es,dq_only,dq_es,-0.0057563512228308005,-0.599003311874488,0.5491706760520183,0.0053413887800199955,113
bonds,full_2015,252,21,0.025,future_es,dr_only,dr_es_concentration,-0.015518776296258066,-0.7128362829793928,0.4759470708685284,0.006807821174276918,113
bonds,full_2015,252,21,0.025,future_es,dq_dr,dq_es,-0.002022619251375732,-0.21429287280957807,0.8303186756258923,0.007097060391847987,113
bonds,full_2015,252,21,0.025,future_es,dq_dr,dr_es_concentration,-0.01189982033924571,-0.6034135818716149,0.5462335891426616,0.007097060391847987,113
bonds,full_2015,252,21,0.025,future_es,dq_dr_current_es,dq_es,-0.0009781445339349046,-0.10225853483166043,0.9185514671295331,0.015895894438020308,113
bonds,full_2015,252,21,0.025,future_es,dq_dr_current_es,dr_es_concentration,-0.021849925203381915,-1.1960791308482994,0.23166568069504878,0.015895894438020308,113
bonds,full_2015,252,21,0.025,future_es,full,dq_es,0.0116968720553711,0.7273068516275215,0.46703800180680644,0.095804157580335,113
bonds,full_2015,252,21,0.025,future_es,full,dr_es_concentration,-0.06266220848566728,-1.9019275447875499,0.05718062758246371,0.095804157580335,113
bonds,full_2015,252,21,0.025,future_var,dq_only,dq_es,-0.005876175834922513,-0.9905716241717785,0.321894799215121,0.014022585185282765,113
bonds,full_2015,252,21,0.025,future_var,dr_only,dr_es_concentration,-0.011134553729162394,-0.8456847248367235,0.39772864675811637,0.008829126203167448,113
bonds,full_2015,252,21,0.025,future_var,dq_dr,dq_es,-0.005432177756017539,-0.8335725606291737,0.40452189334121613,0.014085130976687954,113
bonds,full_2015,252,21,0.025,future_var,dq_dr,dr_es_concentration,-0.0014150714112133712,-0.10294710237746883,0.9180049539750625,0.014085130976687954,113
bonds,full_2015,252,21,0.025,future_var,dq_dr_current_es,dq_es,-0.004559588724352929,-0.6963722268947435,0.48619575139125304,0.02955646143454882,113
bonds,full_2015,252,21,0.025,future_var,dq_dr_current_es,dr_es_concentration,-0.00972772103631041,-0.7269366084804831,0.4672647897893595,0.02955646143454882,113
bonds,full_2015,252,21,0.025,future_var,full,dq_es,0.0009975191067592918,0.09549433706249519,0.9239221880754587,0.12458152425353486,113
bonds,full_2015,252,21,0.025,future_var,full,dr_es_concentration,-0.034600342688703524,-1.656311872935336,0.09765867732002313,0.12458152425353486,113
bonds,full_2015,252,21,0.025,future_rv_ann,dq_only,dq_es,-0.051966275979772034,-1.2691285607201162,0.20439521530779725,0.023967915226474013,113
bonds,full_2015,252,21,0.025,future_rv_ann,dr_only,dr_es_concentration,-0.11563758249944177,-1.2633554292004558,0.20646147435361095,0.020812231573778206,113
bonds,full_2015,252,21,0.025,future_rv_ann,dq_dr,dq_es,-0.03575780547911096,-0.7444778047091808,0.45658746404360073,0.02578958028348277,113
bonds,full_2015,252,21,0.025,future_rv_ann,dq_dr,dr_es_concentration,-0.05165820375067359,-0.4933609967758883,0.6217575361767935,0.02578958028348277,113
bonds,full_2015,252,21,0.025,future_rv_ann,dq_dr_current_es,dq_es,-0.028655572946899,-0.5948781372790366,0.5519249322448582,0.0481895012310648,113
bonds,full_2015,252,21,0.025,future_rv_ann,dq_dr_current_es,dr_es_concentration,-0.11931705396979492,-1.1934904099777695,0.23267736576249431,0.0481895012310648,113
bonds,full_2015,252,21,0.025,future_rv_ann,full,dq_es,0.0026791057254507843,0.03758701323315608,0.9700169625444977,0.17028538078062938,113
bonds,full_2015,252,21,0.025,future_rv_ann,full,dr_es_concentration,-0.3538992866343471,-2.379781096634486,0.017322925241988408,0.17028538078062938,113
bonds,full_2015,252,21,0.025,future_mdd,dq_only,dq_es,0.0005074716124376318,0.03959785897832798,0.9684137343896998,2.457098270025604e-05,113
bonds,full_2015,252,21,0.025,future_mdd,dr_only,dr_es_concentration,-0.0007994783494322564,-0.027763723105858878,0.9778505995694025,1.0694143489642371e-05,113
bonds,full_2015,252,21,0.025,future_mdd,dq_dr,dq_es,0.001728950687891156,0.1117284452152049,0.911038724515843,0.00013578729022512004,113
bonds,full_2015,252,21,0.025,future_mdd,dq_dr,dr_es_concentration,-0.003892990085300731,-0.11682068792293,0.9070021494081852,0.00013578729022512004,113
bonds,full_2015,252,21,0.025,future_mdd,dq_dr_current_es,dq_es,0.0030785838621935737,0.20123420453632926,0.8405154471554008,0.00883139925162646,113
bonds,full_2015,252,21,0.025,future_mdd,dq_dr_current_es,dr_es_concentration,-0.016750162583769285,-0.53328887424546,0.5938336280533938,0.00883139925162646,113
bonds,full_2015,252,21,0.025,future_mdd,full,dq_es,0.01752168067677731,0.63474424908307,0.5255952293166994,0.11249215687896674,113
bonds,full_2015,252,21,0.025,future_mdd,full,dr_es_concentration,-0.08408833845251795,-1.9995126802271297,0.04555291127729376,0.11249215687896674,113
bonds,full_2015,252,21,0.025,future_tail_event,dq_only,dq_es,-0.08906566109793655,-0.35809845941513546,0.7202696319227171,0.0013204368620521878,113
bonds,full_2015,252,21,0.025,future_tail_event,dr_only,dr_es_concentration,-0.7231823817954405,-1.1767709422228503,0.2392869435276037,0.015266036471035083,113
bonds,full_2015,252,21,0.025,future_tail_event,dq_dr,dq_es,0.3142784526606189,1.0317516672315235,0.3021884665193165,0.022477037287092272,113
bonds,full_2015,252,21,0.025,future_tail_event,dq_dr,dr_es_concentration,-1.2855026888147538,-1.6925590602004668,0.09053942932840713,0.022477037287092272,113
bonds,full_2015,252,21,0.025,future_tail_event,dq_dr_current_es,dq_es,0.30451732350008115,0.991983686732672,0.3212054833027399,0.02327057360683593,113
bonds,full_2015,252,21,0.025,future_tail_event,dq_dr_current_es,dr_es_concentration,-1.1925140725103796,-1.5638505227900412,0.11785267615431809,0.02327057360683593,113
bonds,full_2015,252,21,0.025,future_tail_event,full,dq_es,1.2103169019988738,2.2119285789470853,0.02697160020874408,0.13428133721085067,113
bonds,full_2015,252,21,0.025,future_tail_event,full,dr_es_concentration,-3.267378597174594,-3.2353471311547355,0.0012149492374411537,0.13428133721085067,113
bonds,full_2015,252,21,0.05,future_es,dq_only,dq_es,-0.007169515328490591,-1.0522531255460326,0.292683431378024,0.015931561966601837,113
bonds,full_2015,252,21,0.05,future_es,dr_only,dr_es_concentration,-0.002705051577178914,-0.15212502279373122,0.8790883285568047,0.00031010738971215535,113
bonds,full_2015,252,21,0.05,future_es,dq_dr,dq_es,-0.013027104659833543,-1.5958554913968126,0.1105210606614311,0.026390290256517845,113
bonds,full_2015,252,21,0.05,future_es,dq_dr,dr_es_concentration,0.02230955459976,0.9426190620359287,0.3458757860985193,0.026390290256517845,113
bonds,full_2015,252,21,0.05,future_es,dq_dr_current_es,dq_es,-0.009144497965606468,-0.9810367821539656,0.32657460330224897,0.03157309928158747,113
bonds,full_2015,252,21,0.05,future_es,dq_dr_current_es,dr_es_concentration,0.005779140610125482,0.181504629780335,0.8559714994690494,0.03157309928158747,113
bonds,full_2015,252,21,0.05,future_es,full,dq_es,-0.0055308881229747895,-0.36479545706381,0.7152640964991988,0.11871421700651175,113
bonds,full_2015,252,21,0.05,future_es,full,dr_es_concentration,-0.018120020826934636,-0.390957562837374,0.6958286042543758,0.11871421700651175,113
bonds,full_2015,252,21,0.05,future_var,dq_only,dq_es,-0.003992413693692652,-1.1984521695122459,0.23074103301355364,0.014879842855951786,113
bonds,full_2015,252,21,0.05,future_var,dr_only,dr_es_concentration,0.00031473536342150005,0.04114633490414234,0.9671792359473487,1.2644469408518155e-05,113
bonds,full_2015,252,21,0.05,future_var,dq_dr,dq_es,-0.008218582709312946,-1.782823153776063,0.07461509546343308,0.031277555536910584,113
bonds,full_2015,252,21,0.05,future_var,dq_dr,dr_es_concentration,0.016096032526093557,1.301982381172285,0.1929224086083975,0.031277555536910584,113
bonds,full_2015,252,21,0.05,future_var,dq_dr_current_es,dq_es,-0.004011924492919453,-0.7733293210252934,0.4393275072851349,0.04960244542530978,113
bonds,full_2015,252,21,0.05,future_var,dq_dr_current_es,dr_es_concentration,-0.0018140488461132905,-0.1051590138782122,0.9162496325288039,0.04960244542530978,113
bonds,full_2015,252,21,0.05,future_var,full,dq_es,0.0002464073498305935,0.028462389921948543,0.9772933643622796,0.20862707581449114,113
bonds,full_2015,252,21,0.05,future_var,full,dr_es_concentration,-0.018697447690993546,-0.8431497434997597,0.39914470144146763,0.20862707581449114,113
bonds,full_2015,252,21,0.05,future_rv_ann,dq_only,dq_es,-0.05717200415496091,-1.199838278652581,0.23020215459890336,0.022140842519629444,113
bonds,full_2015,252,21,0.05,future_rv_ann,dr_only,dr_es_concentration,-0.07297170929601207,-0.5728090839866645,0.5667739677541113,0.004931949277842573,113
bonds,full_2015,252,21,0.05,future_rv_ann,dq_dr,dq_es,-0.07666395797165111,-1.3938408344399529,0.16336567407871572,0.024671890247430994,113
bonds,full_2015,252,21,0.05,future_rv_ann,dq_dr,dr_es_concentration,0.07423818627956806,0.465002105518196,0.6419299487857494,0.024671890247430994,113
bonds,full_2015,252,21,0.05,future_rv_ann,dq_dr_current_es,dq_es,-0.029839133313301357,-0.47283521835301,0.6363307457054728,0.04114665704332887,113
bonds,full_2015,252,21,0.05,future_rv_ann,dq_dr_current_es,dr_es_concentration,-0.12512110956295314,-0.6168885011288583,0.5373082718649939,0.04114665704332887,113
bonds,full_2015,252,21,0.05,future_rv_ann,full,dq_es,0.016981062292809716,0.17261442688996123,0.8629545111088411,0.15826248076790217,113
bonds,full_2015,252,21,0.05,future_rv_ann,full,dr_es_concentration,-0.3661750190724699,-1.244371417396754,0.21336289746094084,0.15826248076790217,113
bonds,full_2015,252,21,0.05,future_mdd,dq_only,dq_es,-0.0006956382714365376,-0.05293842231013984,0.9577809707258298,3.523758974510738e-05,113
bonds,full_2015,252,21,0.05,future_mdd,dr_only,dr_es_concentration,0.014665244703554965,0.36988762812192544,0.7114662200479942,0.0021414115536996237,113
bonds,full_2015,252,21,0.05,future_mdd,dq_dr,dq_es,-0.009168678621892065,-0.68215962259856,0.4951380231557512,0.005176622128549635,113
bonds,full_2015,252,21,0.05,future_mdd,dq_dr,dr_es_concentration,0.032270913106351065,0.6923852408421697,0.48869543198576204,0.005176622128549635,113
bonds,full_2015,252,21,0.05,future_mdd,dq_dr_current_es,dq_es,-0.004289932365132059,-0.25982017723631456,0.7950024861370948,0.007099250598875617,113
bonds,full_2015,252,21,0.05,future_mdd,dq_dr_current_es,dr_es_concentration,0.011499379514103581,0.17029102964791532,0.8647812655321415,0.007099250598875617,113
bonds,full_2015,252,21,0.05,future_mdd,full,dq_es,-0.013377921373617924,-0.44352743304263836,0.6573842811126924,0.10294342297756676,113
bonds,full_2015,252,21,0.05,future_mdd,full,dr_es_concentration,-0.0066984862213115125,-0.06909691043721002,0.9449124802665957,0.10294342297756676,113
bonds,full_2015,252,21,0.05,future_tail_event,dq_only,dq_es,-0.1707183036036646,-0.5716561289009553,0.5675549614651738,0.0031666293035660376,113
bonds,full_2015,252,21,0.05,future_tail_event,dr_only,dr_es_concentration,-1.1767036790835879,-1.2679943165393928,0.20479998020841328,0.020570911174004114,113
bonds,full_2015,252,21,0.05,future_tail_event,dq_dr,dq_es,0.2787963386185922,0.7963824106930014,0.4258097985840378,0.02475833819168849,113
bonds,full_2015,252,21,0.05,future_tail_event,dq_dr,dr_es_concentration,-1.7120475483640356,-1.5655021144649457,0.11746522198297728,0.02475833819168849,113
bonds,full_2015,252,21,0.05,future_tail_event,dq_dr_current_es,dq_es,0.4469548872435196,0.9783375198953816,0.32790741887462593,0.028166456012886476,113
bonds,full_2015,252,21,0.05,future_tail_event,dq_dr_current_es,dr_es_concentration,-2.427991923775336,-1.612995136740487,0.1067455643685381,0.028166456012886476,113
bonds,full_2015,252,21,0.05,future_tail_event,full,dq_es,0.6602830971957894,0.9415725724299242,0.34641151753678157,0.15465796547862387,113
bonds,full_2015,252,21,0.05,future_tail_event,full,dr_es_concentration,-4.17271411118468,-2.255959336066226,0.024073177907474094,0.15465796547862387,113
bonds,full_2015,252,63,0.025,future_es,dq_only,dq_es,-0.009704924347868654,-0.9012428881961168,0.3674591922299666,0.0184250576210907,111
bonds,full_2015,252,63,0.025,future_es,dr_only,dr_es_concentration,-0.023522317356441346,-0.7212402126782714,0.4707617345105851,0.01836804601427533,111
bonds,full_2015,252,63,0.025,future_es,dq_dr,dq_es,-0.005586797121602813,-0.5538088878719706,0.5797096450092307,0.021085254312971813,111
bonds,full_2015,252,63,0.025,future_es,dq_dr,dr_es_concentration,-0.01341897079970148,-0.349934848221188,0.7263875933583799,0.021085254312971813,111
bonds,full_2015,252,63,0.025,future_es,dq_dr_current_es,dq_es,-0.005161806819836993,-0.5163670890701072,0.6055980472379914,0.02330534654555516,111
bonds,full_2015,252,63,0.025,future_es,dq_dr_current_es,dr_es_concentration,-0.017526752165583068,-0.4592055266395915,0.6460865822069743,0.02330534654555516,111
bonds,full_2015,252,63,0.025,future_es,full,dq_es,0.033365002392075495,1.723381451525133,0.08481956692145738,0.2269818029760583,111
bonds,full_2015,252,63,0.025,future_es,full,dr_es_concentration,-0.09513088431745476,-2.5755130146653635,0.010009150638838733,0.2269818029760583,111
bonds,full_2015,252,63,0.025,future_var,dq_only,dq_es,-0.013117301465338016,-2.5603459322860513,0.010456801724510145,0.13336573815321884,111
bonds,full_2015,252,63,0.025,future_var,dr_only,dr_es_concentration,-0.02168239512848738,-1.6495592509633576,0.09903311518511676,0.06183693924516531,111
bonds,full_2015,252,63,0.025,future_var,dq_dr,dq_es,-0.014523679967541035,-2.3650716765467252,0.018026581722240333,0.13459501413312525,111
bonds,full_2015,252,63,0.025,future_var,dq_dr,dr_es_concentration,0.0045827025289605985,0.2797949274389921,0.7796348436539817,0.13459501413312525,111
bonds,full_2015,252,63,0.025,future_var,dq_dr_current_es,dq_es,-0.013822543900075568,-2.319505452065981,0.020367645853356577,0.15853634686902685,111
bonds,full_2015,252,63,0.025,future_var,dq_dr_current_es,dr_es_concentration,-0.0021941901693319694,-0.13243879255447602,0.8946372328803008,0.15853634686902685,111
bonds,full_2015,252,63,0.025,future_var,full,dq_es,0.0032757421995503145,0.366575524186347,0.7139356679963172,0.3198168791340775,111
bonds,full_2015,252,63,0.025,future_var,full,dr_es_concentration,-0.030022716769299577,-1.6516140196969586,0.09861326018554405,0.3198168791340775,111
bonds,full_2015,252,63,0.025,future_rv_ann,dq_only,dq_es,-0.05993093070124054,-1.4773426714587081,0.13958380505702075,0.048152911927381026,111
bonds,full_2015,252,63,0.025,future_rv_ann,dr_only,dr_es_concentration,-0.14677653102521063,-1.248828916782731,0.21172765506015012,0.0490130751593012,111
bonds,full_2015,252,63,0.025,future_rv_ann,dq_dr,dq_es,-0.03345275674977041,-0.7799900584586983,0.43539672688537223,0.05568969918316058,111
bonds,full_2015,252,63,0.025,future_rv_ann,dq_dr,dr_es_concentration,-0.08627947209061247,-0.5987032055881013,0.5493708191763094,0.05568969918316058,111
bonds,full_2015,252,63,0.025,future_rv_ann,dq_dr_current_es,dq_es,-0.030861351300951936,-0.7196552865048509,0.47173726286287987,0.061346614508076214,111
bonds,full_2015,252,63,0.025,future_rv_ann,dq_dr_current_es,dr_es_concentration,-0.11132693074995353,-0.7795429770771775,0.43565993140537995,0.061346614508076214,111
bonds,full_2015,252,63,0.025,future_rv_ann,full,dq_es,0.10069338857229485,1.5338815757742568,0.12505878937234483,0.27862395678047736,111
bonds,full_2015,252,63,0.025,future_rv_ann,full,dr_es_concentration,-0.4333407266748476,-2.9624369636760997,0.003052142978027761,0.27862395678047736,111
bonds,full_2015,252,63,0.025,future_mdd,dq_only,dq_es,0.013226745321678699,0.5536399380121833,0.5798252877094436,0.0060004550221863795,111
bonds,full_2015,252,63,0.025,future_mdd,dr_only,dr_es_concentration,0.04233043095432759,0.5576123385694562,0.5771091291808579,0.010429459076193193,111
bonds,full_2015,252,63,0.025,future_mdd,dq_dr,dq_es,0.0005303773082794099,0.01754531364686571,0.9860015833379102,0.010433752667041496,111
bonds,full_2015,252,63,0.025,future_mdd,dq_dr,dr_es_concentration,0.041371279291086256,0.3987316377604703,0.6900909534294417,0.010433752667041496,111
bonds,full_2015,252,63,0.025,future_mdd,dq_dr_current_es,dq_es,0.0004999880448910785,0.01645390923628727,0.9868722722056155,0.01043574291405358,111
bonds,full_2015,252,63,0.025,future_mdd,dq_dr_current_es,dr_es_concentration,0.041665009405281256,0.3971636361342479,0.6912467957491599,0.01043574291405358,111
bonds,full_2015,252,63,0.025,future_mdd,full,dq_es,0.07937584209612099,1.6256758334873063,0.10401863362874485,0.27028126432225374,111
bonds,full_2015,252,63,0.025,future_mdd,full,dr_es_concentration,-0.13462363735984834,-1.3846861764436504,0.1661484477997851,0.27028126432225374,111
bonds,full_2015,252,63,0.025,future_tail_event,dq_only,dq_es,-0.09053936931804443,-0.28844684237233337,0.7730047156051996,0.00126622729982373,111
bonds,full_2015,252,63,0.025,future_tail_event,dr_only,dr_es_concentration,-1.4015043462732204,-1.6600320710482157,0.09690800088464109,0.051487741626982664,111
bonds,full_2015,252,63,0.025,future_tail_event,dq_dr,dq_es,0.7630478745036752,1.707165718165579,0.08779125496526781,0.09151104229323737,111
bonds,full_2015,252,63,0.025,future_tail_event,dq_dr,dr_es_concentration,-2.781425067876693,-2.2239292757692133,0.02615320300554884,0.09151104229323737,111
bonds,full_2015,252,63,0.025,future_tail_event,dq_dr_current_es,dq_es,0.7413895732516878,1.682906801956599,0.0923931346311364,0.09606379388765351,111
bonds,full_2015,252,63,0.025,future_tail_event,dq_dr_current_es,dr_es_concentration,-2.5720848407470567,-2.0917853592365363,0.03645772062649851,0.09606379388765351,111
bonds,full_2015,252,63,0.025,future_tail_event,full,dq_es,2.0731017333780444,3.8797123909068683,0.00010458004918451455,0.24500601288484414,111
bonds,full_2015,252,63,0.025,future_tail_event,full,dr_es_concentration,-6.45546875394603,-4.860104224215564,1.1732397007200289e-06,0.24500601288484414,111
bonds,full_2015,252,63,0.05,future_es,dq_only,dq_es,-0.011790580072752641,-1.3197731989353452,0.18691075231989762,0.047164678190056986,111
bonds,full_2015,252,63,0.05,future_es,dr_only,dr_es_concentration,-0.008767714432513089,-0.32485037195208,0.7452943188880354,0.003560977796331022,111
bonds,full_2015,252,63,0.05,future_es,dq_dr,dq_es,-0.018262306019330952,-2.0044521214396127,0.04502165080773303,0.06275205383884497,111
bonds,full_2015,252,63,0.05,future_es,dq_dr,dr_es_concentration,0.025362322954481917,0.781684243765444,0.434400163713215,0.06275205383884497,111
bonds,full_2015,252,63,0.05,future_es,dq_dr_current_es,dq_es,-0.017163394578940484,-1.6630559581792186,0.09630123472696016,0.06318691110025965,111
bonds,full_2015,252,63,0.05,future_es,dq_dr_current_es,dr_es_concentration,0.02093025989202604,0.4494389290323021,0.6531150540546794,0.06318691110025965,111
bonds,full_2015,252,63,0.05,future_es,full,dq_es,0.0054475984381107895,0.49635008823772286,0.6196474330014139,0.22974915573552646,111
bonds,full_2015,252,63,0.05,future_es,full,dr_es_concentration,-0.03820992137062077,-0.857573836882844,0.39112782704367377,0.22974915573552646,111
bonds,full_2015,252,63,0.05,future_var,dq_only,dq_es,-0.008067675692484604,-2.138688339063116,0.03246091764465868,0.07423361591116029,111
bonds,full_2015,252,63,0.05,future_var,dr_only,dr_es_concentration,-0.006721949254403819,-0.6975042020194642,0.48548731061422334,0.007036296835500222,111
bonds,full_2015,252,63,0.05,future_var,dq_dr,dq_es,-0.01214343132599787,-2.4658985873838906,0.013667002257936742,0.09501652129592564,111
bonds,full_2015,252,63,0.05,future_var,dq_dr,dr_es_concentration,0.0159726526608201,1.1425921118788045,0.2532079821449995,0.09501652129592564,111
bonds,full_2015,252,63,0.05,future_var,dq_dr_current_es,dq_es,-0.009240890187401362,-1.6696045514458298,0.09499762931305791,0.10521499839209192,111
bonds,full_2015,252,63,0.05,future_var,dq_dr_current_es,dr_es_concentration,0.004266299541899599,0.19596364455303455,0.8446386216898708,0.10521499839209192,111
bonds,full_2015,252,63,0.05,future_var,full,dq_es,-0.0010231202836311335,-0.14712871652762,0.8830304240110063,0.3445616097369879,111
bonds,full_2015,252,63,0.05,future_var,full,dr_es_concentration,-0.017945697322323997,-0.7965712876361402,0.4257000582835633,0.3445616097369879,111
bonds,full_2015,252,63,0.05,future_rv_ann,dq_only,dq_es,-0.06951561088765042,-1.3415908271692258,0.17972870201190738,0.04717871225121628,111
bonds,full_2015,252,63,0.05,future_rv_ann,dr_only,dr_es_concentration,-0.09749263751296416,-0.6133584114108913,0.5396393786687002,0.012669952204861223,111
bonds,full_2015,252,63,0.05,future_rv_ann,dq_dr,dq_es,-0.08533151706694242,-1.592782295861414,0.11120903812231647,0.049857607854004615,111
bonds,full_2015,252,63,0.05,future_rv_ann,dq_dr,dr_es_concentration,0.06198162957581189,0.32813690102204995,0.7428081542626366,0.049857607854004615,111
bonds,full_2015,252,63,0.05,future_rv_ann,dq_dr_current_es,dq_es,-0.07486612331674866,-1.2118126476824516,0.2255841057571647,0.05099253333503295,111
bonds,full_2015,252,63,0.05,future_rv_ann,dq_dr_current_es,dr_es_concentration,0.01977323737105918,0.0746217300983472,0.9405156842065765,0.05099253333503295,111
bonds,full_2015,252,63,0.05,future_rv_ann,full,dq_es,0.07358884174722359,1.1364475526259545,0.2557693038309271,0.23907870359627925,111
bonds,full_2015,252,63,0.05,future_rv_ann,full,dr_es_concentration,-0.3664048189964417,-1.3904557693179533,0.16439052154958178,0.23907870359627925,111
bonds,full_2015,252,63,0.05,future_mdd,dq_only,dq_es,0.020986535134700467,0.6477003443159239,0.517178781507761,0.011000706352902623,111
bonds,full_2015,252,63,0.05,future_mdd,dr_only,dr_es_concentration,0.09098818496214171,0.8837484509675984,0.3768320191561786,0.02823313026194718,111
bonds,full_2015,252,63,0.05,future_mdd,dq_dr,dq_es,-0.004264821829476228,-0.14027454567491146,0.8884430750660356,0.028470781096252118,111
bonds,full_2015,252,63,0.05,future_mdd,dq_dr,dr_es_concentration,0.09895862025847402,0.8388071400082434,0.40157754338642493,0.028470781096252118,111
bonds,full_2015,252,63,0.05,future_mdd,dq_dr_current_es,dq_es,-0.022350617812895726,-0.5478544373229064,0.5837918561562487,0.037142179639226613,111
bonds,full_2015,252,63,0.05,future_mdd,dq_dr_current_es,dr_es_concentration,0.1719011571973432,0.9348481968946064,0.34986653711123694,0.037142179639226613,111
bonds,full_2015,252,63,0.05,future_mdd,full,dq_es,0.037362390790410434,1.0552019183883519,0.2913329869791017,0.2709000933628518,111
bonds,full_2015,252,63,0.05,future_mdd,full,dr_es_concentration,0.032947469615492955,0.22209965243878071,0.8242363084171709,0.2709000933628518,111
bonds,full_2015,252,63,0.05,future_tail_event,dq_only,dq_es,-0.3978657671761947,-1.6793352729648683,0.09308672026909735,0.027785468663426238,111
bonds,full_2015,252,63,0.05,future_tail_event,dr_only,dr_es_concentration,-1.498794281907835,-1.3614235438267148,0.17337987998659832,0.05383671796470346,111
bonds,full_2015,252,63,0.05,future_tail_event,dq_dr,dq_es,-0.029471692021109865,-0.08933353092157655,0.9288168467679025,0.053916472096476764,111
bonds,full_2015,252,63,0.05,future_tail_event,dq_dr,dr_es_concentration,-1.443715260152656,-0.949330921802864,0.3424523314122522,0.053916472096476764,111
bonds,full_2015,252,63,0.05,future_tail_event,dq_dr_current_es,dq_es,0.018619242268485603,0.04516070453140257,0.9639792155157413,0.054347341657149495,111
bonds,full_2015,252,63,0.05,future_tail_event,dq_dr_current_es,dr_es_concentration,-1.6376727035551686,-0.9481139683704243,0.3430714379250883,0.054347341657149495,111
bonds,full_2015,252,63,0.05,future_tail_event,full,dq_es,0.07890405543956419,0.14881188521423616,0.8817020720234165,0.21593749399322792,111
bonds,full_2015,252,63,0.05,future_tail_event,full,dr_es_concentration,-3.623798087074502,-2.4250790994352607,0.015305051643703953,0.21593749399322792,111
bonds,full_2015,504,21,0.025,future_es,dq_only,dq_es,-0.015398897944895322,-2.3580686691031008,0.018370294420887417,0.04070501919713876,103
bonds,full_2015,504,21,0.025,future_es,dr_only,dr_es_concentration,-0.06329408442001837,-2.147445305622239,0.03175784707877994,0.03987180447459382,103
bonds,full_2015,504,21,0.025,future_es,dq_dr,dq_es,-0.008801767375183673,-0.664067522625777,0.506647095510842,0.04309636563896024,103
bonds,full_2015,504,21,0.025,future_es,dq_dr,dr_es_concentration,-0.031478957666119696,-0.528554490618924,0.5971145373366873,0.04309636563896024,103
bonds,full_2015,504,21,0.025,future_es,dq_dr_current_es,dq_es,-0.0025812080522694576,-0.23757979389164854,0.8122070239786575,0.05406209152757013,103
bonds,full_2015,504,21,0.025,future_es,dq_dr_current_es,dr_es_concentration,-0.06191072558994661,-1.0975491418773393,0.2724014111024786,0.05406209152757013,103
bonds,full_2015,504,21,0.025,future_es,full,dq_es,-0.11397015620411803,-3.557925222755541,0.00037379568422960614,0.4319431820317198,103
bonds,full_2015,504,21,0.025,future_es,full,dr_es_concentration,0.034938798600114986,0.48098094090994353,0.6305300445269668,0.4319431820317198,103
bonds,full_2015,504,21,0.025,future_var,dq_only,dq_es,-0.011351344263601139,-2.6266444433609153,0.008623138545820728,0.05722407546239672,103
bonds,full_2015,504,21,0.025,future_var,dr_only,dr_es_concentration,-0.04788042796404099,-2.3251817624100792,0.020062243119733873,0.059029785637792376,103
bonds,full_2015,504,21,0.025,future_var,dq_dr,dq_es,-0.00543118931115976,-0.6199649676792799,0.5352808513446197,0.06220619334081667,103
bonds,full_2015,504,21,0.025,future_var,dq_dr,dr_es_concentration,-0.028248691632749737,-0.673590137508966,0.500571925094452,0.06220619334081667,103
bonds,full_2015,504,21,0.025,future_var,dq_dr_current_es,dq_es,-0.0009094331412707926,-0.12470315263718015,0.9007585614433959,0.07719642363761114,103
bonds,full_2015,504,21,0.025,future_var,dq_dr_current_es,dr_es_concentration,-0.05036969831832346,-1.2546185651689612,0.2096172606819675,0.07719642363761114,103
bonds,full_2015,504,21,0.025,future_var,full,dq_es,-0.06886295410937436,-3.4858333786591564,0.000490606483575475,0.436051164371692,103
bonds,full_2015,504,21,0.025,future_var,full,dr_es_concentration,0.025321624705448013,0.5373938188225301,0.5909956120738094,0.436051164371692,103
bonds,full_2015,504,21,0.025,future_rv_ann,dq_only,dq_es,-0.08153527429841614,-2.751512655926797,0.005932072758776643,0.06363029173885093,103
bonds,full_2015,504,21,0.025,future_rv_ann,dr_only,dr_es_concentration,-0.3463744332395169,-2.3856934233291556,0.017046955354744264,0.06657872318312241,103
bonds,full_2015,504,21,0.025,future_rv_ann,dq_dr,dq_es,-0.03688934301619351,-0.5772772643763022,0.5637521697538156,0.06973690295001522,103
bonds,full_2015,504,21,0.025,future_rv_ann,dq_dr,dr_es_concentration,-0.21303313098728,-0.6863803320733586,0.4924733036855762,0.06973690295001522,103
bonds,full_2015,504,21,0.025,future_rv_ann,dq_dr_current_es,dq_es,-0.01036363279260765,-0.18593954972074753,0.8524921667910721,0.0808546480862492,103
bonds,full_2015,504,21,0.025,future_rv_ann,dq_dr_current_es,dr_es_concentration,-0.3428002814371333,-1.147067181557688,0.2513538562509432,0.0808546480862492,103
bonds,full_2015,504,21,0.025,future_rv_ann,full,dq_es,-0.4215757250611618,-3.2706507261111946,0.0010730034464517019,0.4375216765877169,103
bonds,full_2015,504,21,0.025,future_rv_ann,full,dr_es_concentration,-0.13513140050567982,-0.41715354038670244,0.6765661052545959,0.4375216765877169,103
bonds,full_2015,504,21,0.025,future_mdd,dq_only,dq_es,-0.01609855457542113,-1.8060854991831474,0.07090498550976583,0.025856768433449195,103
bonds,full_2015,504,21,0.025,future_mdd,dr_only,dr_es_concentration,-0.06584504510681158,-1.6515902780545997,0.09861810323408457,0.025079428813650217,103
bonds,full_2015,504,21,0.025,future_mdd,dq_dr,dq_es,-0.009482442510717363,-0.5179590723861903,0.6044868251926466,0.027254648266876735,103
bonds,full_2015,504,21,0.025,future_mdd,dq_dr,dr_es_concentration,-0.03156953002496306,-0.38690415375431564,0.6988271659412877,0.027254648266876735,103
bonds,full_2015,504,21,0.025,future_mdd,dq_dr_current_es,dq_es,-0.0012702527226010822,-0.08191961334869598,0.9347106376616228,0.038362453692524,103
bonds,full_2015,504,21,0.025,future_mdd,dq_dr_current_es,dr_es_concentration,-0.07174460766754666,-0.909122242940554,0.3632856027302447,0.038362453692524,103
bonds,full_2015,504,21,0.025,future_mdd,full,dq_es,-0.14020746071012913,-2.7826489059556048,0.0053917117208445485,0.35523683207874435,103
bonds,full_2015,504,21,0.025,future_mdd,full,dr_es_concentration,0.07441569887957873,0.7277512952282421,0.46676584387443143,0.35523683207874435,103
bonds,full_2015,504,21,0.025,future_tail_event,dq_only,dq_es,-0.17731200438543235,-0.8680375635800625,0.3853737691919654,0.006391638400805921,103
bonds,full_2015,504,21,0.025,future_tail_event,dr_only,dr_es_concentration,-1.101530293441371,-1.3490081849499418,0.17733433710098412,0.01430209880539468,103
bonds,full_2015,504,21,0.025,future_tail_event,dq_dr,dq_es,0.22080330008439739,0.5231569727754544,0.6008650210922252,0.016705405537840057,103
bonds,full_2015,504,21,0.025,future_tail_event,dq_dr,dr_es_concentration,-1.899652384201314,-1.0798537203776317,0.2802073246624308,0.016705405537840057,103
bonds,full_2015,504,21,0.025,future_tail_event,dq_dr_current_es,dq_es,0.1177945547688043,0.25570652268682753,0.7981774582057407,0.02026658569183093,103
bonds,full_2015,504,21,0.025,future_tail_event,dq_dr_current_es,dr_es_concentration,-1.3957204917713986,-0.7032294346236838,0.4819127785030467,0.02026658569183093,103
bonds,full_2015,504,21,0.025,future_tail_event,full,dq_es,-0.7707194511747277,-0.9056107183135804,0.3651419336232098,0.17376013686940583,103
bonds,full_2015,504,21,0.025,future_tail_event,full,dr_es_concentration,-3.9074802546413023,-1.51377897547458,0.13008190672716352,0.17376013686940583,103
bonds,full_2015,504,21,0.05,future_es,dq_only,dq_es,-0.021629857158581994,-2.532620394731078,0.011321348362242944,0.06541270438284541,103
bonds,full_2015,504,21,0.05,future_es,dr_only,dr_es_concentration,-0.02190094447207465,-0.7632981648271137,0.44528559630363074,0.006084570835034775,103
bonds,full_2015,504,21,0.05,future_es,dq_dr,dq_es,-0.02694728236255581,-2.1298141119944223,0.03318696314489199,0.07308358851409569,103
bonds,full_2015,504,21,0.05,future_es,dq_dr,dr_es_concentration,0.030271137177464498,0.7206422790129227,0.47112963420095944,0.07308358851409569,103
bonds,full_2015,504,21,0.05,future_es,dq_dr_current_es,dq_es,-0.017042180584127518,-0.7287297747064941,0.466166975815959,0.07589254562377146,103
bonds,full_2015,504,21,0.05,future_es,dq_dr_current_es,dr_es_concentration,-0.014482204015063279,-0.14285730016436538,0.8864028821282935,0.07589254562377146,103
bonds,full_2015,504,21,0.05,future_es,full,dq_es,0.021790730826486523,0.5559417240331134,0.578250693784061,0.3216400922320871,103
bonds,full_2015,504,21,0.05,future_es,full,dr_es_concentration,-0.14808627204689626,-1.146032743981022,0.25178160389569826,0.3216400922320871,103
bonds,full_2015,504,21,0.05,future_var,dq_only,dq_es,-0.013732363700953716,-3.0537283551516707,0.0022601663467079407,0.09259495190030831,103
bonds,full_2015,504,21,0.05,future_var,dr_only,dr_es_concentration,-0.01978849172015944,-1.080954208134349,0.27971748355473436,0.01744502372839518,103
bonds,full_2015,504,21,0.05,future_var,dq_dr,dq_es,-0.015542033288945056,-2.6861609688511097,0.007227825841898566,0.09571515693661803,103
bonds,full_2015,504,21,0.05,future_var,dq_dr,dr_es_concentration,0.010302120714934008,0.4658469022611247,0.6413250901945481,0.09571515693661803,103
bonds,full_2015,504,21,0.05,future_var,dq_dr_current_es,dq_es,-0.004140609690317449,-0.2539707720655742,0.7995181384316571,0.1087855094252882,103
bonds,full_2015,504,21,0.05,future_var,dq_dr_current_es,dr_es_concentration,-0.04121191839379721,-0.5250560650136405,0.5995442169900895,0.1087855094252882,103
bonds,full_2015,504,21,0.05,future_var,full,dq_es,0.0168756413239759,0.6517247453898085,0.5145787562481865,0.32827253948468127,103
bonds,full_2015,504,21,0.05,future_var,full,dr_es_concentration,-0.06378109219126563,-0.871619242835024,0.38341612942357883,0.32827253948468127,103
bonds,full_2015,504,21,0.05,future_rv_ann,dq_only,dq_es,-0.14507829520408932,-2.630578022645114,0.008523980103340704,0.063423227088092,103
bonds,full_2015,504,21,0.05,future_rv_ann,dr_only,dr_es_concentration,-0.2175686436604124,-0.9879188858733692,0.32319237530843115,0.012941526881617427,103
bonds,full_2015,504,21,0.05,future_rv_ann,dq_dr,dq_es,-0.16193186735575765,-1.9304712416240577,0.053548475178175854,0.06508401899335958,103
bonds,full_2015,504,21,0.05,future_rv_ann,dq_dr,dr_es_concentration,0.09594432925021307,0.30959103173883473,0.7568719770848079,0.06508401899335958,103
bonds,full_2015,504,21,0.05,future_rv_ann,dq_dr_current_es,dq_es,-0.0258524940505265,-0.14936342938036104,0.881266867108343,0.07651018346151728,103
bonds,full_2015,504,21,0.05,future_rv_ann,dq_dr_current_es,dr_es_concentration,-0.5188910110647555,-0.6655623050828195,0.5056909069603857,0.07651018346151728,103
bonds,full_2015,504,21,0.05,future_rv_ann,full,dq_es,0.30338261271182665,1.0501656355939304,0.2936419660441373,0.33329270762947705,103
bonds,full_2015,504,21,0.05,future_rv_ann,full,dr_es_concentration,-1.6126755560564963,-1.772814465404605,0.07625945564084005,0.33329270762947705,103
bonds,full_2015,504,21,0.05,future_mdd,dq_only,dq_es,-0.028303240003500933,-1.7553490093840447,0.07919962825100739,0.02516189775002231,103
bonds,full_2015,504,21,0.05,future_mdd,dr_only,dr_es_concentration,-0.02074621882885217,-0.3491855351974615,0.7269500248204329,0.0012265872763923547,103
bonds,full_2015,504,21,0.05,future_mdd,dq_dr,dq_es,-0.03736724574046832,-1.4549885471970938,0.1456724321558563,0.030169147688752784,103
bonds,full_2015,504,21,0.05,future_mdd,dq_dr,dr_es_concentration,0.05159974057294059,0.5756791359459108,0.564832080323915,0.030169147688752784,103
bonds,full_2015,504,21,0.05,future_mdd,dq_dr_current_es,dq_es,-0.003980280401714091,-0.06745671209897676,0.946218122231276,0.03733878850137928,103
bonds,full_2015,504,21,0.05,future_mdd,dq_dr_current_es,dr_es_concentration,-0.09924961813253409,-0.3701102510553537,0.7113003443838142,0.03733878850137928,103
bonds,full_2015,504,21,0.05,future_mdd,full,dq_es,0.11170990058550231,1.0822368354079723,0.27914730473329363,0.2771255315307437,103
bonds,full_2015,504,21,0.05,future_mdd,full,dr_es_concentration,-0.4713549901054296,-1.4253031925393236,0.1540695776974333,0.2771255315307437,103
bonds,full_2015,504,21,0.05,future_tail_event,dq_only,dq_es,-0.9432185057348282,-2.2796079635393727,0.022630950228109112,0.04519190066023737,103
bonds,full_2015,504,21,0.05,future_tail_event,dr_only,dr_es_concentration,-3.1654105231802347,-1.8159605577847815,0.06937642270470858,0.046179106556402005,103
bonds,full_2015,504,21,0.05,future_tail_event,dq_dr,dq_es,-0.5867219658456114,-0.9948390146091295,0.3198145676594111,0.05771853674041105,103
bonds,full_2015,504,21,0.05,future_tail_event,dq_dr,dr_es_concentration,-2.0294701379557147,-0.8759392811268173,0.3810630434894605,0.05771853674041105,103
bonds,full_2015,504,21,0.05,future_tail_event,dq_dr_current_es,dq_es,-1.3222283024452017,-1.1312198969270388,0.25796254942086017,0.06334559277269514,103
bonds,full_2015,504,21,0.05,future_tail_event,dq_dr_current_es,dr_es_concentration,1.2937027851932577,0.22663825851679073,0.8207050402809629,0.06334559277269514,103
bonds,full_2015,504,21,0.05,future_tail_event,full,dq_es,-0.9017798403779878,-0.5584317508419948,0.5765495966496761,0.21825544674210529,103
bonds,full_2015,504,21,0.05,future_tail_event,full,dr_es_concentration,-3.4796353289863857,-0.676089609020272,0.4989837535342677,0.21825544674210529,103
bonds,full_2015,504,63,0.025,future_es,dq_only,dq_es,-0.018068206342188784,-2.13403845587899,0.03283963302655724,0.0686069614599486,102
bonds,full_2015,504,63,0.025,future_es,dr_only,dr_es_concentration,-0.09025158685202922,-2.726052666212835,0.006409677005183085,0.09754038555602063,102
bonds,full_2015,504,63,0.025,future_es,dq_dr,dq_es,0.0035582383180990116,0.22028416495308273,0.8256498518224202,0.09815539522238381,102
bonds,full_2015,504,63,0.025,future_es,dq_dr,dr_es_concentration,-0.10332203654771875,-1.5300309928217772,0.12600905759368644,0.09815539522238381,102
bonds,full_2015,504,63,0.025,future_es,dq_dr_current_es,dq_es,0.009570798103059375,0.7297453213445333,0.46554587262778624,0.1166679451745628,102
bonds,full_2015,504,63,0.025,future_es,dq_dr_current_es,dr_es_concentration,-0.13375920841749497,-2.086626526629435,0.03692190750962602,0.1166679451745628,102
bonds,full_2015,504,63,0.025,future_es,full,dq_es,-0.03275270897109003,-1.201368670712527,0.22960822335086728,0.40546494195896654,102
bonds,full_2015,504,63,0.025,future_es,full,dr_es_concentration,-0.044819412929611765,-0.5340328590035364,0.5933188003857426,0.40546494195896654,102
bonds,full_2015,504,63,0.025,future_var,dq_only,dq_es,-0.015433679361011999,-3.8853026345368225,0.00010220249375755974,0.22816077626348152,102
bonds,full_2015,504,63,0.025,future_var,dr_only,dr_es_concentration,-0.07018119968513377,-4.0640936168621735,4.8219470880759176e-05,0.2688315816810023,102
bonds,full_2015,504,63,0.025,future_var,dq_dr,dq_es,-0.003218744362786187,-0.43119325744917236,0.6663278561204573,0.271125345963931,102
bonds,full_2015,504,63,0.025,future_var,dq_dr,dr_es_concentration,-0.058357810548130204,-1.578098129560277,0.1145430678569731,0.271125345963931,102
bonds,full_2015,504,63,0.025,future_var,dq_dr_current_es,dq_es,-0.000590986272374724,-0.08672212878905762,0.9308923864520486,0.28724226887382,102
bonds,full_2015,504,63,0.025,future_var,dq_dr_current_es,dr_es_concentration,-0.07166021875538195,-1.9744129379093762,0.04833480810192507,0.28724226887382,102
bonds,full_2015,504,63,0.025,future_var,full,dq_es,-0.026673608858027123,-1.6751444197217822,0.09390589946085838,0.4519087936682644,102
bonds,full_2015,504,63,0.025,future_var,full,dr_es_concentration,-0.005031204475715338,-0.11909801022631979,0.9051977071339389,0.4519087936682644,102
bonds,full_2015,504,63,0.025,future_rv_ann,dq_only,dq_es,-0.08540723225605372,-2.6192458197221384,0.008812441893716653,0.1060733166967116,102
bonds,full_2015,504,63,0.025,future_rv_ann,dr_only,dr_es_concentration,-0.4430812872174729,-3.3473752035427045,0.0008158071041983656,0.16267482282197088,102
bonds,full_2015,504,63,0.025,future_rv_ann,dq_dr,dq_es,0.03173229531845442,0.47368159080383343,0.6357269829225016,0.16605931568409793,102
bonds,full_2015,504,63,0.025,future_rv_ann,dq_dr,dr_es_concentration,-0.5596432857713551,-1.8283394131164694,0.06749862815074566,0.16605931568409793,102
bonds,full_2015,504,63,0.025,future_rv_ann,dq_dr_current_es,dq_es,0.04677197302942584,0.7968868426714714,0.4255167529687791,0.17407431035036802,102
bonds,full_2015,504,63,0.025,future_rv_ann,dq_dr_current_es,dr_es_concentration,-0.6357781221350486,-2.1593302372262513,0.030824555909259616,0.17407431035036802,102
bonds,full_2015,504,63,0.025,future_rv_ann,full,dq_es,-0.10242248272945181,-0.9287006384946236,0.35304424978161775,0.4489169370536308,102
bonds,full_2015,504,63,0.025,future_rv_ann,full,dr_es_concentration,-0.47347004519278274,-1.5097084715627762,0.1311178286686949,0.4489169370536308,102
bonds,full_2015,504,63,0.025,future_mdd,dq_only,dq_es,-0.020579542440140017,-1.0672709661434316,0.28584949479058297,0.015464025037636775,102
bonds,full_2015,504,63,0.025,future_mdd,dr_only,dr_es_concentration,-0.13332601547339124,-1.5816467148799074,0.11373024329236611,0.036984315739921114,102
bonds,full_2015,504,63,0.025,future_mdd,dq_dr,dq_es,0.03169978911203473,0.7909864852987947,0.4289518779808559,0.045465131655569424,102
bonds,full_2015,504,63,0.025,future_mdd,dq_dr,dr_es_concentration,-0.24976860922696942,-1.362511737301254,0.17303644253624584,0.045465131655569424,102
bonds,full_2015,504,63,0.025,future_mdd,dq_dr_current_es,dq_es,0.0460769433833678,1.4178522201738213,0.1562339144485332,0.06385617240925379,102
bonds,full_2015,504,63,0.025,future_mdd,dq_dr_current_es,dr_es_concentration,-0.3225495762702332,-1.8518393623797975,0.06404889344710836,0.06385617240925379,102
bonds,full_2015,504,63,0.025,future_mdd,full,dq_es,0.010250111387535007,0.14765192973277377,0.8826174702113134,0.3626630397586491,102
bonds,full_2015,504,63,0.025,future_mdd,full,dr_es_concentration,-0.010909870219943826,-0.05656516158048684,0.9548915871218874,0.3626630397586491,102
bonds,full_2015,504,63,0.025,future_tail_event,dq_only,dq_es,-0.20803667060480985,-0.628700696589398,0.5295450219978084,0.00736238863014449,102
bonds,full_2015,504,63,0.025,future_tail_event,dr_only,dr_es_concentration,-1.6283744986988369,-1.4612346442912298,0.14395105856953036,0.025703023091652066,102
bonds,full_2015,504,63,0.025,future_tail_event,dq_dr,dq_es,0.5745458352075502,0.7244657283987739,0.46877986007275285,0.038682646319519676,102
bonds,full_2015,504,63,0.025,future_tail_event,dq_dr,dr_es_concentration,-3.7388493364157958,-1.2439028626683097,0.21353531566625694,0.038682646319519676,102
bonds,full_2015,504,63,0.025,future_tail_event,dq_dr_current_es,dq_es,0.3053146598876381,0.3274233254403383,0.7433477267248516,0.06872949770610526,102
bonds,full_2015,504,63,0.025,future_tail_event,dq_dr_current_es,dr_es_concentration,-2.375929739938469,-0.6415470941574576,0.521167293706652,0.06872949770610526,102
bonds,full_2015,504,63,0.025,future_tail_event,full,dq_es,0.4638419410663931,0.5597022766180039,0.5756825292360244,0.32899956552567167,102
bonds,full_2015,504,63,0.025,future_tail_event,full,dr_es_concentration,-9.961597631830294,-3.0390549114735608,0.0023732159315699307,0.32899956552567167,102
bonds,full_2015,504,63,0.05,future_es,dq_only,dq_es,-0.03155004937677952,-3.2388860343119634,0.0011999751107558724,0.16081342789580566,102
bonds,full_2015,504,63,0.05,future_es,dr_only,dr_es_concentration,-0.04912317262260745,-1.2161521598470644,0.22392696394563627,0.0319988231361249,102
bonds,full_2015,504,63,0.05,future_es,dq_dr,dq_es,-0.035657975392805644,-2.31656742565938,0.020527307536942013,0.16592011698451958,102
bonds,full_2015,504,63,0.05,future_es,dq_dr,dr_es_concentration,0.02430424239140381,0.4295479675733536,0.667524493821635,0.16592011698451958,102
bonds,full_2015,504,63,0.05,future_es,dq_dr_current_es,dq_es,-0.029390321294980107,-1.117285542215052,0.2638722552011149,0.16717790065973748,102
bonds,full_2015,504,63,0.05,future_es,dq_dr_current_es,dr_es_concentration,-0.004540916435911978,-0.038383404546190714,0.9693819924850795,0.16717790065973748,102
bonds,full_2015,504,63,0.05,future_es,full,dq_es,0.016429534056377804,0.47270000205797674,0.6364272251255232,0.4075030272856873,102
bonds,full_2015,504,63,0.05,future_es,full,dr_es_concentration,-0.12007568993514224,-1.3591006071280824,0.1741147104893429,0.4075030272856873,102
bonds,full_2015,504,63,0.05,future_var,dq_only,dq_es,-0.0187229882295302,-4.189504805135965,2.795638625051715e-05,0.21524362149830734,102
bonds,full_2015,504,63,0.05,future_var,dr_only,dr_es_concentration,-0.043696354014014324,-1.8848442928206708,0.05945086298235885,0.09622974428166375,102
bonds,full_2015,504,63,0.05,future_var,dq_dr,dq_es,-0.01738997682935271,-2.874189544318451,0.004050657856335577,0.2172873333196873,102
bonds,full_2015,504,63,0.05,future_var,dq_dr,dr_es_concentration,-0.007886663989085205,-0.2887695855165639,0.7727577082583377,0.2172873333196873,102
bonds,full_2015,504,63,0.05,future_var,dq_dr_current_es,dq_es,-0.006435927838855118,-0.44909620130640626,0.6533622606241547,0.23188901948018192,102
bonds,full_2015,504,63,0.05,future_var,dq_dr_current_es,dr_es_concentration,-0.058299669876363286,-0.783873333223763,0.43311443848498987,0.23188901948018192,102
bonds,full_2015,504,63,0.05,future_var,full,dq_es,0.014361524332756111,0.6585444504329925,0.5101883441589656,0.4536202116040924,102
bonds,full_2015,504,63,0.05,future_var,full,dr_es_concentration,-0.0655894128354884,-1.3282181202638703,0.18410605993586848,0.4536202116040924,102
bonds,full_2015,504,63,0.05,future_rv_ann,dq_only,dq_es,-0.1756135482316378,-3.1552004508011278,0.001603878698722524,0.14072044116380522,102
bonds,full_2015,504,63,0.05,future_rv_ann,dr_only,dr_es_concentration,-0.38287398094125263,-1.527878489041401,0.12654270994437022,0.054902462917285844,102
bonds,full_2015,504,63,0.05,future_rv_ann,dq_dr,dq_es,-0.170104895972192,-1.8658768444286569,0.06205859794034875,0.14097980166452573,102
bonds,full_2015,504,63,0.05,future_rv_ann,dq_dr,dr_es_concentration,-0.032591536274318524,-0.09138104715480196,0.9271898209129553,0.14097980166452573,102
bonds,full_2015,504,63,0.05,future_rv_ann,dq_dr_current_es,dq_es,-0.0864807508030203,-0.5436830911474196,0.586659570090757,0.14730360310201207,102
bonds,full_2015,504,63,0.05,future_rv_ann,dq_dr_current_es,dr_es_concentration,-0.41744872710750924,-0.5717751696744591,0.5674743012607324,0.14730360310201207,102
bonds,full_2015,504,63,0.05,future_rv_ann,full,dq_es,0.25004359819305166,1.1820112692920248,0.23720122936904398,0.4094705328618685,102
bonds,full_2015,504,63,0.05,future_rv_ann,full,dr_es_concentration,-1.2247635550288813,-2.291466534053727,0.021936445289796398,0.4094705328618685,102
bonds,full_2015,504,63,0.05,future_mdd,dq_only,dq_es,-0.04835952379748177,-1.34417423992909,0.17889204960459948,0.02679411681894006,102
bonds,full_2015,504,63,0.05,future_mdd,dr_only,dr_es_concentration,-0.02582734695836903,-0.17007202769070476,0.8649534916816433,0.000627298105440266,102
bonds,full_2015,504,63,0.05,future_mdd,dq_dr,dq_es,-0.06748091926318257,-1.090185195406142,0.2756315734374818,0.03464080781322176,102
bonds,full_2015,504,63,0.05,future_mdd,dq_dr,dr_es_concentration,0.11313033108367725,0.48673014948499804,0.6264495764586306,0.03464080781322176,102
bonds,full_2015,504,63,0.05,future_mdd,dq_dr_current_es,dq_es,-0.04216752877149918,-0.38523972551871183,0.7000598136200574,0.036095763420643245,102
bonds,full_2015,504,63,0.05,future_mdd,dq_dr_current_es,dr_es_concentration,-0.003367605431963353,-0.006786723902695754,0.9945850193482989,0.036095763420643245,102
bonds,full_2015,504,63,0.05,future_mdd,full,dq_es,0.27794413719285993,1.9764408227867796,0.0481048718600192,0.37884426392453463,102
bonds,full_2015,504,63,0.05,future_mdd,full,dr_es_concentration,-0.47693516334930053,-1.5293353383639556,0.12618133335376328,0.37884426392453463,102
bonds,full_2015,504,63,0.05,future_tail_event,dq_only,dq_es,-0.6048371252897743,-1.4699361328595535,0.14157905232408644,0.026878120369034586,102
bonds,full_2015,504,63,0.05,future_tail_event,dr_only,dr_es_concentration,-3.075598236647367,-1.6795001832209868,0.09305460318445752,0.05704534183862897,102
bonds,full_2015,504,63,0.05,future_tail_event,dq_dr,dq_es,-0.13037296038553292,-0.20193142432059638,0.8399703350331655,0.057859504384280114,102
bonds,full_2015,504,63,0.05,future_tail_event,dq_dr,dr_es_concentration,-2.8071323643318813,-1.0354421618838703,0.30046246426900913,0.057859504384280114,102
bonds,full_2015,504,63,0.05,future_tail_event,dq_dr_current_es,dq_es,-1.4315249335245683,-1.513517111100753,0.1301483580813614,0.082511481313431,102
bonds,full_2015,504,63,0.05,future_tail_event,dq_dr_current_es,dr_es_concentration,3.181062698425657,0.6545036803816168,0.5127873567926399,0.082511481313431,102
bonds,full_2015,504,63,0.05,future_tail_event,full,dq_es,-1.4484092624152454,-1.0907863171908492,0.27536691856513906,0.32401884383921575,102
bonds,full_2015,504,63,0.05,future_tail_event,full,dr_es_concentration,-2.7975892078976123,-0.7368897561698581,0.46118939404963977,0.32401884383921575,102
shares,baseline_2018,252,21,0.025,future_es,dq_only,dq_es,-0.0029724135328624813,-0.2368525705703329,0.8127711662536827,0.0002880882919861216,88
shares,baseline_2018,252,21,0.025,future_es,dr_only,dr_es_concentration,0.021931573275546748,1.9939998238578387,0.046152073767226263,0.01044648302516027,88
shares,baseline_2018,252,21,0.025,future_es,dq_dr,dq_es,-0.026878055235958067,-1.3512179186740194,0.17662563626257988,0.023517348005357874,88
shares,baseline_2018,252,21,0.025,future_es,dq_dr,dr_es_concentration,0.043903755678509446,2.3844925028257293,0.017102696487041245,0.023517348005357874,88
shares,baseline_2018,252,21,0.025,future_es,dq_dr_current_es,dq_es,-0.052924245630431514,-1.8192983211050122,0.06886592939904264,0.027849668735772548,88
shares,baseline_2018,252,21,0.025,future_es,dq_dr_current_es,dr_es_concentration,0.02312095412483408,0.9197291333630107,0.3577143243485248,0.027849668735772548,88
shares,baseline_2018,252,21,0.025,future_es,full,dq_es,-0.15025590743058692,-1.3586741101516167,0.17424987957820137,0.1586838592358878,88
shares,baseline_2018,252,21,0.025,future_es,full,dr_es_concentration,-0.04751741578219322,-1.165916073507459,0.2436483795935267,0.1586838592358878,88
shares,baseline_2018,252,21,0.025,future_var,dq_only,dq_es,-0.0025579958836330417,-0.25847368855639014,0.7960413526596773,0.00045963045387431567,88
shares,baseline_2018,252,21,0.025,future_var,dr_only,dr_es_concentration,0.017781540051585967,1.8772388512847507,0.06048536487707193,0.01479351027946818,88
shares,baseline_2018,252,21,0.025,future_var,dq_dr,dq_es,-0.022058814620404252,-1.5670880098245366,0.11709412141029767,0.03375947554470682,88
shares,baseline_2018,252,21,0.025,future_var,dq_dr,dr_es_concentration,0.03581410580746872,2.7801986574524027,0.005432565361261786,0.03375947554470682,88
shares,baseline_2018,252,21,0.025,future_var,dq_dr_current_es,dq_es,-0.04950883695614296,-2.23031623520913,0.02572645610553845,0.04412567469624018,88
shares,baseline_2018,252,21,0.025,future_var,dq_dr_current_es,dr_es_concentration,0.013911157306844172,0.7141162829159354,0.47515527808706626,0.04412567469624018,88
shares,baseline_2018,252,21,0.025,future_var,full,dq_es,-0.1140338297572718,-1.4942748490501003,0.13510379608925904,0.16987801113012302,88
shares,baseline_2018,252,21,0.025,future_var,full,dr_es_concentration,-0.04133521026016642,-1.2999666018944234,0.193612416192377,0.16987801113012302,88
shares,baseline_2018,252,21,0.025,future_rv_ann,dq_only,dq_es,0.05070125702977042,0.7100255634207178,0.47768828392081697,0.0049104739373393436,88
shares,baseline_2018,252,21,0.025,future_rv_ann,dr_only,dr_es_concentration,0.21000459523761555,2.883016738911151,0.003938865095253137,0.056113444946708,88
shares,baseline_2018,252,21,0.025,future_rv_ann,dq_dr,dq_es,-0.11470248235342334,-1.372859296123322,0.16979609261560547,0.07005891269588949,88
shares,baseline_2018,252,21,0.025,future_rv_ann,dq_dr,dr_es_concentration,0.3037711956191178,4.0481117838712315,5.1632487184287944e-05,0.07005891269588949,88
shares,baseline_2018,252,21,0.025,future_rv_ann,dq_dr_current_es,dq_es,-0.29621627122193167,-1.8922794581132178,0.058453756396336445,0.08238514167503053,88
shares,baseline_2018,252,21,0.025,future_rv_ann,dq_dr_current_es,dr_es_concentration,0.15893753679312822,1.174981655711424,0.24000205496394544,0.08238514167503053,88
shares,baseline_2018,252,21,0.025,future_rv_ann,full,dq_es,-0.7190360960916917,-1.61072596617117,0.1072394635584166,0.26674348791049496,88
shares,baseline_2018,252,21,0.025,future_rv_ann,full,dr_es_concentration,-0.11571814871578465,-0.6071016891454191,0.5437834292663111,0.26674348791049496,88
shares,baseline_2018,252,21,0.025,future_mdd,dq_only,dq_es,-0.01965884660231075,-0.8134350579120558,0.4159686660496289,0.005487391314624834,88
shares,baseline_2018,252,21,0.025,future_mdd,dr_only,dr_es_concentration,0.035453745159240505,1.3566617786768962,0.17488870226633269,0.011887690256528027,88
shares,baseline_2018,252,21,0.025,future_mdd,dq_dr,dq_es,-0.07021920256808722,-2.227754578967995,0.02589688524515165,0.05073519652308056,88
shares,baseline_2018,252,21,0.025,future_mdd,dq_dr,dr_es_concentration,0.09285630324880476,3.101246689457882,0.0019270767304768878,0.05073519652308056,88
shares,baseline_2018,252,21,0.025,future_mdd,dq_dr_current_es,dq_es,-0.15105758887173165,-2.742751654266218,0.00609267448787179,0.0689075077015755,88
shares,baseline_2018,252,21,0.025,future_mdd,dq_dr_current_es,dr_es_concentration,0.0283536594831173,0.6101551204578709,0.541759056082162,0.0689075077015755,88
shares,baseline_2018,252,21,0.025,future_mdd,full,dq_es,-0.3010266860525388,-1.796017698720514,0.07249170227001206,0.16764636112497788,88
shares,baseline_2018,252,21,0.025,future_mdd,full,dr_es_concentration,-0.08772455415565239,-1.0221084586547857,0.30672957015880764,0.16764636112497788,88
shares,baseline_2018,252,21,0.025,future_tail_event,dq_only,dq_es,-0.1506636724020747,-0.6214325293962436,0.5343150745648741,0.004572009365580665,88
shares,baseline_2018,252,21,0.025,future_tail_event,dr_only,dr_es_concentration,-0.24008484842215475,-0.6653968028142117,0.5057967293406435,0.007732908984433795,88
shares,baseline_2018,252,21,0.025,future_tail_event,dq_dr,dq_es,-0.03593048152693669,-0.11672577109722178,0.9070773674893194,0.007877192788328324,88
shares,baseline_2018,252,21,0.025,future_tail_event,dq_dr,dr_es_concentration,-0.21071251895093754,-0.44824932182378796,0.6539732706678634,0.007877192788328324,88
shares,baseline_2018,252,21,0.025,future_tail_event,dq_dr_current_es,dq_es,-0.3042894894037834,-0.5142565548668087,0.6070726320495441,0.010718036871576353,88
shares,baseline_2018,252,21,0.025,future_tail_event,dq_dr_current_es,dr_es_concentration,-0.4248417993323444,-0.7194738260899025,0.47184902352079783,0.010718036871576353,88
shares,baseline_2018,252,21,0.025,future_tail_event,full,dq_es,-0.3500799005762313,-0.31312301793061115,0.7541872020117715,0.1616776515393169,88
shares,baseline_2018,252,21,0.025,future_tail_event,full,dr_es_concentration,-2.529294322523885,-3.126265738116973,0.0017704149369919364,0.1616776515393169,88
shares,baseline_2018,252,21,0.05,future_es,dq_only,dq_es,0.0031111450251377747,0.3791721894507812,0.7045600019345237,0.000697209760772588,88
shares,baseline_2018,252,21,0.05,future_es,dr_only,dr_es_concentration,0.01761085845763931,1.5900245053416135,0.11182928143638274,0.012257904396318242,88
shares,baseline_2018,252,21,0.05,future_es,dq_dr,dq_es,-0.007783760115544232,-0.8348391590299334,0.40380827443132783,0.014988458378500047,88
shares,baseline_2018,252,21,0.05,future_es,dq_dr,dr_es_concentration,0.02403992075804578,1.9194732381293913,0.054924469999982545,0.014988458378500047,88
shares,baseline_2018,252,21,0.05,future_es,dq_dr_current_es,dq_es,-0.004372007178999536,-0.2376464150795336,0.8121553475724963,0.01549664200428369,88
shares,baseline_2018,252,21,0.05,future_es,dq_dr_current_es,dr_es_concentration,0.02966330223152943,1.055528292750397,0.29118377679146557,0.01549664200428369,88
shares,baseline_2018,252,21,0.05,future_es,full,dq_es,0.009513413435058904,0.21320579336437565,0.8311664497038396,0.13954576525873574,88
shares,baseline_2018,252,21,0.05,future_es,full,dr_es_concentration,-0.07069289809191746,-1.381374311994338,0.1671639000143268,0.13954576525873574,88
shares,baseline_2018,252,21,0.05,future_var,dq_only,dq_es,0.000309830925606421,0.04023638842557563,0.9679046673401669,1.900307444757665e-05,88
shares,baseline_2018,252,21,0.05,future_var,dr_only,dr_es_concentration,0.014933337691145639,1.566588621274772,0.1172108792400471,0.024222576894117998,88
shares,baseline_2018,252,21,0.05,future_var,dq_dr,dq_es,-0.010321594856939556,-1.1477574114830622,0.2510687231957073,0.03741780466995848,88
shares,baseline_2018,252,21,0.05,future_var,dq_dr,dr_es_concentration,0.023458545995330333,2.1711327446906687,0.029921139457310782,0.03741780466995848,88
shares,baseline_2018,252,21,0.05,future_var,dq_dr_current_es,dq_es,-0.01496889214686522,-1.2343664374851373,0.2170663895192133,0.04000910544421976,88
shares,baseline_2018,252,21,0.05,future_var,dq_dr_current_es,dr_es_concentration,0.015798693137284187,0.8407765533574788,0.40047312468667096,0.04000910544421976,88
shares,baseline_2018,252,21,0.05,future_var,full,dq_es,-0.003455707508724211,-0.1234083496612795,0.9017837455424481,0.14929449246224968,88
shares,baseline_2018,252,21,0.05,future_var,full,dr_es_concentration,-0.052735251394218585,-1.3137815785765734,0.1889197185684245,0.14929449246224968,88
shares,baseline_2018,252,21,0.05,future_rv_ann,dq_only,dq_es,0.07316026997526631,0.9873747691518402,0.3234589486222631,0.010484564316234457,88
shares,baseline_2018,252,21,0.05,future_rv_ann,dr_only,dr_es_concentration,0.22417537039889118,2.906776111979908,0.003651744602693234,0.05401418302160399,88
shares,baseline_2018,252,21,0.05,future_rv_ann,dq_dr,dq_es,-0.04544870894769726,-0.5587120310897635,0.5763582670958525,0.05654576400778877,88
shares,baseline_2018,252,21,0.05,future_rv_ann,dq_dr,dr_es_concentration,0.26171411477955053,3.259900544917974,0.0011145128740516028,0.05654576400778877,88
shares,baseline_2018,252,21,0.05,future_rv_ann,dq_dr_current_es,dq_es,-0.047404860829862186,-0.3157888883421714,0.7521627526974226,0.05655030705767927,88
shares,baseline_2018,252,21,0.05,future_rv_ann,dq_dr_current_es,dr_es_concentration,0.2584899105484465,1.473446467634128,0.14063068842003712,0.05655030705767927,88
shares,baseline_2018,252,21,0.05,future_rv_ann,full,dq_es,0.04888144781035712,0.1857198602461135,0.8526644530476962,0.22884471858299849,88
shares,baseline_2018,252,21,0.05,future_rv_ann,full,dr_es_concentration,-0.3136509882956728,-1.0082560419258901,0.3133315600466814,0.22884471858299849,88
shares,baseline_2018,252,21,0.05,future_mdd,dq_only,dq_es,-0.010489913249234544,-0.46743071945509995,0.6401917484613369,0.0016021659206100214,88
shares,baseline_2018,252,21,0.05,future_mdd,dr_only,dr_es_concentration,0.038836348867328854,1.2411747025337019,0.21454121795806746,0.012049602329370246,88
shares,baseline_2018,252,21,0.05,future_mdd,dq_dr,dq_es,-0.04489640645277065,-1.614797059625998,0.10635465012888572,0.030412270781727813,88
shares,baseline_2018,252,21,0.05,future_mdd,dq_dr,dr_es_concentration,0.07591891434526718,2.0193989267528334,0.04344577301399161,0.030412270781727813,88
shares,baseline_2018,252,21,0.05,future_mdd,dq_dr_current_es,dq_es,-0.04804247698215329,-1.0297538512046998,0.3031255692449655,0.030499616813367547,88
shares,baseline_2018,252,21,0.05,future_mdd,dq_dr_current_es,dr_es_concentration,0.07073344076079316,1.177912935063817,0.2388313177682262,0.030499616813367547,88
shares,baseline_2018,252,21,0.05,future_mdd,full,dq_es,-0.023900000733017866,-0.2516369200001137,0.8013217186363643,0.12659668194950469,88
shares,baseline_2018,252,21,0.05,future_mdd,full,dr_es_concentration,-0.11770814758164075,-0.9252855120505344,0.35481741288653734,0.12659668194950469,88
shares,baseline_2018,252,21,0.05,future_tail_event,dq_only,dq_es,0.009095366133302842,0.03441979307143675,0.9725424002337509,1.559464220224349e-05,88
shares,baseline_2018,252,21,0.05,future_tail_event,dr_only,dr_es_concentration,-0.28902474950070534,-0.7531942086087992,0.45133321899558765,0.008640469463757183,88
shares,baseline_2018,252,21,0.05,future_tail_event,dq_dr,dq_es,0.22388859547626344,0.6815074296552218,0.4955504672232798,0.014552653173351637,88
shares,baseline_2018,252,21,0.05,future_tail_event,dq_dr,dr_es_concentration,-0.47394742277180446,-0.9727966918097669,0.3306543572134414,0.014552653173351637,88
shares,baseline_2018,252,21,0.05,future_tail_event,dq_dr_current_es,dq_es,0.43172748471063727,0.997834037853765,0.31835984190116295,0.01948815413652738,88
shares,baseline_2018,252,21,0.05,future_tail_event,dq_dr_current_es,dr_es_concentration,-0.1313794288614116,-0.19582755238430874,0.8447451438959581,0.01948815413652738,88
shares,baseline_2018,252,21,0.05,future_tail_event,full,dq_es,-0.6590062158253992,-0.7788901350869112,0.43604443554097017,0.17473719434407908,88
shares,baseline_2018,252,21,0.05,future_tail_event,full,dr_es_concentration,-2.3442225829313186,-1.9345849172923075,0.05304125234631619,0.17473719434407908,88
shares,baseline_2018,252,63,0.025,future_es,dq_only,dq_es,-0.01141197191339262,-0.5052978036455424,0.6133496852243633,0.0039901413537158925,86
shares,baseline_2018,252,63,0.025,future_es,dr_only,dr_es_concentration,-0.004699682827567844,-0.14833095939244073,0.8820815835410005,0.0004552087722593523,86
shares,baseline_2018,252,63,0.025,future_es,dq_dr,dq_es,-0.015994713375370624,-0.7095518604852897,0.47798208091757544,0.004783688479375381,86
shares,baseline_2018,252,63,0.025,future_es,dq_dr,dr_es_concentration,0.008350102658630428,0.2527228883735649,0.8004823595339394,0.004783688479375381,86
shares,baseline_2018,252,63,0.025,future_es,dq_dr_current_es,dq_es,-0.052004551136516045,-1.5428897676226958,0.12285752392267607,0.01262641757593097,86
shares,baseline_2018,252,63,0.025,future_es,dq_dr_current_es,dr_es_concentration,-0.020329651188988957,-0.481852070720816,0.6299110362157935,0.01262641757593097,86
shares,baseline_2018,252,63,0.025,future_es,full,dq_es,-0.1383716908820255,-0.8803876730777294,0.37864933203869167,0.17578405640965333,86
shares,baseline_2018,252,63,0.025,future_es,full,dr_es_concentration,-0.1564448189726173,-2.048849247163538,0.04047685845286233,0.17578405640965333,86
shares,baseline_2018,252,63,0.025,future_var,dq_only,dq_es,-0.0015376252060697374,-0.1294384253540991,0.8970107443712283,0.0004327580458802771,86
shares,baseline_2018,252,63,0.025,future_var,dr_only,dr_es_concentration,0.006102996172959101,0.3688370594793004,0.7122491797261812,0.004586031127784551,86
shares,baseline_2018,252,63,0.025,future_var,dq_dr,dq_es,-0.008849843808109327,-0.6863526403765179,0.4924907615771541,0.012502489862750932,86
shares,baseline_2018,252,63,0.025,future_var,dq_dr,dr_es_concentration,0.013323417106542166,0.7271106227490212,0.46715819183977547,0.012502489862750932,86
shares,baseline_2018,252,63,0.025,future_var,dq_dr_current_es,dq_es,-0.03730990838335364,-1.7832009019604995,0.07455360571249973,0.0417692012970412,86
shares,baseline_2018,252,63,0.025,future_var,dq_dr_current_es,dr_es_concentration,-0.009343378892912979,-0.35147288602009125,0.7252336103923767,0.0417692012970412,86
shares,baseline_2018,252,63,0.025,future_var,full,dq_es,-0.01760270522201672,-0.3139747781717656,0.7535401949270866,0.1943772897129622,86
shares,baseline_2018,252,63,0.025,future_var,full,dr_es_concentration,-0.07770478304261383,-2.2681379616940736,0.023320799242878106,0.1943772897129622,86
shares,baseline_2018,252,63,0.025,future_rv_ann,dq_only,dq_es,-0.02932976586604833,-0.3955708945318873,0.6924216121294985,0.0019787834620584865,86
shares,baseline_2018,252,63,0.025,future_rv_ann,dr_only,dr_es_concentration,0.0641973642796227,0.5416590952908757,0.5880533734964599,0.006377083546696749,86
shares,baseline_2018,252,63,0.025,future_rv_ann,dq_dr,dq_es,-0.11691417444716846,-1.480891091296322,0.13863559736436998,0.02374033215446847,86
shares,baseline_2018,252,63,0.025,future_rv_ann,dq_dr,dr_es_concentration,0.15958543789029836,1.226187662454303,0.22012806300305454,0.02374033215446847,86
shares,baseline_2018,252,63,0.025,future_rv_ann,dq_dr_current_es,dq_es,-0.31788197434218324,-2.0041269649462765,0.04505646158249885,0.04208002372154285,86
shares,baseline_2018,252,63,0.025,future_rv_ann,dq_dr_current_es,dr_es_concentration,-0.0004737956590868536,-0.002779040099573889,0.9977826496648213,0.04208002372154285,86
shares,baseline_2018,252,63,0.025,future_rv_ann,full,dq_es,-0.5722886651231434,-1.0302158941468094,0.30290867018931456,0.21679890616736186,86
shares,baseline_2018,252,63,0.025,future_rv_ann,full,dr_es_concentration,-0.5531783061205966,-1.981106508480833,0.04757933056407012,0.21679890616736186,86
shares,baseline_2018,252,63,0.025,future_mdd,dq_only,dq_es,-0.07931190511732104,-1.397236603459369,0.16234243292075456,0.03550468444253685,86
shares,baseline_2018,252,63,0.025,future_mdd,dr_only,dr_es_concentration,-0.021816080565181858,-0.23862112312672684,0.8113993843319346,0.0018070450589127152,86
shares,baseline_2018,252,63,0.025,future_mdd,dq_dr,dq_es,-0.1219408409981211,-1.9464201625418747,0.05160428957519944,0.04815417376162445,86
shares,baseline_2018,252,63,0.025,future_mdd,dq_dr,dr_es_concentration,0.07767315563972861,0.7648321502492764,0.44437150057417263,0.04815417376162445,86
shares,baseline_2018,252,63,0.025,future_mdd,dq_dr_current_es,dq_es,-0.2832490873849026,-2.816085269373436,0.00486127623730359,0.07714629715994548,86
shares,baseline_2018,252,63,0.025,future_mdd,dq_dr_current_es,dr_es_concentration,-0.050799536479861705,-0.41120989177713735,0.6809186356226087,0.07714629715994548,86
shares,baseline_2018,252,63,0.025,future_mdd,full,dq_es,-0.2445043588371563,-0.8471877003191536,0.3968905080857993,0.20833171185161403,86
shares,baseline_2018,252,63,0.025,future_mdd,full,dr_es_concentration,-0.4242183840822437,-2.0660145643380683,0.038827104397312906,0.20833171185161403,86
shares,baseline_2018,252,63,0.025,future_tail_event,dq_only,dq_es,-0.3519557538755562,-0.9164849422417007,0.3594126016103971,0.024682995976003985,86
shares,baseline_2018,252,63,0.025,future_tail_event,dr_only,dr_es_concentration,-0.33937186192404584,-0.6574394547676458,0.5108983893411174,0.015437608639108813,86
shares,baseline_2018,252,63,0.025,future_tail_event,dq_dr,dq_es,-0.3000594469611907,-0.6616399797990077,0.508201978858625,0.025344831015143177,86
shares,baseline_2018,252,63,0.025,future_tail_event,dq_dr,dr_es_concentration,-0.09455900882344516,-0.1521498450228523,0.8790687511666828,0.025344831015143177,86
shares,baseline_2018,252,63,0.025,future_tail_event,dq_dr_current_es,dq_es,-1.115280265326403,-1.2395760630382933,0.21513223886406885,0.051486315638448854,86
shares,baseline_2018,252,63,0.025,future_tail_event,dq_dr_current_es,dr_es_concentration,-0.7438352581987329,-0.7399263607767678,0.4593446782493964,0.051486315638448854,86
shares,baseline_2018,252,63,0.025,future_tail_event,full,dq_es,1.097377428681423,0.9864020248110844,0.32393587187697215,0.3839618957122095,86
shares,baseline_2018,252,63,0.025,future_tail_event,full,dr_es_concentration,-2.6287965921325016,-3.6995313315960727,0.00021599797454381587,0.3839618957122095,86
shares,baseline_2018,252,63,0.05,future_es,dq_only,dq_es,-0.00594455293923607,-0.4024444068611504,0.6873569943527813,0.002839861163538848,86
shares,baseline_2018,252,63,0.05,future_es,dr_only,dr_es_concentration,-0.0002456195134541697,-0.009910133520748125,0.9920929868941218,2.6989781366504317e-06,86
shares,baseline_2018,252,63,0.05,future_es,dq_dr,dq_es,-0.009442064644014746,-0.7081656917816745,0.4788423688319664,0.004427414981506783,86
shares,baseline_2018,252,63,0.05,future_es,dq_dr,dr_es_concentration,0.007580206486008394,0.29992118073127527,0.7642372777502773,0.004427414981506783,86
shares,baseline_2018,252,63,0.05,future_es,dq_dr_current_es,dq_es,-0.01520406319247742,-0.9167613785446767,0.35926769491385213,0.0060661556159195,86
shares,baseline_2018,252,63,0.05,future_es,dq_dr_current_es,dr_es_concentration,-0.0019065353117053378,-0.052711546780154044,0.9579617388172297,0.0060661556159195,86
shares,baseline_2018,252,63,0.05,future_es,full,dq_es,-0.011007451303928696,-0.16342669025340348,0.8701824895923503,0.17072250953066015,86
shares,baseline_2018,252,63,0.05,future_es,full,dr_es_concentration,-0.1303551070203525,-2.270653911089858,0.02316793713053047,0.17072250953066015,86
shares,baseline_2018,252,63,0.05,future_var,dq_only,dq_es,-0.004924894168932118,-0.6152649197957903,0.5383797806463567,0.009645366294960156,86
shares,baseline_2018,252,63,0.05,future_var,dr_only,dr_es_concentration,0.00666286297336759,0.5091131599604298,0.6106729079663873,0.009827919860160073,86
shares,baseline_2018,252,63,0.05,future_var,dq_dr,dq_es,-0.01295241381678668,-1.4474418055514864,0.1477732241798805,0.051029995452902766,86
shares,baseline_2018,252,63,0.05,future_var,dq_dr,dr_es_concentration,0.017398156643217734,1.1866474115109031,0.23536672633856248,0.051029995452902766,86
shares,baseline_2018,252,63,0.05,future_var,dq_dr_current_es,dq_es,-0.019343017341282156,-1.7045498333151232,0.0882784144290855,0.0610050181520555,86
shares,baseline_2018,252,63,0.05,future_var,dq_dr_current_es,dr_es_concentration,0.006876459169929893,0.33877685489990067,0.7347778384263582,0.0610050181520555,86
shares,baseline_2018,252,63,0.05,future_var,full,dq_es,0.01100907374145417,0.4467237242267067,0.6550745501571151,0.22447968019057096,86
shares,baseline_2018,252,63,0.05,future_var,full,dr_es_concentration,-0.07616400205651297,-2.0788738637965314,0.03762894555242212,0.22447968019057096,86
shares,baseline_2018,252,63,0.05,future_rv_ann,dq_only,dq_es,-0.02493700986756883,-0.3193271403457058,0.7494784541291388,0.001460017811298453,86
shares,baseline_2018,252,63,0.05,future_rv_ann,dr_only,dr_es_concentration,0.07543310406382767,0.5616915617383049,0.5743261845439849,0.007437179793308268,86
shares,baseline_2018,252,63,0.05,future_rv_ann,dq_dr,dq_es,-0.09673556955811917,-1.2676034665333962,0.2049395933755772,0.021005764098992574,86
shares,baseline_2018,252,63,0.05,future_rv_ann,dq_dr,dr_es_concentration,0.15561003187173328,1.101886516481891,0.2705110112009239,0.021005764098992574,86
shares,baseline_2018,252,63,0.05,future_rv_ann,dq_dr_current_es,dq_es,-0.1357936370143773,-1.131711695611229,0.25775566284913554,0.023205629579607367,86
shares,baseline_2018,252,63,0.05,future_rv_ann,dq_dr_current_es,dr_es_concentration,0.09130355939369603,0.4597020107005868,0.6457301260905401,0.023205629579607367,86
shares,baseline_2018,252,63,0.05,future_rv_ann,full,dq_es,-0.12655870291315002,-0.33115041887282104,0.7405308692344015,0.19428448743861093,86
shares,baseline_2018,252,63,0.05,future_rv_ann,full,dr_es_concentration,-0.7089683741124607,-2.150953013860072,0.03147990849486135,0.19428448743861093,86
shares,baseline_2018,252,63,0.05,future_mdd,dq_only,dq_es,-0.0752281734044121,-1.3126474339935656,0.18930177812007587,0.032603051262914295,86
shares,baseline_2018,252,63,0.05,future_mdd,dr_only,dr_es_concentration,-0.011446859879168604,-0.11110315974468808,0.9115345431431152,0.0004202278862406317,86
shares,baseline_2018,252,63,0.05,future_mdd,dq_dr,dq_es,-0.11325927248538148,-1.9518662219610312,0.05095408951632402,0.046059372893249684,86
shares,baseline_2018,252,63,0.05,future_mdd,dq_dr,dr_es_concentration,0.08242533785654173,0.7624009881262718,0.4458207166824544,0.046059372893249684,86
shares,baseline_2018,252,63,0.05,future_mdd,dq_dr_current_es,dq_es,-0.1441557931254893,-2.026808549968086,0.042681995737662105,0.049437076873625196,86
shares,baseline_2018,252,63,0.05,future_mdd,dq_dr_current_es,dr_es_concentration,0.03155630148050193,0.21769272703906614,0.827668530771835,0.049437076873625196,86
shares,baseline_2018,252,63,0.05,future_mdd,full,dq_es,0.022117590645326275,0.10366049594111904,0.9174387773772981,0.19482055161346157,86
shares,baseline_2018,252,63,0.05,future_mdd,full,dr_es_concentration,-0.5054786144219615,-1.9395417238185508,0.052435409103221226,0.19482055161346157,86
shares,baseline_2018,252,63,0.05,future_tail_event,dq_only,dq_es,0.178366527531132,0.7909819906340829,0.42895450085754594,0.010498588134636333,86
shares,baseline_2018,252,63,0.05,future_tail_event,dr_only,dr_es_concentration,-0.11535614094513655,-0.35713498858827514,0.7209907522134271,0.0024445591149544477,86
shares,baseline_2018,252,63,0.05,future_tail_event,dq_dr,dq_es,0.37499946540077017,1.3006447305741795,0.19338008862345002,0.031103374335904488,86
shares,baseline_2018,252,63,0.05,future_tail_event,dq_dr,dr_es_concentration,-0.42616534176735016,-1.004088803163557,0.3153358118657478,0.031103374335904488,86
shares,baseline_2018,252,63,0.05,future_tail_event,dq_dr_current_es,dq_es,0.5107393514221417,1.0105634083264838,0.3122254366769176,0.03483780471149611,86
shares,baseline_2018,252,63,0.05,future_tail_event,dq_dr_current_es,dr_es_concentration,-0.20267877898794573,-0.30496726190619095,0.7603910865229822,0.03483780471149611,86
shares,baseline_2018,252,63,0.05,future_tail_event,full,dq_es,0.17807047522045916,0.24728982803155986,0.8046839304324545,0.14853259362648596,86
shares,baseline_2018,252,63,0.05,future_tail_event,full,dr_es_concentration,-1.780249825674935,-1.701596584715751,0.08883101819309289,0.14853259362648596,86
shares,baseline_2018,504,21,0.025,future_es,dq_only,dq_es,-0.0037589446668798727,-0.39309909468918863,0.694246292723834,0.00038559939180338176,76
shares,baseline_2018,504,21,0.025,future_es,dr_only,dr_es_concentration,-0.018351427555582937,-0.42676239079894773,0.6695524022009256,0.0012140287050568244,76
shares,baseline_2018,504,21,0.025,future_es,dq_dr,dq_es,0.001957535709903615,0.09222818521787957,0.9265167449080487,0.0012659791086074845,76
shares,baseline_2018,504,21,0.025,future_es,dq_dr,dr_es_concentration,-0.02217215254464644,-0.29133018816485023,0.7707988014456983,0.0012659791086074845,76
shares,baseline_2018,504,21,0.025,future_es,dq_dr_current_es,dq_es,0.0026938213580372534,0.12490175164523772,0.9006013316202562,0.0012769155332623683,76
shares,baseline_2018,504,21,0.025,future_es,dq_dr_current_es,dr_es_concentration,-0.020207390803907252,-0.16094186785264317,0.8721391863331911,0.0012769155332623683,76
shares,baseline_2018,504,21,0.025,future_es,full,dq_es,-0.1180922199509222,-0.7349719096333456,0.4623566018984818,0.5101910150864087,76
shares,baseline_2018,504,21,0.025,future_es,full,dr_es_concentration,0.05660956373672413,0.27585218589658894,0.7826615995651991,0.5101910150864087,76
shares,baseline_2018,504,21,0.025,future_var,dq_only,dq_es,-0.005913035661535367,-0.7145462038096069,0.4748894963845762,0.0020858692902885334,76
shares,baseline_2018,504,21,0.025,future_var,dr_only,dr_es_concentration,-0.024954177683596066,-0.757838178859079,0.4485478633658061,0.004907241071220203,76
shares,baseline_2018,504,21,0.025,future_var,dq_dr,dq_es,0.0010481748697557768,0.0647111175122358,0.9484040108829366,0.004939802139440785,76
shares,baseline_2018,504,21,0.025,future_var,dq_dr,dr_es_concentration,-0.02700000903038742,-0.475624685491808,0.634341785563743,0.004939802139440785,76
shares,baseline_2018,504,21,0.025,future_var,dq_dr_current_es,dq_es,-0.00481173247106618,-0.2845910066640672,0.7759575021050535,0.006454150569250694,76
shares,baseline_2018,504,21,0.025,future_var,dq_dr_current_es,dr_es_concentration,-0.04263704036015298,-0.4878311299305177,0.6256694595636343,0.006454150569250694,76
shares,baseline_2018,504,21,0.025,future_var,full,dq_es,-0.08113656948712664,-0.737265129879109,0.4609611331768223,0.4969260088643471,76
shares,baseline_2018,504,21,0.025,future_var,full,dr_es_concentration,0.003835410833918529,0.028604538765241647,0.9771799921558482,0.4969260088643471,76
shares,baseline_2018,504,21,0.025,future_rv_ann,dq_only,dq_es,-0.0021050876448196025,-0.028700944211807942,0.9771031033070522,7.469736667431448e-06,76
shares,baseline_2018,504,21,0.025,future_rv_ann,dr_only,dr_es_concentration,-0.0024366546316244853,-0.008693889616750721,0.9930633670843299,1.3220188732621097e-06,76
shares,baseline_2018,504,21,0.025,future_rv_ann,dq_dr,dq_es,-0.002972865100208416,-0.02793486508742594,0.977714100968046,8.72284833275394e-06,76
shares,baseline_2018,504,21,0.025,future_rv_ann,dq_dr,dr_es_concentration,0.0033657937835003815,0.008340314698634506,0.9933454688189518,8.72284833275394e-06,76
shares,baseline_2018,504,21,0.025,future_rv_ann,dq_dr_current_es,dq_es,-0.07407733015411777,-0.5269659653499358,0.5982172235603544,0.006308669824945046,76
shares,baseline_2018,504,21,0.025,future_rv_ann,dq_dr_current_es,dr_es_concentration,-0.18637487668557412,-0.322666977603744,0.7469474635605418,0.006308669824945046,76
shares,baseline_2018,504,21,0.025,future_rv_ann,full,dq_es,-0.4487505910450118,-0.7933585201697002,0.42756897056629817,0.544955141516672,76
shares,baseline_2018,504,21,0.025,future_rv_ann,full,dr_es_concentration,-0.4005021195333085,-0.5998753542025288,0.5485893086990398,0.544955141516672,76
shares,baseline_2018,504,21,0.025,future_mdd,dq_only,dq_es,-0.03623231468365061,-1.4014681252638546,0.1610741327757481,0.016038494017133975,76
shares,baseline_2018,504,21,0.025,future_mdd,dr_only,dr_es_concentration,-0.12604286130629494,-1.262454303044256,0.20678535969962342,0.025638505614506535,76
shares,baseline_2018,504,21,0.025,future_mdd,dq_dr,dq_es,-0.007519661673104548,-0.16851292331299417,0.8661797777161266,0.02598169440463982,76
shares,baseline_2018,504,21,0.025,future_mdd,dq_dr,dr_es_concentration,-0.11136595956785914,-0.6777092987761577,0.49795602940427675,0.02598169440463982,76
shares,baseline_2018,504,21,0.025,future_mdd,dq_dr_current_es,dq_es,-0.0419239371844295,-0.8881395159323306,0.37446570889521125,0.03667161504737926,76
shares,baseline_2018,504,21,0.025,future_mdd,dq_dr_current_es,dr_es_concentration,-0.2031729972492804,-0.9511557349192328,0.3415253251683653,0.03667161504737926,76
shares,baseline_2018,504,21,0.025,future_mdd,full,dq_es,-0.15552507462253937,-0.6847119196669567,0.4935257258806839,0.3738971905151095,76
shares,baseline_2018,504,21,0.025,future_mdd,full,dr_es_concentration,-0.22479729411282634,-0.7893326363182773,0.4299176164914268,0.3738971905151095,76
shares,baseline_2018,504,21,0.025,future_tail_event,dq_only,dq_es,0.22838655432624705,0.8366263753473335,0.4028026152205698,0.009275812849741105,76
shares,baseline_2018,504,21,0.025,future_tail_event,dr_only,dr_es_concentration,-0.7422205553794928,-0.9282227123731399,0.35329205530723595,0.012940815398096106,76
shares,baseline_2018,504,21,0.025,future_tail_event,dq_dr,dq_es,0.8449349892083082,2.8017973174633357,0.00508187899254965,0.07601077703756653,76
shares,baseline_2018,504,21,0.025,future_tail_event,dq_dr,dr_es_concentration,-2.391367598301791,-4.4425943276666855,8.888064711459963e-06,0.07601077703756653,76
shares,baseline_2018,504,21,0.025,future_tail_event,dq_dr_current_es,dq_es,0.9014968690934765,1.8810727948706347,0.059962017155228656,0.07643134559768616,76
shares,baseline_2018,504,21,0.025,future_tail_event,dq_dr_current_es,dr_es_concentration,-2.2404334902360485,-2.3904685810770774,0.016826888812010735,0.07643134559768616,76
shares,baseline_2018,504,21,0.025,future_tail_event,full,dq_es,-0.3400610240594343,-0.1838129450084197,0.8541602005252691,0.18577947135638173,76
shares,baseline_2018,504,21,0.025,future_tail_event,full,dr_es_concentration,-2.686659346825719,-1.861797511255321,0.06263163744968646,0.18577947135638173,76
shares,baseline_2018,504,21,0.05,future_es,dq_only,dq_es,0.0002976132835125671,0.02894607534551247,0.9769075981897657,4.043629250105596e-06,76
shares,baseline_2018,504,21,0.05,future_es,dr_only,dr_es_concentration,-0.011708339856696857,-0.3071423305116757,0.75873503874605,0.001073038210569588,76
shares,baseline_2018,504,21,0.05,future_es,dq_dr,dq_es,0.001921194974190353,0.19779521756810522,0.8432052880806387,0.0012264400059069924,76
shares,baseline_2018,504,21,0.05,future_es,dq_dr,dr_es_concentration,-0.013097346807948131,-0.3347294633280857,0.73782917377612,0.0012264400059069924,76
shares,baseline_2018,504,21,0.05,future_es,dq_dr_current_es,dq_es,0.004884862777325883,0.18872648146469662,0.8503071953389898,0.0017767147988735355,76
shares,baseline_2018,504,21,0.05,future_es,dq_dr_current_es,dr_es_concentration,0.0018451880276434268,0.015419265198616017,0.9876976938475791,0.0017767147988735355,76
shares,baseline_2018,504,21,0.05,future_es,full,dq_es,0.06323957010500789,0.6376253335721881,0.5237176005637552,0.4986175508137929,76
shares,baseline_2018,504,21,0.05,future_es,full,dr_es_concentration,-0.10599622230368806,-0.7598068356369169,0.44737005634597293,0.4986175508137929,76
shares,baseline_2018,504,21,0.05,future_var,dq_only,dq_es,-0.005981759636201274,-0.688257868313726,0.4912904082356203,0.0046349143991033515,76
shares,baseline_2018,504,21,0.05,future_var,dr_only,dr_es_concentration,-0.012174467633856911,-0.3865862926871424,0.6990625073120365,0.0032918618522915777,76
shares,baseline_2018,504,21,0.05,future_var,dq_dr,dq_es,-0.004912893078486815,-0.5685425818858644,0.5696666002743093,0.006138152716988254,76
shares,baseline_2018,504,21,0.05,future_var,dq_dr,dr_es_concentration,-0.008622489449212664,-0.2660493828675276,0.7902011770332302,0.006138152716988254,76
shares,baseline_2018,504,21,0.05,future_var,dq_dr_current_es,dq_es,-0.01006168991598061,-0.6649846843340401,0.5060602891076396,0.010850629043637317,76
shares,baseline_2018,504,21,0.05,future_var,dq_dr_current_es,dr_es_concentration,-0.03458223973709462,-0.4836525672084286,0.6286324613183047,0.010850629043637317,76
shares,baseline_2018,504,21,0.05,future_var,full,dq_es,-0.0023253542792141466,-0.04053206847327674,0.9676689410957258,0.387127938061251,76
shares,baseline_2018,504,21,0.05,future_var,full,dr_es_concentration,-0.07497899463491448,-0.900575272274632,0.36781418701480584,0.387127938061251,76
shares,baseline_2018,504,21,0.05,future_rv_ann,dq_only,dq_es,0.02621052476139189,0.2758122474016762,0.7826922763933117,0.0008861698546515084,76
shares,baseline_2018,504,21,0.05,future_rv_ann,dr_only,dr_es_concentration,0.12814676327371718,0.4148497272224868,0.6782519140272831,0.0036319399810459396,76
shares,baseline_2018,504,21,0.05,future_rv_ann,dq_dr,dq_es,0.011341591177340016,0.12395282556907727,0.9013526266579198,0.003782994725052613,76
shares,baseline_2018,504,21,0.05,future_rv_ann,dq_dr,dr_es_concentration,0.11994689329945046,0.3914281201015911,0.695480810243818,0.003782994725052613,76
shares,baseline_2018,504,21,0.05,future_rv_ann,dq_dr_current_es,dq_es,0.02221013526404783,0.1147841977911026,0.9086161745973965,0.003992098633846197,76
shares,baseline_2018,504,21,0.05,future_rv_ann,dq_dr_current_es,dr_es_concentration,0.17474507225053693,0.20959218181402284,0.8339859821255884,0.003992098633846197,76
shares,baseline_2018,504,21,0.05,future_rv_ann,full,dq_es,0.32163568466047976,0.5950399618669704,0.5518167590639933,0.5557557345432769,76
shares,baseline_2018,504,21,0.05,future_rv_ann,full,dr_es_concentration,-0.980831869755136,-1.3121323245054384,0.18947549112389916,0.5557557345432769,76
shares,baseline_2018,504,21,0.05,future_mdd,dq_only,dq_es,-0.028235062187680196,-0.9191496932073077,0.3580172800564746,0.007453316050973768,76
shares,baseline_2018,504,21,0.05,future_mdd,dr_only,dr_es_concentration,-0.05995793776791741,-0.4931558777183134,0.6219024511650046,0.005762663422248182,76
shares,baseline_2018,504,21,0.05,future_mdd,dq_dr,dq_es,-0.02285046555220915,-0.7787936552118624,0.43610127584978453,0.010206754980102706,76
shares,baseline_2018,504,21,0.05,future_mdd,dq_dr,dr_es_concentration,-0.043437253549116865,-0.34997376161736676,0.7263583891387808,0.010206754980102706,76
shares,baseline_2018,504,21,0.05,future_mdd,dq_dr_current_es,dq_es,-0.034052870524453126,-0.6057329210097401,0.5446921193257663,0.011816838651524608,76
shares,baseline_2018,504,21,0.05,future_mdd,dq_dr_current_es,dr_es_concentration,-0.09991872774236453,-0.35989108157961314,0.7189285866657661,0.011816838651524608,76
shares,baseline_2018,504,21,0.05,future_mdd,full,dq_es,0.13882330068384202,0.6879267336808056,0.49149892056563793,0.3672519572465557,76
shares,baseline_2018,504,21,0.05,future_mdd,full,dr_es_concentration,-0.4654037183995038,-1.419259923157188,0.15582325156965965,0.3672519572465557,76
shares,baseline_2018,504,21,0.05,future_tail_event,dq_only,dq_es,0.5376567874018909,1.5828146685986941,0.11346371236416904,0.03976645823371305,76
shares,baseline_2018,504,21,0.05,future_tail_event,dr_only,dr_es_concentration,-1.3760314375830438,-3.048018282559123,0.0023035591214116066,0.044660255137494165,76
shares,baseline_2018,504,21,0.05,future_tail_event,dq_dr,dq_es,0.7779567922562569,2.618845140648417,0.008822798968756292,0.12045488789479841,76
shares,baseline_2018,504,21,0.05,future_tail_event,dq_dr,dr_es_concentration,-1.938487308399827,-3.888878343941324,0.00010070858083763163,0.12045488789479841,76
shares,baseline_2018,504,21,0.05,future_tail_event,dq_dr_current_es,dq_es,1.1553796519127881,3.2461314026127774,0.0011698482923825637,0.14734650489025958,76
shares,baseline_2018,504,21,0.05,future_tail_event,dq_dr_current_es,dr_es_concentration,-0.035556682302134796,-0.028855776584851982,0.9769796160934865,0.14734650489025958,76
shares,baseline_2018,504,21,0.05,future_tail_event,full,dq_es,2.038602592191136,1.3513816816031363,0.17657319871449673,0.20624231157796258,76
shares,baseline_2018,504,21,0.05,future_tail_event,full,dr_es_concentration,-0.24850099357143707,-0.1262297370760952,0.8995500728476398,0.20624231157796258,76
shares,baseline_2018,504,63,0.025,future_es,dq_only,dq_es,-0.009692387096148374,-0.6000981386778017,0.5484408329819485,0.002398488711616298,74
shares,baseline_2018,504,63,0.025,future_es,dr_only,dr_es_concentration,-0.07493027855703491,-2.3035120735720414,0.02125004863931189,0.019732901094748567,74
shares,baseline_2018,504,63,0.025,future_es,dq_dr,dq_es,0.020878933114821245,0.9685025225816325,0.3327934597849972,0.025167439980462558,74
shares,baseline_2018,504,63,0.025,future_es,dq_dr,dr_es_concentration,-0.11518566468220827,-2.419029244695515,0.015561989025144673,0.025167439980462558,74
shares,baseline_2018,504,63,0.025,future_es,dq_dr_current_es,dq_es,0.01935831378001293,0.5107540728720396,0.6095232722105566,0.02521200607696905,74
shares,baseline_2018,504,63,0.025,future_es,dq_dr_current_es,dr_es_concentration,-0.11917464671102737,-0.9325365294173934,0.3510593174726163,0.02521200607696905,74
shares,baseline_2018,504,63,0.025,future_es,full,dq_es,-0.296726657769166,-0.9826861413756987,0.32576193354918215,0.24405403020229588,74
shares,baseline_2018,504,63,0.025,future_es,full,dr_es_concentration,0.12558936574797655,0.5515388655636053,0.5812643315598454,0.24405403020229588,74
shares,baseline_2018,504,63,0.025,future_var,dq_only,dq_es,-0.008161580916412173,-0.8145128676380641,0.41535120372469514,0.01113965036541087,74
shares,baseline_2018,504,63,0.025,future_var,dr_only,dr_es_concentration,-0.053186281797280605,-2.3272579275673917,0.019951541568486327,0.06512118679702761,74
shares,baseline_2018,504,63,0.025,future_var,dq_dr,dq_es,0.012194903027868055,0.9839911611167598,0.32511985885667904,0.07726484676855017,74
shares,baseline_2018,504,63,0.025,future_var,dq_dr,dr_es_concentration,-0.07669852389538825,-2.7814476567384814,0.005411705677112382,0.07726484676855017,74
shares,baseline_2018,504,63,0.025,future_var,dq_dr_current_es,dq_es,-0.0028181743720577758,-0.15708676937745022,0.8751764646336391,0.10571927271472914,74
shares,baseline_2018,504,63,0.025,future_var,dq_dr_current_es,dr_es_concentration,-0.11608175056804042,-2.481560565815512,0.013080847844743946,0.10571927271472914,74
shares,baseline_2018,504,63,0.025,future_var,full,dq_es,-0.05670853173014036,-0.6008995088410983,0.547906920369557,0.30826245699029353,74
shares,baseline_2018,504,63,0.025,future_var,full,dr_es_concentration,-0.020984270826241373,-0.3156422949821086,0.7522740308532015,0.30826245699029353,74
shares,baseline_2018,504,63,0.025,future_rv_ann,dq_only,dq_es,-0.06412673766527603,-0.9931452182875633,0.3206391904967354,0.008307747403117238,74
shares,baseline_2018,504,63,0.025,future_rv_ann,dr_only,dr_es_concentration,-0.252624148032701,-1.4413081942875756,0.14949763332897342,0.01774821910958524,74
shares,baseline_2018,504,63,0.025,future_rv_ann,dq_dr,dq_es,0.0059842632826663765,0.061327281057004746,0.9510985645465004,0.017783545258257427,74
shares,baseline_2018,504,63,0.025,future_rv_ann,dq_dr,dr_es_concentration,-0.2641620378182392,-0.9366375436276799,0.3489450330818199,0.017783545258257427,74
shares,baseline_2018,504,63,0.025,future_rv_ann,dq_dr_current_es,dq_es,-0.061776695400982864,-0.3628399272487147,0.7167244638503237,0.02478601879694109,74
shares,baseline_2018,504,63,0.025,future_rv_ann,dq_dr_current_es,dr_es_concentration,-0.4419167462171685,-0.8494852503044096,0.3956113341212607,0.02478601879694109,74
shares,baseline_2018,504,63,0.025,future_rv_ann,full,dq_es,-1.0313111602954035,-1.044353438667311,0.29632189729727987,0.3026434048125052,74
shares,baseline_2018,504,63,0.025,future_rv_ann,full,dr_es_concentration,0.08018899790873249,0.11355712832544303,0.9095888740748101,0.3026434048125052,74
shares,baseline_2018,504,63,0.025,future_mdd,dq_only,dq_es,-0.10789231913964245,-1.922636264925369,0.05452574626454411,0.057127938641209464,74
shares,baseline_2018,504,63,0.025,future_mdd,dr_only,dr_es_concentration,-0.4265981631055843,-3.3746642053999123,0.0007390581000515502,0.12294348699021296,74
shares,baseline_2018,504,63,0.025,future_mdd,dq_dr,dq_es,0.010917282726638514,0.15255708384587743,0.8787475708647675,0.12322909246553737,74
shares,baseline_2018,504,63,0.025,future_mdd,dq_dr,dr_es_concentration,-0.4476471041209923,-2.2971862015376043,0.021608149936998864,0.12322909246553737,74
shares,baseline_2018,504,63,0.025,future_mdd,dq_dr_current_es,dq_es,-0.09151273252927353,-0.9016584375071245,0.3672383379133759,0.16209863006797998,74
shares,baseline_2018,504,63,0.025,future_mdd,dq_dr_current_es,dr_es_concentration,-0.7163478109412166,-2.6110296842354006,0.009027005790609211,0.16209863006797998,74
shares,baseline_2018,504,63,0.025,future_mdd,full,dq_es,-0.6158732625447085,-1.1716992098758752,0.24131784037349013,0.3471118464879347,74
shares,baseline_2018,504,63,0.025,future_mdd,full,dr_es_concentration,-0.16396629326411832,-0.4002189522878444,0.6889952566628691,0.3471118464879347,74
shares,baseline_2018,504,63,0.025,future_tail_event,dq_only,dq_es,0.36536403919367805,1.4591932176006046,0.14451193503798615,0.029533961263332742,74
shares,baseline_2018,504,63,0.025,future_tail_event,dr_only,dr_es_concentration,-0.07639402572015759,-0.12624539137002982,0.899537681655137,0.00017774154948291265,74
shares,baseline_2018,504,63,0.025,future_tail_event,dq_dr,dq_es,0.7897903563804833,2.1866449205441563,0.028768455381136968,0.06756280962828698,74
shares,baseline_2018,504,63,0.025,future_tail_event,dq_dr,dr_es_concentration,-1.5991402110348498,-2.6064288261205535,0.009149183634016237,0.06756280962828698,74
shares,baseline_2018,504,63,0.025,future_tail_event,dq_dr_current_es,dq_es,0.7607376741261513,1.1070352639353205,0.2682786822048233,0.06770378069054406,74
shares,baseline_2018,504,63,0.025,future_tail_event,dq_dr_current_es,dr_es_concentration,-1.6753529914123475,-1.3630458360600353,0.17286806538515764,0.06770378069054406,74
shares,baseline_2018,504,63,0.025,future_tail_event,full,dq_es,-0.09136851148232428,-0.04033675327008643,0.967824652738832,0.18653299823312453,74
shares,baseline_2018,504,63,0.025,future_tail_event,full,dr_es_concentration,-1.4945805593605257,-1.162430888615189,0.24506048244402134,0.18653299823312453,74
shares,baseline_2018,504,63,0.05,future_es,dq_only,dq_es,-0.005847882559582187,-0.41889982509125395,0.675289344903482,0.0017399903637771441,74
shares,baseline_2018,504,63,0.05,future_es,dr_only,dr_es_concentration,-0.04396201860982798,-1.0924345169818233,0.2746421582841938,0.017823413743140226,74
shares,baseline_2018,504,63,0.05,future_es,dq_dr,dq_es,0.00024759778470362674,0.019886678128946303,0.9841337723580142,0.0178262049227621,74
shares,baseline_2018,504,63,0.05,future_es,dq_dr,dr_es_concentration,-0.04415061434179935,-1.006405717151716,0.3142204445906607,0.0178262049227621,74
shares,baseline_2018,504,63,0.05,future_es,dq_dr_current_es,dq_es,-0.002533643098816892,-0.08016709261829623,0.9361043621846169,0.01840337600915143,74
shares,baseline_2018,504,63,0.05,future_es,dq_dr_current_es,dr_es_concentration,-0.05823569387538305,-0.4909359548689433,0.6234717459589301,0.01840337600915143,74
shares,baseline_2018,504,63,0.05,future_es,full,dq_es,-0.12221042856439937,-0.8203059207519539,0.41204173197246097,0.225517573654064,74
shares,baseline_2018,504,63,0.05,future_es,full,dr_es_concentration,0.0845309807502804,0.42679728787287774,0.6695269820776366,0.225517573654064,74
shares,baseline_2018,504,63,0.05,future_var,dq_only,dq_es,-0.012089202876515276,-1.2061263646088152,0.2277687706117707,0.039662726850901775,74
shares,baseline_2018,504,63,0.05,future_var,dr_only,dr_es_concentration,-0.02453284485383747,-0.7682308995315417,0.4423500190602766,0.029605277810707653,74
shares,baseline_2018,504,63,0.05,future_var,dq_dr,dq_es,-0.009724851272921334,-1.0182035288328906,0.30858124279673993,0.05257194048050284,74
shares,baseline_2018,504,63,0.05,future_var,dq_dr,dr_es_concentration,-0.017125406025884242,-0.5233122384080436,0.6007569857054121,0.05257194048050284,74
shares,baseline_2018,504,63,0.05,future_var,dq_dr_current_es,dq_es,-0.020331232865749716,-1.442146082171381,0.14926116733481612,0.09734322266155371,74
shares,baseline_2018,504,63,0.05,future_var,dq_dr_current_es,dr_es_concentration,-0.07083946192938623,-1.2872507342265682,0.19800690902265572,0.09734322266155371,74
shares,baseline_2018,504,63,0.05,future_var,full,dq_es,-0.0745630377347582,-1.3667680037038301,0.1716980347947924,0.3558004832382091,74
shares,baseline_2018,504,63,0.05,future_var,full,dr_es_concentration,-0.003329110204334901,-0.044208324775477176,0.9647383463314422,0.3558004832382091,74
shares,baseline_2018,504,63,0.05,future_rv_ann,dq_only,dq_es,-0.04698556870964728,-0.5422698991663623,0.5876325885881457,0.003360180225659648,74
shares,baseline_2018,504,63,0.05,future_rv_ann,dr_only,dr_es_concentration,-0.0833331568383068,-0.3154294962897689,0.7524355742483805,0.00191582282376912,74
shares,baseline_2018,504,63,0.05,future_rv_ann,dq_dr,dq_es,-0.0396501722077721,-0.429740601014854,0.6673843455904368,0.00405707821543233,74
shares,baseline_2018,504,63,0.05,future_rv_ann,dq_dr,dr_es_concentration,-0.053131540700001104,-0.1889018982118815,0.8501697058043751,0.00405707821543233,74
shares,baseline_2018,504,63,0.05,future_rv_ann,dq_dr_current_es,dq_es,-0.040283496059829754,-0.19180511601359945,0.8478948633738282,0.004057973504092982,74
shares,baseline_2018,504,63,0.05,future_rv_ann,dq_dr_current_es,dr_es_concentration,-0.05633889209469828,-0.07096204830572209,0.94342796037653,0.004057973504092982,74
shares,baseline_2018,504,63,0.05,future_rv_ann,full,dq_es,-0.7471089780635335,-0.9310537501157486,0.3518257610280553,0.3011721585407945,74
shares,baseline_2018,504,63,0.05,future_rv_ann,full,dr_es_concentration,0.349822357054814,0.32940696023723903,0.7418481075898908,0.3011721585407945,74
shares,baseline_2018,504,63,0.05,future_mdd,dq_only,dq_es,-0.10974428572527885,-1.5289969338181908,0.12626520404129998,0.044530742339421114,74
shares,baseline_2018,504,63,0.05,future_mdd,dr_only,dr_es_concentration,-0.2452803827690419,-1.0903465188096315,0.2755605308233873,0.04031881985237884,74
shares,baseline_2018,504,63,0.05,future_mdd,dq_dr,dq_es,-0.08479810343807558,-1.3251068374916142,0.18513571864357037,0.06410984185239577,74
shares,baseline_2018,504,63,0.05,future_mdd,dq_dr,dr_es_concentration,-0.18068949635692433,-0.7906452278798274,0.42915104641567414,0.06410984185239577,74
shares,baseline_2018,504,63,0.05,future_mdd,dq_dr_current_es,dq_es,-0.14819900571324165,-1.266800042199438,0.20522679702118118,0.08590523856161747,74
shares,baseline_2018,504,63,0.05,future_mdd,dq_dr_current_es,dr_es_concentration,-0.5017716278392969,-1.1195841792195098,0.2628910005066467,0.08590523856161747,74
shares,baseline_2018,504,63,0.05,future_mdd,full,dq_es,-0.6045308380668674,-1.275521086582333,0.20212486543991603,0.30154527225493566,74
shares,baseline_2018,504,63,0.05,future_mdd,full,dr_es_concentration,0.07863884461448203,0.11771831222212303,0.9062908566133494,0.30154527225493566,74
shares,baseline_2018,504,63,0.05,future_tail_event,dq_only,dq_es,0.5272390238016875,2.113857937553747,0.03452740272821206,0.10324219967590698,74
shares,baseline_2018,504,63,0.05,future_tail_event,dr_only,dr_es_concentration,-0.46479703455468735,-1.5665478805363857,0.11722040851981995,0.014543031013487862,74
shares,baseline_2018,504,63,0.05,future_tail_event,dq_dr,dq_es,0.6609117902311182,2.401275015728446,0.016338052393276098,0.15971202637502724,74
shares,baseline_2018,504,63,0.05,future_tail_event,dq_dr,dr_es_concentration,-0.9682148781202743,-2.5740567324742547,0.01005137902255152,0.15971202637502724,74
shares,baseline_2018,504,63,0.05,future_tail_event,dq_dr_current_es,dq_es,0.806223674031316,2.962265372453932,0.003053844565237565,0.17121267193649037,74
shares,baseline_2018,504,63,0.05,future_tail_event,dq_dr_current_es,dr_es_concentration,-0.23230974576442553,-0.39727443120019607,0.6911651002092967,0.17121267193649037,74
shares,baseline_2018,504,63,0.05,future_tail_event,full,dq_es,-1.2686392051371946,-0.9656834070696052,0.334202624900207,0.25193259280816804,74
shares,baseline_2018,504,63,0.05,future_tail_event,full,dr_es_concentration,1.4386773978204286,1.2930945201752004,0.19597837017456077,0.25193259280816804,74
shares,full_2015,252,21,0.025,future_es,dq_only,dq_es,0.001483544628022106,0.14305986243960567,0.8862429039470007,7.056797680093929e-05,124
shares,full_2015,252,21,0.025,future_es,dr_only,dr_es_concentration,0.026567581142909906,2.725762190288919,0.006415320162467255,0.021222675142035463,124
shares,full_2015,252,21,0.025,future_es,dq_dr,dq_es,-0.03247569245031862,-1.6840743461023706,0.0921673015163927,0.038444316289553915,124
shares,full_2015,252,21,0.025,future_es,dq_dr,dr_es_concentration,0.05006029838824402,2.662084402124947,0.0077658403072078976,0.038444316289553915,124
shares,full_2015,252,21,0.025,future_es,dq_dr_current_es,dq_es,-0.05949893298935518,-2.4407538197579033,0.014656642249508859,0.043466219455759014,124
shares,full_2015,252,21,0.025,future_es,dq_dr_current_es,dr_es_concentration,0.026414905587078614,1.0067887598099434,0.31403629728540927,0.043466219455759014,124
shares,full_2015,252,21,0.025,future_es,full,dq_es,-0.07717516461495452,-1.0679216467355408,0.28555585712040177,0.1651926315736406,124
shares,full_2015,252,21,0.025,future_es,full,dr_es_concentration,-0.03490030322112754,-0.9268136323804481,0.35402330570223073,0.1651926315736406,124
shares,full_2015,252,21,0.025,future_var,dq_only,dq_es,0.0009994396258322952,0.11774619547849509,0.906268762646364,6.834155086021809e-05,124
shares,full_2015,252,21,0.025,future_var,dr_only,dr_es_concentration,0.022266991675339944,2.90697688468406,0.003649401639114551,0.031811522428308314,124
shares,full_2015,252,21,0.025,future_var,dq_dr,dq_es,-0.027697767692466676,-1.9971918245605302,0.04580434883402093,0.058542355752841724,124
shares,full_2015,252,21,0.025,future_var,dq_dr,dr_es_concentration,0.042303387380266205,3.316725167652858,0.0009107916241664546,0.058542355752841724,124
shares,full_2015,252,21,0.025,future_var,dq_dr_current_es,dq_es,-0.05312975251764575,-2.9403509242046173,0.0032784071547795673,0.06803351493569187,124
shares,full_2015,252,21,0.025,future_var,dq_dr_current_es,dr_es_concentration,0.020050346704557652,1.0475383525731443,0.29485135309733435,0.06803351493569187,124
shares,full_2015,252,21,0.025,future_var,full,dq_es,-0.06998849346545102,-1.3894115945811463,0.16470762656452487,0.1826097710561656,124
shares,full_2015,252,21,0.025,future_var,full,dr_es_concentration,-0.030646324714922867,-1.1526023491163067,0.24907363859158393,0.1826097710561656,124
shares,full_2015,252,21,0.025,future_rv_ann,dq_only,dq_es,0.04468338235692269,0.8326429082012081,0.40504615199188765,0.0033665726348063307,124
shares,full_2015,252,21,0.025,future_rv_ann,dr_only,dr_es_concentration,0.20863358027035656,3.7931043843184664,0.000148775578048678,0.06882623132061927,124
shares,full_2015,252,21,0.025,future_rv_ann,dq_dr,dq_es,-0.1901662677103208,-2.31726489995486,0.02048930609351924,0.09987998719697522,124
shares,full_2015,252,21,0.025,future_rv_ann,dq_dr,dr_es_concentration,0.34619869497125183,4.320321890379331,1.558017656785899e-05,0.09987998719697522,124
shares,full_2015,252,21,0.025,future_rv_ann,dq_dr_current_es,dq_es,-0.3710045322460815,-2.946184323493735,0.0032172062154954264,0.1117066881228983,124
shares,full_2015,252,21,0.025,future_rv_ann,dq_dr_current_es,dr_es_concentration,0.18796482985606647,1.4617420417639415,0.14381191180480551,0.1117066881228983,124
shares,full_2015,252,21,0.025,future_rv_ann,full,dq_es,-0.46346556658724575,-1.4301325623714924,0.15267897607241976,0.24174210918285122,124
shares,full_2015,252,21,0.025,future_rv_ann,full,dr_es_concentration,-0.08873098739700883,-0.5116313366150298,0.6089090496657465,0.24174210918285122,124
shares,full_2015,252,21,0.025,future_mdd,dq_only,dq_es,-0.0034925405998201516,-0.152124531175223,0.8790887162990101,0.00016134973656467544,124
shares,full_2015,252,21,0.025,future_mdd,dr_only,dr_es_concentration,0.054098984753397604,2.4884929988882796,0.012828576296566772,0.03630389506540843,124
shares,full_2015,252,21,0.025,future_mdd,dq_dr,dq_es,-0.0789192271350911,-2.3975567913716884,0.016504822216642616,0.0782606837886809,124
shares,full_2015,252,21,0.025,future_mdd,dq_dr,dr_es_concentration,0.11118867086682815,3.760873170467201,0.00016932127005092664,0.0782606837886809,124
shares,full_2015,252,21,0.025,future_mdd,dq_dr_current_es,dq_es,-0.1543926090436888,-3.2329590105281185,0.0012251514012850714,0.09442137753531055,124
shares,full_2015,252,21,0.025,future_mdd,dq_dr_current_es,dr_es_concentration,0.045149301580853195,0.932175679855215,0.3512457418809978,0.09442137753531055,124
shares,full_2015,252,21,0.025,future_mdd,full,dq_es,-0.23021814599879106,-1.7008193484221823,0.08897691489301902,0.18895659645897922,124
shares,full_2015,252,21,0.025,future_mdd,full,dr_es_concentration,-0.07987933303661969,-1.1529926724418593,0.24891339212686003,0.18895659645897922,124
shares,full_2015,252,21,0.025,future_tail_event,dq_only,dq_es,-0.582845318004912,-3.04643581676009,0.0023157191315172927,0.04728457288276999,124
shares,full_2015,252,21,0.025,future_tail_event,dr_only,dr_es_concentration,-0.6431223074857942,-2.666741715350359,0.007659050798830515,0.053987056978701986,124
shares,full_2015,252,21,0.025,future_tail_event,dq_dr,dq_es,-0.28780710038615637,-1.0290292691082923,0.3034659211940257,0.05985880099978236,124
shares,full_2015,252,21,0.025,future_tail_event,dq_dr,dr_es_concentration,-0.4349244117545481,-1.2167414951752575,0.22370258585093594,0.05985880099978236,124
shares,full_2015,252,21,0.025,future_tail_event,dq_dr_current_es,dq_es,-0.6026108571922244,-1.1874908468777237,0.2350340648657283,0.06281735638464958,124
shares,full_2015,252,21,0.025,future_tail_event,dq_dr_current_es,dr_es_concentration,-0.7103783668125748,-1.635241898905087,0.10199834800919053,0.06281735638464958,124
shares,full_2015,252,21,0.025,future_tail_event,full,dq_es,-0.9180309208355926,-0.7815364496547532,0.4344870474999638,0.1712995089001773,124
shares,full_2015,252,21,0.025,future_tail_event,full,dr_es_concentration,-2.429414691187353,-3.2914732261207154,0.0009966410316776444,0.1712995089001773,124
shares,full_2015,252,21,0.05,future_es,dq_only,dq_es,0.004414498693602413,0.5828334081667519,0.5600054527081412,0.001345245446031651,124
shares,full_2015,252,21,0.05,future_es,dr_only,dr_es_concentration,0.02406861420306381,3.1505531188006395,0.0016296162033861978,0.03396315904703695,124
shares,full_2015,252,21,0.05,future_es,dq_dr,dq_es,-0.018048516439611816,-1.773195399076666,0.076196334188445,0.046679367808904026,124
shares,full_2015,252,21,0.05,future_es,dq_dr,dr_es_concentration,0.03697785455505516,3.7547056060100212,0.00017354533617066102,0.046679367808904026,124
shares,full_2015,252,21,0.05,future_es,dq_dr_current_es,dq_es,-0.01824730736575223,-1.3083681870195738,0.19074845755806957,0.04668128202902566,124
shares,full_2015,252,21,0.05,future_es,dq_dr_current_es,dr_es_concentration,0.03663820347687593,1.507833941881386,0.13159703278056603,0.04668128202902566,124
shares,full_2015,252,21,0.05,future_es,full,dq_es,-0.023649662355492547,-0.813549620759571,0.4159030088466181,0.17543231230130318,124
shares,full_2015,252,21,0.05,future_es,full,dr_es_concentration,-0.013359457737953686,-0.3643741151671425,0.7155786619666296,0.17543231230130318,124
shares,full_2015,252,21,0.05,future_var,dq_only,dq_es,0.002576111069141877,0.3935193144542957,0.6939359614349665,0.0012196778502826522,124
shares,full_2015,252,21,0.05,future_var,dr_only,dr_es_concentration,0.020407026524224745,3.1699496279843244,0.0015246536615247273,0.06500437541231208,124
shares,full_2015,252,21,0.05,future_var,dq_dr,dq_es,-0.01736607287055905,-2.0738730965388315,0.0380910982331802,0.0963484240634711,124
shares,full_2015,252,21,0.05,future_var,dq_dr,dr_es_concentration,0.03282814763998691,4.3496739591402855,1.3634009093243899e-05,0.0963484240634711,124
shares,full_2015,252,21,0.05,future_var,dq_dr_current_es,dq_es,-0.020850357269585663,-2.0079610910118113,0.04464742647790526,0.09791410469828321,124
shares,full_2015,252,21,0.05,future_var,dq_dr_current_es,dr_es_concentration,0.02687495361956861,1.636389435842532,0.10175810873045432,0.09791410469828321,124
shares,full_2015,252,21,0.05,future_var,full,dq_es,-0.020766953433793717,-1.0751178711780365,0.28232195926643733,0.20110231388783617,124
shares,full_2015,252,21,0.05,future_var,full,dr_es_concentration,-0.012918559295471841,-0.4755487707724747,0.6343958798126528,0.20110231388783617,124
shares,full_2015,252,21,0.05,future_rv_ann,dq_only,dq_es,0.06325778003902696,1.2203967387365193,0.22231451306559658,0.0068075501033140196,124
shares,full_2015,252,21,0.05,future_rv_ann,dr_only,dr_es_concentration,0.22827683630041162,4.211680710000338,2.5347765762282482e-05,0.07529286192164031,124
shares,full_2015,252,21,0.05,future_rv_ann,dq_dr,dq_es,-0.13335713761190465,-2.0052350190091364,0.04493792797578837,0.09240212752657251,124
shares,full_2015,252,21,0.05,future_rv_ann,dq_dr,dr_es_concentration,0.323660816908775,4.950648670638987,7.396652709247996e-07,0.09240212752657251,124
shares,full_2015,252,21,0.05,future_rv_ann,dq_dr_current_es,dq_es,-0.15081215004733356,-1.4499392848584078,0.14707545105775707,0.09276584427151702,124
shares,full_2015,252,21,0.05,future_rv_ann,dq_dr_current_es,dr_es_concentration,0.29383745470391276,1.8932188457527501,0.05832877220226075,0.09276584427151702,124
shares,full_2015,252,21,0.05,future_rv_ann,full,dq_es,-0.2402644813821898,-1.2982018770858699,0.19421797328422397,0.23617987049286293,124
shares,full_2015,252,21,0.05,future_rv_ann,full,dr_es_concentration,-0.03037089788401355,-0.13044343686333149,0.8962156024980253,0.23617987049286293,124
shares,full_2015,252,21,0.05,future_mdd,dq_only,dq_es,0.00512367575255596,0.23681897861160567,0.8127972275097602,0.00035036091671825087,124
shares,full_2015,252,21,0.05,future_mdd,dr_only,dr_es_concentration,0.06064878633260204,2.682685926859851,0.007303354260299176,0.04169305986070304,124
shares,full_2015,252,21,0.05,future_mdd,dq_dr,dq_es,-0.05608935610327952,-1.9414971250029291,0.0521980078097919,0.0654368022641103,124
shares,full_2015,252,21,0.05,future_mdd,dq_dr,dr_es_concentration,0.10076681938802366,3.576941595955208,0.0003476378064528849,0.0654368022641103,124
shares,full_2015,252,21,0.05,future_mdd,dq_dr_current_es,dq_es,-0.06017258720217207,-1.4627174365961613,0.14354471295619833,0.06559294447218222,124
shares,full_2015,252,21,0.05,future_mdd,dq_dr_current_es,dr_es_concentration,0.09379027437100262,1.5911671853469447,0.11157195567834668,0.06559294447218222,124
shares,full_2015,252,21,0.05,future_mdd,full,dq_es,-0.05701315522831998,-0.7948209681751678,0.4267176520185664,0.1715493789628766,124
shares,full_2015,252,21,0.05,future_mdd,full,dr_es_concentration,-0.003983369990037067,-0.04228261696264516,0.9662734025470102,0.1715493789628766,124
shares,full_2015,252,21,0.05,future_tail_event,dq_only,dq_es,-0.21566259551850198,-0.7212079352482804,0.47078159028344435,0.006122235776241047,124
shares,full_2015,252,21,0.05,future_tail_event,dr_only,dr_es_concentration,-0.32731326050926135,-1.16624425608576,0.243515703964703,0.011977185021492143,124
shares,full_2015,252,21,0.05,future_tail_event,dq_dr,dq_es,-0.02975913939482884,-0.08446583041911634,0.9326860691027747,0.012043108029561989,124
shares,full_2015,252,21,0.05,future_tail_event,dq_dr,dr_es_concentration,-0.3060279718041403,-0.950159673762907,0.3420311256394484,0.012043108029561989,124
shares,full_2015,252,21,0.05,future_tail_event,dq_dr_current_es,dq_es,0.09276273307426658,0.19186325490305434,0.8478493209964437,0.013429696753483933,124
shares,full_2015,252,21,0.05,future_tail_event,dq_dr_current_es,dr_es_concentration,-0.09668901004853839,-0.14502246645494807,0.8846931336377292,0.013429696753483933,124
shares,full_2015,252,21,0.05,future_tail_event,full,dq_es,0.17318079121360613,0.25208198776644014,0.8009776921664556,0.1815347673963339,124
shares,full_2015,252,21,0.05,future_tail_event,full,dr_es_concentration,-1.2754677340272278,-1.20475269565098,0.22829878648901902,0.1815347673963339,124
shares,full_2015,252,63,0.025,future_es,dq_only,dq_es,-0.0002937156641163634,-0.01635233252359838,0.986953307793825,2.5462877191184674e-06,122
shares,full_2015,252,63,0.025,future_es,dr_only,dr_es_concentration,0.015439187284995718,0.8665966348818539,0.38616305797443584,0.006624050415374616,122
shares,full_2015,252,63,0.025,future_es,dq_dr,dq_es,-0.02145498081587521,-1.1213415354109644,0.26214251191088533,0.013484790067534225,122
shares,full_2015,252,63,0.025,future_es,dq_dr,dr_es_concentration,0.0309965243384531,1.7198820929289316,0.08545387619099391,0.013484790067534225,122
shares,full_2015,252,63,0.025,future_es,dq_dr_current_es,dq_es,-0.06204171346901005,-2.2849566050371557,0.022315372399909772,0.023937751416089448,122
shares,full_2015,252,63,0.025,future_es,dq_dr_current_es,dr_es_concentration,-0.00445094905510759,-0.14824195546552588,0.8821518219081063,0.023937751416089448,122
shares,full_2015,252,63,0.025,future_es,full,dq_es,-0.15785914191544242,-1.3404960901392216,0.18008411461129703,0.2529938690892225,122
shares,full_2015,252,63,0.025,future_es,full,dr_es_concentration,-0.17436865757544673,-2.652079195228567,0.007999777578358482,0.2529938690892225,122
shares,full_2015,252,63,0.025,future_var,dq_only,dq_es,0.00605544011223723,0.5342283335626488,0.5931835684782655,0.005558020148164977,122
shares,full_2015,252,63,0.025,future_var,dr_only,dr_es_concentration,0.01895920143410768,1.6683644060726999,0.09524340961484398,0.05129679972640955,122
shares,full_2015,252,63,0.025,future_var,dq_dr,dq_es,-0.013640483044254217,-1.1125349884777664,0.2659081951701805,0.06553809889672291,122
shares,full_2015,252,63,0.025,future_var,dq_dr,dr_es_concentration,0.028850125789277117,2.447533592670633,0.01438377161088734,0.06553809889672291,122
shares,full_2015,252,63,0.025,future_var,dq_dr_current_es,dq_es,-0.0486164478484157,-2.7391962610500005,0.0061589595062761186,0.10540256949263749,122
shares,full_2015,252,63,0.025,future_var,dq_dr_current_es,dr_es_concentration,-0.001697038290309568,-0.08630829444031618,0.931221345072547,0.10540256949263749,122
shares,full_2015,252,63,0.025,future_var,full,dq_es,-0.04885488209936339,-1.0296537995787864,0.30317255056023795,0.3849503977649541,122
shares,full_2015,252,63,0.025,future_var,full,dr_es_concentration,-0.08435887510390085,-2.4812146132401085,0.013093551225873414,0.3849503977649541,122
shares,full_2015,252,63,0.025,future_rv_ann,dq_only,dq_es,0.009630250817245114,0.14720680929115437,0.8829687861155093,0.0001900642627736815,122
shares,full_2015,252,63,0.025,future_rv_ann,dr_only,dr_es_concentration,0.13361341080401115,1.7801584643365658,0.07505003078582341,0.034446640261570294,122
shares,full_2015,252,63,0.025,future_rv_ann,dq_dr,dq_es,-0.16157026865140997,-2.2067544461057413,0.027331219178818596,0.06146192706826381,122
shares,full_2015,252,63,0.025,future_rv_ann,dq_dr,dr_es_concentration,0.2507705012157515,3.045270671844822,0.0023247099048992327,0.06146192706826381,122
shares,full_2015,252,63,0.025,future_rv_ann,dq_dr_current_es,dq_es,-0.36553420368956924,-2.81553169838765,0.004869659272295006,0.07979139833352322,122
shares,full_2015,252,63,0.025,future_rv_ann,dq_dr_current_es,dr_es_concentration,0.07263331973083938,0.6047662787725665,0.5453343024727602,0.07979139833352322,122
shares,full_2015,252,63,0.025,future_rv_ann,full,dq_es,-0.6789685375594979,-1.5131165117065526,0.13025006615443346,0.32700157651095907,122
shares,full_2015,252,63,0.025,future_rv_ann,full,dr_es_concentration,-0.6535093803025178,-2.63655189476013,0.008375338825901399,0.32700157651095907,122
shares,full_2015,252,63,0.025,future_mdd,dq_only,dq_es,-0.03999889512072647,-0.784208872816603,0.432917559671238,0.008011311628189355,122
shares,full_2015,252,63,0.025,future_mdd,dr_only,dr_es_concentration,0.05121515705731871,0.8508868138549643,0.39483223039169546,0.012365912034790871,122
shares,full_2015,252,63,0.025,future_mdd,dq_dr,dq_es,-0.14845257757629834,-2.554169338505297,0.010644147574978691,0.06809020158684076,122
shares,full_2015,252,63,0.025,future_mdd,dq_dr,dr_es_concentration,0.15886040762310416,2.3457109918148373,0.018990826551163076,0.06809020158684076,122
shares,full_2015,252,63,0.025,future_mdd,dq_dr_current_es,dq_es,-0.3005500914897396,-3.2494125239384553,0.0011564363963311646,0.09299423959909936,122
shares,full_2015,252,63,0.025,future_mdd,dq_dr_current_es,dr_es_concentration,0.026022107389616262,0.28648534298134837,0.7745064178570769,0.09299423959909936,122
shares,full_2015,252,63,0.025,future_mdd,full,dq_es,-0.3352801731592615,-1.3694722482685047,0.1708517038659133,0.3655131244528552,122
shares,full_2015,252,63,0.025,future_mdd,full,dr_es_concentration,-0.48464524915753204,-2.4931872983033045,0.012660204389702496,0.3655131244528552,122
shares,full_2015,252,63,0.025,future_tail_event,dq_only,dq_es,-0.7875776942859634,-1.8172823467531618,0.06917389160744926,0.091370244260091,122
shares,full_2015,252,63,0.025,future_tail_event,dr_only,dr_es_concentration,-0.6986543467743516,-1.765713489460411,0.07744392851499611,0.06769618601670035,122
shares,full_2015,252,63,0.025,future_tail_event,dq_dr,dq_es,-0.6151073199807713,-1.2208865401486912,0.2221289813809918,0.09583988525525611,122
shares,full_2015,252,63,0.025,future_tail_event,dq_dr,dr_es_concentration,-0.25263055476475826,-0.571293091665486,0.5678009838272655,0.09583988525525611,122
shares,full_2015,252,63,0.025,future_tail_event,dq_dr_current_es,dq_es,-1.8316823802625666,-2.5262612085654887,0.011528373048852595,0.14271190776632725,122
shares,full_2015,252,63,0.025,future_tail_event,dq_dr_current_es,dr_es_concentration,-1.3151578700123818,-1.6711382175119134,0.0946943801428035,0.14271190776632725,122
shares,full_2015,252,63,0.025,future_tail_event,full,dq_es,-1.603248953766952,-1.2774072489748747,0.20145850687026123,0.2756253104440498,122
shares,full_2015,252,63,0.025,future_tail_event,full,dr_es_concentration,-1.856095019593926,-2.062754554996781,0.039135953750036194,0.2756253104440498,122
shares,full_2015,252,63,0.05,future_es,dq_only,dq_es,0.0017839924164466826,0.13697378216000564,0.891051518564169,0.00023349327715938006,122
shares,full_2015,252,63,0.05,future_es,dr_only,dr_es_concentration,0.018921661862154007,1.4157102328491808,0.1568603611213297,0.02241731181323592,122
shares,full_2015,252,63,0.05,future_es,dq_dr,dq_es,-0.017743930181743583,-1.2786047870378408,0.2010362633928683,0.0352587454185459,122
shares,full_2015,252,63,0.05,future_es,dq_dr,dr_es_concentration,0.031720892425628096,2.455379733887937,0.014073583557718173,0.0352587454185459,122
shares,full_2015,252,63,0.05,future_es,dq_dr_current_es,dq_es,-0.02415561586374325,-1.5275497613360531,0.1266243633226725,0.03738365861277049,122
shares,full_2015,252,63,0.05,future_es,dq_dr_current_es,dr_es_concentration,0.020792293010526514,0.7894706843821707,0.4298369572753955,0.03738365861277049,122
shares,full_2015,252,63,0.05,future_es,full,dq_es,-0.04773867092931693,-0.8567945149973029,0.39155845755880037,0.28881271899293626,122
shares,full_2015,252,63,0.05,future_es,full,dr_es_concentration,-0.09393421231564322,-1.6989640238164747,0.08932596238581067,0.28881271899293626,122
shares,full_2015,252,63,0.05,future_var,dq_only,dq_es,0.002122555200502904,0.2944033452414574,0.7684497109902862,0.001526551304122048,122
shares,full_2015,252,63,0.05,future_var,dr_only,dr_es_concentration,0.017448488312657856,2.0552424915949814,0.03985558884122166,0.08804113578296358,122
shares,full_2015,252,63,0.05,future_var,dq_dr,dq_es,-0.01550361556060611,-1.8168577899047464,0.06923889131452428,0.1333188919913818,122
shares,full_2015,252,63,0.05,future_var,dq_dr,dr_es_concentration,0.028631712553014013,3.105614360545463,0.0018988417906960551,0.1333188919913818,122
shares,full_2015,252,63,0.05,future_var,dq_dr_current_es,dq_es,-0.019589854158356904,-1.919812625453134,0.05488157152957186,0.1373050015699364,122
shares,full_2015,252,63,0.05,future_var,dq_dr_current_es,dr_es_concentration,0.021666794594743573,1.3765796569715711,0.1686422439658699,0.1373050015699364,122
shares,full_2015,252,63,0.05,future_var,full,dq_es,-0.004496889762936863,-0.24052884861591342,0.809920301619736,0.40412918702694,122
shares,full_2015,252,63,0.05,future_var,full,dr_es_concentration,-0.04904602146528264,-1.3281800709767022,0.18411862643631516,0.40412918702694,122
shares,full_2015,252,63,0.05,future_rv_ann,dq_only,dq_es,0.012285032100106414,0.1767727189645604,0.8596869186662957,0.00031120516425298117,122
shares,full_2015,252,63,0.05,future_rv_ann,dr_only,dr_es_concentration,0.16167934755059127,2.0946718567003084,0.03620017267696298,0.04600233807182541,122
shares,full_2015,252,63,0.05,future_rv_ann,dq_dr,dq_es,-0.15693783495924962,-2.0297614191462365,0.04238079637834732,0.07423650745772759,122
shares,full_2015,252,63,0.05,future_rv_ann,dq_dr,dr_es_concentration,0.27488332847261826,3.531347947829038,0.0004134474908495739,0.07423650745772759,122
shares,full_2015,252,63,0.05,future_rv_ann,dq_dr_current_es,dq_es,-0.1957437379334257,-1.9688937243733486,0.048965296363022076,0.07642425983003864,122
shares,full_2015,252,63,0.05,future_rv_ann,dq_dr_current_es,dr_es_concentration,0.20873938605562117,1.4730656745776225,0.1407333279353084,0.07642425983003864,122
shares,full_2015,252,63,0.05,future_rv_ann,full,dq_es,-0.40810512438167723,-1.2489165969165934,0.21169558052505644,0.31900342706678686,122
shares,full_2015,252,63,0.05,future_rv_ann,full,dr_es_concentration,-0.5623504593012537,-1.9414232815346248,0.05220695663576212,0.31900342706678686,122
shares,full_2015,252,63,0.05,future_mdd,dq_only,dq_es,-0.03533843585646808,-0.6862383973210564,0.49256278822227584,0.006291746503779727,122
shares,full_2015,252,63,0.05,future_mdd,dr_only,dr_es_concentration,0.0734469820173109,1.1755762154501674,0.23976426457627453,0.02319535833432207,122
shares,full_2015,252,63,0.05,future_mdd,dq_dr,dq_es,-0.1448971128324946,-2.6072652326149153,0.009126863306050392,0.08200134381968816,122
shares,full_2015,252,63,0.05,future_mdd,dq_dr,dr_es_concentration,0.17796562789391354,2.910842509520723,0.0036045565496913264,0.08200134381968816,122
shares,full_2015,252,63,0.05,future_mdd,dq_dr_current_es,dq_es,-0.1636894005799408,-2.551398484438675,0.010729157536311887,0.08325490129351532,122
shares,full_2015,252,63,0.05,future_mdd,dq_dr_current_es,dr_es_concentration,0.14593452171200377,1.3366869319338006,0.18132484934413962,0.08325490129351532,122
shares,full_2015,252,63,0.05,future_mdd,full,dq_es,-0.13635466181040984,-0.8490068109130839,0.3958775024100668,0.3502726180943806,122
shares,full_2015,252,63,0.05,future_mdd,full,dr_es_concentration,-0.37873441852636364,-1.4591886920147552,0.14451318028829918,0.3502726180943806,122
shares,full_2015,252,63,0.05,future_tail_event,dq_only,dq_es,-0.41869579629027703,-1.487123223000986,0.13698226905441616,0.04609429091063422,122
shares,full_2015,252,63,0.05,future_tail_event,dr_only,dr_es_concentration,-0.5128038918046203,-2.08612870904641,0.03696696578276347,0.059010482767162475,122
shares,full_2015,252,63,0.05,future_tail_event,dq_dr,dq_es,-0.18528176813720626,-0.616170934732591,0.5377817092518785,0.06402860005885169,122
shares,full_2015,252,63,0.05,future_tail_event,dq_dr,dr_es_concentration,-0.379154579318246,-1.6310755520851419,0.10287437859910867,0.06402860005885169,122
shares,full_2015,252,63,0.05,future_tail_event,dq_dr_current_es,dq_es,-0.3396026764269723,-0.6395448546020694,0.5224685436637474,0.06844031914577453,122
shares,full_2015,252,63,0.05,future_tail_event,dq_dr_current_es,dr_es_concentration,-0.6421917074183087,-0.9445028774251502,0.34491273214094853,0.06844031914577453,122
shares,full_2015,252,63,0.05,future_tail_event,full,dq_es,0.7481579565666009,1.1055981760436329,0.26890047963932084,0.2556073717031382,122
shares,full_2015,252,63,0.05,future_tail_event,full,dr_es_concentration,-1.2772086696739695,-1.3734460069364085,0.16961373556094705,0.2556073717031382,122
shares,full_2015,504,21,0.025,future_es,dq_only,dq_es,0.016653718886348794,1.7639188973984672,0.07774563475970857,0.009280049407887847,112
shares,full_2015,504,21,0.025,future_es,dr_only,dr_es_concentration,0.03971952817532386,2.027782015793965,0.04258250063654357,0.028558444457881582,112
shares,full_2015,504,21,0.025,future_es,dq_dr,dq_es,-0.011210821698730252,-0.7640029569897415,0.44486548045483654,0.030446459516366042,112
shares,full_2015,504,21,0.025,future_es,dq_dr,dr_es_concentration,0.05103393348508915,1.7075856203975985,0.0877132584049934,0.030446459516366042,112
shares,full_2015,504,21,0.025,future_es,dq_dr_current_es,dq_es,-0.008984549197566622,-0.4388298081412383,0.6607848599386588,0.030554538554101063,112
shares,full_2015,504,21,0.025,future_es,dq_dr_current_es,dr_es_concentration,0.05507098677346049,0.9333363083657917,0.35064635412677325,0.030554538554101063,112
shares,full_2015,504,21,0.025,future_es,full,dq_es,-0.0835643524546863,-0.46543343715825414,0.6416210937228957,0.4736549361798291,112
shares,full_2015,504,21,0.025,future_es,full,dr_es_concentration,0.03811093141282773,0.2022303319447364,0.8397366615243919,0.4736549361798291,112
shares,full_2015,504,21,0.025,future_var,dq_only,dq_es,0.011074802730066375,1.501970590770725,0.1331047041867712,0.008808335320431682,112
shares,full_2015,504,21,0.025,future_var,dr_only,dr_es_concentration,0.031631173666116084,2.3277781017161243,0.019923889451193184,0.03887326431516458,112
shares,full_2015,504,21,0.025,future_var,dq_dr,dq_es,-0.01380055287697323,-1.189062167149578,0.23441520451436448,0.04501395957485277,112
shares,full_2015,504,21,0.025,future_var,dq_dr,dr_es_concentration,0.045559238258081544,2.156733949909091,0.031026400119747284,0.04501395957485277,112
shares,full_2015,504,21,0.025,future_var,dq_dr_current_es,dq_es,-0.014334481801115538,-0.881740732241759,0.37791702862992516,0.045027302336671626,112
shares,full_2015,504,21,0.025,future_var,dq_dr_current_es,dr_es_concentration,0.044591028158986135,1.1124309786060318,0.2659528912263247,0.045027302336671626,112
shares,full_2015,504,21,0.025,future_var,full,dq_es,-0.05681741835288383,-0.46898788621644166,0.639078294808131,0.461851998917177,112
shares,full_2015,504,21,0.025,future_var,full,dr_es_concentration,0.011052049705640624,0.09001574352215752,0.928274704096505,0.461851998917177,112
shares,full_2015,504,21,0.025,future_rv_ann,dq_only,dq_es,0.10962509274556559,2.00645771551554,0.04480743584023034,0.021302454924828074,112
shares,full_2015,504,21,0.025,future_rv_ann,dr_only,dr_es_concentration,0.2861682673881739,3.1475690738579356,0.0016463420309231437,0.07853282361828762,112
shares,full_2015,504,21,0.025,future_rv_ann,dq_dr,dq_es,-0.10384751720608067,-1.304294880225346,0.19213306026963606,0.08711514308687673,112
shares,full_2015,504,21,0.025,future_rv_ann,dq_dr,dr_es_concentration,0.3909752950671086,2.7872471072172367,0.005315792691012775,0.08711514308687673,112
shares,full_2015,504,21,0.025,future_rv_ann,dq_dr_current_es,dq_es,-0.15220452345016242,-1.2767372383000788,0.2016950298918847,0.08981652206344293,112
shares,full_2015,504,21,0.025,future_rv_ann,dq_dr_current_es,dr_es_concentration,0.3032862044587393,1.232190702619191,0.21787785552078798,0.08981652206344293,112
shares,full_2015,504,21,0.025,future_rv_ann,full,dq_es,-0.3013375747631266,-0.4143301873094854,0.6786323089026725,0.5037425638490554,112
shares,full_2015,504,21,0.025,future_rv_ann,full,dr_es_concentration,-0.17871526038717794,-0.24498987078591825,0.8064642743566449,0.5037425638490554,112
shares,full_2015,504,21,0.025,future_mdd,dq_only,dq_es,0.017560884496189498,0.7918356968421805,0.42845648507269307,0.004301935189003903,112
shares,full_2015,504,21,0.025,future_mdd,dr_only,dr_es_concentration,0.0725711116486929,2.1684238650425502,0.030126451555034888,0.03974634508308483,112
shares,full_2015,504,21,0.025,future_mdd,dq_dr,dq_es,-0.04914293153927195,-1.4583028463392524,0.14475708602580997,0.05487136460998665,112
shares,full_2015,504,21,0.025,future_mdd,dq_dr,dr_es_concentration,0.12216810466913744,2.3645500382054565,0.01805198855181524,0.05487136460998665,112
shares,full_2015,504,21,0.025,future_mdd,dq_dr_current_es,dq_es,-0.05450062151473483,-1.1535464002108882,0.24868618398674125,0.05513233019919217,112
shares,full_2015,504,21,0.025,future_mdd,dq_dr_current_es,dr_es_concentration,0.11245263635957044,1.3463224413899955,0.17819855150791442,0.05513233019919217,112
shares,full_2015,504,21,0.025,future_mdd,full,dq_es,-0.1259162768474827,-0.48453126020963294,0.62800888465759,0.33509421227216873,112
shares,full_2015,504,21,0.025,future_mdd,full,dr_es_concentration,-0.012269669360910868,-0.04684542974130744,0.9626364210581952,0.33509421227216873,112
shares,full_2015,504,21,0.025,future_tail_event,dq_only,dq_es,0.1551105282268862,0.6207049223214932,0.5347937901354622,0.003812696310642405,112
shares,full_2015,504,21,0.025,future_tail_event,dr_only,dr_es_concentration,0.03407316751537823,0.09307948865500877,0.9258404123660932,9.95344072255433e-05,112
shares,full_2015,504,21,0.025,future_tail_event,dq_dr,dq_es,0.3040540700279835,0.8506360652477456,0.39497154879788166,0.006676931112908346,112
shares,full_2015,504,21,0.025,future_tail_event,dq_dr,dr_es_concentration,-0.27279024328795387,-0.5130287413744007,0.6079312159752985,0.006676931112908346,112
shares,full_2015,504,21,0.025,future_tail_event,dq_dr_current_es,dq_es,0.30621304131374016,0.6143993300010827,0.5389514784149813,0.006677412506593705,112
shares,full_2015,504,21,0.025,future_tail_event,dq_dr_current_es,dr_es_concentration,-0.2688752319296832,-0.33643724717141676,0.7365411655978003,0.006677412506593705,112
shares,full_2015,504,21,0.025,future_tail_event,full,dq_es,1.011652483944132,0.5066430814749563,0.6124052742909873,0.1845599554666545,112
shares,full_2015,504,21,0.025,future_tail_event,full,dr_es_concentration,-4.8568815808731625,-3.745242549228207,0.00018021957610684177,0.1845599554666545,112
shares,full_2015,504,21,0.05,future_es,dq_only,dq_es,0.01659175377236612,1.7765757430782032,0.07563806959332492,0.01831973493070893,112
shares,full_2015,504,21,0.05,future_es,dr_only,dr_es_concentration,0.036106882608507085,2.709103181687119,0.006746535482001338,0.04650774282190173,112
shares,full_2015,504,21,0.05,future_es,dq_dr,dq_es,-0.0016587708602790266,-0.17437004145666327,0.8615746570747,0.046610410317034945,112
shares,full_2015,504,21,0.05,future_es,dq_dr,dr_es_concentration,0.03760851919226793,2.589218086376561,0.009619415127426626,0.046610410317034945,112
shares,full_2015,504,21,0.05,future_es,dq_dr_current_es,dq_es,0.0026156526037004676,0.1700760280037658,0.8649503457229231,0.04969495846628258,112
shares,full_2015,504,21,0.05,future_es,dq_dr_current_es,dr_es_concentration,0.057461676406795795,1.2582261758561444,0.2083099709747117,0.04969495846628258,112
shares,full_2015,504,21,0.05,future_es,full,dq_es,-0.045932196611473006,-0.422812444798875,0.6724321071693043,0.4766606546864929,112
shares,full_2015,504,21,0.05,future_es,full,dr_es_concentration,-0.01513241804773919,-0.10872893747543182,0.9134174891301412,0.4766606546864929,112
shares,full_2015,504,21,0.05,future_var,dq_only,dq_es,0.009436193651752377,1.4886146619953387,0.1365888684407995,0.015954146256396906,112
shares,full_2015,504,21,0.05,future_var,dr_only,dr_es_concentration,0.028840426925435446,3.2282317337060165,0.001245580265146232,0.0798902767694869,112
shares,full_2015,504,21,0.05,future_var,dq_dr,dq_es,-0.008131684578413876,-1.0384244712913409,0.29907248158009836,0.08653331117211271,112
shares,full_2015,504,21,0.05,future_var,dq_dr,dr_es_concentration,0.03620180235283871,3.0684370098685445,0.0021518168742892295,0.08653331117211271,112
shares,full_2015,504,21,0.05,future_var,dq_dr_current_es,dq_es,-0.005774820066171653,-0.5732218718444774,0.5664944770387939,0.08905825068925399,112
shares,full_2015,504,21,0.05,future_var,dq_dr_current_es,dr_es_concentration,0.047148588998849585,1.7929856102023933,0.07297522500954727,0.08905825068925399,112
shares,full_2015,504,21,0.05,future_var,full,dq_es,-0.03519735640568661,-0.5769192962105701,0.5639939747235738,0.38845100172588054,112
shares,full_2015,504,21,0.05,future_var,full,dr_es_concentration,-0.023415712971906776,-0.3094316703125076,0.7569931822575765,0.38845100172588054,112
shares,full_2015,504,21,0.05,future_rv_ann,dq_only,dq_es,0.14875452168588232,2.2434420021955215,0.024868325924425515,0.036346518322746046,112
shares,full_2015,504,21,0.05,future_rv_ann,dr_only,dr_es_concentration,0.32753244364875655,3.6404582594841584,0.00027215322677244725,0.09445866241724943,112
shares,full_2015,504,21,0.05,future_rv_ann,dq_dr,dq_es,-0.018172536906064636,-0.24162244462337729,0.809072729018037,0.09476280634961765,112
shares,full_2015,504,21,0.05,future_rv_ann,dq_dr,dr_es_concentration,0.3439835080430884,3.1703893863519492,0.0015223478175020908,0.09476280634961765,112
shares,full_2015,504,21,0.05,future_rv_ann,dq_dr_current_es,dq_es,-0.006793554349577357,-0.06227050664195182,0.9503474151715926,0.09530235572390511,112
shares,full_2015,504,21,0.05,future_rv_ann,dq_dr_current_es,dr_es_concentration,0.3968347829668383,1.3954072354625005,0.16289307067392467,0.09530235572390511,112
shares,full_2015,504,21,0.05,future_rv_ann,full,dq_es,-0.0749872788944553,-0.11151670472128906,0.9112066197679283,0.5226953321280269,112
shares,full_2015,504,21,0.05,future_rv_ann,full,dr_es_concentration,-0.456164990651301,-0.5458922409360907,0.5851400121952598,0.5226953321280269,112
shares,full_2015,504,21,0.05,future_mdd,dq_only,dq_es,0.02926956849204073,1.2039562268879773,0.22860649770596564,0.011074305160509113,112
shares,full_2015,504,21,0.05,future_mdd,dr_only,dr_es_concentration,0.08836513662930809,2.5749319521580456,0.010025980952479752,0.054107370691667156,112
shares,full_2015,504,21,0.05,future_mdd,dq_dr,dq_es,-0.024276971566027566,-0.829218512149705,0.40698077154619017,0.058379048022468294,112
shares,full_2015,504,21,0.05,future_mdd,dq_dr,dr_es_concentration,0.11034236658880828,2.528083152089111,0.011468718592249209,0.058379048022468294,112
shares,full_2015,504,21,0.05,future_mdd,dq_dr_current_es,dq_es,-0.015055121769792859,-0.399320295372344,0.6896572146402304,0.061167876479672256,112
shares,full_2015,504,21,0.05,future_mdd,dq_dr_current_es,dr_es_concentration,0.1531745369051668,1.5637576223618486,0.11787449982766979,0.061167876479672256,112
shares,full_2015,504,21,0.05,future_mdd,full,dq_es,-0.20956373492855662,-0.8736579024718825,0.3823045831135844,0.3471519371613029,112
shares,full_2015,504,21,0.05,future_mdd,full,dr_es_concentration,-0.0005242656511663599,-0.0017163756952279412,0.9986305310046372,0.3471519371613029,112
shares,full_2015,504,21,0.05,future_tail_event,dq_only,dq_es,0.5196964404485729,2.0010959675268243,0.045382048835155696,0.03891226945067383,112
shares,full_2015,504,21,0.05,future_tail_event,dr_only,dr_es_concentration,0.04628909913957649,0.13226233968891338,0.8947767942038465,0.00016548369537416896,112
shares,full_2015,504,21,0.05,future_tail_event,dq_dr,dq_es,0.8868185127748555,2.838680252972741,0.00453005253805539,0.06369596582894288,112
shares,full_2015,504,21,0.05,future_tail_event,dq_dr,dr_es_concentration,-0.7565216770969662,-1.7562335396844782,0.07904854001878293,0.06369596582894288,112
shares,full_2015,504,21,0.05,future_tail_event,dq_dr_current_es,dq_es,1.1999645408869424,3.7801285631503854,0.00015674739990304424,0.09953718360145769,112
shares,full_2015,504,21,0.05,future_tail_event,dq_dr_current_es,dr_es_concentration,0.6979288188832148,0.9034151969293094,0.3663055774556335,0.09953718360145769,112
shares,full_2015,504,21,0.05,future_tail_event,full,dq_es,1.2546741404611412,0.6502565539511009,0.5155265157605524,0.1335357282385019,112
shares,full_2015,504,21,0.05,future_tail_event,full,dr_es_concentration,-1.6100690923627372,-0.9288608449119611,0.3529612070838676,0.1335357282385019,112
shares,full_2015,504,63,0.025,future_es,dq_only,dq_es,0.01984132543942078,1.4722130466974184,0.14096335536090018,0.012151439183405999,110
shares,full_2015,504,63,0.025,future_es,dr_only,dr_es_concentration,0.04345757998615086,1.6588009654225735,0.09715590575736498,0.03192871755257054,110
shares,full_2015,504,63,0.025,future_es,dq_dr,dq_es,-0.010442274055579192,-0.5182812760562882,0.6042620348295877,0.03337072411500708,110
shares,full_2015,504,63,0.025,future_es,dq_dr,dr_es_concentration,0.05412461496139985,1.3634887788396095,0.17272851853691928,0.03337072411500708,110
shares,full_2015,504,63,0.025,future_es,dq_dr_current_es,dq_es,-0.003380792867560784,-0.10044486961968811,0.9199911490558615,0.03436392517896181,110
shares,full_2015,504,63,0.025,future_es,dq_dr_current_es,dr_es_concentration,0.06667767809808771,0.7277435652679806,0.4667705766139204,0.03436392517896181,110
shares,full_2015,504,63,0.025,future_es,full,dq_es,-0.20009450046570307,-0.964898282082438,0.33459576198319463,0.28847805803962256,110
shares,full_2015,504,63,0.025,future_es,full,dr_es_concentration,-0.06342579455764474,-0.4710399580985521,0.6376122005110316,0.28847805803962256,110
shares,full_2015,504,63,0.025,future_var,dq_only,dq_es,0.012851184034688356,1.30267924483073,0.1926842907706251,0.026809053681220996,110
shares,full_2015,504,63,0.025,future_var,dr_only,dr_es_concentration,0.031515461724533136,2.252818834668675,0.024270574131395484,0.08830932983732764,110
shares,full_2015,504,63,0.025,future_var,dq_dr,dq_es,-0.011161936429917115,-0.8702620582128375,0.3841572086388323,0.09697425855261022,110
shares,full_2015,504,63,0.025,future_var,dq_dr,dr_es_concentration,0.042917649184439646,2.224850819211082,0.026091254519845477,0.09697425855261022,110
shares,full_2015,504,63,0.025,future_var,dq_dr_current_es,dq_es,-0.017105307842525574,-0.9587178674759258,0.3377008948304083,0.10067441551135459,110
shares,full_2015,504,63,0.025,future_var,dq_dr_current_es,dr_es_concentration,0.03235222889926607,0.9347829923436136,0.34990014624325716,0.10067441551135459,110
shares,full_2015,504,63,0.025,future_var,full,dq_es,-0.05915599277340966,-0.8397844157059787,0.40102927291042567,0.448855314028784,110
shares,full_2015,504,63,0.025,future_var,full,dr_es_concentration,-0.05902182480385708,-1.4749755545912564,0.14021911567476641,0.448855314028784,110
shares,full_2015,504,63,0.025,future_rv_ann,dq_only,dq_es,0.09155351824931936,1.4883329186945828,0.1366631177084601,0.01808342211219205,110
shares,full_2015,504,63,0.025,future_rv_ann,dr_only,dr_es_concentration,0.2625016100913927,2.5135509376602614,0.011952251621236807,0.08142514277531443,110
shares,full_2015,504,63,0.025,future_rv_ann,dq_dr,dq_es,-0.12912029562804297,-1.4448139884385793,0.14851014083532238,0.09683541367164017,110
shares,full_2015,504,63,0.025,future_rv_ann,dq_dr,dr_es_concentration,0.39440110843322523,2.4247699852063396,0.015318088624951525,0.09683541367164017,110
shares,full_2015,504,63,0.025,future_rv_ann,dq_dr_current_es,dq_es,-0.15695430041416533,-1.072292329781087,0.2835887508198146,0.09791396581269707,110
shares,full_2015,504,63,0.025,future_rv_ann,dq_dr_current_es,dr_es_concentration,0.34492111831161654,1.032683096706093,0.3017522264264936,0.09791396581269707,110
shares,full_2015,504,63,0.025,future_rv_ann,full,dq_es,-0.772050999624737,-1.035194667628686,0.30057800855765415,0.3732961178500136,110
shares,full_2015,504,63,0.025,future_rv_ann,full,dr_es_concentration,-0.43254225644095873,-1.0112029951254768,0.31191928257836465,0.3732961178500136,110
shares,full_2015,504,63,0.025,future_mdd,dq_only,dq_es,0.009949604522734745,0.19425503989355195,0.8459761879668523,0.0005259707323767016,110
shares,full_2015,504,63,0.025,future_mdd,dr_only,dr_es_concentration,0.11370867667729896,1.4297275439477308,0.15279523167445686,0.03762713865127787,110
shares,full_2015,504,63,0.025,future_mdd,dq_dr,dq_es,-0.12527345128903442,-1.8903141745233003,0.058715954168038154,0.07335102771855517,110
shares,full_2015,504,63,0.025,future_mdd,dq_dr,dr_es_concentration,0.24167853068207062,2.1791570862051555,0.029320000663065268,0.07335102771855517,110
shares,full_2015,504,63,0.025,future_mdd,dq_dr_current_es,dq_es,-0.1651617026218178,-1.755491016724496,0.07917535590476567,0.07880608283373491,110
shares,full_2015,504,63,0.025,future_mdd,dq_dr_current_es,dr_es_concentration,0.17076993175496294,0.8706726462440291,0.3839329180921871,0.07880608283373491,110
shares,full_2015,504,63,0.025,future_mdd,full,dq_es,-0.45696295367922213,-1.14434376450329,0.2524811001097579,0.40874085354546086,110
shares,full_2015,504,63,0.025,future_mdd,full,dr_es_concentration,-0.5119094680296328,-2.047817870024155,0.04057784868716443,0.40874085354546086,110
shares,full_2015,504,63,0.025,future_tail_event,dq_only,dq_es,0.036044284094770423,0.12679874187313933,0.8990996915408296,0.0002175856008942434,110
shares,full_2015,504,63,0.025,future_tail_event,dr_only,dr_es_concentration,-0.16031034333024047,-0.35999296837056904,0.7188523919723075,0.002357460768316555,110
shares,full_2015,504,63,0.025,future_tail_event,dq_dr,dq_es,0.2934840785767049,0.714127714028531,0.47514821019455855,0.008537868705591034,110
shares,full_2015,504,63,0.025,future_tail_event,dq_dr,dr_es_concentration,-0.46011141292425234,-0.6965516722562632,0.4860834091663485,0.008537868705591034,110
shares,full_2015,504,63,0.025,future_tail_event,dq_dr_current_es,dq_es,-0.15869908408172115,-0.2574279836726859,0.7968484027650341,0.030635479716534797,110
shares,full_2015,504,63,0.025,future_tail_event,dq_dr_current_es,dr_es_concentration,-1.2639489703802913,-1.270960361681975,0.2037427505280075,0.030635479716534797,110
shares,full_2015,504,63,0.025,future_tail_event,full,dq_es,-1.6292179077944313,-0.9313213579700139,0.3516873571317688,0.17711983867669212,110
shares,full_2015,504,63,0.025,future_tail_event,full,dr_es_concentration,-3.388555731700315,-2.361580912960275,0.018197200410205276,0.17711983867669212,110
shares,full_2015,504,63,0.05,future_es,dq_only,dq_es,0.019374139714482833,1.5997368154006824,0.10965698100392128,0.026774288041010563,110
shares,full_2015,504,63,0.05,future_es,dr_only,dr_es_concentration,0.03886039776716064,2.2772578786381037,0.02277083066822677,0.05802289208921918,110
shares,full_2015,504,63,0.05,future_es,dq_dr,dq_es,-0.0003706405091842271,-0.029433484992371084,0.9765188672046875,0.058028077357017205,110
shares,full_2015,504,63,0.05,future_es,dq_dr,dr_es_concentration,0.03920691964031437,2.0763109701906592,0.03786519935064221,0.058028077357017205,110
shares,full_2015,504,63,0.05,future_es,dq_dr_current_es,dq_es,0.00465792849619421,0.22027613592800763,0.825656104501879,0.06274266528155148,110
shares,full_2015,504,63,0.05,future_es,dq_dr_current_es,dr_es_concentration,0.0627670883982294,1.0123236889535554,0.31138331194006064,0.06274266528155148,110
shares,full_2015,504,63,0.05,future_es,full,dq_es,-0.1790008010075208,-1.1697203568272323,0.24211352323946933,0.3411605670545843,110
shares,full_2015,504,63,0.05,future_es,full,dr_es_concentration,0.0005176964872381324,0.003559985926641859,0.9971595481922024,0.3411605670545843,110
shares,full_2015,504,63,0.05,future_var,dq_only,dq_es,0.008891355497129418,1.2173911621969749,0.22345542400000562,0.0267093132117574,110
shares,full_2015,504,63,0.05,future_var,dr_only,dr_es_concentration,0.02673658025022458,2.594909538234093,0.009461581795273176,0.13009191280253507,110
shares,full_2015,504,63,0.05,future_var,dq_dr,dq_es,-0.00864247065811879,-0.9664631313828512,0.3338124869958412,0.143445407722131,110
shares,full_2015,504,63,0.05,future_var,dq_dr,dr_es_concentration,0.03481666067024896,2.5613545080733062,0.010426490246260783,0.143445407722131,110
shares,full_2015,504,63,0.05,future_var,dq_dr_current_es,dq_es,-0.008488773581035178,-0.8192954224786078,0.4126178836130405,0.14346626894788272,110
shares,full_2015,504,63,0.05,future_var,dq_dr_current_es,dr_es_concentration,0.0355367719125954,1.4215605067415427,0.15515387660764676,0.14346626894788272,110
shares,full_2015,504,63,0.05,future_var,full,dq_es,-0.057033119727334276,-1.164320056250892,0.24429433160997616,0.44748370650498237,110
shares,full_2015,504,63,0.05,future_var,full,dr_es_concentration,-0.06234899019686076,-1.1822592404062746,0.23710285315648216,0.44748370650498237,110
shares,full_2015,504,63,0.05,future_rv_ann,dq_only,dq_es,0.1316575626186724,1.8288213519221235,0.06742637523307685,0.03461316023237082,110
shares,full_2015,504,63,0.05,future_rv_ann,dr_only,dr_es_concentration,0.30608881082366635,3.091869574224501,0.0019890021922430823,0.10077582253798456,110
shares,full_2015,504,63,0.05,future_rv_ann,dq_dr,dq_es,-0.04250105095304932,-0.4923150104372875,0.6224966704112787,0.1026845385484334,110
shares,full_2015,504,63,0.05,future_rv_ann,dq_dr,dr_es_concentration,0.34582419705996065,2.688047834552762,0.007187110013953342,0.1026845385484334,110
shares,full_2015,504,63,0.05,future_rv_ann,dq_dr_current_es,dq_es,-0.015083563188535938,-0.11266292409060806,0.9102977963362292,0.10660815712881722,110
shares,full_2015,504,63,0.05,future_rv_ann,dq_dr_current_es,dr_es_concentration,0.47428234051172563,1.2752320192904163,0.2022271312575512,0.10660815712881722,110
shares,full_2015,504,63,0.05,future_rv_ann,full,dq_es,-0.9578303630871856,-1.065775180076768,0.28652528323307846,0.3891868920490378,110
shares,full_2015,504,63,0.05,future_rv_ann,full,dr_es_concentration,-0.08530422158638046,-0.10233940650306343,0.9184872776259296,0.3891868920490378,110
shares,full_2015,504,63,0.05,future_mdd,dq_only,dq_es,0.03451815741745612,0.6233913472536861,0.5330273826580949,0.005859549653736251,110
shares,full_2015,504,63,0.05,future_mdd,dr_only,dr_es_concentration,0.15407469794010756,1.9985561031678936,0.045656403954791466,0.06288448242506961,110
shares,full_2015,504,63,0.05,future_mdd,dq_dr,dq_es,-0.08140074951328835,-1.3407749256119916,0.17999353956281994,0.08012769502369455,110
shares,full_2015,504,63,0.05,future_mdd,dq_dr,dr_es_concentration,0.23017846830116276,2.489330644642108,0.012798387736286821,0.08012769502369455,110
shares,full_2015,504,63,0.05,future_mdd,dq_dr_current_es,dq_es,-0.07116822465900494,-0.8801277916767438,0.3787900851238091,0.08147360644854618,110
shares,full_2015,504,63,0.05,future_mdd,dq_dr_current_es,dr_es_concentration,0.2781205393214911,1.2468193213079368,0.2124637543023129,0.08147360644854618,110
shares,full_2015,504,63,0.05,future_mdd,full,dq_es,-0.6215156788036199,-1.315478794225156,0.18834903961131977,0.39419745983270815,110
shares,full_2015,504,63,0.05,future_mdd,full,dr_es_concentration,-0.34380512023497467,-0.7102801164543759,0.4775304474793942,0.39419745983270815,110
shares,full_2015,504,63,0.05,future_tail_event,dq_only,dq_es,0.23606134135653387,1.4634751260738217,0.14333741504315975,0.028201371805525954,110
shares,full_2015,504,63,0.05,future_tail_event,dr_only,dr_es_concentration,-0.07706886986268413,-0.3437765321109396,0.7310143504189919,0.0016191619380880873,110
shares,full_2015,504,63,0.05,future_tail_event,dq_dr,dq_es,0.5194462738179508,1.574604465471826,0.11534777148240685,0.07387852184875465,110
shares,full_2015,504,63,0.05,future_tail_event,dq_dr,dr_es_concentration,-0.5627132917373712,-1.2301997612279976,0.21862230928701198,0.07387852184875465,110
shares,full_2015,504,63,0.05,future_tail_event,dq_dr_current_es,dq_es,0.5599192370110995,1.7652436430644445,0.07752282661977813,0.07604538922857917,110
shares,full_2015,504,63,0.05,future_tail_event,dq_dr_current_es,dr_es_concentration,-0.3730868111335267,-0.6891823313994915,0.49070853415859084,0.07604538922857917,110
shares,full_2015,504,63,0.05,future_tail_event,full,dq_es,-0.975504225243236,-0.8619797196511829,0.3886986779642464,0.1467766297859615,110
shares,full_2015,504,63,0.05,future_tail_event,full,dr_es_concentration,-0.15789595278297808,-0.17443513283957007,0.8615235055300995,0.1467766297859615,110
